id_mutation,date_mutation,nature_mutation,valeur_fonciere,adresse_numero,adresse_nom_voie,id_parcelle,type_local,surface_reelle_bati,longitude,latitude
2025-750591,2025-01-10,Vente,132000,11,RUE DE BAVAY,59122000AZ0225,Maison,93,3.25166,50.179676
2025-750614,2025-01-09,Vente,95000,9,RUE DU MAINE,59122000BP0232,Maison,78,3.25991,50.159756
2025-750615,2025-01-09,Vente,85000,10,PL DU LUXEMBOURG,59122000BN0231,Maison,104,3.26315,50.161728
2025-750630,2025-01-02,Vente,160820,20,RUE DE VARSOVIE,59122000BN0198,Maison,85,3.26107,50.161447
2025-750653,2025-01-04,Vente,40000,3,RUE DE BELFORT,59122000BW0665,Appartement,47,3.233846,50.168087
2025-750657,2025-01-17,Vente,88000,70,RUE SAINT-DRUON,59122000CI0314,Appartement,44,3.237838,50.163111
2025-750688,2025-01-22,Vente,81200,44,RUE DES SOUFFLETS,59122000BT0241,Maison,76,3.24883,50.164451
2025-750719,2025-01-03,Vente,62080,22,RUE DU PETIT SEMINAIRE,59122000AT0691,Appartement,45,3.234972,50.172886
2025-750724,2025-01-07,Vente,55000,3,PL DU MARECHAL LECLERC,59122000AP0973,Appartement,25,3.239361,50.175432
2025-750738,2025-01-09,Vente,335000,6,PL DU NEUF OCTOBRE,59122000AP0653,Appartement,40,3.232916,50.176539
2025-750738,2025-01-09,Vente,335000,6,PL DU NEUF OCTOBRE,59122000AP0653,Appartement,45,3.232916,50.176539
2025-750738,2025-01-09,Vente,335000,6,PL DU NEUF OCTOBRE,59122000AP0653,Appartement,45,3.232916,50.176539
2025-750801,2025-01-14,Vente,185000,1360,AV DU CATEAU,59122000BI0043,Maison,121,3.264547,50.167412
2025-750863,2025-01-17,Vente,114000,11,RUE SAINT-GERY,59122000AP0246,Appartement,72,3.234216,50.178
2025-750863,2025-01-17,Vente,114000,11,RUE SAINT-GERY,59122000AP0246,Appartement,45,3.234216,50.178
2025-750863,2025-01-17,Vente,114000,11,RUE SAINT-GERY,59122000AP0246,Appartement,36,3.234216,50.178
2025-750863,2025-01-17,Vente,114000,11,RUE SAINT-GERY,59122000AP0246,Appartement,45,3.234216,50.178
2025-750876,2025-01-22,Vente,152000,31,RUE SAINT VAAST,59122000AP0801,Maison,133,3.232035,50.178386
2025-750889,2025-01-23,Vente,79900,12,AV FRANCOIS MITTERRAND,59122000AE0045,Appartement,33,3.217827,50.17713
2025-750894,2025-01-16,Vente,123000,22,RUE DE L ILE DE FRANCE,59122000BP0103,Maison,111,3.256132,50.160615
2025-750905,2025-01-07,Vente,150000,45,AV DE DUNKERQUE,59122000AO0003,Appartement,82,3.236373,50.180897
2025-750928,2025-01-21,Vente,117000,17,RUE DE CANTAING,59122000CI0022,Maison,88,3.235205,50.163861
2025-750948,2025-01-28,Vente,85500,108,RUE DE CAUDRY,59122000BL0286,Maison,107,3.24726,50.169209
2025-750991,2025-01-22,Vente,202000,13,RUE DES FEUTRIERS,59122000AS0099,Appartement,73,3.22618,50.176466
2025-750991,2025-01-22,Vente,202000,13,RUE DES FEUTRIERS,59122000AS0099,Appartement,72,3.22618,50.176466
2025-751031,2025-01-31,Vente,496928.62,22,RUE ST LAZARE,59122000AR0130,Maison,65,3.229619,50.179805
2025-751031,2025-01-31,Vente,496928.62,28,RUE ST LAZARE,59122000AR0133,Maison,88,3.229689,50.179957
2025-751031,2025-01-31,Vente,496928.62,35,RUE DES CAPUCINS,59122000AR0489,Maison,50,,
2025-751035,2025-01-08,Vente,75000,4,RUE MONSTRELET,59122000AP0143,Maison,84,3.232182,50.179019
2025-751043,2025-01-23,Vente,52000,46,RUE SAINT VAAST,59122000AP0166,Maison,21,3.232745,50.179238
2025-751058,2025-01-30,Vente,360013,58,BD FAIDHERBE,59122000AO0135,Maison,206,3.235956,50.179358
2025-751092,2025-01-15,Vente,179000,125,RUE DU PONT AUX MOULINS,59122000BH0072,Maison,83,3.265028,50.166354
2025-751104,2025-01-22,Vente,61500,287,AV DE PARIS,59122000BW0518,Appartement,78,3.230083,50.167641
2025-751105,2025-01-22,Vente,88750,287,AV DE PARIS,59122000BW0518,Appartement,74,3.230083,50.167641
2025-751105,2025-01-22,Vente,88750,287,AV DE PARIS,59122000BW0518,Appartement,78,3.230083,50.167641
2025-751148,2025-01-27,Vente,84000,62,RUE JEAN MACE,59122000AX0356,Maison,79,3.249996,50.176822
2025-751162,2025-01-22,Vente,147000,1003,RUE DE RUMILLY,59122000CK0022,Maison,85,3.233749,50.157591
2025-751169,2025-01-27,Vente,154000,87,BD FAIDHERBE,59122000AP0015,Appartement,88,3.232553,50.180943
2025-751174,2025-01-24,Vente,49000,4,RUE VAUCELETTE,59122000AS0781,Appartement,57,3.228667,50.174175
2025-751174,2025-01-24,Vente,49000,4,RUE VAUCELETTE,59122000AS0781,Appartement,28,3.228667,50.174175
2025-751176,2025-01-17,Vente,106000,147,RUE DE NIERGNIES,59122000BR0238,Appartement,99,3.248598,50.154293
2025-751216,2025-01-23,Vente,70000,7,RUE CHAMP DE MANOEUVRES,59122000AN0262,Maison,102,3.240801,50.181865
2025-751250,2025-01-28,Vente,66000,1,RUE DE BELFORT,59122000BW0665,Appartement,33,3.233846,50.168087
2025-751266,2025-02-06,Vente,115000,46,RUE DE ROUBAIX,59122000AO0030,Maison,104,3.238346,50.181172
2025-751358,2025-02-04,Vente,92500,18,RUE DES DOCKS,59122000AD0155,Appartement,41,3.216598,50.177868
2025-751358,2025-02-04,Vente,92500,18,RUE DES DOCKS,59122000AD0155,Appartement,22,3.216598,50.177868
2025-751360,2025-01-31,Vente,192500,,RUE DU CDT RENE MOUCHOTTE,59122000AN0425,Appartement,72,3.236674,50.18481
2025-751368,2025-01-31,Vente,193200,7,RUE DU CDT RENE MOUCHOTTE,59122000AN0425,Appartement,77,3.236674,50.18481
2025-751394,2025-01-30,Vente,49000,70,RUE SAINT-DRUON,59122000CI0314,Appartement,28,3.237838,50.163111
2025-751398,2025-02-07,Vente,190000,123,RUE DE NIERGNIES,59122000BR0110,Maison,90,3.246869,50.156112
2025-751398,2025-02-07,Vente,190000,123,RUE DE NIERGNIES,59122000BR0110,Maison,90,3.246869,50.156112
2025-751399,2025-02-06,Vente,78200,178,AV DE PARIS,59122000BX0305,Appartement,34,3.229919,50.168785
2025-751411,2025-02-13,Vente,57000,11,RUE ST LAZARE,59122000AR0050,Appartement,63,3.228036,50.17921
2025-751414,2025-01-31,Vente,155000,24,RUE DES FEUTRIERS,59122000AR0278,Appartement,32,3.226096,50.176854
2025-751414,2025-01-31,Vente,155000,24,RUE DES FEUTRIERS,59122000AR0278,Appartement,29,3.226096,50.176854
2025-751414,2025-01-31,Vente,155000,24,RUE DES FEUTRIERS,59122000AR0278,Appartement,29,3.226096,50.176854
2025-751414,2025-01-31,Vente,155000,24,RUE DES FEUTRIERS,59122000AR0278,Appartement,20,3.226096,50.176854
2025-751425,2025-02-06,Vente,292900,13,BD FAIDHERBE,59122000AP0371,Maison,191,3.237877,50.1767
2025-751428,2025-01-31,Vente,60000,12,VC RAG CRX A POTERIES,59122000AT0162,Appartement,75,3.236905,50.172365
2025-751429,2025-01-24,Vente,380000,23,RUE DE BAVAY,59122000AZ0219,Maison,84,3.252263,50.179833
2025-751440,2025-01-28,Vente,69000,109,RUE DE CAUDRY,59122000BL0061,Maison,99,3.247254,50.170214
2025-751502,2025-01-28,Vente,112970,46,RUE SENT DE L EGLISE ST CLOUD,59122000AX0645,Maison,91,3.250902,50.178027
2025-751516,2025-01-29,Vente,137500,21,RUE ALPHONSE DAUDET,59122000BM0325,Maison,83,3.254638,50.167087
2025-751521,2025-01-31,Vente,83000,11,RUE ST LAZARE,59122000AR0050,Appartement,74,3.228036,50.17921
2025-751534,2025-01-31,Vente,85000,44,RUE JEAN MERMOZ,59122000BE0258,Maison,78,3.264463,50.170226
2025-751572,2025-02-17,Vente,62000,555,GR GDE RUE VERTE,59122000AK0507,Maison,80,3.23733,50.187707
2025-751602,2025-02-19,Vente,55000,27,RUE DU PONT DE PIERRES,59122000AK0097,Maison,89,3.23736,50.186645
2025-751616,2025-02-17,Vente,45000,15,AV VILLARS,59122000BL0146,Maison,141,3.244829,50.169646
2025-751648,2025-02-04,Vente,217000,27,RUE RENE DUMONT,59122000AM0615,Maison,108,3.249316,50.184303
2025-751658,2025-01-31,Vente,119900,19,RUE MAL DE L DE TASSIGNY,59122000AP0433,Appartement,65,3.236755,50.174774
2025-751754,2025-02-26,Vente,155000,2,RUE DE BAPAUME,59122000AD0366,Appartement,45,3.213304,50.17826
2025-751754,2025-02-26,Vente,155000,2,RUE DE BAPAUME,59122000AD0366,Appartement,55,3.213304,50.17826
2025-751754,2025-02-26,Vente,155000,2,RUE DE BAPAUME,59122000AD0366,Appartement,42,3.213304,50.17826
2025-751754,2025-02-26,Vente,155000,2,RUE DE BAPAUME,59122000AD0366,Appartement,45,3.213304,50.17826
2025-751754,2025-02-26,Vente,155000,2,RUE DE BAPAUME,59122000AD0366,Appartement,43,3.213304,50.17826
2025-751754,2025-02-26,Vente,155000,2,RUE DE BAPAUME,59122000AD0366,Appartement,43,3.213304,50.17826
2025-751754,2025-02-26,Vente,155000,2,RUE DE BAPAUME,59122000AD0366,Appartement,38,3.213304,50.17826
2025-751793,2025-02-28,Vente,233200,9,RUE DU CDT RENE MOUCHOTTE,59122000AN0425,Appartement,78,3.236674,50.18481
2025-751796,2025-02-28,Vente,197200,7,RUE DU CDT RENE MOUCHOTTE,59122000AN0425,Appartement,77,3.236674,50.18481
2025-751801,2025-02-11,Vente,150100,6,SQ DE LA CHOQUE,59122000AP0431,Appartement,88,3.236301,50.175125
2025-751801,2025-02-11,Vente,150100,6,SQ DE LA CHOQUE,59122000AP0431,Appartement,88,3.236301,50.175125
2025-751801,2025-02-11,Vente,150100,6,SQ DE LA CHOQUE,59122000AP0431,Appartement,88,3.236301,50.175125
2025-751846,2025-02-28,Vente,100000,87,AV DE BOUCHAIN,59122000AM0057,Appartement,39,3.247056,50.183902
2025-751846,2025-02-28,Vente,100000,87,AV DE BOUCHAIN,59122000AM0057,Appartement,30,3.247056,50.183902
2025-751883,2025-02-21,Vente,50000,22,RUE ROBERT SCHUMAN,59122000BO0077,Maison,64,3.262856,50.156282
2025-751902,2025-02-20,Vente,55000,3,RUE DE BELGRADE,59122000BN0409,Maison,83,3.264217,50.164418
2025-751973,2025-02-21,Vente,205000,1032,RUE BERTRAND MILCENT,59122000BZ0270,Maison,108,3.217021,50.167317
2025-751973,2025-02-21,Vente,205000,1032,RUE BERTRAND MILCENT,59122000BZ0270,Maison,108,3.217021,50.167317
2025-751985,2025-02-24,Vente,158000,160,RUE D AWOINGT,59122000BI0087,Maison,90,3.256269,50.167862
2025-752006,2025-02-28,Vente,50000,5,RUE ERNEST COUTEAUX,59122000BS0219,Maison,81,3.247716,50.160366
2025-752007,2025-02-28,Vente,82000,31,RUE DE L ILE DE FRANCE,59122000BP0348,Maison,78,3.255884,50.157743
2025-752014,2025-02-20,Vente,250000,7,RUE TAVELLE,59122000AS0147,Appartement,9,3.232042,50.175224
2025-752014,2025-02-20,Vente,250000,7,RUE TAVELLE,59122000AS0147,Appartement,49,3.232042,50.175224
2025-752014,2025-02-20,Vente,250000,7,RUE TAVELLE,59122000AS0147,Appartement,39,3.232042,50.175224
2025-752024,2025-02-21,Vente,49350,1,RUE DU MARCHE AUX POISSONS,59122000AP0857,Appartement,27,3.2303,50.177271
2025-752028,2025-02-27,Vente,129000,1057,RUE BERTRAND MILCENT,59122000BZ0174,Maison,85,3.217063,50.16677
2025-752053,2025-02-28,Vente,90000,41,RUE CANTIMPRE,59122000AS0014,Appartement,100,3.222654,50.176431
2025-752066,2025-03-10,Vente,186500,2,RUE LOUIS WATELLE,59122000CO0437,Maison,95,3.269354,50.168925
2025-752081,2025-02-27,Vente,63000,59,RUE DE SOLESMES,59122000AX0043,Appartement,33,3.24867,50.179324
2025-752105,2025-03-10,Vente,155000,5,RUE ACHILLE DOUCEDAME,59122000BV0045,Maison,83,3.243518,50.166698
2025-752171,2025-03-03,Vente,89000,10,RUE DE LA NEUVE TOUR,59122000AS0479,Maison,84,3.229746,50.172054
2025-752187,2025-03-10,Vente,38000,3,ALL SAINT-ROCH,59122000AO0184,Appartement,24,3.239562,50.179883
2025-752217,2025-03-03,Vente,70000,60,AV VICTOR HUGO,59122000AY0257,Appartement,51,3.25512,50.175763
2025-752225,2025-02-27,Vente,373000,54,BD FAIDHERBE,59122000AO0133,Appartement,142,3.236355,50.179159
2025-752243,2025-03-07,Vente,62000,66,RUE SAINT-GEORGES,59122000AT0393,Appartement,32,3.235457,50.169589
2025-752248,2025-02-28,Vente,80000,37,RUE DE NICE,59122000AP0689,Maison,62,3.234653,50.177276
2025-752253,2025-02-20,Vente,210000,7,RUE LEON GAMBETTA,59122000AP0495,Maison,136,3.237652,50.173394
2025-752289,2025-03-12,Vente,322000,27,AV DE LA VICTOIRE,59122000AT0005,Appartement,140,3.233758,50.173802
2025-752295,2025-03-12,Vente,59000,177,RUE SAINT-LADRE,59122000BT0383,Maison,82,3.247797,50.162948
2025-752351,2025-03-12,Vente,113500,4,RUE ANATOLE FRANCE,59122000BM0149,Maison,83,3.254185,50.165349
2025-752359,2025-03-06,Vente,50000,2,AV VICTOR HUGO,59122000AY0072,Appartement,42,3.249554,50.174808
2025-752363,2025-03-20,Vente,91000,7,RUE DU PONT DE SOLESMES,59122000AX0188,Maison,150,3.253881,50.177006
2025-752408,2025-03-11,Vente,39500,8,RUE DE LA NEUVE TOUR,59122000AS0480,Maison,38,3.229741,50.172079
2025-752441,2025-03-25,Vente,78500,70,RUE DES CAPUCINS,59122000AP0111,Appartement,30,3.231363,50.180168
2025-752441,2025-03-25,Vente,78500,70,RUE DES CAPUCINS,59122000AP0111,Appartement,30,3.231363,50.180168
2025-752441,2025-03-25,Vente,78500,70,RUE DES CAPUCINS,59122000AP0111,Appartement,30,3.231363,50.180168
2025-752523,2025-03-03,Vente,132000,7,RUE DU PAON,59122000AS0654,Maison,71,3.225602,50.17493
2025-752550,2025-03-18,Vente,153200,7,RUE DU CDT RENE MOUCHOTTE,59122000AN0425,Appartement,45,3.236674,50.18481
2025-752567,2025-03-26,Vente,214200,11,RUE DU CDT RENE MOUCHOTTE,59122000AN0425,Appartement,76,3.236674,50.18481
2025-752569,2025-03-18,Vente,137000,16,PL DE PICARDIE,59122000AX0550,Appartement,25,3.243985,50.178806
2025-752569,2025-03-18,Vente,137000,16,PL DE PICARDIE,59122000AX0550,Appartement,45,3.243985,50.178806
2025-752569,2025-03-18,Vente,137000,16,PL DE PICARDIE,59122000AX0550,Appartement,30,3.243985,50.178806
2025-752608,2025-03-07,Vente,99882,10,PL DE PICARDIE,59122000AX0547,Maison,65,3.244161,50.178699
2025-752621,2025-03-24,Vente,60000,15,RUE DES CANDILLONS,59122000AR0141,Maison,77,3.230296,50.179859
2025-752630,2025-03-13,Vente,168000,21,RUE DE VARSOVIE,59122000BN0411,Maison,100,3.260789,50.161908
2025-752689,2025-04-01,Vente,73000,31,BD FAIDHERBE,59122000AP0211,Appartement,49,3.23551,50.178409
2025-752697,2025-03-14,Vente,342000,2,RUE DE LA PAIX DE NIMEGUE,59122000AV0053,Appartement,42,3.241266,50.171163
2025-752697,2025-03-14,Vente,342000,2,RUE DE LA PAIX DE NIMEGUE,59122000AV0053,Appartement,42,3.241266,50.171163
2025-752697,2025-03-14,Vente,342000,2,RUE DE LA PAIX DE NIMEGUE,59122000AV0053,Appartement,46,3.241266,50.171163
2025-752697,2025-03-14,Vente,342000,2,RUE DE LA PAIX DE NIMEGUE,59122000AV0053,Appartement,43,3.241266,50.171163
2025-752697,2025-03-14,Vente,342000,2,RUE DE LA PAIX DE NIMEGUE,59122000AV0053,Appartement,42,3.241266,50.171163
2025-752697,2025-03-14,Vente,342000,2,RUE DE LA PAIX DE NIMEGUE,59122000AV0053,Appartement,49,3.241266,50.171163
2025-752697,2025-03-14,Vente,342000,2,RUE DE LA PAIX DE NIMEGUE,59122000AV0053,Appartement,48,3.241266,50.171163
2025-752697,2025-03-14,Vente,342000,2,RUE DE LA PAIX DE NIMEGUE,59122000AV0053,Appartement,43,3.241266,50.171163
2025-752697,2025-03-14,Vente,342000,2,RUE DE LA PAIX DE NIMEGUE,59122000AV0053,Appartement,41,3.241266,50.171163
2025-752697,2025-03-14,Vente,342000,2,RUE DE LA PAIX DE NIMEGUE,59122000AV0053,Appartement,42,3.241266,50.171163
2025-752697,2025-03-14,Vente,342000,2,RUE DE LA PAIX DE NIMEGUE,59122000AV0053,Appartement,43,3.241266,50.171163
2025-752697,2025-03-14,Vente,342000,2,RUE DE LA PAIX DE NIMEGUE,59122000AV0053,Appartement,41,3.241266,50.171163
2025-752697,2025-03-14,Vente,342000,2,RUE DE LA PAIX DE NIMEGUE,59122000AV0053,Appartement,54,3.241266,50.171163
2025-752697,2025-03-14,Vente,342000,2,RUE DE LA PAIX DE NIMEGUE,59122000AV0053,Appartement,48,3.241266,50.171163
2025-752697,2025-03-14,Vente,342000,2,RUE DE LA PAIX DE NIMEGUE,59122000AV0053,Appartement,52,3.241266,50.171163
2025-752697,2025-03-14,Vente,342000,2,RUE DE LA PAIX DE NIMEGUE,59122000AV0053,Appartement,32,3.241266,50.171163
2025-752697,2025-03-14,Vente,342000,2,RUE DE LA PAIX DE NIMEGUE,59122000AV0053,Appartement,43,3.241266,50.171163
2025-752697,2025-03-14,Vente,342000,2,RUE DE LA PAIX DE NIMEGUE,59122000AV0053,Appartement,45,3.241266,50.171163
2025-752697,2025-03-14,Vente,342000,2,RUE DE LA PAIX DE NIMEGUE,59122000AV0053,Appartement,48,3.241266,50.171163
2025-752697,2025-03-14,Vente,342000,2,RUE DE LA PAIX DE NIMEGUE,59122000AV0053,Appartement,50,3.241266,50.171163
2025-752697,2025-03-14,Vente,342000,2,RUE DE LA PAIX DE NIMEGUE,59122000AV0053,Appartement,48,3.241266,50.171163
2025-752697,2025-03-14,Vente,342000,2,RUE DE LA PAIX DE NIMEGUE,59122000AV0053,Appartement,36,3.241266,50.171163
2025-752697,2025-03-14,Vente,342000,2,RUE DE LA PAIX DE NIMEGUE,59122000AV0053,Appartement,47,3.241266,50.171163
2025-752697,2025-03-14,Vente,342000,2,RUE DE LA PAIX DE NIMEGUE,59122000AV0053,Appartement,36,3.241266,50.171163
2025-752825,2025-03-25,Vente,57000,139,RUE SAINT-LADRE,59122000BV0146,Maison,105,3.246086,50.16369
2025-752832,2025-03-25,Vente,108300,30,PL ARISTIDE BRIAND,59122000AP0600,Appartement,80,3.232773,50.17586
2025-752850,2025-03-13,Vente,94000,161,RUE ALEXIS CUVELIER,59122000BL0441,Maison,62,3.25146,50.165816
2025-752869,2025-03-20,Vente,35000,37,RUE DU CHATEAU D EAU,59122000BL0046,Maison,86,3.246859,50.170096
2025-752883,2025-04-08,Vente,45500,10,RUE PASTEUR,59122000AP0651,Appartement,65,3.233043,50.176511
2025-752884,2025-03-28,Vente,202000,18,RUE DE SELLES,59122000AP0031,Appartement,71,3.231058,50.180944
2025-752884,2025-03-28,Vente,202000,18,RUE DE SELLES,59122000AP0031,Appartement,45,3.231058,50.180944
2025-752886,2025-03-27,Vente,122350,60,AV VICTOR HUGO,59122000AY0257,Appartement,51,3.25512,50.175763
2025-752887,2025-03-27,Vente,57900,21,RUE LOUIS BLERIOT,59122000AR0360,Appartement,23,3.227286,50.177489
2025-752894,2025-03-28,Vente,194000,19,RUE SAINT-GERY,59122000AP0192,Maison,120,3.233551,50.178636
2025-752895,2025-03-27,Vente,175000,5,RUE DE LA MANUTENTION,59122000AP0814,Maison,148,3.231682,50.17879
2025-752907,2025-03-31,Vente,69000,2,RUE DES RECOLLETS,59122000AS0093,Appartement,65,3.227027,50.176198
2025-752934,2025-04-01,Vente,149500,76,RUE DE SOLESMES,59122000AX0225,Maison,90,3.249354,50.178509
2025-752949,2025-03-13,Vente,113900,40,RUE DES ANGLAISES,59122000AP0086,Maison,87,3.232428,50.179878
2025-753117,2025-03-18,Vente,137900,23,RUE D HONNECOURT,59122000CI0214,Maison,71,3.236611,50.159839
2025-753130,2025-03-27,Vente,110490,56,RUE DES VIOLETTES,59122000AM0555,Maison,95,3.243793,50.181871
2025-753153,2025-03-31,Vente,50000,55,RUE SAINT GILLES,59122000BX0011,Maison,86,3.224413,50.168049
2025-753156,2025-03-28,Vente,270000,34,RUE DU GENERAL DE GAULLE,59122000AP0458,Appartement,35,3.238446,50.175039
2025-753156,2025-03-28,Vente,270000,34,RUE DU GENERAL DE GAULLE,59122000AP0458,Appartement,59,3.238446,50.175039
2025-753156,2025-03-28,Vente,270000,34,RUE DU GENERAL DE GAULLE,59122000AP0458,Appartement,28,3.238446,50.175039
2025-753166,2025-03-28,Vente,149900,60,RUE GAUTHIER,59122000BV0106,Maison,111,3.246164,50.165997
2025-753166,2025-03-28,Vente,149900,60,RUE GAUTHIER,59122000BV0106,Maison,111,3.246164,50.165997
2025-753167,2025-04-01,Vente,103000,73,RUE DE BELFORT,59122000BW0520,Maison,85,3.230195,50.167771
2025-753177,2025-03-28,Vente,153500,1074,RUE BERTRAND MILCENT,59122000BZ0268,Maison,98,3.216438,50.16707
2025-753184,2025-04-17,Vente,168100,3,RUE DES TERRITORIAUX,59122000BE0044,Maison,116,3.258606,50.171903
2025-753185,2025-04-11,Vente,125000,22,RUE AUGUSTE DORCHAIN,59122000BL0348,Maison,98,3.248672,50.169201
2025-753202,2025-03-27,Vente,148000,18,GRANDE RUE VANDERBURCH,59122000AP0786,Appartement,20,3.231468,50.177413
2025-753202,2025-03-27,Vente,148000,18,GRANDE RUE VANDERBURCH,59122000AP0786,Appartement,17,3.231468,50.177413
2025-753202,2025-03-27,Vente,148000,18,GRANDE RUE VANDERBURCH,59122000AP0786,Appartement,18,3.231468,50.177413
2025-753202,2025-03-27,Vente,148000,18,GRANDE RUE VANDERBURCH,59122000AP0786,Appartement,19,3.231468,50.177413
2025-753202,2025-03-27,Vente,148000,18,GRANDE RUE VANDERBURCH,59122000AP0786,Appartement,17,3.231468,50.177413
2025-753206,2025-03-24,Vente,25000,15,RUE DU DEUX SEPTEMBRE,59122000BE0055,Maison,33,3.260116,50.172418
2025-753215,2025-03-28,Vente,91000,142,AV DE VALENCIENNES,59122000AZ0020,Maison,66,3.251973,50.183296
2025-753223,2025-03-31,Vente,139000,39,RUE DU PONT DE PIERRES,59122000AK0091,Maison,89,3.236972,50.186905
2025-753237,2025-04-18,Vente,80000,23,PL DU NEUF OCTOBRE,59122000AP0979,Maison,60,3.231846,50.176702
2025-753254,2025-04-10,Vente,57000,3,PL DU MARECHAL LECLERC,59122000AP0973,Appartement,41,3.239361,50.175432
2025-753255,2025-04-11,Vente,135000,158,BD FAIDHERBE,59122000AI0132,Maison,74,3.231399,50.183212
2025-753357,2025-03-25,Echange,90000,16,RUE DES VIOLETTES,59122000AM0316,Maison,96,3.24268,50.180671
2025-753358,2025-03-25,Echange,75000,4,RUE DE LA GRAINETERIE,59122000AM0363,Maison,59,3.24208,50.181131
2025-753374,2025-04-03,Vente,93000,87,RUE DU PETIT BOIS,59122000BW0208,Maison,70,3.23351,50.165252
2025-753419,2025-04-04,Vente,121900,9,RUE DE LA PAIX,59122000BC0029,Maison,82,3.257667,50.182702
2025-753434,2025-04-18,Vente,205000,75,RUE DE CAUDRY,59122000BL0113,Maison,89,3.246231,50.169161
2025-753438,2025-04-02,Vente,140000,53,RUE SAINT VAAST,59122000AP0149,Maison,144,3.23237,50.179132
2025-753466,2025-04-18,Vente,197000,1399,AV DU CATEAU,59122000BE0291,Maison,101,3.265759,50.168175
2025-753466,2025-04-18,Vente,197000,1399,AV DU CATEAU,59122000BE0291,Maison,101,3.265759,50.168175
2025-753475,2025-04-14,Vente,76000,31,BD FAIDHERBE,59122000AP0211,Appartement,51,3.23551,50.178409
2025-753495,2025-04-24,Vente,107000,59,RUE DE SOLESMES,59122000AX0043,Appartement,42,3.24867,50.179324
2025-753538,2025-04-14,Vente,80000,9,RUE DE LA PAIX,59122000BC0029,Appartement,47,3.257667,50.182702
2025-753700,2025-04-15,Vente,56000,7,RUE SAINT-FIACRE,59122000AS0488,Maison,79,3.229645,50.172457
2025-753705,2025-04-28,Vente,125000,70,RUE DE COLMAR,59122000BK0324,Maison,78,3.251644,50.171215
2025-753705,2025-04-28,Vente,125000,70,RUE DE COLMAR,59122000BK0324,Maison,78,3.251644,50.171215
2025-753727,2025-04-11,Vente,40000,154,BD FAIDHERBE,59122000AI0130,Maison,89,3.231229,50.183116
2025-753784,2025-04-18,Vente,101000,15,RUE DES TANNERIES,59122000AR0317,Appartement,29,3.225726,50.177313
2025-753784,2025-04-18,Vente,101000,15,RUE DES TANNERIES,59122000AR0317,Appartement,37,3.225726,50.177313
2025-753784,2025-04-18,Vente,101000,15,RUE DES TANNERIES,59122000AR0317,Appartement,28,3.225726,50.177313
2025-753801,2025-04-29,Vente,167500,60,RUE HENRY DUNANT,59122000AM0674,Maison,88,3.243797,50.182887
2025-753805,2025-04-14,Vente,280000,7,BD DUPLEIX,59122000AI0264,Appartement,103,3.22911,50.183454
2025-753807,2025-04-14,Vente,280000,9001,RES LA MARTINIERE,59122000AT0236,Appartement,159,3.236295,50.170691
2025-753839,2025-04-25,Vente,78500,1,RUE DE LA DELIVRANCE,59122000BC0029,Appartement,54,3.257667,50.182702
2025-753864,2025-04-28,Vente,250000,22,PLACE ROBERT LEROY,59122000AT0104,Maison,159,3.236137,50.173652
2025-753889,2025-04-29,Vente,90000,7,PL DE SAVOIE,59122000BP0239,Maison,78,3.260821,50.159247
2025-753895,2025-04-29,Vente,184000,28,RUE DU COMTE D ARTOIS,59122000AH0055,Maison,83,3.22139,50.180896
2025-753904,2025-04-28,Vente,40000,45,AV DE DUNKERQUE,59122000AO0003,Appartement,34,3.236373,50.180897
2025-753937,2025-04-29,Vente,225000,9001,RES LA MARTINIERE,59122000AT0236,Appartement,116,3.236295,50.170691
2025-753940,2025-03-28,Vente,250000,370,RUE DE NOYELLES,59122000BZ0128,Maison,142,3.222678,50.167968
2025-753940,2025-03-28,Vente,250000,370,RUE DE NOYELLES,59122000BZ0128,Maison,142,3.222678,50.167968
2025-753948,2025-04-25,Vente,129000,43,RUE LEVEQUE,59122000AK0117,Maison,89,3.237675,50.185943
2025-753954,2025-04-23,Vente,128000,90,RUE DE COLMAR,59122000BK0314,Maison,117,3.252697,50.171051
2025-753963,2025-04-22,Vente,21000,67,RUE DES DEPORTES,59122000BE0078,Maison,47,3.262918,50.172621
2025-753967,2025-04-22,Vente,66500,2,CHE DU PLAT,59122000BZ0154,Maison,50,3.220649,50.167891
2025-753971,2025-04-24,Vente,96000,59,RUE DE SOLESMES,59122000AX0043,Appartement,42,3.24867,50.179324
2025-753972,2025-04-24,Vente,122500,73,RUE DE MAUBEUGE,59122000AZ0261,Maison,84,3.251828,50.180381
2025-753976,2025-04-16,Vente,155000,51,RUE ALEXIS CUVELIER,59122000BL0372,Maison,104,3.250147,50.16785
2025-753989,2025-04-30,Vente,179500,21,AV MICHELET,59122000AW0072,Maison,178,3.244804,50.173535
2025-754007,2025-05-06,Vente,135000,6,RUE DE MADRID,59122000BN0387,Maison,88,3.259763,50.163097
2025-754014,2025-05-12,Vente,89000,42,RUE JEAN MACE,59122000AX0346,Maison,104,3.249548,50.176454
2025-754099,2025-05-05,Vente,169000,60,RUE HENRY DUNANT,59122000AM0700,Maison,88,3.243544,50.182626
2025-754138,2025-04-30,Vente,49000,21,RUE DE PERONNE,59122000BW0438,Maison,74,3.234985,50.166744
2025-754156,2025-04-24,Vente,74000,4,RUE DE CREVECOEUR,59122000CI0441,Maison,69,3.240978,50.161907
2025-754157,2025-04-22,Vente,90000,38,RUE DE COLMAR,59122000BK0341,Maison,56,3.250203,50.171725
2025-754194,2025-05-05,Vente,120500,17,RUE FENELON FAREZ,59122000BT0273,Maison,82,3.250189,50.161946
2025-754266,2025-04-29,Vente,157000,53,RUE DE MOSCOU,59122000BN0213,Maison,86,3.262555,50.16076
2025-754291,2025-04-29,Vente,108000,59,RUE DE SOLESMES,59122000AX0043,Appartement,44,3.24867,50.179324
2025-754294,2025-04-28,Vente,240000,12,RUE PASTEUR,59122000AP0652,Appartement,56,3.232903,50.176478
2025-754314,2025-04-29,Vente,205150,18,RUE MONSTRELET,59122000AP0133,Appartement,20,3.231535,50.179188
2025-754314,2025-04-29,Vente,205150,18,RUE MONSTRELET,59122000AP0133,Maison,67,3.231535,50.179188
2025-754314,2025-04-29,Vente,205150,18,RUE MONSTRELET,59122000AP0133,Appartement,18,3.231535,50.179188
2025-754314,2025-04-29,Vente,205150,18,RUE MONSTRELET,59122000AP0133,Appartement,22,3.231535,50.179188
2025-754314,2025-04-29,Vente,205150,18,RUE MONSTRELET,59122000AP0133,Appartement,14,3.231535,50.179188
2025-754316,2025-04-28,Vente,78000,19,RUE DE MAUBEUGE,59122000AX0075,Appartement,49,3.248652,50.179806
2025-754326,2025-04-29,Vente,484000,207,RUE LUCIEN SAMPAIX,59122000CD0066,Maison,210,3.209726,50.166603
2025-754326,2025-04-29,Vente,484000,207,RUE LUCIEN SAMPAIX,59122000CD0066,Maison,210,3.209726,50.166603
2025-754337,2025-05-14,Vente,59500,13,RUE EUGENE BOULY,59122000AS0415,Maison,70,3.23138,50.171817
2025-754352,2025-04-30,Vente,123000,1099,RUE DE RUMILLY,59122000CK0202,Maison,52,3.233291,50.156757
2025-754358,2025-04-29,Vente,105450,96,RUE DE PERONNE,59122000BW0504,Maison,54,3.23084,50.167124
2025-754399,2025-04-30,Vente,50000,54,RUE SAINT-LADRE,59122000BV0368,Maison,53,3.24317,50.165227
2025-754421,2025-04-29,Vente,95000,9,RUE DES CAPUCINS,59122000AR0482,Appartement,83,3.230032,50.178132
2025-754421,2025-04-29,Vente,95000,9,RUE DES CAPUCINS,59122000AR0482,Appartement,33,3.230032,50.178132
2025-754432,2025-05-07,Vente,158300,20,RUE GENERAL JACQUES ANDRIEUX,59122000CO0395,Maison,66,3.270918,50.170103
2025-754539,2025-05-07,Vente,152000,33,RUE SAINT-LADRE,59122000BV0066,Maison,122,3.242214,50.166906
2025-754549,2025-05-12,Vente,141000,47,RUE DE GENEVE,59122000AZ0161,Maison,52,3.253644,50.179873
2025-754554,2025-05-26,Vente,40000,20,IMP DES CIGOGNES,59122000BK0779,Maison,23,3.253385,50.168747
2025-754567,2025-05-14,Vente,252000,136,RUE SAINT-LADRE,59122000BT0465,Appartement,80,3.246962,50.16258
2025-754567,2025-05-14,Vente,252000,136,RUE SAINT-LADRE,59122000BT0465,Appartement,60,3.246962,50.16258
2025-754567,2025-05-14,Vente,252000,136,RUE SAINT-LADRE,59122000BT0465,Appartement,84,3.246962,50.16258
2025-754593,2025-05-28,Vente,25600,5,SQ DE LA CHOQUE,59122000AP0431,Appartement,12,3.236301,50.175125
2025-754666,2025-05-28,Vente,107500,148,AV DE VALENCIENNES,59122000AZ0017,Maison,66,3.252164,50.183387
2025-754762,2025-05-26,Vente,63500,82,RUE D HONNECOURT,59122000CK0101,Maison,94,3.239597,50.158994
2025-754770,2025-05-28,Vente,122600,2,RUE DES ANEMONES,59122000AM0360,Maison,60,3.241923,50.180969
2025-754786,2025-06-05,Vente,98000,2,RUE DES RECOLLETS,59122000AS0093,Appartement,75,3.227027,50.176198
2025-754789,2025-05-28,Vente,148000,49,RUE DE LA GRANDE JUSTICE,59122000AX0457,Maison,97,3.246494,50.17763
2025-754791,2025-05-28,Vente,515000,9,RUE DES CHAUDRONNIERS,59122000AP0323,Maison,246,3.23619,50.176554
2025-754817,2025-05-19,Vente,40000,9,RUE NEUVE,59122000AP0538,Appartement,41,3.235164,50.174732
2025-754823,2025-05-13,Vente,49000,6,RUE DE MASNIERES,59122000BW0319,Maison,72,3.234292,50.166521
2025-754824,2025-06-11,Vente,112000,23,RUE LA FAYETTE,59122000BE0172,Maison,115,3.261585,50.170947
2025-754831,2025-06-12,Vente,230000,13,RUE DU HAINAUT,59122000BK0061,Maison,142,3.249214,50.174046
2025-754923,2025-06-11,Vente,240000,421,RUE DE RUMILLY,59122000CI0257,Maison,161,3.23699,50.162312
2025-754923,2025-06-11,Vente,240000,421,RUE DE RUMILLY,59122000CI0257,Maison,161,3.23699,50.162312
2025-754941,2025-06-05,Vente,84575,70,RUE SAINT-DRUON,59122000CI0314,Appartement,39,3.237838,50.163111
2025-754943,2025-06-05,Vente,333700,2,DIGUE DE L ESCAUT,59122000BY0183,Maison,109,3.22068,50.17001
2025-754943,2025-06-05,Vente,333700,2,DIGUE DE L ESCAUT,59122000BY0183,Maison,109,3.22068,50.17001
2025-754994,2025-05-22,Vente,85000,2,AV VICTOR HUGO,59122000AY0072,Appartement,52,3.249554,50.174808
2025-754994,2025-05-22,Vente,85000,2,AV VICTOR HUGO,59122000AY0072,Appartement,52,3.249554,50.174808
2025-755110,2025-05-30,Vente,146000,631,RUE DE NOYELLES,59122000BZ0241,Maison,76,3.220608,50.165724
2025-755113,2025-05-26,Vente,67500,3,ALL SAINT-ROCH,59122000AO0184,Appartement,76,3.239562,50.179883
2025-755119,2025-06-19,Vente,117000,12,AV DE VALENCIENNES,59122000AX0582,Maison,110,3.242993,50.179574
2025-755149,2025-05-26,Vente,212200,11,RUE DU CDT RENE MOUCHOTTE,59122000AN0425,Appartement,78,3.236674,50.18481
2025-755156,2025-06-10,Vente,139500,2,RUE JEAN MACE,59122000AX0323,Maison,74,3.247943,50.175466
2025-755177,2025-05-28,Vente,46500,11,RUE ACHILLE DURIEUX,59122000AS0586,Maison,100,3.227802,50.173899
2025-755217,2025-06-13,Vente,50000,1,RUE DU PONT ROUGE,59122000AI0276,Appartement,25,3.231005,50.184836
2025-755217,2025-06-13,Vente,50000,1,RUE DU PONT ROUGE,59122000AI0276,Appartement,50,3.231005,50.184836
2025-755217,2025-06-13,Vente,50000,1,RUE DU PONT ROUGE,59122000AI0276,Appartement,25,3.231005,50.184836
2025-755245,2025-06-02,Vente,187040,9,GRANDE RUE FENELON,59122000AS0112,Appartement,89,3.227777,50.17639
2025-755245,2025-06-02,Vente,187040,9,GRANDE RUE FENELON,59122000AS0112,Appartement,34,3.227777,50.17639
2025-755245,2025-06-02,Vente,187040,9,GRANDE RUE FENELON,59122000AS0112,Appartement,33,3.227777,50.17639
2025-755245,2025-06-02,Vente,187040,9,GRANDE RUE FENELON,59122000AS0112,Appartement,26,3.227777,50.17639
2025-755245,2025-06-02,Vente,187040,9,GRANDE RUE FENELON,59122000AS0112,Appartement,17,3.227777,50.17639
2025-755251,2025-05-27,Vente,123000,904,RUE BERTRAND MILCENT,59122000BZ0015,Maison,80,3.218467,50.167877
2025-755264,2025-06-11,Vente,142400,9,RUE DE LA PAIX,59122000BC0029,Maison,82,3.257667,50.182702
2025-755341,2025-06-05,Vente,172000,68,RUE DE NAVES,59122000AZ0534,Maison,78,3.253402,50.182577
2025-755345,2025-06-20,Vente,122000,31,RUE JEAN MERMOZ,59122000BE0232,Maison,78,3.263597,50.170307
2025-755346,2025-06-16,Vente,85500,1161,RUE DE RUMILLY,59122000CK0033,Maison,85,3.233326,50.156129
2025-755352,2025-06-12,Vente,60000,3,RUE DE BELFORT,59122000BW0665,Appartement,35,3.233846,50.168087
2025-755362,2025-06-10,Vente,216000,71,AV VILLARS,59122000BL0196,Maison,162,3.242629,50.168521
2025-755383,2025-06-13,Vente,190000,33,RUE DE BOHAIN,59122000BL0554,Maison,64,3.245841,50.167358
2025-755450,2025-06-27,Vente,219000,6,RUE DE WALINCOURT,59122000BT0355,Maison,82,3.247553,50.161754
2025-755462,2025-06-06,Vente,89000,56,RUE DE TOURCOING,59122000AN0181,Maison,63,3.241605,50.183715
2025-755587,2025-06-25,Vente,264500,1727,AV DE PARIS,59122000CL0345,Maison,140,3.222827,50.155573
2025-755588,2025-06-26,Vente,170521,83,RUE DE MAUBEUGE,59122000AZ0256,Maison,120,3.252294,50.180549
2025-755610,2025-06-23,Vente,100000,3,PL DE SAVOIE,59122000BP0241,Maison,78,3.260625,50.159194
2025-755646,2025-06-27,Vente,136000,13,RUE DU PONT DE PIERRES,59122000AK0104,Maison,116,3.237993,50.186239
2025-755675,2025-06-17,Vente,70000,62,RUE D AWOINGT,59122000BK0447,Maison,74,3.25173,50.169903
2025-755683,2025-05-23,Vente,108000,49,RUE ALEXIS CUVELIER,59122000BL0371,Maison,72,3.250064,50.167942
2025-755688,2025-06-12,Vente,165000,59,RUE DE SOLESMES,59122000AX0043,Appartement,61,3.24867,50.179324
2025-755726,2025-06-24,Vente,160000,33,RUE DES LINIERS,59122000AT0077,Maison,58,3.234168,50.172665
2025-755727,2025-06-30,Vente,184200,59,RUE DE LA GRANDE JUSTICE,59122000AX0452,Maison,103,3.246896,50.177439
2025-755734,2025-06-13,Vente,230300,5,RUE D ESPAGNE,59122000BR0357,Maison,88,3.257954,50.15561
2025-755744,2025-06-27,Vente,215000,197,AV DU CATEAU,59122000AY0168,Maison,120,3.251476,50.174035
2025-755744,2025-06-27,Vente,215000,197,AV DU CATEAU,59122000AY0168,Maison,120,3.251476,50.174035
2025-755756,2025-07-05,Vente,130000,59,RUE DE SOLESMES,59122000AX0043,Appartement,45,3.24867,50.179324
2025-755759,2025-07-05,Vente,90000,65,AV DE BOUCHAIN,59122000AM0233,Maison,65,3.246118,50.183037
2025-755759,2025-07-05,Vente,90000,65,AV DE BOUCHAIN,59122000AM0233,Maison,65,3.246118,50.183037
2025-755796,2025-06-27,Vente,87500,59,RUE JEAN MACE,59122000AX0369,Maison,100,3.249329,50.17687
2025-755838,2025-06-25,Vente,155000,40,RUE SAINT-GEORGES,59122000AT0473,Appartement,139,3.235087,50.170614
2025-755839,2025-06-26,Vente,13000,14,RUE DES JUIFS,59122000AT0539,Appartement,116,3.233991,50.173933
2025-755840,2025-06-27,Vente,52000,798,GRANDE RUE VERTE,59122000AK0258,Maison,60,3.23879,50.189569
2025-755858,2025-06-11,Vente,94000,6,RUE GUILLAUME DU FAY,59122000AT0498,Maison,66,3.232937,50.172485
2025-755887,2025-06-30,Vente,198000,103,AV DU CATEAU,59122000AY0156,Appartement,142,3.250309,50.174396
2025-755887,2025-06-30,Vente,198000,103,AV DU CATEAU,59122000AY0156,Appartement,109,3.250309,50.174396
2025-755916,2025-06-25,Vente,69000,1,RUE LOUIS BLERIOT,59122000AS0093,Appartement,53,3.227027,50.176198
2025-755930,2025-06-20,Vente,180000,8,RUE DES CHANOINES,59122000AS0188,Maison,150,3.230496,50.174549
2025-756014,2025-07-11,Vente,93000,49,RUE D AWOINGT,59122000BK0381,Maison,140,3.250758,50.171143
2025-756030,2025-07-01,Vente,45000,6,RUE SADI CARNOT,59122000AP0659,Appartement,46,3.233115,50.176673
2025-756037,2025-06-25,Vente,35000,779,GRANDE RUE VERTE,59122000AK0042,Maison,139,3.238513,50.189435
2025-756054,2025-06-19,Vente,175500,3,RUE D ARRAS,59122000AD0166,Maison,129,3.215544,50.177631
2025-756071,2025-06-23,Vente,150000,21,RUE DU HUIT MAI,59122000AS0171,Appartement,83,3.23045,50.174914
2025-756076,2025-06-26,Vente,255500,75,RUE DE PERONNE,59122000BW0406,Maison,76,3.232201,50.166736
2025-756090,2025-07-03,Vente,215000,1,RUE DE L ESCADRON PICARDIE,59122000CO0256,Maison,87,3.269074,50.170241
2025-756111,2025-07-09,Vente,60000,45,AV DE DUNKERQUE,59122000AO0003,Appartement,55,3.236373,50.180897
2025-756119,2025-07-04,Vente,163000,49,RUE GAUTHIER,59122000BL0576,Maison,116,3.246395,50.166913
2025-756119,2025-07-04,Vente,163000,49,RUE GAUTHIER,59122000BL0576,Maison,116,3.246395,50.166913
2025-756145,2025-07-03,Vente,74200,10,RUE DU MAINE,59122000BP0225,Maison,78,3.260978,50.159684
2025-756214,2025-06-26,Vente,200000,35,RUE DE DENAIN,59122000AM0190,Maison,89,3.246943,50.182297
2025-756228,2025-06-26,Vente,60000,26,RUE ABBAYE DE VAUCELLES,59122000BW0042,Maison,62,3.229978,50.165134
2025-756235,2025-07-11,Vente,94300,70,RUE SAINT-DRUON,59122000CI0314,Appartement,53,3.237838,50.163111
2025-756341,2025-07-01,Vente,160000,37,AV DE DUNKERQUE,59122000AO0039,Maison,256,3.238613,50.181261
2025-756413,2025-06-30,Vente,1400000,850,AV DU CATEAU,59122000BI0006,Maison,110,3.258598,50.170189
2025-756433,2025-07-21,Vente,166500,60,RUE HENRY DUNANT,59122000AM0677,Maison,88,3.244045,50.183074
2025-756450,2025-07-17,Vente,100000,16,AV DE DUNKERQUE,59122000AN0140,Maison,73,3.239335,50.181612
2025-756462,2025-07-07,Vente,68000,71,RUE DU PREMIER DE LIGNE,59122000AN0062,Maison,76,3.238053,50.184922
2025-756474,2025-07-02,Vente,173000,62,RUE HENRY DUNANT,59122000AM0686,Maison,91,3.244888,50.183374
2025-756478,2025-07-21,Vente,190000,20,RUE DES POCHONNETS,59122000AT0185,Appartement,113,3.235948,50.171385
2025-756479,2025-07-21,Vente,29000,95,RUE SAINT-DRUON,59122000BV0563,Maison,48,3.240547,50.163599
2025-756485,2025-07-08,Vente,130000,47,RUE DU HAINAUT,59122000BK0077,Maison,83,3.249317,50.173021
2025-756487,2025-07-24,Vente,150000,1,PL DU COUPE OREILLES,59122000AP0528,Appartement,54,3.235413,50.174582
2025-756487,2025-07-24,Vente,150000,1,PL DU COUPE OREILLES,59122000AP0528,Appartement,54,3.235413,50.174582
2025-756495,2025-07-10,Vente,74000,23,RUE DE LA GRANDE JUSTICE,59122000AX0474,Maison,65,3.246062,50.177084
2025-756533,2025-07-16,Vente,210000,54,BD FAIDHERBE,59122000AO0133,Appartement,98,3.236355,50.179159
2025-756564,2025-07-02,Vente,44000,15,RUE SAINT-JULIEN,59122000AS0647,Appartement,57,3.228001,50.174636
2025-756605,2025-07-15,Vente,173900,13,BD PAUL BEZIN,59122000AV0041,Appartement,99,3.241102,50.172583
2025-756610,2025-07-18,Vente,107000,20,RUE DES CORDIERS,59122000AP0314,Appartement,49,3.236818,50.17676
2025-756610,2025-07-18,Vente,107000,20,RUE DES CORDIERS,59122000AP0314,Appartement,48,3.236818,50.17676
2025-756621,2025-07-18,Vente,165000,40,RUE SENT DE L EGLISE ST CLOUD,59122000AX0893,Maison,114,3.251083,50.177795
2025-756657,2025-07-18,Vente,389900,442,RUE BERTRAND MILCENT,59122000BY0138,Maison,170,3.22408,50.169779
2025-756657,2025-07-18,Vente,389900,442,RUE BERTRAND MILCENT,59122000BY0138,Maison,170,3.22408,50.169779
2025-756679,2025-07-18,Vente,145000,12,RUE DES CHAUDRONNIERS,59122000AP0329,Appartement,93,3.236092,50.176101
2025-756727,2025-07-23,Vente,180000,1,RUE DES CORDIERS,59122000AP0277,Appartement,20,3.235891,50.176991
2025-756727,2025-07-23,Vente,180000,1,RUE DES CORDIERS,59122000AP0277,Appartement,60,3.235891,50.176991
2025-756727,2025-07-23,Vente,180000,1,RUE DES CORDIERS,59122000AP0277,Appartement,65,3.235891,50.176991
2025-756727,2025-07-23,Vente,180000,1,RUE DES CORDIERS,59122000AP0277,Appartement,70,3.235891,50.176991
2025-756727,2025-07-23,Vente,180000,1,RUE DES CORDIERS,59122000AP0277,Appartement,18,3.235891,50.176991
2025-756727,2025-07-23,Vente,180000,1,RUE DES CORDIERS,59122000AP0277,Appartement,30,3.235891,50.176991
2025-756731,2025-07-22,Vente,60000,27,RUE DE BELFORT,59122000BW0543,Maison,89,3.232903,50.168185
2025-756747,2025-07-16,Vente,141800,45,RUE PAUL BERT,59122000AX0442,Appartement,79,3.248515,50.177693
2025-756767,2025-07-18,Vente,85000,4,IMP COUPE DRAPS,59122000AR0144,Appartement,96,3.230246,50.179795
2025-756808,2025-07-04,Vente,108000,38,AV DU QUESNOY,59122000AW0007,Maison,91,3.242723,50.179155
2025-756810,2025-07-16,Vente,110000,3,PL DU MARECHAL LECLERC,59122000AP0973,Appartement,75,3.239361,50.175432
2025-756816,2025-07-25,Vente,153000,2,AV DE LA VICTOIRE,59122000AP0575,Appartement,114,3.233967,50.175187
2025-756830,2025-07-28,Vente,80000,18,CHE DU PLAT,59122000BZ0146,Maison,107,3.221169,50.167317
2025-756838,2025-07-23,Vente,95000,4,RUE JEAN GOUDE,59122000AE0214,Maison,105,3.215789,50.176167
2025-756853,2025-07-28,Vente,109000,109,RUE ALEXIS CUVELIER,59122000BL0414,Maison,99,3.252254,50.166435
2025-756856,2025-07-25,Vente,205000,25,RUE D ARRAS,59122000AD0340,Maison,119,3.214548,50.177871
2025-756858,2025-07-28,Vente,121000,15,RUE TAVELLE,59122000AS0143,Maison,46,3.231615,50.175402
2025-756918,2025-07-30,Vente,84900,70,RUE SAINT-DRUON,59122000CI0314,Appartement,44,3.237838,50.163111
2025-756924,2025-07-30,Vente,169000,290,RUE DE MULHOUSE,59122000BK0250,Maison,84,3.256355,50.168762
2025-756941,2025-07-30,Vente,440000,35,BD FAIDHERBE,59122000AP0937,Maison,196,3.235111,50.178834
2025-756946,2025-07-29,Vente,108000,26,RUE DE SOLESMES,59122000AX0509,Maison,75,3.24609,50.178297
2025-756957,2025-07-18,Vente,57700,11,PL MARCELIN BERTHELOT,59122000AE0058,Appartement,45,3.219741,50.17669
2025-757013,2025-07-22,Vente,75250,47,RUE DES DEPORTES,59122000BE0088,Maison,49,3.261617,50.172787
2025-757031,2025-07-25,Vente,82500,18,RUE D ALGER,59122000AP0304,Appartement,46,3.235768,50.176639
2025-757063,2025-07-11,Vente,160000,68,RUE DE NAVES,59122000AZ0537,Maison,98,3.253289,50.182575
2025-757168,2025-07-18,Vente,126210,8,RUE PARSY,59122000AY0132,Maison,90,3.251858,50.174543
2025-757169,2025-07-19,Vente,123100,12,RUE LALLIER,59122000AY0096,Maison,62,3.25309,50.174589
2025-757182,2025-07-21,Vente,65000,107,RUE SAINT-LADRE,59122000BV0163,Maison,88,3.245196,50.164233
2025-757304,2025-08-04,Vente,93000,13,RUE DE COLMAR,59122000BK0168,Maison,74,3.250146,50.172404
2025-757336,2025-08-13,Vente,128000,51,RUE DE CANTAING,59122000CI0039,Maison,98,3.234615,50.162534
2025-757424,2025-07-23,Vente,230200,9,RUE DU CDT RENE MOUCHOTTE,59122000AN0425,Appartement,79,3.236674,50.18481
2025-757428,2025-07-25,Vente,109045,14,RUE PARSY,59122000AY0129,Maison,58,3.251865,50.174381
2025-757435,2025-07-30,Vente,215200,11,RUE DU CDT RENE MOUCHOTTE,59122000AN0425,Appartement,77,3.236674,50.18481
2025-757445,2025-08-08,Vente,90000,30,RUE LA FAYETTE,59122000BE0202,Maison,78,3.26281,50.171358
2025-757458,2025-07-25,Vente,171500,68,RUE D AWOINGT,59122000BK0444,Maison,111,3.251989,50.169806
2025-757458,2025-07-25,Vente,171500,68,RUE D AWOINGT,59122000BK0444,Maison,111,3.251989,50.169806
2025-757471,2025-07-31,Vente,116050,16,RUE DE COPENHAGUE,59122000BN0029,Maison,82,3.264278,50.163992
2025-757548,2025-08-06,Vente,155000,59,RUE SAINT VAAST,59122000AP1032,Appartement,30,3.232425,50.17929
2025-757548,2025-08-06,Vente,155000,59,RUE SAINT VAAST,59122000AP1032,Appartement,30,3.232425,50.17929
2025-757548,2025-08-06,Vente,155000,59,RUE SAINT VAAST,59122000AP1032,Appartement,30,3.232425,50.17929
2025-757595,2025-07-31,Vente,120000,38,RUE DE BOHAIN,59122000BL0257,Maison,95,3.245108,50.167292
2025-757599,2025-08-06,Vente,105000,59,RUE DE SOLESMES,59122000AX0043,Appartement,42,3.24867,50.179324
2025-757613,2025-08-02,Vente,152000,20,RUE DES POCHONNETS,59122000AT0185,Appartement,90,3.235948,50.171385
2025-757640,2025-08-04,Vente,147000,2,RUE DELPHIN DUTEMPLE,59122000AP0254,Appartement,127,3.23443,50.177548
2025-757641,2025-08-28,Vente,75000,87,RUE DE CAUDRY,59122000BL0107,Appartement,79,3.246675,50.169465
2025-757641,2025-08-28,Vente,75000,87,RUE DE CAUDRY,59122000BL0107,Appartement,76,3.246675,50.169465
2025-757661,2025-08-12,Vente,158000,3,RUE DE PREMY,59122000AS0763,Appartement,100,3.227309,50.174642
2025-757662,2025-08-04,Vente,120000,87,RUE D AWOINGT,59122000BK0399,Maison,89,3.252584,50.170306
2025-757662,2025-08-04,Vente,120000,87,RUE D AWOINGT,59122000BK0399,Maison,89,3.252584,50.170306
2025-757691,2025-08-26,Vente,167500,60,RUE HENRY DUNANT,59122000AM0695,Maison,88,3.244049,50.183195
2025-757733,2025-08-07,Vente,166000,8,RUE DU HAINAUT,59122000BK0021,Maison,112,3.248501,50.174119
2025-757788,2025-09-01,Vente,122500,109,AV DE VALENCIENNES,59122000AM0174,Maison,76,3.247752,50.181498
2025-757831,2025-08-19,Vente,249052,108,RUE DE CAUDRY,59122000BL0286,Maison,107,3.24726,50.169209
2025-757848,2025-08-27,Vente,110000,23,RUE D ALSACE LORRAINE,59122000AP0402,Appartement,61,3.237757,50.175959
2025-757849,2025-08-22,Vente,155000,64,ALL SAINT-ROCH,59122000AM0278,Maison,177,3.243437,50.183426
2025-757849,2025-08-22,Vente,155000,64,ALL SAINT-ROCH,59122000AM0278,Maison,177,3.243437,50.183426
2025-757866,2025-08-20,Vente,85000,19,BD FAIDHERBE,59122000AP0927,Appartement,56,3.237493,50.177067
2025-757876,2025-08-29,Vente,172000,20,AV DE LA VICTOIRE,59122000AS0218,Maison,79,3.233564,50.174471
2025-757878,2025-08-28,Vente,131340,6,RUE DU LANGUEDOC,59122000BP0172,Maison,106,3.259186,50.160361
2025-757881,2025-08-21,Vente,76000,60,AV VICTOR HUGO,59122000AY0257,Appartement,51,3.25512,50.175763
2025-757894,2025-08-26,Vente,274000,24,RUE DE NAVES,59122000AZ0382,Maison,185,3.250254,50.181627
2025-757894,2025-08-26,Vente,274000,24,RUE DE NAVES,59122000AZ0382,Maison,185,3.250254,50.181627
2025-757895,2025-08-26,Vente,139900,20,RUE EMILE ZOLA,59122000BM0354,Maison,83,3.25804,50.166627
2025-757960,2025-09-11,Vente,86870,3,RUE LOUIS BLERIOT,59122000AS0093,Appartement,75,3.227027,50.176198
2025-757974,2025-08-20,Vente,283000,25,RUE DU CASTOR,59122000AD0428,Maison,151,3.212698,50.176688
2025-757974,2025-08-20,Vente,283000,25,RUE DU CASTOR,59122000AD0428,Maison,151,3.212698,50.176688
2025-757990,2025-08-21,Vente,152000,31,AV VICTOR HUGO,59122000AX0279,Maison,136,3.251424,50.176015
2025-758028,2025-09-11,Vente,225000,23,RUE PIERRE D AILLY,59122000AS0469,Maison,145,3.229478,50.171594
2025-758038,2025-09-05,Vente,194900,22,RUE D ALSACE LORRAINE,59122000AP0405,Appartement,23,3.238816,50.175738
2025-758038,2025-09-05,Vente,194900,22,RUE D ALSACE LORRAINE,59122000AP0405,Appartement,14,3.238816,50.175738
2025-758038,2025-09-05,Vente,194900,22,RUE D ALSACE LORRAINE,59122000AP0405,Appartement,14,3.238816,50.175738
2025-758038,2025-09-05,Vente,194900,22,RUE D ALSACE LORRAINE,59122000AP0405,Appartement,48,3.238816,50.175738
2025-758038,2025-09-05,Vente,194900,22,RUE D ALSACE LORRAINE,59122000AP0405,Appartement,56,3.238816,50.175738
2025-758125,2025-09-12,Vente,59000,13,RUE SAINT-JACQUES,59122000AP0467,Appartement,60,3.237495,50.174733
2025-758127,2025-09-10,Vente,95000,64,RUE DE BONAVIS,59122000CH0164,Maison,88,3.231697,50.160498
2025-758128,2025-08-28,Vente,210000,52,RUE DES CAPUCINS,59122000AP1062,Appartement,29,3.231365,50.179689
2025-758128,2025-08-28,Vente,210000,52,RUE DES CAPUCINS,59122000AP1062,Appartement,80,3.231365,50.179689
2025-758128,2025-08-28,Vente,210000,52,RUE DES CAPUCINS,59122000AP1062,Appartement,78,3.231365,50.179689
2025-758128,2025-08-28,Vente,210000,52,RUE DES CAPUCINS,59122000AP1062,Appartement,93,3.231365,50.179689
2025-758128,2025-08-28,Vente,210000,52,RUE DES CAPUCINS,59122000AP1062,Appartement,55,3.231365,50.179689
2025-758138,2025-09-09,Vente,85000,19,BD FAIDHERBE,59122000AP0927,Appartement,61,3.237493,50.177067
2025-758172,2025-08-22,Vente,136050,4,RUE DE VIENNE,59122000BN0043,Maison,91,3.263274,50.163631
2025-758209,2025-09-11,Vente,125700,4,RUE DE BERNE,59122000BN0238,Maison,93,3.262924,50.161477
2025-758218,2025-09-03,Vente,100000,41,RUE CANTIMPRE,59122000AS0014,Appartement,100,3.222654,50.176431
2025-758222,2025-09-15,Vente,75000,45,RUE PAUL BERT,59122000AX0442,Appartement,46,3.248515,50.177693
2025-758240,2025-09-10,Vente,56000,60,AV VICTOR HUGO,59122000AY0257,Appartement,37,3.25512,50.175763
2025-758282,2025-09-03,Vente,47315,1227,AV DE PARIS,59122000CL0256,Maison,48,3.225512,50.159846
2025-758328,2025-08-29,Vente,195000,95,BD DE LA LIBERTE,59122000BY0215,Appartement,80,3.222852,50.173638
2025-758353,2025-09-10,Vente,70000,54,BD FAIDHERBE,59122000AO0133,Appartement,38,3.236355,50.179159
2025-758360,2025-09-12,Vente,210000,21,RUE DE LILLE,59122000AW0124,Appartement,63,3.239078,50.177784
2025-758360,2025-09-12,Vente,210000,21,RUE DE LILLE,59122000AW0124,Appartement,58,3.239078,50.177784
2025-758360,2025-09-12,Vente,210000,21,RUE DE LILLE,59122000AW0124,Appartement,76,3.239078,50.177784
2025-758365,2025-09-12,Vente,78000,18,PL DE HOUMA,59122000BE0135,Maison,78,3.260024,50.170528
2025-758387,2025-09-03,Vente,136000,21,RUE DE CREVECOEUR,59122000BS0522,Maison,130,3.241909,50.15873
2025-758397,2025-09-01,Vente,174000,8,RUE DU DANEMARK,59122000BR0426,Maison,95,3.254613,50.15568
2025-758401,2025-09-16,Vente,205200,11,RUE DU CDT RENE MOUCHOTTE,59122000AN0425,Appartement,79,3.236674,50.18481
2025-758476,2025-08-30,Vente,180750,2,BD JEAN BART,59122000AR0001,Appartement,65,3.222621,50.176851
2025-758476,2025-08-30,Vente,180750,2,BD JEAN BART,59122000AR0001,Appartement,67,3.222621,50.176851
2025-758476,2025-08-30,Vente,180750,2,BD JEAN BART,59122000AR0001,Appartement,51,3.222621,50.176851
2025-758497,2025-09-16,Vente,150000,1,RUE DE GENEVE,59122000AZ0392,Maison,128,3.252678,50.182384
2025-758536,2025-09-11,Vente,27000,48,RUE SAINT VAAST,59122000AP0165,Maison,57,3.232768,50.179259
2025-758579,2025-09-29,Vente,50000,97,RUE DE PERONNE,59122000BW0392,Maison,72,3.230576,50.166768
2025-758609,2025-09-23,Vente,54000,25,BD BERLAIMONT,59122000AT0642,Appartement,34,3.238609,50.168081
2025-758646,2025-09-19,Vente,62200,45,AV DE DUNKERQUE,59122000AO0003,Appartement,82,3.236373,50.180897
2025-758648,2025-09-10,Vente,130000,48,RUE DE MAUBEUGE,59122000AZ0240,Maison,71,3.251695,50.179989
2025-758651,2025-09-19,Vente,87000,69,RUE D AWOINGT,59122000BK0392,Maison,90,3.251862,50.170692
2025-758652,2025-09-24,Vente,45000,2,AV VICTOR HUGO,59122000AY0072,Appartement,50,3.249554,50.174808
2025-758662,2025-09-25,Vente,60000,577,GRANDE RUE VERTE,59122000AK0029,Maison,161,3.237495,50.187884
2025-758678,2025-09-24,Vente,91400,11,RUE DU ROUSSILLON,59122000BP0117,Maison,78,3.257149,50.159731
2025-758695,2025-09-18,Vente,103000,84,RUE DE PERONNE,59122000BW0483,Maison,80,3.23136,50.167195
2025-758712,2025-09-17,Vente,75000,736,RUE DE NOYELLES,59122000BZ0215,Maison,76,3.218994,50.1654
2025-758716,2025-09-19,Vente,104800,30,RUE DES CAPUCINS,59122000AP0834,Appartement,45,3.231168,50.179039
2025-758716,2025-09-19,Vente,104800,30,RUE DES CAPUCINS,59122000AP0834,Appartement,90,3.231168,50.179039
2025-758716,2025-09-19,Vente,104800,30,RUE DES CAPUCINS,59122000AP0834,Appartement,45,3.231168,50.179039
2025-758749,2025-09-30,Vente,167000,118,ALL SAINT-ROCH,59122000AM0023,Maison,82,3.243628,50.185358
2025-758765,2025-09-19,Vente,80000,70,RUE D HONNECOURT,59122000CK0095,Maison,74,3.239001,50.159056
2025-758767,2025-09-22,Vente,92000,21,BD DE LA LIBERTE,59122000BW0552,Maison,90,3.236102,50.167435
2025-758804,2025-09-15,Vente,245730,19,RUE NEUVE DES CAPUCINS,59122000AR0377,Maison,268,3.229891,50.179099
2025-758883,2025-09-08,Vente,153000,52,RUE DE SOLESMES,59122000AX0521,Maison,88,3.247622,50.178378
2025-758910,2025-09-18,Vente,14000,28,VIEUX CHEMIN DE CARNIERES,59122000BE0023,Maison,48,3.259241,50.173052
2025-758914,2025-10-02,Vente,151000,55,RUE DE TOURCOING,59122000AN0311,Maison,90,3.240635,50.183488
2025-758915,2025-09-10,Vente,118000,18,RUE NEUVE,59122000AP0553,Maison,76,3.234789,50.174669
2025-758939,2025-10-03,Vente,115000,9,RUE DE LA PAIX,59122000BC0029,Maison,82,3.257667,50.182702
2025-758963,2025-09-30,Vente,95000,59,BD FAIDHERBE,59122000AP0055,Appartement,80,3.233713,50.17981
2025-758964,2025-09-19,Vente,212500,29,AV DE FRANCE,59122000BR0323,Maison,114,3.256193,50.155649
2025-758991,2025-09-25,Vente,125000,11,RUE DE RIBECOURT,59122000CH0197,Maison,76,3.234779,50.161437
2025-758999,2025-10-01,Vente,167500,60,RUE HENRY DUNANT,59122000AM0688,Maison,88,3.244157,50.183304
2025-759017,2025-09-15,Vente,87000,19,RUE DE COLMAR,59122000BK0165,Maison,65,3.250331,50.172321
2025-759039,2025-10-03,Vente,62000,33,AV DU QUESNOY,59122000AM0326,Maison,90,3.24234,50.18011
2025-759043,2025-10-01,Vente,152000,115,RUE DE PERONNE,59122000BW0383,Maison,102,3.229885,50.166862
2025-759069,2025-10-10,Vente,105000,54,BD FAIDHERBE,59122000AO0133,Appartement,44,3.236355,50.179159
2025-759072,2025-10-10,Vente,125200,83,ALL SAINT-ROCH,59122000AN0238,Maison,84,3.242505,50.183892
2025-759093,2025-10-08,Vente,110000,9,RUE DE LA PAIX,59122000BC0029,Maison,82,3.257667,50.182702
2025-759098,2025-09-18,Vente,131000,113,BD VAUBAN,59122000BL0010,Appartement,75,3.247647,50.17112
2025-759098,2025-09-18,Vente,131000,113,BD VAUBAN,59122000BL0010,Appartement,50,3.247647,50.17112
2025-759106,2025-09-18,Vente,59000,21,RUE GAUTHIER,59122000BL0253,Maison,101,3.245104,50.167526
2025-759106,2025-09-18,Vente,59000,21,RUE GAUTHIER,59122000BL0253,Maison,101,3.245104,50.167526
2025-759156,2025-09-18,Vente,56700,70,RUE SAINT-DRUON,59122000CI0314,Appartement,37,3.237838,50.163111
2025-759242,2025-10-03,Vente,62000,12,RUE DELPHIN DUTEMPLE,59122000AP0247,Appartement,52,3.233999,50.178036
2025-759247,2025-10-03,Vente,66000,35,AV JULES FERRY,59122000BL0032,Maison,68,3.246167,50.171173
2025-759262,2025-10-20,Vente,199000,258,RUE DE RUMILLY,59122000CI0081,Maison,113,3.236415,50.163924
2025-759291,2025-10-01,Vente,120000,23,RUE DE CREVECOEUR,59122000BS0005,Maison,97,3.242203,50.158576
2025-759291,2025-10-01,Vente,120000,23,RUE DE CREVECOEUR,59122000BS0005,Maison,97,3.242203,50.158576
2025-759295,2025-10-13,Vente,215000,36,RUE DE MASNIERES,59122000BW0760,Maison,112,3.233174,50.166024
2025-759295,2025-10-13,Vente,215000,36,RUE DE MASNIERES,59122000BW0760,Maison,112,3.233174,50.166024
2025-759299,2025-10-16,Vente,57000,5,RUE JEAN CHOLLET,59122000AS0058,Maison,72,3.225497,50.176119
2025-759315,2025-10-03,Vente,95800,2,RUE DU MARCHE AUX POISSONS,59122000AR0199,Maison,51,3.229615,50.177626
2025-759358,2025-10-22,Vente,137500,24,MAIL SAINT MARTIN,59122000AS0157,Appartement,116,3.231789,50.174743
2025-759383,2025-10-01,Vente,121240,46,RUE DE NAVES,59122000AZ0351,Appartement,35,3.251697,50.182147
2025-759383,2025-10-01,Vente,121240,46,RUE DE NAVES,59122000AZ0351,Appartement,100,3.251697,50.182147
2025-759383,2025-10-01,Vente,121240,46,RUE DE NAVES,59122000AZ0351,Appartement,55,3.251697,50.182147
2025-759425,2025-10-10,Vente,120000,618,RUE DE RUMILLY,59122000CH0313,Maison,78,3.235283,50.160851
2025-759443,2025-10-10,Vente,30000,1,SQ DE LA CHOQUE,59122000AP0431,Appartement,12,3.236301,50.175125
2025-759451,2025-09-30,Vente,310000,51,RUE SAINT VAAST,59122000AP0148,Appartement,50,3.232293,50.178963
2025-759451,2025-09-30,Vente,310000,51,RUE SAINT VAAST,59122000AP0148,Appartement,80,3.232293,50.178963
2025-759451,2025-09-30,Vente,310000,51,RUE SAINT VAAST,59122000AP0148,Appartement,17,3.232293,50.178963
2025-759451,2025-09-30,Vente,310000,51,RUE SAINT VAAST,59122000AP0148,Appartement,100,3.232293,50.178963
2025-759451,2025-09-30,Vente,310000,51,RUE SAINT VAAST,59122000AP0148,Appartement,50,3.232293,50.178963
2025-759457,2025-10-10,Vente,256060,93,RUE SAINT-LADRE,59122000BV0173,Maison,95,3.24467,50.164823
2025-759462,2025-10-21,Vente,110000,11,RUE DES CHANOINES,59122000AS0270,Maison,71,3.229996,50.174426
2025-759531,2025-10-17,Vente,162000,5,RUE DE GASCOGNE,59122000BP0591,Maison,124,3.258809,50.157093
2025-759531,2025-10-17,Vente,162000,5,RUE DE GASCOGNE,59122000BP0591,Maison,124,3.258809,50.157093
2025-759548,2025-10-13,Vente,85000,61,AV DE VALENCIENNES,59122000AM0210,Maison,87,3.243996,50.180536
2025-759550,2025-10-13,Vente,44500,6,BD BERLAIMONT,59122000AT0278,Appartement,26,3.237498,50.168807
2025-759565,2025-10-16,Vente,183000,26,MAIL SAINT MARTIN,59122000AS0158,Appartement,83,3.231859,50.174654
2025-759577,2025-10-06,Vente,105000,1,RUE DU MARCHE AUX POISSONS,59122000AP0857,Appartement,81,3.2303,50.177271
2025-759579,2025-10-10,Vente,85000,1,RUE DE LA RENAISSANCE,59122000BC0029,Appartement,54,3.257667,50.182702
2025-759580,2025-10-21,Vente,90000,37,RUE D ARTOIS,59122000BP0508,Maison,82,3.254847,50.159341
2025-759625,2025-10-08,Vente,166900,55,RUE DE CANTAING,59122000CI0041,Maison,110,3.234519,50.162285
2025-759661,2025-10-27,Vente,65000,7,BD DUPLEIX,59122000AI0264,Appartement,34,3.22911,50.183454
2025-759738,2025-10-20,Vente,50000,33,RUE DES ROTISSEURS,59122000AP0530,Appartement,92,3.234966,50.174453
2025-759760,2025-10-29,Vente,90000,5,SQ DE LA CHOQUE,59122000AP0431,Appartement,64,3.236301,50.175125
2025-759760,2025-10-29,Vente,90000,5,SQ DE LA CHOQUE,59122000AP0431,Appartement,64,3.236301,50.175125
2025-759760,2025-10-29,Vente,90000,5,SQ DE LA CHOQUE,59122000AP0431,Appartement,64,3.236301,50.175125
2025-759786,2025-10-17,Vente,148000,11,RUE HENRI DE LUBAC,59122000AS0253,Appartement,28,3.232663,50.173637
2025-759786,2025-10-17,Vente,148000,11,RUE HENRI DE LUBAC,59122000AS0253,Appartement,29,3.232663,50.173637
2025-759786,2025-10-17,Vente,148000,11,RUE HENRI DE LUBAC,59122000AS0253,Appartement,39,3.232663,50.173637
2025-759789,2025-10-06,Vente,70000,238,RUE BERTRAND MILCENT,59122000BX0107,Maison,70,3.227077,50.170092
2025-759826,2025-10-14,Vente,180000,8,AV DE DUNKERQUE,59122000AN0278,Maison,145,3.240229,50.181326
2025-759837,2025-10-21,Vente,80000,24,RUE DE CHATEAUDUN,59122000BY0086,Maison,81,3.226473,50.170702
2025-759838,2025-10-21,Vente,213000,14,RUE AUGUSTE DORCHAIN,59122000BL0526,Maison,110,3.24754,50.168663
2025-759838,2025-10-21,Vente,213000,14,RUE AUGUSTE DORCHAIN,59122000BL0526,Maison,110,3.24754,50.168663
2025-759892,2025-10-24,Vente,170000,8,RUE DE LA MANUTENTION,59122000AP0810,Appartement,146,3.231868,50.178506
2025-759896,2025-10-30,Vente,210000,178,AV DE PARIS,59122000BX0305,Appartement,95,3.229919,50.168785
2025-759909,2025-10-29,Vente,153000,33,RUE DE VERDUN,59122000AX0113,Maison,88,3.250457,50.179604
2025-759910,2025-10-17,Vente,350000,77,AV DU CATEAU,59122000AY0152,Appartement,77,3.249897,50.174529
2025-759910,2025-10-17,Vente,350000,77,AV DU CATEAU,59122000AY0152,Appartement,69,3.249897,50.174529
2025-759910,2025-10-17,Vente,350000,77,AV DU CATEAU,59122000AY0152,Appartement,53,3.249897,50.174529
2025-759912,2025-10-28,Vente,75000,12,IMP DU CANAL,59122000AI0075,Maison,61,3.226184,50.183411
2025-759922,2025-10-09,Vente,112000,28,RUE DE PERONNE,59122000BW0457,Maison,115,3.234597,50.167123
2025-759959,2025-10-10,Vente,50000,19,RUE DE MAUBEUGE,59122000AX0075,Appartement,50,3.248652,50.179806
2025-759963,2025-10-24,Vente,87000,9,RUE SAINT LAZARE,59122000AR0050,Appartement,73,3.228036,50.17921
2025-759986,2025-10-24,Vente,83000,5,SQ DE LA CHOQUE,59122000AP0431,Appartement,12,3.236301,50.175125
2025-759994,2025-10-01,Vente,30000,19,RUE DES TANNERIES,59122000AR0315,Maison,104,3.225764,50.177419
2025-760014,2025-10-21,Vente,95300,104,RUE DES PIERRES JUMELLES,59122000AX0642,Appartement,66,3.244832,50.179419
2025-760023,2025-10-22,Vente,62500,56,RUE DE DOUAI,59122000AI0024,Maison,51,3.22441,50.18438
2025-760034,2025-10-17,Vente,75500,92,RUE ALEXIS CUVELIER,59122000BL0477,Maison,74,3.250822,50.166765
2025-760080,2025-10-30,Vente,155000,410,RUE BERTRAND MILCENT,59122000BY0203,Maison,98,3.224673,50.169655
2025-760081,2025-10-23,Vente,90848,27,RUE D HONNECOURT,59122000CI0212,Maison,68,3.236809,50.159802
2025-760087,2025-10-23,Vente,55000,10,CHE DES SOURCES,59122000BZ0045,Maison,63,3.220578,50.169098
2025-760104,2025-10-23,Vente,162000,1245,AV DE PARIS,59122000CL0192,Maison,121,3.22554,50.159625
2025-760124,2025-10-24,Vente,70500,3,SQ DE LA CHOQUE,59122000AP0431,Appartement,81,3.236301,50.175125
2025-760124,2025-10-24,Vente,70500,3,SQ DE LA CHOQUE,59122000AP0431,Appartement,81,3.236301,50.175125
2025-760133,2025-10-27,Vente,89500,59,RUE DE SOLESMES,59122000AX0043,Appartement,43,3.24867,50.179324
2025-760214,2025-10-24,Vente,168800,25,BD BERLAIMONT,59122000AT0642,Appartement,78,3.238609,50.168081
2025-760216,2025-10-24,Vente,70000,5,RUE GODELIEZ BOLVIN,59122000AR0224,Maison,91,3.229477,50.177185
2025-760219,2025-10-31,Vente,121325,48,RUE SAINT-DRUON,59122000CI0119,Maison,102,3.239269,50.164426
2025-760243,2025-10-24,Vente,105000,60,RUE DE TOURCOING,59122000AN0183,Maison,71,3.241717,50.183815
2025-760263,2025-10-30,Vente,64000,7,BD DUPLEIX,59122000AI0264,Appartement,33,3.22911,50.183454
2025-760271,2025-11-07,Vente,154450,45,RUE DE CAUDRY,59122000BL0220,Maison,85,3.244578,50.168586
2025-760370,2025-11-04,Vente,65000,17,RUE DU MARCHE AUX POISSONS,59122000AR0212,Appartement,59,3.22827,50.177481
2025-760440,2025-10-31,Vente,85000,54,RUE D HONNECOURT,59122000CK0087,Maison,73,3.238148,50.159109
2025-760469,2025-11-10,Vente,106500,21,RUE ALBERT CAMUS,59122000BM0402,Maison,83,3.255454,50.166842
2025-760474,2025-11-13,Vente,125000,62,BD FAIDHERBE,59122000AO0242,Appartement,64,3.235567,50.179425
2025-760477,2025-11-14,Vente,110000,8,IMP DEPREUX,59122000AX0295,Maison,107,3.250563,50.175915
2025-760478,2025-10-09,Vente,155000,2,RUE DE PREMY,59122000AS0084,Appartement,40,3.227626,50.175039
2025-760478,2025-10-09,Vente,155000,2,RUE DE PREMY,59122000AS0084,Appartement,68,3.227626,50.175039
2025-760478,2025-10-09,Vente,155000,2,RUE DE PREMY,59122000AS0084,Appartement,47,3.227626,50.175039
2025-760480,2025-11-20,Vente,270000,5,RUE VICTOR RAMETTE,59122000AP1017,Maison,256,3.230168,50.176933
2025-760487,2025-10-29,Vente,409100,54,BD FAIDHERBE,59122000AO0133,Appartement,130,3.236355,50.179159
2025-760494,2025-11-10,Vente,80000,36,RUE DE CANTAING,59122000BW0180,Maison,88,3.234107,50.163373
2025-760555,2025-11-24,Vente,138000,1144,AV DE PARIS,59122000CE0143,Maison,157,3.22532,50.16071
2025-760580,2025-11-05,Vente,120000,173,RUE ALEXIS CUVELIER,59122000BL0695,Maison,106,3.250983,50.166078
2025-760583,2025-11-05,Vente,160000,29,RUE DE NORMANDIE,59122000BP0062,Maison,67,3.253049,50.161443
2025-760585,2025-11-20,Vente,112000,36,RUE SAINT-GEORGES,59122000AT0686,Appartement,54,3.23479,50.170795
2025-760611,2025-11-03,Vente,310000,28,BD FAIDHERBE,59122000AW0160,Appartement,28,3.23815,50.177327
2025-760611,2025-11-03,Vente,310000,28,BD FAIDHERBE,59122000AW0160,Appartement,23,3.23815,50.177327
2025-760611,2025-11-03,Vente,310000,28,BD FAIDHERBE,59122000AW0160,Appartement,23,3.23815,50.177327
2025-760611,2025-11-03,Vente,310000,28,BD FAIDHERBE,59122000AW0160,Appartement,76,3.23815,50.177327
2025-760611,2025-11-03,Vente,310000,28,BD FAIDHERBE,59122000AW0160,Appartement,28,3.23815,50.177327
2025-760611,2025-11-03,Vente,310000,28,BD FAIDHERBE,59122000AW0160,Appartement,55,3.23815,50.177327
2025-760616,2025-11-07,Vente,190000,16,RUE DE DENAIN,59122000AM0161,Maison,147,3.248556,50.182208
2025-760620,2025-11-03,Vente,60000,14,PL ARISTIDE BRIAND,59122000AP0644,Appartement,46,3.23367,50.176354
2025-760625,2025-11-20,Vente,450000,9,RUE DU ONZE NOVEMBRE,59122000AS0229,Appartement,70,3.232947,50.174135
2025-760625,2025-11-20,Vente,450000,9,RUE DU ONZE NOVEMBRE,59122000AS0229,Appartement,70,3.232947,50.174135
2025-760701,2025-11-17,Vente,208200,11,RUE DU CDT RENE MOUCHOTTE,59122000AN0425,Appartement,77,3.236674,50.18481
2025-760795,2025-11-25,Vente,121000,13,RUE SAINT-GERY,59122000AP0247,Appartement,73,3.233999,50.178036
2025-760799,2025-11-26,Vente,65000,4,RUE DES ANGLAISES,59122000AP0067,Appartement,53,3.233706,50.17906
2025-760844,2025-11-14,Vente,110000,128,RUE DE SOLESMES,59122000AX0153,Maison,70,3.252727,50.177933
2025-760845,2025-11-13,Vente,75000,12,RUE DES CHAUDRONNIERS,59122000AP0329,Appartement,74,3.236092,50.176101
2025-760866,2025-11-21,Vente,27750,30,RUE DE TOURCOING,59122000AN0304,Maison,43,3.240943,50.182693
2025-760873,2025-11-27,Vente,94000,45,AV DE DUNKERQUE,59122000AO0003,Appartement,59,3.236373,50.180897
2025-760877,2025-11-26,Vente,145000,5,RUE DES BELLOTTES,59122000AP0509,Appartement,72,3.236135,50.174394
2025-760882,2025-11-28,Vente,46500,117,RUE ALEXIS CUVELIER,59122000BL0418,Maison,86,3.25227,50.166234
2025-760939,2025-11-13,Vente,83300,45,AV DE DUNKERQUE,59122000AO0003,Appartement,102,3.236373,50.180897
2025-760940,2025-11-28,Vente,130000,1396,AV DU CATEAU,59122000BI0046,Maison,72,3.265088,50.167421
2025-760980,2025-11-08,Vente,74000,15,RUE D ARTOIS,59122000BP0497,Maison,82,3.254275,50.158661
2025-761019,2025-12-02,Vente,219280,11,RUE DELPHIN DUTEMPLE,59122000AP0726,Appartement,88,3.233181,50.178089
2025-761019,2025-12-02,Vente,219280,11,RUE DELPHIN DUTEMPLE,59122000AP0726,Appartement,68,3.233181,50.178089
2025-761019,2025-12-02,Vente,219280,11,RUE DELPHIN DUTEMPLE,59122000AP0726,Appartement,25,3.233181,50.178089
2025-761019,2025-12-02,Vente,219280,11,RUE DELPHIN DUTEMPLE,59122000AP0726,Appartement,41,3.233181,50.178089
2025-761023,2025-12-04,Vente,177000,30,RUE DU PETIT SEMINAIRE,59122000AT0129,Maison,137,3.234536,50.172788
2025-761025,2025-12-05,Vente,146000,8,RUE PIERRE CORNEILLE,59122000BM0370,Maison,113,3.256517,50.166145
2025-761033,2025-11-28,Vente,100000,12,AV FRANCOIS MITTERRAND,59122000AE0045,Appartement,51,3.217827,50.17713
2025-761082,2025-11-20,Vente,46500,250,AV DU CATEAU,59122000BK0748,Appartement,50,3.251622,50.173302
2025-761120,2025-12-05,Vente,140000,26,RUE D ARRAS,59122000AD0063,Maison,68,3.214114,50.178545
2025-761130,2025-12-04,Vente,148000,86,RUE SAINT-GEORGES,59122000AT0323,Maison,132,3.236933,50.16782
2025-761170,2025-12-02,Vente,140000,7,RUE SAINT-JULIEN,59122000AS0578,Maison,164,3.228579,50.174591
2025-761173,2025-12-05,Vente,149800,11,RUE LOUIS WATELLE,59122000CO0456,Maison,90,3.27062,50.168449
2025-761221,2025-11-17,Vente,105000,96,RUE DE PERONNE,59122000BW0504,Maison,54,3.23084,50.167124
2025-761291,2025-12-16,Vente,41000,10,RUE DE ROUBAIX,59122000AO0193,Appartement,32,3.239005,50.179579
2025-761316,2025-12-09,Vente,57990,3,PL DU MARECHAL LECLERC,59122000AP0973,Appartement,42,3.239361,50.175432
2025-761332,2025-12-10,Vente,280000,1,RUE SAINT-JULIEN,59122000AS0575,Maison,152,3.228852,50.174661
2025-761405,2025-12-01,Vente,97000,48,RUE DE GENEVE,59122000AZ0178,Maison,87,3.253111,50.179504
2025-761477,2025-12-03,Vente,150000,19,RUE PIERRE CORNEILLE,59122000BM0382,Maison,98,3.256139,50.166496
2025-761513,2025-12-05,Vente,108300,10,RUE CURIE,59122000BS0079,Maison,80,3.244655,50.159408
2025-761525,2025-12-08,Vente,65500,41,RUE DE MASNIERES,59122000BW0212,Maison,72,3.233691,50.165623
2025-761528,2025-12-15,Vente,58000,47,ALL SAINT-ROCH,59122000AN0288,Maison,94,3.240839,50.181633
2025-761562,2025-12-01,Vente,100000,9,RUE LALLIER,59122000AY0032,Maison,72,3.253026,50.175778
2025-761562,2025-12-01,Vente,100000,9,RUE LALLIER,59122000AY0033,Maison,57,3.253132,50.175802
2025-761562,2025-12-01,Vente,100000,9,RUE LALLIER,59122000AY0034,Maison,44,3.253209,50.17578
2025-761562,2025-12-01,Vente,100000,9,RUE LALLIER,59122000AY0035,Maison,47,3.25324,50.175697
2025-761565,2025-12-01,Vente,79000,32,RUE DES SOUFFLETS,59122000BT0235,Maison,78,3.248429,50.164086
2025-761701,2025-12-18,Vente,65000,235,RUE SAINT-LADRE,59122000BP0616,Maison,71,3.251069,50.160732
2025-761701,2025-12-18,Vente,65000,235,RUE SAINT-LADRE,59122000BP0616,Maison,71,3.251069,50.160732
2025-761703,2025-12-10,Vente,45000,12,RUE DELPHIN DUTEMPLE,59122000AP0247,Appartement,22,3.233999,50.178036
2025-761714,2025-12-04,Vente,72500,293,RUE DE NOYELLES,59122000BX0207,Maison,75,3.224143,50.167148
2025-761731,2025-12-17,Vente,97000,68,RUE DE DOUAI,59122000AI0043,Maison,114,3.225139,50.185232
2025-761791,2025-12-22,Vente,293400,12,RUE DE NIERGNIES,59122000BT0298,Maison,120,3.242051,50.161075
2025-761798,2025-12-22,Vente,102000,1087,RUE BERTRAND MILCENT,59122000BZ0179,Maison,73,3.216546,50.166608
2025-761834,2025-12-22,Vente,144000,95,BD DE LA LIBERTE,59122000BY0215,Appartement,62,3.222852,50.173638
2025-761845,2025-12-15,Vente,149000,39,RUE DE MASNIERES,59122000BW0213,Maison,80,3.233809,50.165625
2025-761852,2025-12-18,Vente,153000,147,RUE LEVEQUE,59122000AL0149,Maison,95,3.248556,50.186099
2025-761855,2025-12-24,Vente,50000,4,RUE VAUCELETTE,59122000AS0781,Appartement,42,3.228667,50.174175
2025-761857,2025-12-22,Vente,168000,60,RUE DE COLMAR,59122000BK0329,Maison,90,3.251324,50.171568
2025-761860,2025-12-23,Vente,83000,11,RUE SAINT LAZARE,59122000AR0356,Appartement,74,3.228039,50.179314
2025-761885,2025-12-15,Vente,225100,33,RUE DU PONT DE SOLESMES,59122000AX0175,Maison,93,3.253483,50.178232
2025-761906,2025-12-16,Vente,222860,41,RUE DE COLMAR,59122000BK0149,Maison,79,3.251553,50.172187
2025-761906,2025-12-16,Vente,222860,41,RUE DE COLMAR,59122000BK0149,Maison,79,3.251553,50.172187
2025-761908,2025-12-23,Vente,199200,7,RUE DU CDT RENE MOUCHOTTE,59122000AN0425,Appartement,77,3.236674,50.18481
2025-761919,2025-12-12,Vente,185000,59,BD FAIDHERBE,59122000AP0055,Appartement,108,3.233713,50.17981
2025-762025,2025-12-22,Vente,229510,277,RUE DE LANDRECIES,59122000AX0407,Appartement,40,3.246176,50.176201
2025-762025,2025-12-22,Vente,229510,277,RUE DE LANDRECIES,59122000AX0407,Appartement,40,3.246176,50.176201
2025-762025,2025-12-22,Vente,229510,277,RUE DE LANDRECIES,59122000AX0407,Appartement,22,3.246176,50.176201
2025-762025,2025-12-22,Vente,229510,277,RUE DE LANDRECIES,59122000AX0407,Appartement,78,3.246176,50.176201
2025-762025,2025-12-22,Vente,229510,277,RUE DE LANDRECIES,59122000AX0407,Appartement,22,3.246176,50.176201
2025-762061,2025-12-23,Vente,92000,59,RUE DE SOLESMES,59122000AX0043,Appartement,43,3.24867,50.179324
2025-762069,2025-12-19,Vente,164000,2,RUE DE LA MANUTENTION,59122000AP0784,Appartement,67,3.231645,50.1781
2025-762098,2025-12-29,Vente,127000,315,RUE SAINT-LADRE,59122000BP0487,Maison,86,3.254797,50.157696
2025-762104,2025-12-17,Vente,210000,54,ALL SAINT-ROCH,59122000AM0449,Maison,166,3.242926,50.182722
2025-762104,2025-12-17,Vente,210000,54,ALL SAINT-ROCH,59122000AM0449,Maison,166,3.242926,50.182722
2025-762117,2025-12-30,Vente,220000,49,AV VICTOR HUGO,59122000AX0761,Appartement,30,3.252858,50.176268
2025-762117,2025-12-30,Vente,220000,49,AV VICTOR HUGO,59122000AX0761,Appartement,25,3.252858,50.176268
2025-762117,2025-12-30,Vente,220000,49,AV VICTOR HUGO,59122000AX0761,Appartement,51,3.252858,50.176268
2025-762117,2025-12-30,Vente,220000,49,AV VICTOR HUGO,59122000AX0761,Appartement,21,3.252858,50.176268
2025-762117,2025-12-30,Vente,220000,49,AV VICTOR HUGO,59122000AX0761,Appartement,24,3.252858,50.176268
2025-762117,2025-12-30,Vente,220000,49,AV VICTOR HUGO,59122000AX0761,Appartement,25,3.252858,50.176268
2025-762117,2025-12-30,Vente,220000,49,AV VICTOR HUGO,59122000AX0761,Appartement,30,3.252858,50.176268
2025-762117,2025-12-30,Vente,220000,49,AV VICTOR HUGO,59122000AX0761,Appartement,24,3.252858,50.176268
2025-762346,2025-12-30,Vente,130000,45,AV DE DUNKERQUE,59122000AO0003,Appartement,82,3.236373,50.180897
2025-762353,2025-12-31,Vente,233200,9,RUE DU CDT RENE MOUCHOTTE,59122000AN0425,Appartement,79,3.236674,50.18481
2025-762359,2025-12-23,Vente,370000,9001,RES LA MARTINIERE,59122000AT0236,Appartement,159,3.236295,50.170691
2025-762381,2025-07-11,Adjudication,69000,5,RUE DE CREVECOEUR,59122000BT0021,Maison,180,3.241582,50.161812
2025-762389,2025-12-29,Vente,299000,375,AV DE PARIS,59122000BW0381,Appartement,48,3.22963,50.166888
2025-762389,2025-12-29,Vente,299000,375,AV DE PARIS,59122000BW0381,Appartement,22,3.22963,50.166888
2025-762389,2025-12-29,Vente,299000,375,AV DE PARIS,59122000BW0381,Appartement,48,3.22963,50.166888
2025-762389,2025-12-29,Vente,299000,375,AV DE PARIS,59122000BW0381,Appartement,48,3.22963,50.166888
2025-762389,2025-12-29,Vente,299000,375,AV DE PARIS,59122000BW0381,Appartement,21,3.22963,50.166888
2025-762412,2025-12-30,Vente,258200,128,RUE BERTRAND MILCENT,59122000BX0091,Appartement,63,3.228597,50.170393
2025-762412,2025-12-30,Vente,258200,128,RUE BERTRAND MILCENT,59122000BX0091,Appartement,60,3.228597,50.170393
2025-762423,2025-12-30,Vente,256700,36,RUE DES ANGLAISES,59122000AP0082,Appartement,41,3.232589,50.179836
2025-762423,2025-12-30,Vente,256700,36,RUE DES ANGLAISES,59122000AP0082,Appartement,32,3.232589,50.179836
2025-762423,2025-12-30,Vente,256700,36,RUE DES ANGLAISES,59122000AP0082,Appartement,41,3.232589,50.179836
2025-762423,2025-12-30,Vente,256700,36,RUE DES ANGLAISES,59122000AP0082,Appartement,41,3.232589,50.179836
2025-762423,2025-12-30,Vente,256700,36,RUE DES ANGLAISES,59122000AP0082,Appartement,59,3.232589,50.179836
2024-708133,2024-01-08,Vente,70000,118,ALL SAINT-ROCH,59122000AM0023,Maison,82,3.243628,50.185358
2024-708139,2024-01-10,Vente,77500,38,RUE DES SOUFFLETS,59122000BT0238,Maison,76,3.248603,50.164284
2024-708180,2024-01-05,Vente,182000,4,SQ DE LA CHOQUE,59122000AP0431,Appartement,92,3.236301,50.175125
2024-708180,2024-01-05,Vente,182000,4,SQ DE LA CHOQUE,59122000AP0431,Appartement,92,3.236301,50.175125
2024-708188,2024-01-02,Vente,98000,45,AV DE DUNKERQUE,59122000AO0003,Appartement,72,3.236373,50.180897
2024-708211,2024-01-12,Vente,78500,1023,RUE DE RUMILLY,59122000CK0024,Maison,74,3.233594,50.157425
2024-708219,2024-01-12,Vente,80000,13,RUE GAUTHIER,59122000BL0246,Maison,78,3.244541,50.167572
2024-708220,2024-01-08,Vente,140300,187,RUE DU PONT AUX MOULINS,59122000BH0078,Maison,82,3.264572,50.16582
2024-708225,2024-01-12,Vente,60000,3,PL DU MARECHAL LECLERC,59122000AP0973,Appartement,25,3.239361,50.175432
2024-708267,2024-01-19,Vente,130000,24,RUE DE NIERGNIES,59122000BS0052,Maison,79,3.243599,50.158643
2024-708268,2024-01-23,Vente,51350,1,RUE DES CANDILLONS,59122000AR0148,Maison,87,3.230744,50.179812
2024-708284,2024-01-12,Vente,110000,3,RUE DE NICE,59122000AP0674,Appartement,45,3.234106,50.176218
2024-708284,2024-01-12,Vente,110000,3,RUE DE NICE,59122000AP0674,Appartement,25,3.234106,50.176218
2024-708284,2024-01-12,Vente,110000,3,RUE DE NICE,59122000AP0674,Appartement,43,3.234106,50.176218
2024-708289,2024-01-10,Vente,136700,578,RUE DE RUMILLY,59122000CH0204,Maison,86,3.235657,50.161131
2024-708304,2024-01-22,Vente,110000,36,RUE DE GENEVE,59122000AZ0251,Maison,86,3.252859,50.180133
2024-708330,2024-01-09,Vente,70000,41,RUE DES ANGLAISES,59122000AP0106,Maison,46,3.231506,50.180107
2024-708352,2024-01-15,Vente,86000,26,CHE DES SOURCES,59122000BZ0036,Maison,77,3.219479,50.168705
2024-708356,2024-01-24,Vente,120000,20,RUE ERNEST LEPOT,59122000AT0062,Maison,50,3.234698,50.173771
2024-708366,2024-01-05,Vente,82000,139,RUE GAUTHIER,59122000BM0413,Maison,84,3.253399,50.163492
2024-708366,2024-01-05,Vente,82000,139,RUE GAUTHIER,59122000BM0413,Maison,84,3.253399,50.163492
2024-708372,2024-01-09,Vente,85000,1,ALL SAINT-ROCH,59122000AO0221,Appartement,44,3.239348,50.179476
2024-708374,2024-01-09,Vente,100000,53,RUE D ESNES,59122000BS0142,Maison,80,3.246504,50.160325
2024-708408,2024-01-02,Vente,110000,60,RUE DE CANTAING,59122000CH0142,Maison,88,3.233318,50.161851
2024-708425,2024-01-04,Vente,69000,9,RUE DE LA PAIX,59122000BC0029,Appartement,44,3.257667,50.182702
2024-708438,2024-01-24,Vente,45000,425,RUE DE LANDRECIES,59122000AX0321,Maison,87,3.247853,50.175409
2024-708501,2024-01-29,Vente,128000,76,RUE DE SOLESMES,59122000AX0225,Maison,90,3.249354,50.178509
2024-708546,2024-01-19,Vente,80000,69,RUE DE MOSCOU,59122000BN0221,Maison,82,3.263276,50.161128
2024-708558,2024-01-12,Vente,111000,12,RUE JULES VERNE,59122000BE0225,Maison,78,3.263687,50.170871
2024-708560,2024-01-19,Vente,110000,29,RUE DU HAINAUT,59122000BK0069,Maison,72,3.249116,50.173556
2024-708577,2024-01-29,Vente,242400,20,RUE SADI CARNOT,59122000AP0695,Maison,106,3.234202,50.177128
2024-708627,2024-01-27,Vente,110000,273,RUE SAINT-LADRE,59122000BP0527,Maison,81,3.253287,50.158681
2024-708651,2024-01-29,Vente,143900,3,RUE DE NORMANDIE,59122000BP0722,Maison,95,3.254898,50.160595
2024-708831,2024-02-05,Vente,198000,115,RUE SAINT-LADRE,59122000BV0159,Appartement,32,3.245336,50.164155
2024-708831,2024-02-05,Vente,198000,115,RUE SAINT-LADRE,59122000BV0159,Appartement,32,3.245336,50.164155
2024-708831,2024-02-05,Vente,198000,115,RUE SAINT-LADRE,59122000BV0159,Appartement,38,3.245336,50.164155
2024-708831,2024-02-05,Vente,198000,115,RUE SAINT-LADRE,59122000BV0159,Appartement,24,3.245336,50.164155
2024-708864,2024-02-01,Vente,77800,3,RUE DE BELFORT,59122000BW0665,Appartement,46,3.233846,50.168087
2024-708896,2024-01-29,Vente,100000,29,RUE DE BRETAGNE,59122000BP0067,Maison,82,3.254447,50.161356
2024-708900,2024-02-05,Vente,110000,28,RUE DE TOURCOING,59122000AN0171,Maison,85,3.240917,50.182442
2024-708912,2024-01-22,Vente,72000,60,AV VICTOR HUGO,59122000AY0257,Appartement,51,3.25512,50.175763
2024-708922,2024-02-01,Vente,188000,17,RUE D ESPAGNE,59122000BR0363,Maison,92,3.259016,50.15551
2024-708969,2024-02-14,Vente,50000,37,AV DE LA VICTOIRE,59122000AT0519,Appartement,100,3.233206,50.173007
2024-709070,2024-02-14,Vente,66000,60,AV VICTOR HUGO,59122000AY0257,Appartement,36,3.25512,50.175763
2024-709140,2024-02-20,Vente,375000,377,AV DU CATEAU,59122000AY0237,Appartement,38,3.253312,50.173068
2024-709140,2024-02-20,Vente,375000,377,AV DU CATEAU,59122000AY0237,Appartement,72,3.253312,50.173068
2024-709140,2024-02-20,Vente,375000,377,AV DU CATEAU,59122000AY0237,Appartement,31,3.253312,50.173068
2024-709144,2024-02-05,Vente,56000,13,RUE SAINT-JULIEN,59122000AS0647,Appartement,54,3.228001,50.174636
2024-709155,2024-02-01,Vente,148000,18,RUE DES POCHONNETS,59122000AT0185,Appartement,83,3.235948,50.171385
2024-709157,2024-02-14,Vente,62800,7,RUE ST LAZARE,59122000AR0050,Appartement,64,3.228036,50.17921
2024-709193,2024-02-26,Vente,78000,1188,AV DU CATEAU,59122000BI0167,Appartement,62,3.262474,50.168121
2024-709238,2024-02-21,Vente,178990,42,RUE DE LA GRANDE JUSTICE,59122000AX0433,Maison,100,3.247842,50.17713
2024-709240,2024-02-22,Vente,106000,72,RUE DE PERONNE,59122000BW0476,Maison,93,3.232615,50.167203
2024-709269,2024-02-23,Vente,70000,37,RUE DE VIENNE,59122000BN0168,Maison,99,3.265764,50.162805
2024-709272,2024-02-23,Vente,160000,11,RUE DU HAINAUT,59122000BK0060,Appartement,50,3.249161,50.174099
2024-709272,2024-02-23,Vente,160000,11,RUE DU HAINAUT,59122000BK0060,Appartement,50,3.249161,50.174099
2024-709338,2024-02-13,Vente,95000,7,RUE DE LA PAIX,59122000BC0029,Maison,83,3.257667,50.182702
2024-709341,2024-02-28,Vente,44000,3,RUE DE BELFORT,59122000BW0665,Appartement,35,3.233846,50.168087
2024-709353,2024-02-29,Vente,95000,19,RUE NEUVE,59122000AP0534,Maison,60,3.235013,50.174554
2024-709394,2024-03-01,Vente,70400,24,RUE ROBERT SCHUMAN,59122000BO0076,Maison,64,3.262989,50.156192
2024-709417,2024-03-02,Vente,110000,58,RUE D HONNECOURT,59122000CK0089,Maison,75,3.238339,50.1591
2024-709426,2024-03-02,Vente,153000,15,RUE DU LANGUEDOC,59122000BP0376,Maison,78,3.257613,50.158313
2024-709448,2024-02-15,Vente,75000,120,RUE ALEXIS CUVELIER,59122000BL0457,Maison,82,3.251378,50.166292
2024-709456,2024-02-16,Vente,61000,36,RUE SAINT-GEORGES,59122000AT0686,Appartement,35,3.23479,50.170795
2024-709457,2024-03-08,Vente,73000,12,RUE PAUL BERT,59122000AX0247,Maison,100,3.251244,50.176807
2024-709467,2024-02-16,Vente,176000,192,RUE SAINT-LADRE,59122000BR0068,Maison,88,3.251418,50.158758
2024-709467,2024-02-16,Vente,176000,192,RUE SAINT-LADRE,59122000BR0068,Maison,88,3.251418,50.158758
2024-709473,2024-03-04,Vente,53000,22,RUE MONSTRELET,59122000AP0131,Appartement,60,3.231338,50.179263
2024-709478,2024-02-29,Vente,240000,11,RUE DES CHANOINES,59122000AS0689,Maison,605,3.229907,50.174095
2024-709478,2024-02-29,Vente,240000,11,RUE DES CHANOINES,59122000AS0689,Maison,605,3.229907,50.174095
2024-709602,2024-02-23,Vente,163400,106,RUE ALEXIS CUVELIER,59122000BL0464,Maison,72,3.251664,50.166402
2024-709638,2024-02-29,Vente,105000,22,RUE DE COPENHAGUE,59122000BN0032,Maison,69,3.263919,50.163586
2024-709647,2024-03-12,Vente,89250,3,RUE DES SOEURS DE CHARITE,59122000AS0361,Maison,71,3.229034,50.173472
2024-709648,2024-03-07,Vente,408000,13,BD PAUL BEZIN,59122000AV0041,Appartement,184,3.241102,50.172583
2024-709665,2024-03-08,Vente,50000,2,RUE DU MARCHE AUX POISSONS,59122000AR0199,Maison,51,3.229615,50.177626
2024-709700,2024-03-18,Vente,138950,282,RUE GAUTHIER,59122000BP0191,Maison,78,3.261009,50.160038
2024-709717,2024-03-15,Vente,66000,60,AV VICTOR HUGO,59122000AY0257,Appartement,36,3.25512,50.175763
2024-709721,2024-03-18,Vente,75000,1188,AV DU CATEAU,59122000BI0167,Appartement,42,3.262474,50.168121
2024-709739,2024-03-18,Vente,137200,1,RUE PAUL BERT,59122000AX0270,Maison,173,3.252015,50.176154
2024-709765,2024-03-01,Vente,150000,9,VCHE VIEUX CHE DE CARNIERES,59122000BD0053,Maison,80,3.261741,50.173714
2024-709765,2024-03-01,Vente,150000,9,VCHE VIEUX CHE DE CARNIERES,59122000BD0053,Maison,80,3.261741,50.173714
2024-709766,2024-03-02,Vente,98750,700,RUE DE RUMILLY,59122000CH0214,Maison,97,3.234479,50.160315
2024-709878,2024-03-20,Vente,230000,1,RUE SAINT-LADRE,59122000BV0457,Maison,100,3.241229,50.167676
2024-709884,2024-03-06,Vente,128500,17,RUE SAINT-LADRE,59122000BV0058,Maison,80,3.24175,50.167335
2024-709886,2024-03-08,Vente,65000,6,RUE DE BELGIQUE,59122000BR0219,Maison,46,3.253826,50.156665
2024-709915,2024-02-19,Vente,90000,63,RUE DE PERONNE,59122000BW0414,Maison,93,3.233081,50.16671
2024-709940,2024-03-13,Vente,75000,8,RUE EUGENE BOULY,59122000AS0426,Maison,48,3.231095,50.17173
2024-709947,2024-03-27,Vente,178250,34,RUE JEAN MACE,59122000AX0341,Maison,93,3.249275,50.176253
2024-709984,2024-03-30,Vente,67000,11,PL MARCELIN BERTHELOT,59122000AE0058,Appartement,39,3.219741,50.17669
2024-709992,2024-03-20,Vente,81500,12,RUE DES CHAUDRONNIERS,59122000AP0329,Appartement,78,3.236092,50.176101
2024-710021,2024-03-12,Vente,65000,28,RUE DU COMTE D ARTOIS,59122000AH0055,Maison,83,3.22139,50.180896
2024-710046,2024-03-28,Vente,70400,8,RUE MARC SANGNIER,59122000BO0164,Maison,64,3.263481,50.154218
2024-710047,2024-04-02,Vente,225000,38,RUE DE NAVES,59122000AZ0510,Maison,60,3.251051,50.181924
2024-710047,2024-04-02,Vente,225000,38,RUE DE NAVES,59122000AZ0511,Maison,60,3.251116,50.181887
2024-710047,2024-04-02,Vente,225000,38,RUE DE NAVES,59122000AZ0512,Maison,60,3.251141,50.181839
2024-710048,2024-03-29,Vente,325000,38,RUE DE NAVES,59122000AZ0513,Maison,100,3.251275,50.181625
2024-710048,2024-03-29,Vente,325000,38,RUE DE NAVES,59122000AZ0513,Maison,80,3.251275,50.181625
2024-710048,2024-03-29,Vente,325000,38,RUE DE NAVES,59122000AZ0513,Maison,100,3.251275,50.181625
2024-710186,2024-03-21,Vente,85000,74,RUE D AWOINGT,59122000BK0441,Maison,80,3.252161,50.169657
2024-710212,2024-03-23,Vente,123000,443,RUE DE LANDRECIES,59122000AX0318,Maison,84,3.248088,50.175348
2024-710232,2024-03-29,Vente,286000,15,RUE DE LA CITADELLE,59122000AP0465,Appartement,88,3.237903,50.174913
2024-710245,2024-03-29,Vente,77000,13,RUE SAINT-JACQUES,59122000AP0467,Appartement,62,3.237495,50.174733
2024-710249,2024-03-15,Vente,157000,63,BD FAIDHERBE,59122000AP0054,Appartement,59,3.233442,50.180031
2024-710258,2024-03-29,Vente,132100,29,RUE CANTIMPRE,59122000AS0020,Appartement,30,3.223413,50.176409
2024-710270,2024-03-15,Vente,93400,1,RUE DE CARNIERES,59122000AY0223,Appartement,54,3.252823,50.174342
2024-710277,2024-04-04,Vente,86000,70,RUE SAINT-DRUON,59122000CI0314,Appartement,54,3.237838,50.163111
2024-710300,2024-03-26,Vente,125000,35,RUE DE LA GRANDE JUSTICE,59122000AX0468,Maison,82,3.246078,50.177429
2024-710302,2024-03-26,Vente,230000,54,BD FAIDHERBE,59122000AO0133,Appartement,98,3.236355,50.179159
2024-710307,2024-04-04,Vente,111700,19,RUE DE PROVENCE,59122000BP0368,Maison,100,3.258171,50.158062
2024-710315,2024-03-13,Vente,102440,98,RUE GAUTHIER,59122000BT0250,Maison,80,3.250102,50.164253
2024-710320,2024-03-28,Vente,109890,12,VC RAG CRX A POTERIES,59122000AT0162,Appartement,89,3.236905,50.172365
2024-710322,2024-03-28,Vente,380000,17,GR GDE RUE VANDERBURCH,59122000AP0910,Appartement,50,3.23155,50.177
2024-710322,2024-03-28,Vente,380000,17,GR GDE RUE VANDERBURCH,59122000AP0910,Appartement,50,3.23155,50.177
2024-710322,2024-03-28,Vente,380000,17,GR GDE RUE VANDERBURCH,59122000AP0910,Appartement,20,3.23155,50.177
2024-710322,2024-03-28,Vente,380000,17,GR GDE RUE VANDERBURCH,59122000AP0910,Appartement,55,3.23155,50.177
2024-710322,2024-03-28,Vente,380000,17,GR GDE RUE VANDERBURCH,59122000AP0910,Appartement,32,3.23155,50.177
2024-710322,2024-03-28,Vente,380000,17,GR GDE RUE VANDERBURCH,59122000AP0910,Appartement,48,3.23155,50.177
2024-710322,2024-03-28,Vente,380000,17,GR GDE RUE VANDERBURCH,59122000AP0910,Appartement,30,3.23155,50.177
2024-710322,2024-03-28,Vente,380000,17,GR GDE RUE VANDERBURCH,59122000AP0910,Appartement,32,3.23155,50.177
2024-710322,2024-03-28,Vente,380000,17,GR GDE RUE VANDERBURCH,59122000AP0910,Appartement,32,3.23155,50.177
2024-710322,2024-03-28,Vente,380000,17,GR GDE RUE VANDERBURCH,59122000AP0910,Appartement,32,3.23155,50.177
2024-710331,2024-03-19,Vente,60000,31,RUE GAUTHIER,59122000BL0561,Maison,38,3.2454,50.167017
2024-710337,2024-03-29,Vente,345000,625,GR GDE RUE VERTE,59122000AK0033,Maison,149,3.237328,50.188299
2024-710337,2024-03-29,Vente,345000,625,GR GDE RUE VERTE,59122000AK0033,Maison,149,3.237328,50.188299
2024-710376,2024-04-05,Vente,162450,3,RUE PAUL BERT,59122000AX0269,Maison,224,3.251913,50.176176
2024-710405,2024-03-22,Vente,55000,10,RUE PASTEUR,59122000AP0651,Appartement,60,3.233043,50.176511
2024-710478,2024-04-12,Vente,171800,12,RUE MONSTRELET,59122000AP0136,Maison,110,3.231649,50.179149
2024-710495,2024-04-05,Vente,112000,9,RUE DU ROUSSILLON,59122000BP0116,Maison,101,3.25704,50.159791
2024-710498,2024-04-12,Vente,95000,2,AV VICTOR HUGO,59122000AY0072,Appartement,54,3.249554,50.174808
2024-710499,2024-04-05,Vente,90000,6,RUE DES CAPUCINS,59122000AP0847,Appartement,57,3.230513,50.177934
2024-710573,2024-04-04,Vente,175000,2,SEN DE RUMILLY,59122000CH0116,Maison,79,3.231302,50.162801
2024-710573,2024-04-04,Vente,175000,6,SEN DE RUMILLY,59122000CH0118,Maison,40,3.231466,50.162771
2024-710581,2024-04-12,Vente,134200,60,RUE LOUIS BELMAS,59122000AT0374,Appartement,76,3.235138,50.169116
2024-710591,2024-04-15,Vente,147000,312,RUE GAUTHIER,59122000BP0206,Maison,78,3.262412,50.159415
2024-710606,2024-04-10,Vente,117160,59,RUE DU PETIT BOIS,59122000CI0015,Maison,84,3.235747,50.164819
2024-710669,2024-03-29,Vente,120000,13,BD PAUL BEZIN,59122000AV0041,Appartement,101,3.241102,50.172583
2024-710703,2024-04-06,Vente,208500,26,ALL SAINT-ROCH,59122000AM0346,Appartement,32,3.241122,50.180989
2024-710703,2024-04-06,Vente,208500,26,ALL SAINT-ROCH,59122000AM0346,Appartement,25,3.241122,50.180989
2024-710703,2024-04-06,Vente,208500,26,ALL SAINT-ROCH,59122000AM0346,Appartement,38,3.241122,50.180989
2024-710703,2024-04-06,Vente,208500,26,ALL SAINT-ROCH,59122000AM0346,Appartement,26,3.241122,50.180989
2024-710703,2024-04-06,Vente,208500,26,ALL SAINT-ROCH,59122000AM0346,Appartement,42,3.241122,50.180989
2024-710713,2024-04-09,Vente,78000,20,BD BERLAIMONT,59122000AT0289,Maison,100,3.23753,50.16813
2024-710718,2024-04-04,Vente,70000,73,RUE SAINT-GEORGES,59122000AT0285,Maison,118,3.237519,50.168066
2024-710733,2024-04-19,Vente,156000,12,VC RAG CRX A POTERIES,59122000AT0162,Appartement,75,3.236905,50.172365
2024-710736,2024-04-08,Vente,130000,30,RUE D ESWARS,59122000CN0011,Maison,90,3.241972,50.193517
2024-710746,2024-04-15,Vente,130800,14,RUE ST LAZARE,59122000AR0118,Maison,88,3.229372,50.179504
2024-710754,2024-04-12,Vente,257000,20,VC RAG CRX A POTERIES,59122000AT0165,Maison,149,3.236776,50.172041
2024-710768,2024-04-12,Vente,295000,152,AV DU CATEAU,59122000BK0034,Maison,43,3.250545,50.173848
2024-710768,2024-04-12,Vente,295000,156,AV DU CATEAU,59122000BK0035,Appartement,43,3.250622,50.173846
2024-710768,2024-04-12,Vente,295000,156,AV DU CATEAU,59122000BK0035,Appartement,43,3.250622,50.173846
2024-710768,2024-04-12,Vente,295000,160,AV DU CATEAU,59122000BK0036,Maison,43,3.250683,50.173827
2024-710768,2024-04-12,Vente,295000,2,RUE GARIN DUCHATEL,59122000BK0710,Appartement,42,3.250641,50.173665
2024-710768,2024-04-12,Vente,295000,2,RUE GARIN DUCHATEL,59122000BK0710,Appartement,42,3.250641,50.173665
2024-710768,2024-04-12,Vente,295000,2,RUE GARIN DUCHATEL,59122000BK0710,Appartement,42,3.250641,50.173665
2024-710768,2024-04-12,Vente,295000,2,RUE GARIN DUCHATEL,59122000BK0710,Appartement,42,3.250641,50.173665
2024-710854,2024-04-10,Vente,132000,16,RUE DE VIENNE,59122000BN0092,Maison,91,3.264547,50.163514
2024-710905,2024-04-04,Vente,170000,52,BD VAUBAN,59122000BL0014,Maison,120,3.247508,50.170738
2024-710910,2024-04-26,Vente,475000,14,BD DE LA LIBERTE,59122000AT0341,Maison,110,3.234487,50.169042
2024-710912,2024-04-29,Vente,88000,60,AV VICTOR HUGO,59122000AY0257,Appartement,51,3.25512,50.175763
2024-710989,2024-04-16,Vente,197000,24,RUE DU HAINAUT,59122000BK0013,Maison,124,3.248536,50.173632
2024-710995,2024-04-16,Vente,73000,130,RUE ALEXIS CUVELIER,59122000BL0475,Maison,74,3.250456,50.166713
2024-711009,2024-04-15,Vente,69000,36,RUE SAINT-GEORGES,59122000AT0686,Appartement,36,3.23479,50.170795
2024-711010,2024-04-19,Vente,181500,177,RUE SAINT-LADRE,59122000BT0384,Appartement,50,3.247961,50.163107
2024-711010,2024-04-19,Vente,181500,177,RUE SAINT-LADRE,59122000BT0384,Appartement,50,3.247961,50.163107
2024-711010,2024-04-19,Vente,181500,177,RUE SAINT-LADRE,59122000BT0384,Appartement,50,3.247961,50.163107
2024-711010,2024-04-19,Vente,181500,177,RUE SAINT-LADRE,59122000BT0392,Maison,45,3.24811,50.163193
2024-711061,2024-04-26,Vente,280000,15,BD BERLAIMONT,59122000AT0297,Maison,146,3.238456,50.168379
2024-711065,2024-05-02,Vente,139130,18,RUE JULES MASSENET,59122000BM0456,Maison,101,3.260719,50.165516
2024-711133,2024-04-17,Vente,86000,43,RUE DE RIBECOURT,59122000CH0134,Maison,88,3.232777,50.162228
2024-711142,2024-04-19,Vente,90000,29,RUE DE GOUZEAUCOURT,59122000CL0174,Maison,73,3.226455,50.160313
2024-711150,2024-04-30,Vente,115600,32,RUE DE GENEVE,59122000AZ0253,Maison,86,3.252797,50.180287
2024-711155,2024-04-30,Vente,220000,44,RUE DE VERDUN,59122000AZ0391,Maison,227,3.250139,50.180848
2024-711155,2024-04-30,Vente,220000,44,RUE DE VERDUN,59122000AZ0391,Maison,227,3.250139,50.180848
2024-711159,2024-04-19,Vente,44000,15,RUE DU MARCHE AUX POISSONS,59122000AR0213,Maison,83,3.228476,50.177518
2024-711202,2024-04-29,Vente,145000,16,RUE DE GENEVE,59122000AZ0338,Maison,120,3.252402,50.181512
2024-711203,2024-05-15,Vente,72500,1,RUE DE LA DELIVRANCE,59122000BC0029,Appartement,49,3.257667,50.182702
2024-711326,2024-04-29,Vente,83000,18,RUE LALLIER,59122000AY0099,Maison,82,3.253191,50.174435
2024-711530,2024-05-16,Vente,70000,10,RUE PASTEUR,59122000AP0651,Appartement,40,3.233043,50.176511
2024-711540,2024-05-21,Vente,125000,10,AV DE DUNKERQUE,59122000AN0277,Maison,68,3.24012,50.181347
2024-711540,2024-05-21,Vente,125000,10,AV DE DUNKERQUE,59122000AN0277,Maison,68,3.24012,50.181347
2024-711542,2024-05-14,Vente,150000,108,ALL SAINT-ROCH,59122000AM0018,Maison,110,3.243568,50.184972
2024-711557,2024-05-24,Vente,74000,1,RUE DE LA RENAISSANCE,59122000BC0029,Appartement,55,3.257667,50.182702
2024-711570,2024-05-07,Vente,80000,82,ALL SAINT-ROCH,59122000AM0005,Maison,137,3.243436,50.184037
2024-711639,2024-05-21,Vente,140000,54,BD FAIDHERBE,59122000AO0133,Appartement,67,3.236355,50.179159
2024-711666,2024-05-21,Vente,68000,104,RUE DES PIERRES JUMELLES,59122000AX0642,Appartement,62,3.244832,50.179419
2024-711669,2024-05-16,Vente,171000,10,RUE WATTEAU,59122000AT0307,Maison,105,3.23876,50.168832
2024-711679,2024-05-15,Vente,75000,45,RUE D ABBEVILLE,59122000AH0060,Maison,75,3.221969,50.181249
2024-711680,2024-05-24,Vente,545000,488,RUE BERTRAND MILCENT,59122000BY0142,Maison,274,3.22369,50.169759
2024-711680,2024-05-24,Vente,545000,488,RUE BERTRAND MILCENT,59122000BY0142,Maison,274,3.22369,50.169759
2024-711685,2024-05-23,Vente,96000,140,RUE ALEXIS CUVELIER,59122000BL0470,Maison,89,3.250188,50.166372
2024-711692,2024-05-16,Vente,116300,10,RUE DES ALPES,59122000BO0286,Maison,89,3.264761,50.156346
2024-711736,2024-05-31,Vente,73000,1188,AV DU CATEAU,59122000BI0167,Appartement,45,3.262474,50.168121
2024-711750,2024-05-29,Vente,213000,10,RUE SAINT-GEORGES,59122000AT0487,Appartement,86,3.234122,50.171745
2024-711752,2024-05-31,Vente,80000,1188,AV DU CATEAU,59122000BI0167,Appartement,55,3.262474,50.168121
2024-711764,2024-05-14,Vente,110000,152,RUE DE RUMILLY,59122000CI0316,Maison,102,3.237046,50.164868
2024-711822,2024-05-31,Vente,63000,1,RUE DE SELLES,59122000AR0090,Maison,100,3.231003,50.180358
2024-711878,2024-05-21,Vente,100000,80,RUE DE CREVECOEUR,59122000CK0160,Maison,82,3.241608,50.156111
2024-711879,2024-05-27,Vente,257000,50,RUE DES PYRENEES,59122000BO0323,Maison,115,3.266816,50.155252
2024-711879,2024-05-27,Vente,257000,50,RUE DES PYRENEES,59122000BO0323,Maison,115,3.266816,50.155252
2024-711897,2024-05-27,Vente,72280,720,RUE DE NOYELLES,59122000BZ0217,Maison,74,3.219166,50.165484
2024-711911,2024-05-17,Vente,120200,6,RUE MAURICE RAVEL,59122000BM0182,Maison,83,3.262146,50.165223
2024-711935,2024-05-29,Vente,45000,7,RUE JOSEPH CARLIER,59122000AS0707,Maison,30,3.224239,50.17572
2024-711980,2024-05-28,Vente,257000,225,GR GDE RUE VERTE,59122000AK0238,Maison,141,3.234148,50.186505
2024-711980,2024-05-28,Vente,257000,225,GR GDE RUE VERTE,59122000AK0238,Maison,141,3.234148,50.186505
2024-712026,2024-05-29,Vente,152000,8,SEN DE RUMILLY,59122000CH0119,Maison,117,3.231637,50.162632
2024-712026,2024-05-29,Vente,152000,8,SEN DE RUMILLY,59122000CH0119,Maison,117,3.231637,50.162632
2024-712030,2024-05-30,Vente,257000,2,AV DE LA VICTOIRE,59122000AP0575,Appartement,115,3.233967,50.175187
2024-712119,2024-05-29,Vente,34000,3,ALL SAINT-ROCH,59122000AO0183,Appartement,32,3.23976,50.179977
2024-712129,2024-05-29,Vente,170000,8,RUE CLAUDE DEBUSSY,59122000BM0209,Maison,107,3.260191,50.164504
2024-712132,2024-05-24,Vente,98000,16,RUE DE BOURGOGNE,59122000BP0130,Maison,78,3.258161,50.15972
2024-712139,2024-05-24,Vente,158000,35,BD DE LA LIBERTE,59122000BX0078,Appartement,94,3.229264,50.170675
2024-712140,2024-05-27,Vente,95000,5,RUE LOUIS RENARD,59122000AS0398,Maison,59,3.231602,50.17243
2024-712143,2024-05-27,Vente,115500,14,RUE DES ANGES,59122000AT0194,Maison,70,3.235385,50.172129
2024-712185,2024-06-03,Vente,87500,551,GR GDE RUE VERTE,59122000AK0025,Maison,71,3.237069,50.187744
2024-712210,2024-06-13,Vente,158964,8,RUE DU LANGUEDOC,59122000BP0173,Maison,88,3.259122,50.160299
2024-712277,2024-06-12,Vente,29000,2,RUE SAINT-FIACRE,59122000AS0375,Maison,62,3.230098,50.172586
2024-712282,2024-05-30,Vente,110000,23,RUE DU ROUSSILLON,59122000BP0123,Maison,90,3.257862,50.159433
2024-712291,2024-05-30,Vente,82500,219,RUE SAINT-LADRE,59122000BP0557,Maison,84,3.250363,50.160911
2024-712326,2024-06-14,Vente,60000,3,RUE SAINT-JULIEN,59122000AS0576,Maison,95,3.228752,50.174643
2024-712394,2024-06-12,Vente,188500,5,RUE SAINT-FIACRE,59122000AS0487,Maison,80,3.229695,50.172419
2024-712409,2024-06-19,Vente,160000,43,RUE SAINT-LADRE,59122000BV0553,Maison,173,3.242432,50.166547
2024-712413,2024-06-24,Vente,150000,4,BD FAIDHERBE,59122000AW0214,Appartement,27,3.240683,50.175187
2024-712413,2024-06-24,Vente,150000,4,BD FAIDHERBE,59122000AW0214,Appartement,43,3.240683,50.175187
2024-712413,2024-06-24,Vente,150000,4,BD FAIDHERBE,59122000AW0214,Appartement,16,3.240683,50.175187
2024-712413,2024-06-24,Vente,150000,4,BD FAIDHERBE,59122000AW0214,Appartement,40,3.240683,50.175187
2024-712418,2024-05-31,Vente,148500,11,RUE JEAN GOUDE,59122000AD0036,Maison,92,3.217246,50.178636
2024-712428,2024-06-21,Vente,132000,94,RUE DE BONAVIS,59122000CH0079,Maison,57,3.228378,50.160851
2024-712479,2024-06-04,Vente,120000,64,RUE DE CAUDRY,59122000BV0016,Maison,118,3.243076,50.167631
2024-712480,2024-06-06,Vente,80000,891,AV DU CATEAU,59122000BE0129,Maison,93,3.259454,50.170472
2024-712488,2024-06-20,Vente,210000,14,RUE DES CAPUCINS,59122000AP0844,Appartement,75,3.230635,50.178194
2024-712488,2024-06-20,Vente,210000,14,RUE DES CAPUCINS,59122000AP0844,Appartement,45,3.230635,50.178194
2024-712488,2024-06-20,Vente,210000,14,RUE DES CAPUCINS,59122000AP0844,Appartement,20,3.230635,50.178194
2024-712488,2024-06-20,Vente,210000,14,RUE DES CAPUCINS,59122000AP0844,Appartement,20,3.230635,50.178194
2024-712516,2024-06-25,Vente,66500,60,AV VICTOR HUGO,59122000AY0257,Appartement,36,3.25512,50.175763
2024-712544,2024-06-24,Vente,262000,13,BD PAUL BEZIN,59122000AV0041,Appartement,121,3.241102,50.172583
2024-712551,2024-06-20,Vente,704000,58,RUE DES ROTISSEURS,59122000AT0100,Maison,269,3.235386,50.17373
2024-712551,2024-06-20,Vente,704000,58,RUE DES ROTISSEURS,59122000AT0100,Maison,269,3.235386,50.17373
2024-712561,2024-06-07,Vente,105100,2,PL DU COUPE OREILLES,59122000AP1006,Appartement,64,3.235495,50.174863
2024-712566,2024-06-28,Vente,70500,1,RUE DE BELFORT,59122000BW0665,Appartement,56,3.233846,50.168087
2024-712576,2024-06-14,Vente,115000,11,RUE DU PETIT BOIS,59122000CI0003,Maison,70,3.237829,50.165759
2024-712639,2024-06-07,Vente,121500,16,RUE JULES VERNE,59122000BE0244,Maison,78,3.264086,50.171331
2024-712721,2024-07-04,Vente,254000,167,RUE ABBAYE DE VAUCELLES,59122000CL0400,Maison,109,3.232499,50.157581
2024-712786,2024-07-02,Vente,144900,45,RUE PAUL BERT,59122000AX0442,Appartement,63,3.248515,50.177693
2024-712816,2024-06-20,Vente,53200,3,RUE DE BELFORT,59122000BW0665,Appartement,32,3.233846,50.168087
2024-712842,2024-06-29,Vente,144050,2,PL DU COUPE OREILLES,59122000AP1006,Appartement,64,3.235495,50.174863
2024-712846,2024-07-02,Vente,650000,84,RUE HENRY DUNANT,59122000AM0238,Maison,72,3.246296,50.183272
2024-712846,2024-07-02,Vente,650000,82,RUE HENRY DUNANT,59122000AM0399,Maison,72,3.246124,50.183291
2024-712846,2024-07-02,Vente,650000,506,AV DE PARIS,59122000BX0258,Maison,82,3.228616,50.165867
2024-712846,2024-07-02,Vente,650000,500,RUE DE RUMILLY,59122000CI0059,Maison,59,3.235804,50.161825
2024-712846,2024-07-02,Vente,650000,500,RUE DE RUMILLY,59122000CI0059,Maison,59,3.235804,50.161825
2024-712855,2024-06-25,Vente,200000,17,RUE DU GENERAL FRERE,59122000AP0499,Maison,90,3.237399,50.173581
2024-712872,2024-06-28,Vente,70000,8,BD BERLAIMONT,59122000AT0278,Appartement,67,3.237498,50.168807
2024-712873,2024-06-20,Vente,128700,35,RUE DE VERDUN,59122000AX0114,Maison,72,3.250417,50.179653
2024-712910,2024-06-13,Vente,24500,5,SQ DE LA CHOQUE,59122000AP0431,Appartement,12,3.236301,50.175125
2024-712932,2024-06-28,Vente,74900,35,BD DE LA LIBERTE,59122000BX0078,Appartement,51,3.229264,50.170675
2024-712992,2024-06-21,Vente,110000,114,RUE ALEXIS CUVELIER,59122000BL0460,Maison,74,3.25173,50.166079
2024-713009,2024-06-21,Vente,130000,50,RUE DES ANGLAISES,59122000AP0092,Maison,96,3.232159,50.180103
2024-713010,2024-06-27,Vente,117500,160,RUE SAINT-LADRE,59122000BT0157,Maison,85,3.248694,50.161376
2024-713010,2024-06-27,Vente,117500,160,RUE SAINT-LADRE,59122000BT0157,Maison,85,3.248694,50.161376
2024-713013,2024-07-12,Vente,60500,60,AV VICTOR HUGO,59122000AY0257,Appartement,37,3.25512,50.175763
2024-713039,2024-06-18,Vente,115500,56,RUE DE PROVENCE,59122000BP0313,Maison,78,3.260152,50.158327
2024-713065,2024-06-26,Vente,69000,4,RUE DES ROTISSEURS,59122000AS0210,Appartement,46,3.232986,50.174797
2024-713089,2024-06-19,Vente,118500,19,RUE DE L ILE DE FRANCE,59122000BP0113,Maison,78,3.256816,50.160029
2024-713133,2024-06-29,Vente,93400,13,RUE SAINT-JACQUES,59122000AP0467,Appartement,59,3.237495,50.174733
2024-713170,2024-07-16,Vente,56000,60,AV VICTOR HUGO,59122000AY0257,Appartement,37,3.25512,50.175763
2024-713172,2024-07-11,Vente,42000,47,RUE DE GENEVE,59122000AZ0161,Maison,52,3.253644,50.179873
2024-713192,2024-06-24,Vente,70000,6,RUE DE MAUBEUGE,59122000AX0125,Maison,93,3.249768,50.1791
2024-713195,2024-07-08,Vente,259000,2,RUE SAINT-JACQUES,59122000AP0446,Appartement,111,3.237322,50.175215
2024-713195,2024-07-08,Vente,259000,2,RUE SAINT-JACQUES,59122000AP0446,Appartement,79,3.237322,50.175215
2024-713208,2024-07-05,Vente,73650,69,RUE DE BELFORT,59122000BW0522,Maison,74,3.230394,50.1678
2024-713223,2024-07-05,Vente,134000,52,RUE DU COMTE D ARTOIS,59122000AH0113,Maison,71,3.22372,50.183061
2024-713226,2024-07-16,Vente,152800,183,RUE DE RUMILLY,59122000CI0278,Maison,80,3.23724,50.164477
2024-713236,2024-07-11,Vente,63000,6,RUE DES RECOLLETS,59122000AS0096,Maison,158,3.226389,50.176339
2024-713239,2024-07-08,Vente,122000,45,AV DE DUNKERQUE,59122000AO0003,Appartement,88,3.236373,50.180897
2024-713246,2024-07-05,Vente,45000,15,RUE DE LA MANUTENTION,59122000AP0818,Maison,73,3.23215,50.17871
2024-713249,2024-07-03,Vente,175000,55,RUE DES CAPUCINS,59122000AR0098,Appartement,33,3.230892,50.179913
2024-713249,2024-07-03,Vente,175000,55,RUE DES CAPUCINS,59122000AR0098,Appartement,40,3.230892,50.179913
2024-713249,2024-07-03,Vente,175000,55,RUE DES CAPUCINS,59122000AR0098,Appartement,47,3.230892,50.179913
2024-713253,2024-07-04,Vente,32000,66,RUE SAINT-GEORGES,59122000AT0393,Appartement,35,3.235457,50.169589
2024-713255,2024-07-08,Vente,180000,13,BD PAUL BEZIN,59122000AV0041,Appartement,19,3.241102,50.172583
2024-713255,2024-07-08,Vente,180000,13,BD PAUL BEZIN,59122000AV0041,Appartement,100,3.241102,50.172583
2024-713256,2024-07-01,Vente,127250,25,RUE DU DOCTEUR PAGNIEZ,59122000BZ0323,Maison,97,3.219796,50.166242
2024-713441,2024-07-22,Vente,62200,4,RUE DES ANGLAISES,59122000AP0067,Appartement,53,3.233706,50.17906
2024-713481,2024-07-22,Vente,263250,21,RUE DU HUIT MAI,59122000AS0171,Appartement,107,3.23045,50.174914
2024-713483,2024-07-23,Vente,68000,15,AV VICTOR HUGO,59122000AX0286,Maison,75,3.250911,50.175638
2024-713550,2024-07-12,Vente,220000,8,RUE DES RECOLLETS,59122000AS0097,Appartement,21,3.226269,50.176368
2024-713550,2024-07-12,Vente,220000,8,RUE DES RECOLLETS,59122000AS0097,Appartement,21,3.226269,50.176368
2024-713550,2024-07-12,Vente,220000,8,RUE DES RECOLLETS,59122000AS0097,Appartement,21,3.226269,50.176368
2024-713550,2024-07-12,Vente,220000,8,RUE DES RECOLLETS,59122000AS0097,Appartement,24,3.226269,50.176368
2024-713550,2024-07-12,Vente,220000,8,RUE DES RECOLLETS,59122000AS0097,Appartement,36,3.226269,50.176368
2024-713550,2024-07-12,Vente,220000,8,RUE DES RECOLLETS,59122000AS0097,Appartement,35,3.226269,50.176368
2024-713613,2024-07-23,Vente,55000,10,RUE PASTEUR,59122000AP0651,Appartement,40,3.233043,50.176511
2024-713650,2024-07-05,Vente,66000,1279,AV DE PARIS,59122000CL0197,Maison,74,3.225216,50.159409
2024-713691,2024-07-22,Vente,227000,2,RUE ABBAYE DE VAUCELLES,59122000BW0638,Maison,104,3.229747,50.166044
2024-713713,2024-07-18,Vente,138500,9,RUE DE L AIGUILLE,59122000AS0311,Appartement,40,3.231111,50.173521
2024-713713,2024-07-18,Vente,138500,9,RUE DE L AIGUILLE,59122000AS0311,Appartement,40,3.231111,50.173521
2024-713713,2024-07-18,Vente,138500,9,RUE DE L AIGUILLE,59122000AS0311,Appartement,25,3.231111,50.173521
2024-713713,2024-07-18,Vente,138500,9,RUE DE L AIGUILLE,59122000AS0311,Appartement,27,3.231111,50.173521
2024-713713,2024-07-18,Vente,138500,9,RUE DE L AIGUILLE,59122000AS0311,Appartement,32,3.231111,50.173521
2024-713713,2024-07-18,Vente,138500,9,RUE DE L AIGUILLE,59122000AS0311,Appartement,40,3.231111,50.173521
2024-713722,2024-07-18,Vente,93950,1,RUE DE BELFORT,59122000BW0665,Appartement,56,3.233846,50.168087
2024-713731,2024-07-25,Vente,100800,7,RUE DU CAMBRESIS,59122000AW0216,Maison,113,3.240696,50.175424
2024-713740,2024-07-25,Vente,172000,63,RUE DE NIERGNIES,59122000BS0068,Maison,132,3.243832,50.159344
2024-713809,2024-07-29,Vente,153500,22,RUE DU BEARN,59122000BP0404,Maison,92,3.257261,50.159144
2024-713812,2024-07-30,Vente,107430,32,RUE DE RIBECOURT,59122000BW0165,Maison,88,3.233258,50.162622
2024-713839,2024-07-29,Vente,75600,23,AV DE VALENCIENNES,59122000AO0104,Maison,79,3.241459,50.179734
2024-713843,2024-07-27,Vente,120000,5,IMP DU CHEMIN DE BOURLON,59122000AD0342,Maison,73,3.209642,50.178133
2024-713860,2024-07-17,Vente,90000,1188,AV DU CATEAU,59122000BI0167,Appartement,61,3.262474,50.168121
2024-713866,2024-07-17,Vente,123000,37,RUE DE CANTAING,59122000CI0032,Maison,100,3.234954,50.163081
2024-713897,2024-07-12,Vente,151500,14,AV SAINT-CLOUD,59122000AY0147,Maison,95,3.250388,50.174509
2024-713909,2024-07-19,Vente,250000,136,RUE DE CAUDRY,59122000BL0301,Maison,105,3.248281,50.170698
2024-713922,2024-07-31,Vente,185000,538,RUE BERTRAND MILCENT,59122000BY0144,Appartement,35,3.223001,50.169347
2024-713922,2024-07-31,Vente,185000,538,RUE BERTRAND MILCENT,59122000BY0144,Appartement,36,3.223001,50.169347
2024-713922,2024-07-31,Vente,185000,538,RUE BERTRAND MILCENT,59122000BY0144,Appartement,41,3.223001,50.169347
2024-713922,2024-07-31,Vente,185000,538,RUE BERTRAND MILCENT,59122000BY0144,Appartement,15,3.223001,50.169347
2024-713977,2024-07-19,Vente,151900,12,RUE AUGUSTE DORCHAIN,59122000BL0527,Maison,96,3.247433,50.168631
2024-713983,2024-07-31,Vente,127000,44,RUE DE MAUBEUGE,59122000AZ0238,Maison,109,3.251549,50.179941
2024-713984,2024-07-31,Vente,115000,11,RUE DES CHANOINES,59122000AS0270,Maison,71,3.229996,50.174426
2024-714059,2024-07-30,Vente,126300,14,RUE DE CANTAING,59122000BW0195,Maison,88,3.234343,50.164297
2024-714066,2024-07-30,Vente,122000,51,RUE DE SOLESMES,59122000AX0771,Appartement,9,3.247206,50.178909
2024-714084,2024-08-07,Vente,765000,48,RUE DE PERONNE,59122000BW0466,Maison,140,3.233434,50.167324
2024-714084,2024-08-07,Vente,765000,48,RUE DE PERONNE,59122000BW0466,Maison,140,3.233434,50.167324
2024-714084,2024-08-07,Vente,765000,21,RUE DE BELFORT,59122000BW0546,Maison,64,3.233207,50.168079
2024-714087,2024-08-08,Vente,88000,37,RUE DE MAUBEUGE,59122000AX0084,Maison,81,3.249938,50.179814
2024-714186,2024-07-18,Vente,168594,538,RUE DE RUMILLY,59122000CI0055,Maison,124,3.235776,50.161452
2024-714236,2024-07-24,Vente,85000,46,RUE DE COLMAR,59122000BK0337,Maison,56,3.25086,50.171471
2024-714240,2024-08-09,Vente,210000,23,RUE DES PROCESSIONS,59122000BW0357,Maison,102,3.231595,50.166323
2024-714247,2024-07-23,Vente,459500,5,RUE SAINT-NICOLAS,59122000AT0507,Maison,200,3.233558,50.172585
2024-714290,2024-08-21,Vente,310000,67,RUE DE NIERGNIES,59122000BS0066,Maison,113,3.244184,50.15896
2024-714290,2024-08-21,Vente,310000,67,RUE DE NIERGNIES,59122000BS0066,Maison,113,3.244184,50.15896
2024-714369,2024-07-30,Vente,91165,51,RUE DES DEPORTES,59122000BE0086,Maison,83,3.261894,50.172742
2024-714400,2024-08-02,Vente,150000,18,RUE GARIN DUCHATEL,59122000BK0801,Maison,106,3.250024,50.173168
2024-714416,2024-08-23,Vente,134000,7,RUE SAINT-NICOLAS,59122000AT0509,Maison,90,3.23332,50.17262
2024-714433,2024-08-22,Vente,143000,714,RUE DE NOYELLES,59122000BZ0218,Maison,76,3.219225,50.165535
2024-714438,2024-08-30,Vente,167000,18,RUE DES CAPUCINS,59122000AP0842,Maison,50,3.230701,50.178278
2024-714438,2024-08-30,Vente,167000,18,RUE DES CAPUCINS,59122000AP0842,Appartement,64,3.230701,50.178278
2024-714438,2024-08-30,Vente,167000,18,RUE DES CAPUCINS,59122000AP0842,Appartement,44,3.230701,50.178278
2024-714438,2024-08-30,Vente,167000,18,RUE DES CAPUCINS,59122000AP0842,Appartement,46,3.230701,50.178278
2024-714464,2024-08-27,Vente,109250,93,BD DE LA LIBERTE,59122000BY0215,Appartement,62,3.222852,50.173638
2024-714467,2024-08-26,Vente,205000,6,RUE DE GENEVE,59122000AZ0343,Maison,121,3.252156,50.181998
2024-714467,2024-08-26,Vente,205000,6,RUE DE GENEVE,59122000AZ0343,Maison,121,3.252156,50.181998
2024-714471,2024-08-07,Vente,232500,454,RUE DE RUMILLY,59122000CI0065,Maison,105,3.235908,50.162198
2024-714471,2024-08-07,Vente,232500,454,RUE DE RUMILLY,59122000CI0065,Maison,105,3.235908,50.162198
2024-714475,2024-08-08,Vente,90000,83,RUE ALEXIS CUVELIER,59122000BL0388,Maison,75,3.251419,50.167241
2024-714475,2024-08-08,Vente,90000,83,RUE ALEXIS CUVELIER,59122000BL0388,Maison,75,3.251419,50.167241
2024-714496,2024-08-26,Vente,105000,13,PL DU DAUPHINE,59122000BP0272,Maison,99,3.259286,50.158666
2024-714536,2024-08-05,Vente,210000,57,RUE DE COLMAR,59122000BK0142,Maison,89,3.252509,50.171938
2024-714536,2024-08-05,Vente,210000,57,RUE DE COLMAR,59122000BK0142,Maison,89,3.252509,50.171938
2024-714556,2024-08-12,Vente,86000,15,RUE DES CHANOINES,59122000AS0272,Appartement,42,3.229458,50.174286
2024-714587,2024-08-29,Vente,71300,18,RUE D ALGER,59122000AP0304,Appartement,38,3.235768,50.176639
2024-714588,2024-08-28,Vente,149500,117,AV DE VALENCIENNES,59122000AM0570,Maison,120,3.24803,50.181649
2024-714588,2024-08-28,Vente,149500,117,AV DE VALENCIENNES,59122000AM0570,Maison,120,3.24803,50.181649
2024-714590,2024-08-28,Vente,210000,9,MAIL SAINT MARTIN,59122000AP0592,Maison,76,3.233232,50.175164
2024-714591,2024-08-09,Vente,273800,9,RUE DE NIERGNIES,59122000BT0071,Maison,173,3.242215,50.162287
2024-714591,2024-08-09,Vente,273800,9,RUE DE NIERGNIES,59122000BT0071,Maison,173,3.242215,50.162287
2024-714594,2024-08-09,Vente,146300,26,RUE DE NORMANDIE,59122000BP0051,Maison,82,3.253806,50.161778
2024-714611,2024-08-07,Vente,30000,13,BD PAUL BEZIN,59122000AV0041,Appartement,19,3.241102,50.172583
2024-714641,2024-08-30,Vente,68800,15,RUE SAINT-FIACRE,59122000AS0512,Maison,49,3.2293,50.172562
2024-714673,2024-08-14,Vente,115400,42,AV DE BOUCHAIN,59122000AM0532,Maison,82,3.248452,50.183527
2024-714673,2024-08-14,Vente,115400,42,AV DE BOUCHAIN,59122000AM0532,Maison,82,3.248452,50.183527
2024-714687,2024-08-09,Vente,56500,182,RUE BERTRAND MILCENT,59122000BX0098,Maison,90,3.227796,50.17028
2024-714720,2024-08-09,Vente,65000,4,PL DE PICARDIE,59122000AX0544,Maison,64,3.244302,50.178533
2024-714750,2024-08-28,Vente,82000,128,RUE DE COLMAR,59122000BK0285,Maison,88,3.25439,50.170492
2024-714772,2024-09-05,Vente,103500,1,RUE DE BELFORT,59122000BW0665,Appartement,46,3.233846,50.168087
2024-714773,2024-08-30,Vente,109530,11,PL MARCELIN BERTHELOT,59122000AE0058,Appartement,62,3.219741,50.17669
2024-714777,2024-08-30,Vente,485000,38,RUE SAINT-GEORGES,59122000AT0475,Appartement,15,3.234987,50.170685
2024-714777,2024-08-30,Vente,485000,38,RUE SAINT-GEORGES,59122000AT0475,Appartement,35,3.234987,50.170685
2024-714777,2024-08-30,Vente,485000,38,RUE SAINT-GEORGES,59122000AT0475,Appartement,39,3.234987,50.170685
2024-714777,2024-08-30,Vente,485000,38,RUE SAINT-GEORGES,59122000AT0475,Appartement,38,3.234987,50.170685
2024-714777,2024-08-30,Vente,485000,38,RUE SAINT-GEORGES,59122000AT0475,Appartement,36,3.234987,50.170685
2024-714777,2024-08-30,Vente,485000,38,RUE SAINT-GEORGES,59122000AT0475,Appartement,35,3.234987,50.170685
2024-714777,2024-08-30,Vente,485000,38,RUE SAINT-GEORGES,59122000AT0475,Appartement,35,3.234987,50.170685
2024-714777,2024-08-30,Vente,485000,38,RUE SAINT-GEORGES,59122000AT0475,Appartement,15,3.234987,50.170685
2024-714777,2024-08-30,Vente,485000,38,RUE SAINT-GEORGES,59122000AT0475,Appartement,22,3.234987,50.170685
2024-714777,2024-08-30,Vente,485000,38,RUE SAINT-GEORGES,59122000AT0475,Appartement,15,3.234987,50.170685
2024-714777,2024-08-30,Vente,485000,38,RUE SAINT-GEORGES,59122000AT0475,Appartement,15,3.234987,50.170685
2024-714804,2024-08-27,Vente,100000,26,BD VAUBAN,59122000BL0027,Maison,95,3.246423,50.171408
2024-714817,2024-09-05,Vente,331000,351,RUE SAINT-LADRE,59122000BP0571,Maison,97,3.257668,50.157031
2024-714817,2024-09-05,Vente,331000,351,RUE SAINT-LADRE,59122000BP0571,Maison,97,3.257668,50.157031
2024-714889,2024-09-09,Vente,210000,20,RUE SAINT-GERY,59122000AP0923,Maison,345,3.234311,50.178638
2024-714897,2024-09-10,Vente,320000,17,AV DU QUESNOY,59122000AM0338,Appartement,62,3.24191,50.180583
2024-714897,2024-09-10,Vente,320000,17,AV DU QUESNOY,59122000AM0338,Appartement,39,3.24191,50.180583
2024-714897,2024-09-10,Vente,320000,17,AV DU QUESNOY,59122000AM0338,Appartement,44,3.24191,50.180583
2024-714897,2024-09-10,Vente,320000,17,AV DU QUESNOY,59122000AM0338,Appartement,35,3.24191,50.180583
2024-714897,2024-09-10,Vente,320000,17,AV DU QUESNOY,59122000AM0338,Appartement,72,3.24191,50.180583
2024-714897,2024-09-10,Vente,320000,17,AV DU QUESNOY,59122000AM0338,Appartement,50,3.24191,50.180583
2024-714926,2024-08-30,Vente,194900,63,BD FAIDHERBE,59122000AP0054,Appartement,72,3.233442,50.180031
2024-714935,2024-09-09,Vente,472500,93,RUE DE MASNIERES,59122000BW0747,Maison,182,3.231696,50.163778
2024-714940,2024-08-29,Vente,80000,1304,AV DU CATEAU,59122000BI0171,Maison,87,3.263776,50.16769
2024-715002,2024-08-19,Vente,96000,41,IMP LOUIS BELMAS,59122000AT0493,Maison,40,3.232971,50.171011
2024-715002,2024-08-19,Vente,96000,41,IMP LOUIS BELMAS,59122000AT0493,Maison,136,3.232971,50.171011
2024-715034,2024-08-28,Vente,150000,23,RUE DE CREVECOEUR,59122000BS0006,Maison,90,3.242374,50.158393
2024-715034,2024-08-28,Vente,150000,23,RUE DE CREVECOEUR,59122000BS0006,Maison,90,3.242374,50.158393
2024-715042,2024-09-11,Vente,100000,111,RUE ALEXIS CUVELIER,59122000BL0415,Maison,74,3.252238,50.166385
2024-715052,2024-09-10,Vente,153850,7,RUE ANDRE MESSAGER,59122000BM0226,Maison,83,3.259941,50.16518
2024-715056,2024-09-05,Vente,82000,9,RUE DE LA PAIX,59122000BC0029,Appartement,44,3.257667,50.182702
2024-715060,2024-09-16,Vente,60000,1,RUE DE SELLES,59122000AR0089,Maison,98,3.230884,50.180386
2024-715069,2024-09-10,Vente,105800,2,RUE DES JUIFS,59122000AT0019,Maison,40,3.234543,50.174157
2024-715073,2024-09-03,Vente,112000,46,AV VICTOR HUGO,59122000AY0019,Appartement,49,3.253741,50.176172
2024-715073,2024-09-03,Vente,112000,46,AV VICTOR HUGO,59122000AY0019,Appartement,16,3.253741,50.176172
2024-715073,2024-09-03,Vente,112000,46,AV VICTOR HUGO,59122000AY0019,Appartement,49,3.253741,50.176172
2024-715073,2024-09-03,Vente,112000,46,AV VICTOR HUGO,59122000AY0019,Appartement,36,3.253741,50.176172
2024-715083,2024-09-13,Vente,93000,59,RUE DE SOLESMES,59122000AX0043,Appartement,42,3.24867,50.179324
2024-715084,2024-09-16,Vente,130600,8,RUE SAINT-FIACRE,59122000AS0372,Maison,110,3.229934,50.172677
2024-715095,2024-09-13,Vente,75000,30,RUE DE PERONNE,59122000BW0458,Maison,86,3.234526,50.167121
2024-715114,2024-09-12,Vente,126000,9,RUE DE LA PAIX,59122000BC0029,Maison,82,3.257667,50.182702
2024-715137,2024-08-30,Vente,145000,8,RUE ACHILLE DOUCEDAME,59122000BV0075,Maison,88,3.243473,50.16609
2024-715177,2024-09-03,Vente,90000,468,RUE DE LANDRECIES,59122000AW0043,Maison,98,3.247943,50.17484
2024-715201,2024-09-12,Vente,60000,8,BD BERLAIMONT,59122000AT0278,Appartement,50,3.237498,50.168807
2024-715218,2024-08-27,Vente,278000,30,RUE DES CHAUDRONNIERS,59122000AP0385,Maison,165,3.237216,50.176085
2024-715220,2024-08-26,Vente,80000,1,RUE LOUIS BLERIOT,59122000AS0093,Appartement,53,3.227027,50.176198
2024-715240,2024-09-09,Vente,110000,95,RUE DE COLMAR,59122000BK0628,Maison,75,3.254455,50.171065
2024-715250,2024-09-18,Vente,252500,155,RUE DE BONAVIS,59122000CL0130,Maison,231,3.227911,50.160509
2024-715260,2024-09-17,Vente,109950,42,RUE D ARRAS,59122000AD0073,Maison,125,3.213463,50.178817
2024-715292,2024-09-19,Vente,88000,402,RUE BERTRAND MILCENT,59122000BY0243,Maison,70,3.22481,50.169771
2024-715297,2024-09-20,Vente,116500,27,RUE SAINT-DRUON,59122000BV0306,Maison,77,3.238982,50.16601
2024-715300,2024-09-06,Vente,265000,20,RUE DES FEUTRIERS,59122000AR0276,Appartement,11,3.226275,50.176905
2024-715300,2024-09-06,Vente,265000,20,RUE DES FEUTRIERS,59122000AR0276,Appartement,83,3.226275,50.176905
2024-715300,2024-09-06,Vente,265000,20,RUE DES FEUTRIERS,59122000AR0276,Appartement,18,3.226275,50.176905
2024-715300,2024-09-06,Vente,265000,20,RUE DES FEUTRIERS,59122000AR0276,Appartement,16,3.226275,50.176905
2024-715300,2024-09-06,Vente,265000,20,RUE DES FEUTRIERS,59122000AR0276,Appartement,28,3.226275,50.176905
2024-715300,2024-09-06,Vente,265000,22,RUE DES FEUTRIERS,59122000AR0277,Maison,64,3.226201,50.176871
2024-715371,2024-09-16,Vente,124150,13,RUE SAINT-GERY,59122000AP0247,Appartement,74,3.233999,50.178036
2024-715379,2024-09-09,Vente,80300,65,RUE DU PREMIER DE LIGNE,59122000AN0059,Maison,86,3.23794,50.184654
2024-715383,2024-09-13,Vente,114000,9,RUE DE MASNIERES,59122000BW0225,Maison,85,3.235098,50.166321
2024-715383,2024-09-13,Vente,114000,9,RUE DE MASNIERES,59122000BW0225,Maison,85,3.235098,50.166321
2024-715398,2024-09-02,Vente,110000,61,RUE SAINT-DRUON,59122000BV0291,Maison,107,3.239624,50.16501
2024-715401,2024-09-03,Vente,70000,62,RUE HENRY DUNANT,59122000AM0686,Maison,91,3.244888,50.183374
2024-715404,2024-09-04,Vente,70000,59,RUE DE SOLESMES,59122000AX0043,Appartement,33,3.24867,50.179324
2024-715407,2024-09-09,Vente,115000,66,RUE SAINT-GEORGES,59122000AT0393,Appartement,84,3.235457,50.169589
2024-715415,2024-09-14,Vente,77500,70,RUE SAINT-DRUON,59122000CI0314,Appartement,45,3.237838,50.163111
2024-715428,2024-09-20,Vente,295000,33,RUE DU PETIT BOIS,59122000CI0509,Maison,86,3.236949,50.165367
2024-715430,2024-09-27,Vente,70400,16,RUE LEO LAGRANGE,59122000BO0146,Maison,64,3.260734,50.155264
2024-715430,2024-09-27,Vente,70400,16,RUE LEO LAGRANGE,59122000BO0146,Maison,64,3.260734,50.155264
2024-715444,2024-09-12,Vente,127500,20,RUE DES POCHONNETS,59122000AT0185,Appartement,80,3.235948,50.171385
2024-715457,2024-09-30,Vente,99000,22,ALL SAINT-ROCH,59122000AO0085,Maison,76,3.240854,50.180534
2024-715476,2024-09-27,Vente,85000,4,RUE DE FRANCHE-COMTE,59122000BP0262,Maison,78,3.259331,50.15918
2024-715493,2024-09-13,Vente,65500,9,RUE AUX NATTES,59122000AS0493,Maison,75,3.229476,50.172171
2024-715525,2024-09-13,Vente,100000,11,RUE ST LAZARE,59122000AR0356,Appartement,74,3.228039,50.179314
2024-715559,2024-09-27,Vente,50000,11,RUE ST LAZARE,59122000AR0356,Appartement,64,3.228039,50.179314
2024-715574,2024-10-01,Vente,192000,4,SQ DE LA CHOQUE,59122000AP0431,Appartement,62,3.236301,50.175125
2024-715574,2024-10-01,Vente,192000,4,SQ DE LA CHOQUE,59122000AP0431,Appartement,62,3.236301,50.175125
2024-715576,2024-09-27,Vente,128500,54,RUE ABBAYE DE VAUCELLES,59122000CH0056,Maison,85,3.22939,50.163055
2024-715576,2024-09-27,Vente,128500,54,RUE ABBAYE DE VAUCELLES,59122000CH0056,Maison,85,3.22939,50.163055
2024-715595,2024-09-24,Vente,75000,60,AV VICTOR HUGO,59122000AY0257,Appartement,51,3.25512,50.175763
2024-715604,2024-09-26,Vente,300000,17,RUE DE PERONNE,59122000BW0779,Maison,60,3.235805,50.166344
2024-715604,2024-09-26,Vente,300000,17,RUE DE PERONNE,59122000BW0781,Maison,60,3.235872,50.166277
2024-715604,2024-09-26,Vente,300000,17,RUE DE PERONNE,59122000BW0783,Maison,60,3.235932,50.166206
2024-715604,2024-09-26,Vente,300000,17,RUE DE PERONNE,59122000BW0785,Maison,60,3.235995,50.166137
2024-715604,2024-09-26,Vente,300000,17,RUE DE PERONNE,59122000BW0787,Maison,60,3.236083,50.166068
2024-715620,2024-09-17,Vente,120300,23,RUE DES ALPES,59122000BO0262,Maison,89,3.265068,50.156762
2024-715621,2024-09-27,Vente,245000,1,RUE D ARRAS,59122000AD0165,Appartement,81,3.215679,50.177583
2024-715621,2024-09-27,Vente,245000,1,RUE D ARRAS,59122000AD0165,Appartement,33,3.215679,50.177583
2024-715621,2024-09-27,Vente,245000,1,RUE D ARRAS,59122000AD0165,Appartement,46,3.215679,50.177583
2024-715672,2024-09-30,Vente,87900,14,RUE DE CARNIERES,59122000AY0183,Maison,76,3.253108,50.173665
2024-715673,2024-09-27,Vente,131200,306,RUE GAUTHIER,59122000BP0203,Maison,78,3.26219,50.159535
2024-715714,2024-10-03,Vente,68500,35,RUE DE BELFORT,59122000BW0539,Maison,75,3.232685,50.1681
2024-715716,2024-10-04,Vente,122000,425,RUE DE LANDRECIES,59122000AX0321,Maison,87,3.247853,50.175409
2024-715721,2024-09-30,Vente,135000,112,RUE ABBAYE DE VAUCELLES,59122000CL0057,Maison,88,3.232348,50.156871
2024-715740,2024-09-23,Vente,99800,9,RUE DE BONN,59122000BN0118,Maison,100,3.265592,50.163789
2024-715750,2024-09-24,Vente,100000,4,RUE DES ANGES,59122000AT0199,Maison,72,3.23504,50.172455
2024-715770,2024-09-28,Vente,170000,36,RUE SAINT-DRUON,59122000CI0113,Maison,96,3.239061,50.164807
2024-715785,2024-10-08,Vente,180000,19,RUE DES PYRENEES,59122000BO0366,Maison,100,3.266781,50.156828
2024-715792,2024-10-07,Vente,109000,510,RUE DE RUMILLY,59122000CI0058,Maison,68,3.235634,50.16173
2024-715792,2024-10-07,Vente,109000,510,RUE DE RUMILLY,59122000CI0058,Maison,68,3.235634,50.16173
2024-715886,2024-10-04,Vente,230000,22,RUE LEON GAMBETTA,59122000AT0570,Appartement,125,3.237625,50.172919
2024-715890,2024-09-26,Vente,80000,45,RUE PAUL BERT,59122000AX0442,Appartement,46,3.248515,50.177693
2024-715906,2024-10-11,Vente,180000,60,RUE DE NAVES,59122000AZ0328,Maison,130,3.253085,50.182422
2024-715912,2024-09-30,Vente,72500,9,RUE DE LA PAIX,59122000BC0029,Appartement,47,3.257667,50.182702
2024-715940,2024-10-16,Vente,72000,1,RUE MONSTRELET,59122000AP0822,Maison,80,3.232216,50.178731
2024-715952,2024-09-24,Vente,60000,20,RUE D HONNECOURT,59122000CK0069,Maison,106,3.236675,50.159141
2024-715952,2024-09-24,Vente,60000,20,RUE D HONNECOURT,59122000CK0069,Maison,106,3.236675,50.159141
2024-715952,2024-09-24,Vente,60000,20,RUE D HONNECOURT,59122000CK0070,Maison,76,3.236822,50.159176
2024-715952,2024-09-24,Vente,60000,20,RUE D HONNECOURT,59122000CK0070,Maison,76,3.236822,50.159176
2024-715957,2024-10-01,Vente,73500,103,RUE D AWOINGT,59122000BK0587,Maison,82,3.253205,50.169906
2024-715958,2024-09-30,Vente,51000,31,BD FAIDHERBE,59122000AP0211,Appartement,29,3.23551,50.178409
2024-715961,2024-09-30,Vente,115000,5,RUE DES BELLOTTES,59122000AP0509,Appartement,63,3.236135,50.174394
2024-715994,2024-10-07,Vente,310000,18,AV DE LA VICTOIRE,59122000AS0217,Appartement,90,3.23363,50.174563
2024-716018,2024-10-14,Vente,170000,237,AV DU CATEAU,59122000AY0174,Maison,172,3.251913,50.173642
2024-716032,2024-10-09,Vente,92500,11,RUE SAINT-JULIEN,59122000AS0580,Appartement,37,3.228335,50.174625
2024-716044,2024-10-08,Vente,263200,50,BD FAIDHERBE,59122000AO0131,Maison,230,3.236724,50.178888
2024-716044,2024-10-08,Vente,263200,50,BD FAIDHERBE,59122000AO0131,Maison,230,3.236724,50.178888
2024-716046,2024-10-03,Vente,248075,23,RUE NEUVE DES CAPUCINS,59122000AR0182,Maison,150,3.229477,50.179192
2024-716092,2024-09-23,Vente,167000,144,RUE DE COLMAR,59122000BK0278,Maison,107,3.255184,50.170057
2024-716092,2024-09-23,Vente,167000,144,RUE DE COLMAR,59122000BK0278,Maison,107,3.255184,50.170057
2024-716115,2024-10-18,Vente,140000,16,RUE DE MASNIERES,59122000BW0323,Maison,128,3.23379,50.166443
2024-716115,2024-10-18,Vente,140000,18,RUE DE MASNIERES,59122000BW0324,Maison,90,3.233767,50.166375
2024-716115,2024-10-18,Vente,140000,29,RUE DE PERONNE,59122000BW0432,Maison,126,3.23444,50.166695
2024-716121,2024-09-25,Vente,125000,1,RUE GEORGES COURTELINE,59122000BM0160,Maison,103,3.253919,50.165152
2024-716159,2024-10-09,Vente,82000,21,RUE ACHILLE DURIEUX,59122000AS0591,Maison,80,3.227676,50.173565
2024-716161,2024-10-09,Vente,180000,17,RUE CHARLES QUINT,59122000BL0167,Maison,85,3.244574,50.168972
2024-716198,2024-10-07,Vente,216230,9001,RES LA MARTINIERE,59122000AT0236,Appartement,116,3.236295,50.170691
2024-716212,2024-10-16,Vente,77500,9,RUE DE LA PAIX,59122000BC0029,Appartement,48,3.257667,50.182702
2024-716214,2024-10-15,Vente,228740,83,RUE DE CREVECOEUR,59122000BS0273,Maison,180,3.242718,50.154964
2024-716214,2024-10-15,Vente,228740,83,RUE DE CREVECOEUR,59122000BS0273,Maison,180,3.242718,50.154964
2024-716219,2024-10-04,Vente,103500,47,RUE DU PREMIER DE LIGNE,59122000AN0049,Maison,80,3.237602,50.184004
2024-716245,2024-10-04,Vente,160000,25,RUE DES CAPUCINS,59122000AR0452,Maison,95,3.230407,50.178826
2024-716248,2024-10-09,Vente,186000,11,RUE DE CHATEAUDUN,59122000BX0058,Maison,102,3.227707,50.17119
2024-716274,2024-10-18,Vente,570000,11,GR GDE RUE VANDERBURCH,59122000AP0757,Appartement,90,3.231714,50.176958
2024-716274,2024-10-18,Vente,570000,11,GR GDE RUE VANDERBURCH,59122000AP0757,Appartement,86,3.231714,50.176958
2024-716274,2024-10-18,Vente,570000,11,GR GDE RUE VANDERBURCH,59122000AP0757,Appartement,58,3.231714,50.176958
2024-716274,2024-10-18,Vente,570000,11,GR GDE RUE VANDERBURCH,59122000AP0757,Appartement,64,3.231714,50.176958
2024-716274,2024-10-18,Vente,570000,11,GR GDE RUE VANDERBURCH,59122000AP0757,Appartement,62,3.231714,50.176958
2024-716274,2024-10-18,Vente,570000,11,GR GDE RUE VANDERBURCH,59122000AP0757,Appartement,21,3.231714,50.176958
2024-716274,2024-10-18,Vente,570000,11,GR GDE RUE VANDERBURCH,59122000AP0757,Appartement,26,3.231714,50.176958
2024-716274,2024-10-18,Vente,570000,11,GR GDE RUE VANDERBURCH,59122000AP0757,Appartement,36,3.231714,50.176958
2024-716281,2024-09-30,Vente,248000,2,RUE DU MARCHE AUX POISSONS,59122000AR0198,Maison,127,3.229712,50.177617
2024-716281,2024-09-30,Vente,248000,2,RUE DU MARCHE AUX POISSONS,59122000AR0198,Maison,19,3.229712,50.177617
2024-716291,2024-10-02,Vente,100000,24,RUE D AWOINGT,59122000BK0468,Maison,75,3.249775,50.171193
2024-716472,2024-10-15,Vente,45000,63,RUE DE GENEVE,59122000AZ0169,Maison,55,3.253766,50.179503
2024-716476,2024-10-17,Vente,347000,25,RUE DES COQUELICOTS,59122000BT0583,Maison,150,3.246395,50.162402
2024-716494,2024-10-17,Vente,280000,8,AV JULES FERRY,59122000AW0232,Maison,145,3.245626,50.172812
2024-716525,2024-10-25,Vente,130200,19,RUE DE VARSOVIE,59122000BN0412,Maison,92,3.260623,50.161865
2024-716534,2024-10-25,Vente,54500,1,ALL SAINT-ROCH,59122000AO0221,Appartement,42,3.239348,50.179476
2024-716577,2024-10-23,Vente,123000,4,RUE ERNEST COUTEAUX,59122000BS0150,Maison,75,3.247141,50.160304
2024-716669,2024-10-31,Vente,96500,1188,AV DU CATEAU,59122000BI0167,Appartement,63,3.262474,50.168121
2024-716681,2024-11-04,Vente,128800,11,RUE ERNEST COUTEAUX,59122000BS0216,Maison,75,3.247906,50.160188
2024-716720,2024-10-14,Vente,70000,19,RUE DE MAUBEUGE,59122000AX0075,Appartement,49,3.248652,50.179806
2024-716721,2024-10-18,Vente,55500,158,BD FAIDHERBE,59122000AI0132,Maison,74,3.231399,50.183212
2024-716742,2024-10-19,Vente,377000,420,GR GDE RUE VERTE,59122000AK0120,Maison,181,3.236706,50.186526
2024-716742,2024-10-19,Vente,377000,420,GR GDE RUE VERTE,59122000AK0120,Maison,181,3.236706,50.186526
2024-716821,2024-11-08,Vente,41000,51,AV VICTOR HUGO,59122000AX0865,Appartement,30,3.253027,50.176527
2024-716845,2024-10-31,Vente,66000,45,AV DE DUNKERQUE,59122000AO0003,Appartement,27,3.236373,50.180897
2024-716866,2024-10-25,Vente,93500,1,RUE JULES VERNE,59122000BE0223,Maison,78,3.262908,50.170873
2024-716871,2024-10-30,Vente,500000,6,RUE DU DOCTEUR LERMOYEZ,59122000AR0230,Appartement,86,3.228486,50.177262
2024-716871,2024-10-30,Vente,500000,6,RUE DU DOCTEUR LERMOYEZ,59122000AR0230,Appartement,40,3.228486,50.177262
2024-716871,2024-10-30,Vente,500000,6,RUE DU DOCTEUR LERMOYEZ,59122000AR0230,Appartement,97,3.228486,50.177262
2024-716871,2024-10-30,Vente,500000,6,RUE DU DOCTEUR LERMOYEZ,59122000AR0230,Appartement,83,3.228486,50.177262
2024-716871,2024-10-30,Vente,500000,6,RUE DU DOCTEUR LERMOYEZ,59122000AR0230,Appartement,37,3.228486,50.177262
2024-716871,2024-10-30,Vente,500000,6,RUE DU DOCTEUR LERMOYEZ,59122000AR0230,Appartement,54,3.228486,50.177262
2024-716871,2024-10-30,Vente,500000,6,RUE DU DOCTEUR LERMOYEZ,59122000AR0230,Appartement,120,3.228486,50.177262
2024-716871,2024-10-30,Vente,500000,6,RUE DU DOCTEUR LERMOYEZ,59122000AR0230,Appartement,141,3.228486,50.177262
2024-716905,2024-11-12,Vente,105000,2,RUE DU MARCHE AUX POISSONS,59122000AR0200,Appartement,70,3.229538,50.177643
2024-716905,2024-11-12,Vente,105000,2,RUE DU MARCHE AUX POISSONS,59122000AR0200,Appartement,52,3.229538,50.177643
2024-716905,2024-11-12,Vente,105000,2,RUE DU MARCHE AUX POISSONS,59122000AR0200,Appartement,52,3.229538,50.177643
2024-716905,2024-11-12,Vente,105000,2,RUE DU MARCHE AUX POISSONS,59122000AR0200,Appartement,20,3.229538,50.177643
2024-716941,2024-11-19,Vente,97700,130,RUE D AWOINGT,59122000BK0420,Maison,66,3.254491,50.168376
2024-716941,2024-11-19,Vente,97700,130,RUE D AWOINGT,59122000BK0420,Maison,66,3.254491,50.168376
2024-716942,2024-11-08,Vente,336900,40,RUE SAINT-DRUON,59122000CI0482,Maison,140,3.238775,50.164257
2024-716942,2024-11-08,Vente,336900,40,RUE SAINT-DRUON,59122000CI0482,Maison,140,3.238775,50.164257
2024-716953,2024-11-07,Vente,255000,13,BD PAUL BEZIN,59122000AV0041,Appartement,121,3.241102,50.172583
2024-716956,2024-11-04,Vente,190000,8,RUE MONSTRELET,59122000AP0138,Appartement,40,3.231879,50.179082
2024-716956,2024-11-04,Vente,190000,8,RUE MONSTRELET,59122000AP0138,Appartement,50,3.231879,50.179082
2024-716956,2024-11-04,Vente,190000,8,RUE MONSTRELET,59122000AP0138,Appartement,50,3.231879,50.179082
2024-716968,2024-10-25,Vente,107000,2,CITE ST ALFRED A DE DUNKE,59122000AN0127,Maison,85,3.237037,50.182084
2024-717013,2024-11-07,Vente,66500,602,AV DU CATEAU,59122000BK0182,Maison,120,3.255721,50.171385
2024-717024,2024-11-14,Vente,162000,278,RUE DE MULHOUSE,59122000BK0251,Maison,84,3.256473,50.1688
2024-717029,2024-10-25,Vente,173200,,RUE DU CDT RENE MOUCHOTTE,59122000AN0425,Appartement,54,3.236674,50.18481
2024-717031,2024-11-05,Vente,195200,,RUE DU CDT RENE MOUCHOTTE,59122000AN0425,Appartement,81,3.236674,50.18481
2024-717039,2024-10-28,Vente,165200,,RUE DU CDT RENE MOUCHOTTE,59122000AN0425,Appartement,55,3.236674,50.18481
2024-717042,2024-10-30,Vente,133500,9,RUE DE LA PAIX,59122000BC0029,Maison,82,3.257667,50.182702
2024-717101,2024-11-04,Vente,70000,1,PL MAURICE SCHUMANN,59122000AW0273,Appartement,60,3.240478,50.176918
2024-717121,2024-11-14,Vente,96900,19,PL DU DAUPHINE,59122000BP0275,Maison,78,3.259519,50.158436
2024-717123,2024-11-06,Vente,90000,118,RUE DE CAUDRY,59122000BL0291,Maison,70,3.247927,50.170168
2024-717155,2024-11-04,Vente,145000,1,RUE LALLIER,59122000AY0028,Maison,133,3.25283,50.175857
2024-717182,2024-10-30,Vente,118650,18,RUE DE GOUZEAUCOURT,59122000CL0147,Maison,93,3.226603,50.159508
2024-717183,2024-10-31,Vente,150800,32,RUE DE PROVENCE,59122000BP0325,Maison,78,3.258548,50.157738
2024-717192,2024-11-18,Vente,400000,23,AV DE LA VICTOIRE,59122000AT0007,Appartement,27,3.233873,50.174042
2024-717192,2024-11-18,Vente,400000,23,AV DE LA VICTOIRE,59122000AT0007,Appartement,96,3.233873,50.174042
2024-717195,2024-11-12,Vente,270000,1,RUE DES FRERES MARSY,59122000AP1060,Appartement,63,3.237001,50.175196
2024-717195,2024-11-12,Vente,270000,1,RUE DES FRERES MARSY,59122000AP1060,Appartement,50,3.237001,50.175196
2024-717230,2024-11-21,Vente,171500,1,BD FAIDHERBE,59122000AP0974,Appartement,30,3.239367,50.175602
2024-717230,2024-11-21,Vente,171500,1,BD FAIDHERBE,59122000AP0974,Appartement,30,3.239367,50.175602
2024-717230,2024-11-21,Vente,171500,1,BD FAIDHERBE,59122000AP0974,Appartement,32,3.239367,50.175602
2024-717239,2024-11-25,Vente,62000,4,RUE VAUCELETTE,59122000AS0781,Appartement,49,3.228667,50.174175
2024-717243,2024-11-20,Vente,138000,2,RUE DE LA MANUTENTION,59122000AP0784,Appartement,61,3.231645,50.1781
2024-717244,2024-11-22,Vente,59500,4,RUE VAUCELETTE,59122000AS0781,Appartement,46,3.228667,50.174175
2024-717275,2024-11-28,Vente,79000,2,AV JULES FERRY,59122000AW0228,Appartement,61,3.245867,50.173187
2024-717276,2024-11-04,Vente,124000,123,RUE SAINT-LADRE,59122000BV0155,Maison,76,3.245979,50.164054
2024-717316,2024-11-07,Vente,60000,81,RUE DE BELFORT,59122000BX0166,Maison,75,3.229196,50.167679
2024-717360,2024-11-04,Vente,70000,1,PL MAURICE SCHUMANN,59122000AW0273,Appartement,66,3.240478,50.176918
2024-717379,2024-11-28,Vente,42000,1,ALL SAINT-ROCH,59122000AO0221,Appartement,23,3.239348,50.179476
2024-717386,2024-11-12,Vente,103000,475,AV DE PARIS,59122000BW0018,Maison,65,3.2294,50.166014
2024-717389,2024-11-04,Vente,70000,1,PL MAURICE SCHUMANN,59122000AW0273,Appartement,60,3.240478,50.176918
2024-717389,2024-11-04,Vente,70000,1,PL MAURICE SCHUMANN,59122000AW0273,Appartement,64,3.240478,50.176918
2024-717472,2024-11-12,Vente,83500,59,RUE DE SOLESMES,59122000AX0043,Appartement,43,3.24867,50.179324
2024-717515,2024-11-14,Vente,122000,35,RUE D ARRAS,59122000AD0084,Maison,76,3.212438,50.178462
2024-717531,2024-11-13,Vente,44000,221,RUE SAINT-LADRE,59122000BP0556,Maison,57,3.250462,50.160843
2024-717549,2024-11-28,Vente,217800,62,RUE DU PETIT BOIS,59122000BW0315,Maison,140,3.233717,50.16547
2024-717550,2024-12-02,Vente,129900,20,PL EUGENE THOMAS,59122000AS0670,Maison,112,3.227844,50.172543
2024-717570,2024-12-04,Vente,109000,22,RUE DE VARSOVIE,59122000BN0197,Maison,85,3.261132,50.161554
2024-717571,2024-12-04,Vente,158280,106,AV DU CATEAU,59122000BK0736,Appartement,78,3.249872,50.174009
2024-717631,2024-11-19,Vente,95000,36,AV DE BOUCHAIN,59122000AM0088,Maison,88,3.247166,50.183091
2024-717644,2024-11-29,Vente,290000,380,AV DE PARIS,59122000BX0302,Maison,189,3.228995,50.167018
2024-717652,2024-12-05,Vente,160000,105,RUE ABBAYE DE VAUCELLES,59122000CH0309,Maison,105,3.230286,50.161231
2024-717652,2024-12-05,Vente,160000,105,RUE ABBAYE DE VAUCELLES,59122000CH0309,Maison,105,3.230286,50.161231
2024-717668,2024-11-29,Vente,148000,124,RUE SAINT-LADRE,59122000BT0119,Maison,83,3.246232,50.163086
2024-717700,2024-11-29,Vente,88750,78,RUE DE SOLESMES,59122000AX0224,Maison,66,3.249416,50.178505
2024-717725,2024-11-23,Vente,140500,16,RUE D OSLO,59122000BN0064,Maison,98,3.264205,50.162558
2024-717732,2024-12-09,Vente,152050,14,RUE DES ALPES,59122000BO0289,Maison,125,3.264785,50.156191
2024-717738,2024-12-03,Vente,118000,31,RUE DE VARSOVIE,59122000BN0305,Maison,109,3.261593,50.162975
2024-717766,2024-11-28,Vente,348700,1,RUE ALEXIS CUVELIER,59122000BL0814,Maison,164,3.248175,50.1691
2024-717766,2024-11-28,Vente,348700,1,RUE ALEXIS CUVELIER,59122000BL0814,Maison,164,3.248175,50.1691
2024-717769,2024-12-03,Vente,177200,,RUE DU CDT RENE MOUCHOTTE,59122000AN0425,Appartement,55,3.236674,50.18481
2024-717775,2024-12-02,Vente,185000,9,RUE DES JARDINS SAINT LADRE,59122000BV0489,Maison,108,3.240009,50.166554
2024-717788,2024-12-03,Vente,170000,4,PL VERTE,59122000AS0122,Appartement,70,3.230506,50.175586
2024-717788,2024-12-03,Vente,170000,4,PL VERTE,59122000AS0122,Appartement,100,3.230506,50.175586
2024-717802,2024-12-11,Vente,265000,3,AV MICHELET,59122000AW0081,Maison,190,3.243956,50.173558
2024-717803,2024-12-06,Vente,137900,124,RUE ALEXIS CUVELIER,59122000BL0455,Maison,74,3.251179,50.166427
2024-717820,2024-12-09,Vente,196000,37,AV VILLARS,59122000BL0157,Maison,92,3.244066,50.16926
2024-717827,2024-12-05,Vente,120000,58,RUE DE SOLESMES,59122000AX0232,Maison,102,3.248606,50.178582
2024-717858,2024-12-13,Vente,95000,6,RUE DES CAPUCINS,59122000AP0847,Appartement,43,3.230513,50.177934
2024-717858,2024-12-13,Vente,95000,45,RUE PAUL BERT,59122000AX0442,Appartement,32,3.248515,50.177693
2024-717865,2024-12-11,Vente,69750,65,RUE D AWOINGT,59122000BK0390,Maison,76,3.25168,50.170763
2024-717900,2024-12-12,Vente,85000,67,RUE DU PREMIER DE LIGNE,59122000AN0060,Maison,76,3.237965,50.18473
2024-717935,2024-12-16,Vente,170500,164,RUE SAINT-LADRE,59122000BT0368,Maison,100,3.249006,50.161329
2024-717952,2024-12-16,Vente,62000,957,AV DE PARIS,59122000CH0007,Maison,87,3.227123,50.162
2024-717961,2024-12-09,Vente,133000,25,RUE DU GRAND SEMINAIRE,59122000AS0334,Maison,149,3.23201,50.172872
2024-717986,2024-12-13,Vente,115000,52,RUE DE PROVENCE,59122000BP0315,Maison,78,3.259853,50.158252
2024-717993,2024-12-09,Vente,173200,,RUE DU CDT RENE MOUCHOTTE,59122000AN0425,Appartement,54,3.236674,50.18481
2024-717995,2024-12-06,Vente,143600,29,AV SAINT-CLOUD,59122000AY0084,Maison,102,3.251488,50.174998
2024-717997,2024-12-13,Vente,94720,37,AV DE LA VICTOIRE,59122000AT0519,Appartement,90,3.233206,50.173007
2024-718000,2024-11-28,Vente,233200,,RUE DU CDT RENE MOUCHOTTE,59122000AN0425,Appartement,78,3.236674,50.18481
2024-718001,2024-11-19,Vente,195200,,RUE DU CDT RENE MOUCHOTTE,59122000AN0425,Appartement,73,3.236674,50.18481
2024-718087,2024-11-28,Vente,85500,131,RUE D AWOINGT,59122000BK0807,Maison,78,3.254775,50.169369
2024-718126,2024-11-27,Vente,47000,8,RUE DES SOEURS DE CHARITE,59122000AS0566,Maison,216,3.228466,50.17307
2024-718137,2024-12-10,Vente,170000,28,RUE D ARRAS,59122000AD0064,Maison,84,3.214052,50.178566
2024-718151,2024-12-02,Vente,100000,14,RUE D ARTOIS,59122000BP0457,Maison,104,3.255258,50.158903
2024-718183,2024-12-20,Vente,144000,13,RUE ALBERT CAMUS,59122000BM0061,Maison,83,3.255186,50.166519
2024-718184,2024-12-20,Vente,87000,264,RUE GAUTHIER,59122000BP0182,Maison,78,3.260126,50.160342
2024-718222,2024-12-18,Vente,66800,25,RUE DES CORDIERS,59122000AP0896,Appartement,58,3.237595,50.177035
2024-718226,2024-12-12,Vente,102000,14,RUE DES SOUFFLETS,59122000BT0225,Maison,89,3.247625,50.163597
2024-718264,2024-12-23,Vente,198200,,RUE DU CDT RENE MOUCHOTTE,59122000AN0425,Appartement,73,3.236674,50.18481
2024-718267,2024-12-17,Vente,216200,,RUE DU CDT RENE MOUCHOTTE,59122000AN0425,Appartement,71,3.236674,50.18481
2024-718272,2024-12-17,Vente,169200,,RUE DU CDT RENE MOUCHOTTE,59122000AN0425,Appartement,54,3.236674,50.18481
2024-718276,2024-12-24,Vente,77000,70,RUE SAINT-DRUON,59122000CI0314,Appartement,37,3.237838,50.163111
2024-718285,2024-12-18,Vente,162000,1299,RUE DE RUMILLY,59122000CK0357,Maison,93,3.23249,50.155014
2024-718314,2024-12-23,Vente,72000,1,RUE DE LA RENAISSANCE,59122000BC0029,Appartement,46,3.257667,50.182702
2024-718357,2024-12-20,Vente,65000,17,RUE DU MARCHE AUX POISSONS,59122000AR0212,Appartement,51,3.22827,50.177481
2024-718372,2024-12-19,Vente,70000,11,RUE SAINT-JULIEN,59122000AS0580,Appartement,50,3.228335,50.174625
2024-718381,2024-12-16,Vente,229500,81,RUE DE MASNIERES,59122000BW0708,Maison,165,3.232106,50.16417
2024-718404,2024-12-12,Vente,97000,2,RUE DE BERNE,59122000BN0239,Maison,95,3.263047,50.161461
2024-718420,2024-12-13,Vente,82900,10,RUE DU TRIANON,59122000BT0029,Maison,104,3.242458,50.159426
2024-718525,2024-12-19,Vente,135000,30,RUE D ARRAS,59122000AD0067,Maison,96,3.214004,50.178794
2024-718525,2024-12-19,Vente,135000,30,RUE D ARRAS,59122000AD0067,Maison,96,3.214004,50.178794
2024-718584,2024-12-23,Vente,110000,43,AV VICTOR HUGO,59122000AX0271,Appartement,15,3.252307,50.176109
2024-718584,2024-12-23,Vente,110000,43,AV VICTOR HUGO,59122000AX0271,Appartement,43,3.252307,50.176109
2024-718593,2024-12-27,Vente,97000,77,AV VILLARS,59122000BV0003,Maison,103,3.242085,50.168174
2024-718641,2024-12-26,Vente,187540,5,RUE DE PREMY,59122000AS0763,Appartement,122,3.227309,50.174642
2024-718667,2024-12-30,Vente,95000,1188,AV DU CATEAU,59122000BI0167,Appartement,61,3.262474,50.168121
2024-718748,2024-12-20,Vente,141900,406,RUE DE NOYELLES,59122000BZ0131,Maison,96,3.222431,50.167534
2024-718748,2024-12-20,Vente,141900,406,RUE DE NOYELLES,59122000BZ0131,Maison,96,3.222431,50.167534
2024-718753,2024-12-20,Vente,199000,9,RUE DU MARCHE AUX POISSONS,59122000AR0218,Appartement,62,3.229284,50.17737
2024-718753,2024-12-20,Vente,199000,9,RUE DU MARCHE AUX POISSONS,59122000AR0218,Appartement,38,3.229284,50.17737
2024-718753,2024-12-20,Vente,199000,9,RUE DU MARCHE AUX POISSONS,59122000AR0218,Appartement,21,3.229284,50.17737
2024-718753,2024-12-20,Vente,199000,9,RUE DU MARCHE AUX POISSONS,59122000AR0218,Appartement,39,3.229284,50.17737
2024-718850,2024-12-27,Vente,114900,14,RUE DE BRUXELLES,59122000BN0050,Maison,82,3.263114,50.163179
2024-718853,2024-12-30,Vente,350000,9,RUE DES ROTISSEURS,59122000AP0585,Appartement,67,3.233636,50.174947
2024-718853,2024-12-30,Vente,350000,9,RUE DES ROTISSEURS,59122000AP0585,Appartement,74,3.233636,50.174947
2024-718870,2024-12-31,Vente,67000,9,RUE DE LA PAIX,59122000BC0029,Appartement,49,3.257667,50.182702
2024-718877,2024-12-31,Vente,210365,71,RUE DE PERONNE,59122000BW0408,Maison,106,3.232395,50.166734
2024-718886,2024-12-26,Vente,126620,25,RUE DE BAVAY,59122000AZ0218,Maison,90,3.252382,50.17988
2024-718910,2024-12-23,Vente,220000,72,RUE GAUTHIER,59122000BV0405,Maison,133,3.247346,50.165067
2024-718910,2024-12-23,Vente,220000,72,RUE GAUTHIER,59122000BV0405,Maison,133,3.247346,50.165067
2024-718910,2024-12-23,Vente,220000,72,RUE GAUTHIER,59122000BV0405,Maison,133,3.247346,50.165067
2024-718933,2024-12-30,Vente,93500,16,RUE PARSY,59122000AY0128,Maison,58,3.251902,50.174343
2024-718947,2024-12-30,Vente,165200,,RUE DU CDT RENE MOUCHOTTE,59122000AN0425,Appartement,55,3.236674,50.18481
2024-718948,2024-12-30,Vente,201200,,RUE DU CDT RENE MOUCHOTTE,59122000AN0425,Appartement,73,3.236674,50.18481
2024-718948,2024-12-30,Vente,201200,,RUE DU CDT RENE MOUCHOTTE,59122000AN0425,Appartement,74,3.236674,50.18481
2024-718949,2024-12-30,Vente,169200,,RUE DU CDT RENE MOUCHOTTE,59122000AN0425,Appartement,55,3.236674,50.18481
2024-718951,2024-12-20,Vente,298000,89,RUE D HONNECOURT,59122000CI0338,Maison,148,3.240595,50.159274
2024-718954,2024-12-31,Vente,60000,28,CHE DES SOURCES,59122000BZ0035,Maison,77,3.219371,50.168685
2024-718961,2024-12-26,Vente,165200,,RUE DU CDT RENE MOUCHOTTE,59122000AN0425,Appartement,52,3.236674,50.18481
2024-718962,2024-12-27,Vente,177200,,RUE DU CDT RENE MOUCHOTTE,59122000AN0425,Appartement,54,3.236674,50.18481
2024-718963,2024-12-26,Vente,155000,32,RUE ERNEST LEPOT,59122000AT0068,Appartement,32,3.234447,50.173601
2024-718963,2024-12-26,Vente,155000,32,RUE ERNEST LEPOT,59122000AT0068,Appartement,34,3.234447,50.173601
2024-718963,2024-12-26,Vente,155000,32,RUE ERNEST LEPOT,59122000AT0068,Appartement,30,3.234447,50.173601
2024-718976,2024-12-27,Vente,183200,11,RUE DU CDT RENE MOUCHOTTE,59122000AN0425,Appartement,61,3.236674,50.18481
2024-718997,2024-06-21,Adjudication,80200,8,AV DE DUNKERQUE,59122000AN0278,Maison,145,3.240229,50.181326
2023-785120,2023-01-09,Vente,51000,48,RUE SAINT-GEORGES,59122000AT0403,Maison,110,3.235251,50.170408
2023-785166,2023-01-12,Vente,189400,31,RUE DE CANTAING,59122000CI0029,Maison,88,3.235025,50.163294
2023-785187,2023-01-04,Vente,695000,23,RUE SAINT-GEORGES,59122000AT0623,Maison,475,3.235217,50.171794
2023-785187,2023-01-04,Vente,695000,23,RUE SAINT-GEORGES,59122000AT0623,Maison,475,3.235217,50.171794
2023-785188,2023-01-09,Vente,69800,59,RUE DE SOLESMES,59122000AX0043,Appartement,33,3.24867,50.179324
2023-785201,2023-01-09,Vente,117000,36,RUE SAINT-GEORGES,59122000AT0686,Appartement,67,3.23479,50.170795
2023-785224,2023-01-10,Vente,100000,98,RUE LEVEQUE,59122000AM0038,Appartement,33,3.247881,50.185554
2023-785224,2023-01-10,Vente,100000,98,RUE LEVEQUE,59122000AM0038,Appartement,40,3.247881,50.185554
2023-785224,2023-01-10,Vente,100000,98,RUE LEVEQUE,59122000AM0038,Appartement,40,3.247881,50.185554
2023-785226,2023-01-03,Vente,228000,5,RUE DU TEMPLE,59122000AS0089,Appartement,18,3.228037,50.175377
2023-785226,2023-01-03,Vente,228000,5,RUE DU TEMPLE,59122000AS0089,Appartement,24,3.228037,50.175377
2023-785226,2023-01-03,Vente,228000,5,RUE DU TEMPLE,59122000AS0089,Appartement,26,3.228037,50.175377
2023-785226,2023-01-03,Vente,228000,5,RUE DU TEMPLE,59122000AS0089,Appartement,18,3.228037,50.175377
2023-785226,2023-01-03,Vente,228000,5,RUE DU TEMPLE,59122000AS0089,Appartement,20,3.228037,50.175377
2023-785226,2023-01-03,Vente,228000,5,RUE DU TEMPLE,59122000AS0089,Appartement,20,3.228037,50.175377
2023-785330,2023-01-06,Vente,109000,13,RUE DE VIENNE,59122000BN0014,Maison,82,3.263289,50.164226
2023-785331,2023-01-06,Vente,115000,26,RUE DE ROME,59122000BN0318,Maison,82,3.261176,50.163147
2023-785345,2023-01-20,Vente,97000,1188,AV DU CATEAU,59122000BI0167,Appartement,61,3.262474,50.168121
2023-785348,2023-01-11,Vente,117000,10,PL DU NEUF OCTOBRE,59122000AP0655,Maison,94,3.232828,50.17664
2023-785359,2023-01-03,Vente,150000,17,RUE ACHILLE DOUCEDAME,59122000BV0039,Maison,90,3.243808,50.166974
2023-785361,2023-01-27,Vente,89000,106,AV DU CATEAU,59122000BK0736,Appartement,75,3.249872,50.174009
2023-785464,2023-01-17,Vente,74000,16,RUE DE GOUZEAUCOURT,59122000CL0148,Maison,73,3.226599,50.159444
2023-785496,2023-01-19,Vente,97000,48,RUE DE DOUAI,59122000AI0020,Maison,89,3.224215,50.184196
2023-785554,2023-01-19,Vente,218500,29,BD FAIDHERBE,59122000AP0211,Appartement,76,3.23551,50.178409
2023-785583,2023-01-18,Vente,136500,254,RUE GAUTHIER,59122000BP0168,Maison,92,3.259495,50.160646
2023-785592,2023-01-04,Vente,123000,109,RUE DES PIERRES JUMELLES,59122000AX0694,Maison,98,3.244513,50.179606
2023-785608,2023-01-19,Vente,50000,15,RUE DES CHANOINES,59122000AS0272,Appartement,31,3.229458,50.174286
2023-785619,2023-01-13,Vente,200000,239,GR GDE RUE VERTE,59122000AK0239,Maison,111,3.234451,50.186266
2023-785736,2023-01-27,Vente,134476,23,RUE HONORE DE BALZAC,59122000BM0141,Maison,83,3.254301,50.166071
2023-785738,2023-01-12,Vente,120000,25,RUE DE MAUBEUGE,59122000AX0078,Maison,73,3.249371,50.180063
2023-785765,2023-01-19,Vente,92000,16,RUE LEVEQUE,59122000AN0074,Maison,65,3.238353,50.185382
2023-785776,2023-01-24,Vente,315000,9,RUE DE NICE,59122000AP0671,Appartement,72,3.234154,50.176383
2023-785802,2023-02-01,Vente,185000,96,RUE DE PERONNE,59122000BW0500,Maison,22,3.230853,50.167433
2023-785802,2023-02-01,Vente,185000,96,RUE DE PERONNE,59122000BW0501,Maison,39,3.230864,50.167354
2023-785802,2023-02-01,Vente,185000,96,RUE DE PERONNE,59122000BW0502,Maison,39,3.230857,50.167288
2023-785802,2023-02-01,Vente,185000,96,RUE DE PERONNE,59122000BW0503,Maison,39,3.230835,50.167196
2023-785837,2023-02-03,Vente,71000,70,RUE SAINT-DRUON,59122000CI0314,Appartement,37,3.237838,50.163111
2023-785878,2023-02-07,Vente,185000,18,RUE DES ANGES,59122000AT0192,Maison,110,3.235596,50.172005
2023-785880,2023-02-06,Vente,172000,26,RUE DE ROUBAIX,59122000AO0019,Maison,150,3.238889,50.180586
2023-785884,2023-01-16,Vente,96000,31,RUE D ABBEVILLE,59122000AH0067,Maison,76,3.221887,50.180784
2023-785898,2023-01-27,Vente,210000,20,RUE DES POCHONNETS,59122000AT0185,Appartement,110,3.235948,50.171385
2023-785903,2023-02-01,Vente,51500,70,RUE SAINT-DRUON,59122000CI0314,Appartement,23,3.237838,50.163111
2023-785904,2023-01-26,Vente,70000,159,RUE D AWOINGT,59122000BI0093,Maison,83,3.257362,50.168277
2023-785921,2023-02-08,Vente,164000,5,AV VICTOR HUGO,59122000AX0307,Maison,51,3.250253,50.175735
2023-785941,2023-02-02,Vente,50000,5,RUE SAINT-FIACRE,59122000AS0487,Maison,80,3.229695,50.172419
2023-785963,2023-02-08,Vente,50000,6,RUE DES CAPUCINS,59122000AP0847,Appartement,27,3.230513,50.177934
2023-785968,2023-01-31,Vente,45000,31,RUE PIERRE D AILLY,59122000AS0473,Maison,148,3.229005,50.17172
2023-786019,2023-01-27,Vente,120000,27,RUE DU HAINAUT,59122000BK0068,Maison,74,3.24917,50.173608
2023-786032,2023-02-08,Vente,238200,9,RUE DES FEUTRIERS,59122000AS0101,Maison,142,3.226494,50.176453
2023-786161,2023-02-21,Vente,87000,12,RUE DES CORBEAUX,59122000AP0180,Maison,28,3.232783,50.178595
2023-786183,2023-01-23,Vente,110000,3,RUE DE PREMY,59122000AS0763,Appartement,98,3.227309,50.174642
2023-786191,2023-02-10,Vente,119050,11,RUE DES CHANOINES,59122000AS0837,Appartement,25,3.229967,50.174475
2023-786191,2023-02-10,Vente,119050,11,RUE DES CHANOINES,59122000AS0837,Appartement,19,3.229967,50.174475
2023-786191,2023-02-10,Vente,119050,11,RUE DES CHANOINES,59122000AS0837,Appartement,21,3.229967,50.174475
2023-786198,2023-01-30,Vente,226500,16,RUE VICTOR RAMETTE,59122000AP0781,Appartement,15,3.230636,50.177083
2023-786198,2023-01-30,Vente,226500,16,RUE VICTOR RAMETTE,59122000AP0781,Appartement,17,3.230636,50.177083
2023-786198,2023-01-30,Vente,226500,16,RUE VICTOR RAMETTE,59122000AP0781,Appartement,41,3.230636,50.177083
2023-786198,2023-01-30,Vente,226500,16,RUE VICTOR RAMETTE,59122000AP0781,Appartement,33,3.230636,50.177083
2023-786198,2023-01-30,Vente,226500,16,RUE VICTOR RAMETTE,59122000AP0781,Appartement,25,3.230636,50.177083
2023-786198,2023-01-30,Vente,226500,16,RUE VICTOR RAMETTE,59122000AP0781,Appartement,24,3.230636,50.177083
2023-786203,2023-02-15,Vente,216000,31,RUE DE PERONNE,59122000BW0431,Maison,68,3.234356,50.166681
2023-786226,2023-02-22,Vente,73000,2,RUE DES RECOLLETS,59122000AS0093,Appartement,65,3.227027,50.176198
2023-786237,2023-02-09,Vente,69000,9,RUE DE LA PAIX,59122000BC0029,Appartement,47,3.257667,50.182702
2023-786241,2023-02-22,Vente,80000,11,RUE DE L ESCAUT,59122000AR0015,Maison,115,3.223711,50.177669
2023-786241,2023-02-22,Vente,80000,11,RUE DE L ESCAUT,59122000AR0015,Maison,115,3.223711,50.177669
2023-786254,2023-01-30,Vente,247500,146,RUE SAINT-LADRE,59122000BT0130,Appartement,50,3.247445,50.162283
2023-786254,2023-01-30,Vente,247500,146,RUE SAINT-LADRE,59122000BT0130,Appartement,70,3.247445,50.162283
2023-786254,2023-01-30,Vente,247500,146,RUE SAINT-LADRE,59122000BT0130,Appartement,70,3.247445,50.162283
2023-786254,2023-01-30,Vente,247500,146,RUE SAINT-LADRE,59122000BT0130,Appartement,70,3.247445,50.162283
2023-786254,2023-01-30,Vente,247500,146,RUE SAINT-LADRE,59122000BT0130,Appartement,50,3.247445,50.162283
2023-786254,2023-01-30,Vente,247500,146,RUE SAINT-LADRE,59122000BT0130,Appartement,70,3.247445,50.162283
2023-786288,2023-02-03,Vente,184000,635,AV DE PARIS,59122000BW0003,Maison,73,3.228929,50.164659
2023-786332,2023-02-06,Vente,150000,65,AV VILLARS,59122000BL0193,Maison,97,3.242961,50.168607
2023-786426,2023-02-16,Vente,109000,2,PL DU COUPE OREILLES,59122000AP1006,Appartement,62,3.235495,50.174863
2023-786427,2023-02-10,Vente,45000,22,QUAI SAINT LAZARE,59122000AR0074,Maison,69,3.230358,50.18083
2023-786455,2023-02-16,Vente,90000,233,RUE DU PONT AUX MOULINS,59122000BH0134,Maison,62,3.264235,50.165596
2023-786459,2023-02-08,Vente,26600,4,SQ DE LA CHOQUE,59122000AP0431,Appartement,10,3.236301,50.175125
2023-786459,2023-02-08,Vente,26600,4,SQ DE LA CHOQUE,59122000AP0431,Appartement,12,3.236301,50.175125
2023-786461,2023-02-17,Vente,225000,60,RUE LEVEQUE,59122000AN0211,Maison,148,3.242763,50.185334
2023-786461,2023-02-17,Vente,225000,62,RUE LEVEQUE,59122000AN0212,Appartement,15,3.243,50.18544
2023-786461,2023-02-17,Vente,225000,62,RUE LEVEQUE,59122000AN0212,Maison,55,3.243,50.18544
2023-786461,2023-02-17,Vente,225000,62,RUE LEVEQUE,59122000AN0212,Appartement,25,3.243,50.18544
2023-786486,2023-02-27,Vente,59000,63,RUE DU TRAIN DE CAR,59122000BM0020,Maison,62,3.256304,50.163829
2023-786501,2023-02-20,Vente,132000,57,RUE ALEXIS CUVELIER,59122000BL0698,Maison,82,3.250326,50.167683
2023-786509,2023-02-28,Vente,500000,6,RUE LOUIS BLERIOT,59122000AR0243,Appartement,45,3.227849,50.176877
2023-786509,2023-02-28,Vente,500000,6,RUE LOUIS BLERIOT,59122000AR0243,Appartement,25,3.227849,50.176877
2023-786509,2023-02-28,Vente,500000,6,RUE LOUIS BLERIOT,59122000AR0243,Appartement,25,3.227849,50.176877
2023-786509,2023-02-28,Vente,500000,6,RUE LOUIS BLERIOT,59122000AR0243,Appartement,25,3.227849,50.176877
2023-786509,2023-02-28,Vente,500000,6,RUE LOUIS BLERIOT,59122000AR0243,Appartement,45,3.227849,50.176877
2023-786509,2023-02-28,Vente,500000,6,RUE LOUIS BLERIOT,59122000AR0243,Appartement,25,3.227849,50.176877
2023-786509,2023-02-28,Vente,500000,12,RUE DE L EPEE,59122000AS0288,Appartement,20,3.229504,50.173675
2023-786509,2023-02-28,Vente,500000,12,RUE DE L EPEE,59122000AS0288,Appartement,20,3.229504,50.173675
2023-786509,2023-02-28,Vente,500000,12,RUE DE L EPEE,59122000AS0288,Appartement,60,3.229504,50.173675
2023-786509,2023-02-28,Vente,500000,12,RUE DE L EPEE,59122000AS0288,Appartement,60,3.229504,50.173675
2023-786509,2023-02-28,Vente,500000,12,RUE DE L EPEE,59122000AS0288,Appartement,20,3.229504,50.173675
2023-786510,2023-02-27,Vente,160000,112,RUE LEVEQUE,59122000AM0128,Maison,130,3.249372,50.185619
2023-786510,2023-02-27,Vente,160000,112,RUE LEVEQUE,59122000AM0128,Maison,130,3.249372,50.185619
2023-786513,2023-02-28,Vente,155000,4,RUE DU ONZE NOVEMBRE,59122000AS0238,Maison,65,3.232361,50.17407
2023-786547,2023-02-22,Vente,65000,129,RUE GAUTHIER,59122000BL0771,Maison,52,3.252056,50.163942
2023-786561,2023-02-13,Vente,70000,52,AV DE BOUCHAIN,59122000AM0104,Maison,133,3.247455,50.183676
2023-786637,2023-02-28,Vente,199500,188,RUE BERTRAND MILCENT,59122000BX0099,Maison,100,3.227718,50.170241
2023-786645,2023-02-15,Vente,87000,41,RUE SADI CARNOT,59122000AP0254,Appartement,95,3.23443,50.177548
2023-786651,2023-02-23,Vente,157000,10,RUE WATTEAU,59122000AT0307,Maison,105,3.23876,50.168832
2023-786686,2023-03-03,Vente,84000,59,RUE DE SOLESMES,59122000AX0043,Appartement,43,3.24867,50.179324
2023-786687,2023-02-27,Vente,74000,1,ALL SAINT-ROCH,59122000AO0221,Appartement,74,3.239348,50.179476
2023-786750,2023-03-06,Vente,130000,67,RUE DE PERONNE,59122000BW0412,Appartement,67,3.232869,50.166735
2023-786752,2023-03-03,Vente,127900,62,BD FAIDHERBE,59122000AO0242,Appartement,60,3.235567,50.179425
2023-786759,2023-02-20,Vente,90000,60,RUE DE MAUBEUGE,59122000AZ0245,Maison,74,3.252281,50.180146
2023-786774,2023-03-09,Vente,74744,2,RUE DES JUIFS,59122000AT0019,Maison,40,3.234543,50.174157
2023-786777,2023-03-03,Vente,165500,3,RUE ALBERT HERLIN,59122000CO0317,Maison,89,3.27121,50.170821
2023-786833,2023-03-07,Vente,80000,604,RUE DE NOYELLES,59122000BZ0233,Maison,111,3.220192,50.166435
2023-786833,2023-03-07,Vente,80000,604,RUE DE NOYELLES,59122000BZ0233,Maison,111,3.220192,50.166435
2023-786838,2023-01-11,Vente,113000,68,RUE DES CAPUCINS,59122000AP0112,Maison,84,3.23134,50.180122
2023-786876,2023-03-01,Vente,91000,52,RUE DE DOUAI,59122000AI0022,Maison,95,3.224349,50.184319
2023-786896,2023-03-07,Vente,111000,50,RUE D ABBEVILLE,59122000AH0090,Maison,106,3.222724,50.180878
2023-786900,2023-02-27,Vente,95000,107,RUE GAUTHIER,59122000BL0653,Maison,84,3.249657,50.16498
2023-786906,2023-02-28,Vente,85000,109,RUE GAUTHIER,59122000BL0654,Maison,60,3.249782,50.164976
2023-786908,2023-03-06,Vente,90000,490,RUE DE RUMILLY,59122000CI0061,Maison,83,3.236152,50.161793
2023-786985,2023-02-27,Vente,135000,29,BD FAIDHERBE,59122000AP0211,Appartement,76,3.23551,50.178409
2023-787017,2023-03-08,Vente,63000,60,AV VICTOR HUGO,59122000AY0257,Appartement,37,3.25512,50.175763
2023-787093,2023-03-16,Vente,79500,2,AV JULES FERRY,59122000AW0228,Appartement,76,3.245867,50.173187
2023-787104,2023-03-09,Vente,60000,1225,AV DE PARIS,59122000CL0257,Maison,99,3.225318,50.159897
2023-787130,2023-03-15,Vente,194500,2,RUE SENT DE L EGLISE ST CLOUD,59122000AX0198,Maison,85,3.25272,50.176945
2023-787134,2023-03-20,Vente,120000,44,RUE D ARRAS,59122000AD0074,Maison,93,3.213403,50.178834
2023-787152,2023-03-02,Vente,15000,1444,AV DU CATEAU,59122000BH0137,Appartement,38,3.265899,50.167346
2023-787152,2023-03-02,Vente,15000,1444,AV DU CATEAU,59122000BH0137,Appartement,25,3.265899,50.167346
2023-787152,2023-03-02,Vente,15000,1444,AV DU CATEAU,59122000BH0137,Appartement,40,3.265899,50.167346
2023-787205,2023-03-27,Vente,83548,462,AV DU CATEAU,59122000BK0120,Maison,61,3.25413,50.17225
2023-787244,2023-03-18,Vente,75000,10,RUE DE LA NEUVE TOUR,59122000AS0479,Maison,84,3.229746,50.172054
2023-787246,2023-03-02,Vente,145900,14,RUE DE BONN,59122000BN0130,Maison,102,3.266626,50.163727
2023-787259,2023-03-24,Vente,78449,1188,AV DU CATEAU,59122000BI0167,Appartement,54,3.262474,50.168121
2023-787294,2023-03-27,Vente,31000,1,RUE DU MARCHE AUX POISSONS,59122000AP0857,Appartement,27,3.2303,50.177271
2023-787296,2023-03-18,Vente,123000,69,RUE DE TOURCOING,59122000AN0104,Maison,78,3.241124,50.184136
2023-787307,2023-03-25,Vente,300000,185,RUE SAINT-LADRE,59122000BT0447,Appartement,35,3.248102,50.162645
2023-787307,2023-03-25,Vente,300000,185,RUE SAINT-LADRE,59122000BT0447,Appartement,40,3.248102,50.162645
2023-787307,2023-03-25,Vente,300000,185,RUE SAINT-LADRE,59122000BT0447,Appartement,35,3.248102,50.162645
2023-787307,2023-03-25,Vente,300000,185,RUE SAINT-LADRE,59122000BT0447,Appartement,50,3.248102,50.162645
2023-787307,2023-03-25,Vente,300000,185,RUE SAINT-LADRE,59122000BT0447,Appartement,40,3.248102,50.162645
2023-787307,2023-03-25,Vente,300000,185,RUE SAINT-LADRE,59122000BT0447,Appartement,50,3.248102,50.162645
2023-787307,2023-03-25,Vente,300000,185,RUE SAINT-LADRE,59122000BT0447,Appartement,40,3.248102,50.162645
2023-787307,2023-03-25,Vente,300000,185,RUE SAINT-LADRE,59122000BT0447,Appartement,35,3.248102,50.162645
2023-787307,2023-03-25,Vente,300000,185,RUE SAINT-LADRE,59122000BT0447,Appartement,35,3.248102,50.162645
2023-787307,2023-03-25,Vente,300000,185,RUE SAINT-LADRE,59122000BT0447,Appartement,40,3.248102,50.162645
2023-787307,2023-03-25,Vente,300000,185,RUE SAINT-LADRE,59122000BT0447,Appartement,50,3.248102,50.162645
2023-787307,2023-03-25,Vente,300000,185,RUE SAINT-LADRE,59122000BT0447,Appartement,50,3.248102,50.162645
2023-787321,2023-03-24,Vente,54000,106,AV DU CATEAU,59122000BK0728,Appartement,44,3.250001,50.174
2023-787325,2023-03-28,Vente,565000,52,BD FAIDHERBE,59122000AO0222,Maison,372,3.23634,50.178806
2023-787332,2023-03-29,Vente,208750,37,RUE D ARRAS,59122000AD0085,Maison,94,3.212266,50.178391
2023-787332,2023-03-29,Vente,208750,37,RUE D ARRAS,59122000AD0085,Maison,94,3.212266,50.178391
2023-787337,2023-03-24,Vente,158000,220,RUE GAUTHIER,59122000BP0161,Maison,92,3.257772,50.16138
2023-787342,2023-03-06,Vente,125200,117,RUE DE BONAVIS,59122000CL0099,Maison,76,3.230868,50.160209
2023-787364,2023-03-30,Vente,60000,25,RUE DE DOUAI,59122000AH0123,Maison,60,3.224409,50.183223
2023-787393,2023-03-06,Vente,288900,34,RUE JEAN JACQUES ROUSSEAU,59122000BX0146,Appartement,45,3.229145,50.16877
2023-787393,2023-03-06,Vente,288900,34,RUE JEAN JACQUES ROUSSEAU,59122000BX0146,Appartement,65,3.229145,50.16877
2023-787393,2023-03-06,Vente,288900,34,RUE JEAN JACQUES ROUSSEAU,59122000BX0146,Appartement,38,3.229145,50.16877
2023-787393,2023-03-06,Vente,288900,34,RUE JEAN JACQUES ROUSSEAU,59122000BX0146,Appartement,50,3.229145,50.16877
2023-787393,2023-03-06,Vente,288900,34,RUE JEAN JACQUES ROUSSEAU,59122000BX0146,Appartement,66,3.229145,50.16877
2023-787393,2023-03-06,Vente,288900,34,RUE JEAN JACQUES ROUSSEAU,59122000BX0146,Appartement,35,3.229145,50.16877
2023-787394,2023-03-15,Vente,155000,4,RUE DES CHAUDRONNIERS,59122000AP0336,Appartement,39,3.235781,50.176262
2023-787394,2023-03-15,Vente,155000,4,RUE DES CHAUDRONNIERS,59122000AP0336,Appartement,45,3.235781,50.176262
2023-787452,2023-03-29,Vente,60500,3,ALL SAINT-ROCH,59122000AO0183,Appartement,48,3.23976,50.179977
2023-787525,2023-03-15,Vente,119700,18,RUE QUATRIEME CUIRASSIER,59122000AN0115,Maison,70,3.240088,50.184037
2023-787527,2023-03-14,Vente,130000,43,RUE DE BAPAUME,59122000AD0262,Maison,50,3.210004,50.177142
2023-787559,2023-03-27,Vente,174900,7,RUE DE L ILE DE FRANCE,59122000BP0156,Maison,88,3.25738,50.161036
2023-787565,2023-03-27,Vente,116000,1180,AV DE PARIS,59122000CE0059,Maison,141,3.224954,50.16044
2023-787565,2023-03-27,Vente,116000,1180,AV DE PARIS,59122000CE0059,Maison,141,3.224954,50.16044
2023-787587,2023-03-16,Vente,175000,1127,RUE DE RUMILLY,59122000CK0295,Maison,151,3.23322,50.156507
2023-787591,2023-04-03,Vente,60000,12,RUE DES CHAUDRONNIERS,59122000AP0329,Appartement,1,3.236092,50.176101
2023-787592,2023-03-30,Vente,145000,6,RUE DE LA CITADELLE,59122000AP0470,Appartement,35,3.237755,50.174645
2023-787592,2023-03-30,Vente,145000,6,RUE DE LA CITADELLE,59122000AP0470,Appartement,42,3.237755,50.174645
2023-787592,2023-03-30,Vente,145000,6,RUE DE LA CITADELLE,59122000AP0470,Appartement,31,3.237755,50.174645
2023-787598,2023-03-23,Vente,90000,35,RUE DE VIENNE,59122000BN0167,Maison,82,3.265782,50.162879
2023-787621,2023-03-31,Vente,210000,15,RUE DE NAVES,59122000AZ0047,Maison,137,3.25034,50.182174
2023-787659,2023-03-30,Vente,191000,9,BD FAIDHERBE,59122000AP0373,Appartement,140,3.238049,50.176342
2023-787672,2023-03-31,Vente,309448,31,RUE JEAN GOUDE,59122000AD0045,Maison,151,3.215893,50.178263
2023-787672,2023-03-31,Vente,309448,31,RUE JEAN GOUDE,59122000AD0045,Maison,151,3.215893,50.178263
2023-787681,2023-03-27,Vente,55000,44,RUE ERNEST LEPOT,59122000AT0075,Appartement,48,3.233981,50.173405
2023-787685,2023-03-31,Vente,45200,122,RUE DE SOLESMES,59122000AX0150,Maison,69,3.252677,50.178166
2023-787686,2023-03-27,Vente,209000,178,AV DE PARIS,59122000BX0305,Appartement,95,3.229919,50.168785
2023-787689,2023-03-22,Vente,118425,15,RUE DU PETIT SEMINAIRE,59122000AT0142,Maison,130,3.236432,50.173133
2023-787696,2023-03-28,Vente,400000,19,RUE ACHILLE DURIEUX,59122000AS0590,Maison,142,3.227821,50.17361
2023-787752,2023-03-29,Vente,300000,5,RUE JEAN JAURES,59122000AP0665,Appartement,144,3.233965,50.176501
2023-787775,2023-03-31,Vente,400000,45,AV DE VALENCIENNES,59122000AM0202,Maison,179,3.243359,50.180569
2023-787775,2023-03-31,Vente,400000,45,AV DE VALENCIENNES,59122000AM0202,Maison,179,3.243359,50.180569
2023-787779,2023-03-24,Vente,215000,113,RUE PDT RENE COTY,59122000CD0026,Maison,110,3.211552,50.167652
2023-787784,2023-04-14,Vente,90000,5,RUE DES TANNERIES,59122000AR0321,Appartement,20,3.225697,50.176987
2023-787784,2023-04-14,Vente,90000,5,RUE DES TANNERIES,59122000AR0321,Appartement,26,3.225697,50.176987
2023-787790,2023-04-14,Vente,221400,411,RUE DE RUMILLY,59122000CI0486,Maison,149,3.236868,50.162447
2023-787790,2023-04-14,Vente,221400,411,RUE DE RUMILLY,59122000CI0486,Maison,149,3.236868,50.162447
2023-787792,2023-04-12,Vente,525000,14,RUE SADI CARNOT,59122000AP0698,Maison,250,3.233914,50.176944
2023-787793,2023-03-31,Vente,51000,60,AV VICTOR HUGO,59122000AY0257,Appartement,36,3.25512,50.175763
2023-787795,2023-04-11,Vente,105040,22,RUE DU CDT RENE MOUCHOTTE,59122000AN0033,Maison,72,3.237475,50.185077
2023-787818,2023-04-14,Vente,138865.12,38,RUE DU CASTOR,59122000AD0489,Maison,133,3.211329,50.176102
2023-787843,2023-03-23,Vente,274000,27,BD VAUBAN,59122000AW0093,Maison,180,3.242883,50.174128
2023-787844,2023-03-25,Vente,100000,42,RUE DU PETIT BOIS,59122000BW0305,Maison,89,3.235365,50.165174
2023-787923,2023-03-27,Vente,157200,41,RUE DE CREVECOEUR,59122000BS0016,Maison,108,3.242288,50.15735
2023-787923,2023-03-27,Vente,157200,41,RUE DE CREVECOEUR,59122000BS0016,Maison,108,3.242288,50.15735
2023-787941,2023-04-22,Vente,128615,28,RUE ERNEST COUTEAUX,59122000BS0164,Maison,81,3.247763,50.159505
2023-787943,2023-04-13,Vente,72500,11,RUE ST LAZARE,59122000AR0356,Appartement,74,3.228039,50.179314
2023-787949,2023-04-13,Vente,60000,78,RUE D AWOINGT,59122000BK0439,Maison,66,3.252283,50.169591
2023-787984,2023-04-03,Vente,171990,23,RUE DU MARAIS CANTIMPRE,59122000AE0011,Maison,102,3.216429,50.173904
2023-787984,2023-04-03,Vente,171990,23,RUE DU MARAIS CANTIMPRE,59122000AE0011,Maison,102,3.216429,50.173904
2023-787995,2023-03-31,Vente,204000,59,RUE DE COLMAR,59122000BK0141,Maison,87,3.252484,50.171781
2023-787995,2023-03-31,Vente,204000,59,RUE DE COLMAR,59122000BK0141,Maison,87,3.252484,50.171781
2023-788035,2023-04-13,Vente,139000,22,AV DU QUESNOY,59122000AO0093,Maison,112,3.241277,50.180211
2023-788043,2023-04-03,Vente,180000,12,RUE DES CHAUDRONNIERS,59122000AP0329,Appartement,34,3.236092,50.176101
2023-788043,2023-04-03,Vente,180000,12,RUE DES CHAUDRONNIERS,59122000AP0329,Appartement,77,3.236092,50.176101
2023-788050,2023-04-03,Vente,172240,6,SQ DE LA CHOQUE,59122000AP0431,Appartement,82,3.236301,50.175125
2023-788050,2023-04-03,Vente,172240,6,SQ DE LA CHOQUE,59122000AP0431,Appartement,82,3.236301,50.175125
2023-788050,2023-04-03,Vente,172240,6,SQ DE LA CHOQUE,59122000AP0431,Appartement,82,3.236301,50.175125
2023-788069,2023-04-28,Vente,130000,10,RUE DE L ILE DE FRANCE,59122000BP0097,Maison,67,3.256595,50.161069
2023-788083,2023-04-20,Vente,32000,45,AV DE DUNKERQUE,59122000AO0003,Appartement,27,3.236373,50.180897
2023-788088,2023-04-21,Vente,328000,24,AV DU QUESNOY,59122000AO0094,Maison,112,3.241308,50.180119
2023-788134,2023-04-17,Vente,134400,67,RUE ABBAYE DE VAUCELLES,59122000BW0568,Maison,100,3.230247,50.16393
2023-788140,2023-04-17,Vente,350000,18,PL ARISTIDE BRIAND,59122000AP0955,Appartement,78,3.233512,50.176435
2023-788145,2023-04-19,Vente,80000,59,AV DE BOUCHAIN,59122000AM0230,Maison,100,3.246258,50.182812
2023-788147,2023-04-07,Vente,155000,141,RUE GAUTHIER,59122000BM0042,Maison,94,3.253754,50.163371
2023-788147,2023-04-07,Vente,155000,141,RUE GAUTHIER,59122000BM0042,Maison,94,3.253754,50.163371
2023-788186,2023-04-24,Vente,204000,27,AV DE VALENCIENNES,59122000AO0102,Appartement,60,3.241614,50.179828
2023-788186,2023-04-24,Vente,204000,27,AV DE VALENCIENNES,59122000AO0102,Appartement,55,3.241614,50.179828
2023-788186,2023-04-24,Vente,204000,27,AV DE VALENCIENNES,59122000AO0102,Appartement,60,3.241614,50.179828
2023-788212,2023-04-27,Vente,52000,16,RUE DES CORBEAUX,59122000AP0178,Maison,62,3.232695,50.178641
2023-788236,2023-04-28,Vente,140524,17,RUE DU GENERAL DE GAULLE,59122000AP0427,Appartement,76,3.237591,50.175486
2023-788256,2023-04-25,Vente,82000,1188,AV DU CATEAU,59122000BI0167,Appartement,45,3.262474,50.168121
2023-788337,2023-05-03,Vente,113000,6,RUE D AVESNES,59122000BK0123,Maison,80,3.253713,50.172026
2023-788340,2023-04-28,Vente,1600000,15,RUE D ALGER,59122000AP0291,Appartement,107,3.235812,50.177661
2023-788340,2023-04-28,Vente,1600000,15,RUE D ALGER,59122000AP0291,Appartement,107,3.235812,50.177661
2023-788340,2023-04-28,Vente,1600000,15,RUE D ALGER,59122000AP0291,Appartement,107,3.235812,50.177661
2023-788341,2023-04-27,Vente,74000,7,RUE DES BOUCHERS,59122000AP0358,Appartement,58,3.236404,50.175862
2023-788342,2023-05-04,Vente,151500,28,RUE DE BOHAIN,59122000BL0262,Maison,75,3.245374,50.167511
2023-788414,2023-04-28,Vente,77900,32,RUE DU LANGUEDOC,59122000BP0395,Maison,78,3.257257,50.158595
2023-788420,2023-04-26,Vente,85000,31,BD FAIDHERBE,59122000AP0211,Appartement,51,3.23551,50.178409
2023-788457,2023-05-02,Vente,240000,2,PAS LELY,59122000AM0475,Maison,101,3.245935,50.183851
2023-788507,2023-04-28,Vente,105000,29,RUE DE NORMANDIE,59122000BP0062,Maison,67,3.253049,50.161443
2023-788549,2023-04-28,Vente,135000,59,BD FAIDHERBE,59122000AP0055,Appartement,108,3.233713,50.17981
2023-788595,2023-05-05,Vente,183900,10,RUE DE WAMBAIX,59122000BS0375,Maison,73,3.243304,50.158267
2023-788597,2023-04-28,Vente,180000,13,BD PAUL BEZIN,59122000AV0041,Appartement,101,3.241102,50.172583
2023-788703,2023-04-27,Vente,250000,12,RUE ALEXIS CUVELIER,59122000BL0519,Maison,196,3.248103,50.168474
2023-788703,2023-04-27,Vente,250000,12,RUE ALEXIS CUVELIER,59122000BL0519,Maison,196,3.248103,50.168474
2023-788712,2023-04-27,Vente,60000,41,AV MICHELET,59122000AW0059,Maison,77,3.247507,50.174408
2023-788728,2023-05-10,Vente,277900,19,RUE DU GRAND SEMINAIRE,59122000AS0692,Maison,80,3.231743,50.172988
2023-788807,2023-05-16,Vente,69500,2,RUE DE LA MANUTENTION,59122000AP0784,Appartement,30,3.231645,50.1781
2023-788817,2023-05-15,Vente,80000,1,RUE DE LA DELIVRANCE,59122000BC0029,Appartement,46,3.257667,50.182702
2023-788839,2023-05-12,Vente,60000,18,RUE D ARTOIS,59122000BP0459,Maison,80,3.255281,50.159062
2023-788844,2023-05-17,Vente,185000,75,RUE DE CAUDRY,59122000BL0113,Maison,89,3.246231,50.169161
2023-788855,2023-05-03,Vente,81580,495,RUE DE NOYELLES,59122000BX0228,Maison,66,3.22179,50.166723
2023-788858,2023-05-05,Vente,105000,56,RUE SAINT-GEORGES,59122000AT0399,Appartement,50,3.235296,50.170196
2023-788858,2023-05-05,Vente,105000,56,RUE SAINT-GEORGES,59122000AT0399,Appartement,69,3.235296,50.170196
2023-788862,2023-05-05,Vente,90000,25,RUE DE PROVENCE,59122000BP0278,Maison,78,3.259967,50.15865
2023-788893,2023-05-22,Vente,230400,4,RUE DE GASCOGNE,59122000BP0606,Maison,103,3.25897,50.156769
2023-788911,2023-05-02,Vente,84000,14,RUE ST LAZARE,59122000AR0118,Maison,88,3.229372,50.179504
2023-788921,2023-05-09,Vente,44000,14,RUE MONSTRELET,59122000AP0135,Maison,33,3.231573,50.179123
2023-788928,2023-05-23,Vente,140000,18,RUE DE COPENHAGUE,59122000BN0030,Maison,69,3.264116,50.163717
2023-788965,2023-05-05,Vente,115000,80,RUE DE SOLESMES,59122000AX0223,Maison,105,3.249557,50.178412
2023-788969,2023-05-05,Vente,121500,41,RUE CANTIMPRE,59122000AS0014,Maison,40,3.222654,50.176431
2023-789007,2023-05-30,Vente,330750,45,RUE DE MASNIERES,59122000BW0210,Maison,225,3.233456,50.165526
2023-789027,2023-05-22,Vente,199900,13,BD PAUL BEZIN,59122000AV0041,Appartement,135,3.241102,50.172583
2023-789097,2023-05-16,Vente,105000,7,RUE NEUVE,59122000AP0539,Appartement,70,3.235211,50.174808
2023-789122,2023-05-17,Vente,60000,3,RUE DE BELFORT,59122000BW0665,Appartement,35,3.233846,50.168087
2023-789128,2023-04-24,Vente,166154,6,RUE DE CAUDRY,59122000BV0455,Appartement,38,3.238716,50.167109
2023-789128,2023-04-24,Vente,166154,6,RUE DE CAUDRY,59122000BV0455,Appartement,54,3.238716,50.167109
2023-789128,2023-04-24,Vente,166154,6,RUE DE CAUDRY,59122000BV0455,Appartement,43,3.238716,50.167109
2023-789160,2023-05-02,Vente,120000,18,RUE DES BOUCHERS,59122000AP1008,Appartement,70,3.237434,50.176511
2023-789171,2023-05-31,Vente,114000,34,RUE DE PROVENCE,59122000BP0324,Maison,78,3.258804,50.157805
2023-789172,2023-05-30,Vente,316000,9,BD FAIDHERBE,59122000AP0373,Appartement,143,3.238049,50.176342
2023-789185,2023-05-22,Vente,92000,37,ALL SAINT-ROCH,59122000AN0283,Maison,116,3.240693,50.18125
2023-789225,2023-05-31,Vente,328350,271,RUE DE RUMILLY,59122000CI0436,Maison,120,3.237331,50.163775
2023-789229,2023-05-31,Vente,190000,50,AV DE VALENCIENNES,59122000AX0902,Maison,125,3.24618,50.180481
2023-789250,2023-05-17,Vente,129000,43,AV DE VALENCIENNES,59122000AM0201,Appartement,73,3.242896,50.180652
2023-789250,2023-05-17,Vente,129000,43,AV DE VALENCIENNES,59122000AM0201,Appartement,63,3.242896,50.180652
2023-789342,2023-05-25,Vente,75000,1,RUE DES JUIFS,59122000AT0047,Appartement,17,3.234649,50.17407
2023-789342,2023-05-25,Vente,75000,1,RUE DES JUIFS,59122000AT0047,Appartement,40,3.234649,50.17407
2023-789360,2023-05-23,Vente,151450,9,RUE DU TRAIN DE CAR,59122000BI0178,Maison,110,3.259027,50.166875
2023-789366,2023-05-31,Vente,190000,71,RUE D ARTOIS,59122000BP0826,Maison,93,3.255747,50.16104
2023-789379,2023-06-07,Vente,325000,27,AV DE LA VICTOIRE,59122000AT0005,Appartement,140,3.233758,50.173802
2023-789384,2023-06-05,Vente,285000,33,RUE PIERRE D AILLY,59122000AS0797,Maison,125,3.228952,50.171778
2023-789419,2023-06-05,Vente,40000,1,RUE DU MARCHE AUX POISSONS,59122000AP0857,Appartement,28,3.2303,50.177271
2023-789437,2023-06-02,Vente,165355,6,PL DE SAVOIE,59122000BP0282,Maison,78,3.261757,50.158941
2023-789476,2023-06-02,Vente,32500,8,RUE DES CLEFS,59122000AP0948,Appartement,16,3.231534,50.176185
2023-789486,2023-06-14,Vente,212000,54,ALL SAINT-ROCH,59122000AM0283,Appartement,137,3.243058,50.182845
2023-789488,2023-05-31,Vente,165000,86,RUE DE MASNIERES,59122000BW0118,Maison,73,3.231089,50.163742
2023-789488,2023-05-31,Vente,165000,86,RUE DE MASNIERES,59122000BW0118,Maison,73,3.231089,50.163742
2023-789491,2023-06-09,Vente,334700,60,RUE LOUIS BELMAS,59122000AT0374,Appartement,138,3.235138,50.169116
2023-789532,2023-06-12,Vente,138000,7,BD DUPLEIX,59122000AI0264,Appartement,65,3.22911,50.183454
2023-789537,2023-06-07,Vente,760650,15,CHE DES BUSES,59122000AB0079,Maison,178,3.212222,50.170391
2023-789537,2023-06-07,Vente,760650,15,CHE DES BUSES,59122000AB0079,Maison,178,3.212222,50.170391
2023-789541,2023-06-06,Vente,64000,60,AV VICTOR HUGO,59122000AY0257,Appartement,37,3.25512,50.175763
2023-789543,2023-05-31,Vente,122500,7,RUE NEUVE DES CAPUCINS,59122000AR0174,Maison,98,3.2301,50.178675
2023-789544,2023-05-31,Vente,115000,55,RUE SAINT GILLES,59122000BX0011,Maison,86,3.224413,50.168049
2023-789555,2023-05-30,Vente,133000,23,RUE DU GRAND SEMINAIRE,59122000AS0335,Maison,122,3.231889,50.172907
2023-789589,2023-06-16,Vente,65800,1,RUE DU MARCHE AUX POISSONS,59122000AP0857,Appartement,37,3.2303,50.177271
2023-789638,2023-06-02,Vente,141000,18,RUE DE TOURCOING,59122000AN0267,Maison,72,3.240545,50.181905
2023-789639,2023-06-02,Vente,105000,102,RUE DE CANTAING,59122000CH0163,Maison,88,3.232015,50.16049
2023-789719,2023-06-12,Vente,98000,1188,AV DU CATEAU,59122000BI0167,Appartement,61,3.262474,50.168121
2023-789754,2023-06-16,Vente,86000,60,AV VICTOR HUGO,59122000AY0257,Appartement,51,3.25512,50.175763
2023-789773,2023-06-05,Vente,142000,337,RUE DE RUMILLY,59122000CI0312,Maison,88,3.237158,50.16299
2023-789773,2023-06-05,Vente,142000,337,RUE DE RUMILLY,59122000CI0312,Maison,88,3.237158,50.16299
2023-789803,2023-06-14,Vente,120000,1,RUE JEAN RACINE,59122000BM0371,Maison,101,3.256796,50.16606
2023-789817,2023-06-06,Vente,265000,42,AV DE BOUCHAIN,59122000AM0091,Maison,184,3.247271,50.183302
2023-789834,2023-06-05,Vente,40000,25,RUE DE PERONNE,59122000BW0436,Maison,48,3.234839,50.16675
2023-789844,2023-06-09,Vente,98925,54,BD FAIDHERBE,59122000AO0133,Appartement,43,3.236355,50.179159
2023-789846,2023-06-16,Vente,75000,12,RUE DE CREVECOEUR,59122000CI0396,Maison,96,3.24103,50.161072
2023-789873,2023-05-30,Vente,117500,8,RUE DES CORDIERS,59122000AP0308,Appartement,12,3.23611,50.176678
2023-789873,2023-05-30,Vente,117500,8,RUE DES CORDIERS,59122000AP0308,Appartement,40,3.23611,50.176678
2023-789873,2023-05-30,Vente,117500,8,RUE DES CORDIERS,59122000AP0308,Appartement,38,3.23611,50.176678
2023-789873,2023-05-30,Vente,117500,8,RUE DES CORDIERS,59122000AP0308,Appartement,38,3.23611,50.176678
2023-789883,2023-06-22,Vente,117000,59,RUE DE SOLESMES,59122000AX0043,Appartement,47,3.24867,50.179324
2023-789885,2023-06-15,Vente,59000,474,RUE DE LANDRECIES,59122000AW0044,Maison,76,3.248085,50.174881
2023-789897,2023-06-21,Vente,55000,1,RUE DE CARNIERES,59122000AY0223,Appartement,57,3.252823,50.174342
2023-789924,2023-06-20,Vente,117000,13,RUE DES VOSGES,59122000BO0274,Maison,89,3.263808,50.157168
2023-790006,2023-06-23,Vente,155000,313,RUE SAINT-LADRE,59122000BP0488,Maison,86,3.254708,50.157766
2023-790023,2023-06-05,Vente,51600,17,RUE EUGENE BOULY,59122000AS0413,Maison,70,3.231513,50.171783
2023-790047,2023-06-23,Vente,185000,19,RUE PIERRE D AILLY,59122000AS0443,Maison,162,3.229983,50.171348
2023-790076,2023-06-23,Vente,95000,29,RUE DE BAPAUME,59122000AD0270,Maison,68,3.210816,50.177248
2023-790091,2023-06-09,Vente,60000,36,RUE LEVEQUE,59122000AN0084,Maison,53,3.240734,50.185368
2023-790134,2023-06-19,Vente,55555,2,RUE JEAN MACE,59122000AX0323,Appartement,56,3.247943,50.175466
2023-790164,2023-06-17,Vente,34900,19,RUE DE L AIGUILLE,59122000AS0307,Maison,65,3.23084,50.1733
2023-790166,2023-06-30,Vente,435130,25,BD VAUBAN,59122000AW0094,Maison,180,3.242789,50.174164
2023-790167,2023-06-26,Vente,75000,5,RUE ACHILLE DOUCEDAME,59122000BV0045,Maison,83,3.243518,50.166698
2023-790177,2023-06-28,Vente,65000,12,VC RAG CRX A POTERIES,59122000AT0162,Appartement,89,3.236905,50.172365
2023-790186,2023-06-28,Vente,59000,33,RUE DE BOHAIN,59122000BL0554,Maison,64,3.245841,50.167358
2023-790194,2023-06-28,Vente,83900,74,RUE SAINT-GEORGES,59122000AT0329,Appartement,42,3.236449,50.168249
2023-790231,2023-06-09,Vente,170000,5,RUE DES CHAUDRONNIERS,59122000AP0325,Appartement,95,3.235955,50.176561
2023-790241,2023-06-28,Vente,67000,1188,AV DU CATEAU,59122000BI0167,Appartement,42,3.262474,50.168121
2023-790252,2023-06-29,Vente,140000,235,RUE DE NOYELLES,59122000BX0199,Maison,94,3.224958,50.167136
2023-790252,2023-06-29,Vente,140000,235,RUE DE NOYELLES,59122000BX0199,Maison,94,3.224958,50.167136
2023-790254,2023-06-30,Vente,65000,14,AV JULES FERRY,59122000AW0235,Maison,94,3.245668,50.172613
2023-790278,2023-06-30,Vente,69500,1,RUE DE LA RENAISSANCE,59122000BC0029,Appartement,54,3.257667,50.182702
2023-790424,2023-07-11,Vente,51000,1396,AV DU CATEAU,59122000BI0046,Maison,72,3.265088,50.167421
2023-790435,2023-06-29,Vente,380000,23,RUE DES ROTISSEURS,59122000AP0560,Appartement,33,3.234584,50.174588
2023-790435,2023-06-29,Vente,380000,23,RUE DES ROTISSEURS,59122000AP0560,Appartement,33,3.234584,50.174588
2023-790435,2023-06-29,Vente,380000,23,RUE DES ROTISSEURS,59122000AP0560,Appartement,31,3.234584,50.174588
2023-790435,2023-06-29,Vente,380000,23,RUE DES ROTISSEURS,59122000AP0560,Appartement,75,3.234584,50.174588
2023-790435,2023-06-29,Vente,380000,23,RUE DES ROTISSEURS,59122000AP0560,Appartement,31,3.234584,50.174588
2023-790435,2023-06-29,Vente,380000,23,RUE DES ROTISSEURS,59122000AP0560,Appartement,75,3.234584,50.174588
2023-790468,2023-07-07,Vente,43000,12,RUE DES CHAUDRONNIERS,59122000AP0329,Appartement,11,3.236092,50.176101
2023-790468,2023-07-07,Vente,43000,12,RUE DES CHAUDRONNIERS,59122000AP0329,Appartement,11,3.236092,50.176101
2023-790468,2023-07-07,Vente,43000,12,RUE DES CHAUDRONNIERS,59122000AP0329,Appartement,78,3.236092,50.176101
2023-790507,2023-07-07,Vente,212000,4,RUE DES ANGLAISES,59122000AP0067,Appartement,150,3.233706,50.17906
2023-790537,2023-07-06,Vente,126000,13,RUE DU LANGUEDOC,59122000BP0375,Maison,78,3.257766,50.158338
2023-790556,2023-07-05,Vente,69000,31,BD FAIDHERBE,59122000AP0211,Appartement,49,3.23551,50.178409
2023-790609,2023-07-10,Vente,200000,32,BD DE LA LIBERTE,59122000AT0350,Maison,102,3.233677,50.169461
2023-790634,2023-07-13,Vente,141340,84,RUE DE CAUDRY,59122000BL0235,Maison,94,3.244845,50.168062
2023-790647,2023-06-20,Vente,145000,41,RUE DU PETIT BOIS,59122000CI0007,Maison,131,3.236608,50.165156
2023-790684,2023-06-21,Vente,184900,25,RUE CHARLES GOUNOD,59122000BM0200,Maison,83,3.260575,50.164224
2023-790685,2023-07-13,Vente,116000,11,RUE CHARLES GOUNOD,59122000BM0193,Maison,83,3.261932,50.164395
2023-790790,2023-06-29,Vente,95000,222,RUE GAUTHIER,59122000BP0162,Maison,92,3.257898,50.161336
2023-790795,2023-06-27,Vente,78000,136,RUE GAUTHIER,59122000BP0843,Maison,80,3.25326,50.162824
2023-790810,2023-07-11,Vente,138200,45,AV DE DUNKERQUE,59122000AO0003,Appartement,96,3.236373,50.180897
2023-790820,2023-07-17,Vente,82900,59,RUE DE SOLESMES,59122000AX0043,Appartement,33,3.24867,50.179324
2023-790930,2023-06-29,Vente,370000,13,RUE VOLTAIRE,59122000AI0098,Maison,129,3.230471,50.184429
2023-790930,2023-06-29,Vente,370000,13,RUE VOLTAIRE,59122000AI0098,Maison,129,3.230471,50.184429
2023-790952,2023-07-13,Vente,570000,3,RUE RAYMOND GERNEZ,59122000BV0417,Appartement,31,3.241381,50.162984
2023-790952,2023-07-13,Vente,570000,3,RUE RAYMOND GERNEZ,59122000BV0417,Appartement,23,3.241381,50.162984
2023-790952,2023-07-13,Vente,570000,3,RUE RAYMOND GERNEZ,59122000BV0417,Appartement,34,3.241381,50.162984
2023-790952,2023-07-13,Vente,570000,3,RUE RAYMOND GERNEZ,59122000BV0417,Appartement,30,3.241381,50.162984
2023-790952,2023-07-13,Vente,570000,3,RUE RAYMOND GERNEZ,59122000BV0417,Appartement,34,3.241381,50.162984
2023-790952,2023-07-13,Vente,570000,3,RUE RAYMOND GERNEZ,59122000BV0417,Appartement,34,3.241381,50.162984
2023-790952,2023-07-13,Vente,570000,3,RUE RAYMOND GERNEZ,59122000BV0417,Appartement,23,3.241381,50.162984
2023-790952,2023-07-13,Vente,570000,3,RUE RAYMOND GERNEZ,59122000BV0417,Appartement,21,3.241381,50.162984
2023-790952,2023-07-13,Vente,570000,3,RUE RAYMOND GERNEZ,59122000BV0417,Appartement,21,3.241381,50.162984
2023-790952,2023-07-13,Vente,570000,3,RUE RAYMOND GERNEZ,59122000BV0417,Appartement,36,3.241381,50.162984
2023-790952,2023-07-13,Vente,570000,3,RUE RAYMOND GERNEZ,59122000BV0417,Appartement,34,3.241381,50.162984
2023-790981,2023-07-03,Vente,124000,20,RUE GEORGES COURTELINE,59122000BM0120,Maison,103,3.254842,50.164782
2023-790985,2023-06-29,Vente,141000,3,RUE DES ECLUSES DE SELLES,59122000AI0085,Maison,124,3.226717,50.183273
2023-790986,2023-07-03,Vente,160000,21,RUE DE PROVENCE,59122000BP0276,Maison,78,3.259679,50.158587
2023-791016,2023-07-21,Vente,33000,119,RUE DE NIERGNIES,59122000BS0252,Maison,50,3.246422,50.156603
2023-791016,2023-07-21,Vente,33000,119,RUE DE NIERGNIES,59122000BS0252,Maison,50,3.246422,50.156603
2023-791099,2023-07-11,Vente,115000,64,RUE DE L ILE DE FRANCE,59122000BP0482,Maison,103,3.255226,50.157957
2023-791100,2023-07-21,Vente,70000,3,RUE DE BELFORT,59122000BW0665,Appartement,32,3.233846,50.168087
2023-791141,2023-07-18,Vente,85000,57,RUE SAINT-DRUON,59122000BV0293,Maison,102,3.239695,50.165154
2023-791143,2023-07-21,Vente,165000,37,AV DE FRANCE,59122000BR0337,Maison,96,3.256962,50.155974
2023-791147,2023-07-26,Vente,148000,1089,AV DU CATEAU,59122000BE0185,Maison,132,3.261862,50.169375
2023-791173,2023-07-19,Vente,350000,41,RUE PAUL BERT,59122000AX0359,Appartement,40,3.249349,50.177326
2023-791173,2023-07-19,Vente,350000,41,RUE PAUL BERT,59122000AX0359,Appartement,56,3.249349,50.177326
2023-791173,2023-07-19,Vente,350000,41,RUE PAUL BERT,59122000AX0359,Appartement,40,3.249349,50.177326
2023-791173,2023-07-19,Vente,350000,41,RUE PAUL BERT,59122000AX0359,Appartement,40,3.249349,50.177326
2023-791173,2023-07-19,Vente,350000,41,RUE PAUL BERT,59122000AX0359,Appartement,40,3.249349,50.177326
2023-791173,2023-07-19,Vente,350000,41,RUE PAUL BERT,59122000AX0359,Appartement,40,3.249349,50.177326
2023-791218,2023-08-01,Vente,156000,13,BD BERLAIMONT,59122000AT0299,Maison,107,3.23842,50.168495
2023-791431,2023-07-20,Vente,135700,34,RUE DE DOUAI,59122000AI0013,Maison,103,3.224077,50.183755
2023-791432,2023-07-25,Vente,120000,8,RUE DU CHATEAU D EAU,59122000BL0078,Maison,98,3.246083,50.169914
2023-791441,2023-07-13,Vente,162000,30,RUE SAINT-FIACRE,59122000AS0562,Maison,78,3.228026,50.173175
2023-791444,2023-07-18,Vente,250000,43,RUE DU GENERAL DE GAULLE,59122000AP0414,Appartement,125,3.23897,50.175379
2023-791444,2023-07-18,Vente,250000,43,RUE DU GENERAL DE GAULLE,59122000AP0414,Appartement,115,3.23897,50.175379
2023-791444,2023-07-18,Vente,250000,43,RUE DU GENERAL DE GAULLE,59122000AP0414,Appartement,55,3.23897,50.175379
2023-791460,2023-07-17,Vente,170000,2,RUE DE LA MANUTENTION,59122000AP0784,Appartement,80,3.231645,50.1781
2023-791511,2023-07-28,Vente,88500,70,RUE SAINT-DRUON,59122000CI0314,Appartement,52,3.237838,50.163111
2023-791580,2023-08-07,Vente,117000,10,RUE DES ANC COMBATTANTS D AFN,59122000AX0702,Maison,72,3.249688,50.17812
2023-791589,2023-08-03,Vente,116000,262,RUE DE MULHOUSE,59122000BK0253,Maison,73,3.256515,50.168979
2023-791615,2023-08-07,Vente,82000,9,RUE DE LA PAIX,59122000BC0029,Appartement,55,3.257667,50.182702
2023-791626,2023-07-24,Vente,220000,25,RUE DE NAVES,59122000AZ0455,Maison,150,3.251171,50.182371
2023-791632,2023-08-07,Vente,87000,18,RUE DE CARNIERES,59122000AY0185,Maison,60,3.253255,50.173733
2023-791637,2023-07-28,Vente,100000,10,RUE DU HAINAUT,59122000BK0020,Maison,107,3.248573,50.174064
2023-791647,2023-08-03,Vente,75000,1,RUE DE RIBECOURT,59122000CH0202,Maison,76,3.235495,50.161239
2023-791781,2023-07-31,Vente,102500,101,RUE DE CAUDRY,59122000BL0065,Maison,41,3.247115,50.170008
2023-791808,2023-07-24,Vente,300000,303,RUE SAINT-LADRE,59122000BP0493,Maison,64,3.253922,50.158212
2023-791810,2023-08-04,Vente,250000,3,RUE DU TEMPLE,59122000AS0088,Appartement,21,3.228141,50.175326
2023-791810,2023-08-04,Vente,250000,3,RUE DU TEMPLE,59122000AS0088,Appartement,36,3.228141,50.175326
2023-791810,2023-08-04,Vente,250000,3,RUE DU TEMPLE,59122000AS0088,Appartement,25,3.228141,50.175326
2023-791810,2023-08-04,Vente,250000,3,RUE DU TEMPLE,59122000AS0088,Appartement,26,3.228141,50.175326
2023-791810,2023-08-04,Vente,250000,3,RUE DU TEMPLE,59122000AS0088,Appartement,48,3.228141,50.175326
2023-791810,2023-08-04,Vente,250000,3,RUE DU TEMPLE,59122000AS0088,Appartement,43,3.228141,50.175326
2023-791810,2023-08-04,Vente,250000,3,RUE DU TEMPLE,59122000AS0088,Appartement,45,3.228141,50.175326
2023-791810,2023-08-04,Vente,250000,3,RUE DU TEMPLE,59122000AS0088,Appartement,23,3.228141,50.175326
2023-791813,2023-08-16,Vente,130200,35,BD DE LA LIBERTE,59122000BX0078,Appartement,94,3.229264,50.170675
2023-791820,2023-08-01,Echange,60000,30,RUE RAYMOND GERNEZ,59122000BT0092,Maison,43,3.242786,50.162975
2023-791854,2023-08-18,Vente,293630,944,RUE DE RUMILLY,59122000CL0482,Maison,83,3.232911,50.158396
2023-791854,2023-08-18,Vente,293630,944,RUE DE RUMILLY,59122000CL0482,Maison,83,3.232911,50.158396
2023-791982,2023-08-24,Vente,650000,38,RUE DU COMTE D ARTOIS,59122000AH0249,Maison,40,3.22337,50.182055
2023-791982,2023-08-24,Vente,650000,38,RUE DU COMTE D ARTOIS,59122000AH0249,Maison,93,3.22337,50.182055
2023-792005,2023-08-11,Vente,60000,2,RUE AUGUSTE DORCHAIN,59122000BL0532,Maison,72,3.247344,50.168174
2023-792005,2023-08-11,Vente,60000,2,RUE AUGUSTE DORCHAIN,59122000BL0532,Maison,72,3.247344,50.168174
2023-792012,2023-08-25,Vente,236000,748,AV DU CATEAU,59122000BK0716,Appartement,90,3.257405,50.170747
2023-792012,2023-08-25,Vente,236000,748,AV DU CATEAU,59122000BK0716,Appartement,35,3.257405,50.170747
2023-792012,2023-08-25,Vente,236000,748,AV DU CATEAU,59122000BK0716,Appartement,21,3.257405,50.170747
2023-792012,2023-08-25,Vente,236000,748,AV DU CATEAU,59122000BK0716,Appartement,19,3.257405,50.170747
2023-792012,2023-08-25,Vente,236000,748,AV DU CATEAU,59122000BK0716,Appartement,35,3.257405,50.170747
2023-792048,2023-08-29,Vente,70000,12,RUE DELPHIN DUTEMPLE,59122000AP0247,Appartement,49,3.233999,50.178036
2023-792135,2023-08-23,Vente,85000,7,RUE VICTOR RAMETTE,59122000AP0859,Maison,90,3.23039,50.177226
2023-792181,2023-08-24,Vente,175000,57,RUE DE COLMAR,59122000BK0142,Maison,89,3.252509,50.171938
2023-792181,2023-08-24,Vente,175000,57,RUE DE COLMAR,59122000BK0142,Maison,89,3.252509,50.171938
2023-792210,2023-08-25,Vente,244900,82,RUE DES PIERRES JUMELLES,59122000AX0559,Maison,146,3.244875,50.179142
2023-792210,2023-08-25,Vente,244900,82,RUE DES PIERRES JUMELLES,59122000AX0559,Maison,146,3.244875,50.179142
2023-792234,2023-08-25,Vente,142900,869,AV DE PARIS,59122000CH0013,Maison,121,3.227531,50.162692
2023-792256,2023-09-01,Vente,166350,38,RUE DE DOUAI,59122000AI0015,Maison,96,3.224383,50.183889
2023-792323,2023-01-20,Adjudication,65000,25,AV VILLARS,59122000BL0151,Maison,89,3.244456,50.169462
2023-792345,2023-08-18,Vente,130000,53,RUE DE MOSCOU,59122000BN0213,Maison,86,3.262555,50.16076
2023-792350,2023-09-06,Vente,178000,220,RUE DE RUMILLY,59122000CI0083,Maison,101,3.236588,50.164236
2023-792352,2023-08-23,Vente,160000,7,BD DUPLEIX,59122000AI0264,Appartement,73,3.22911,50.183454
2023-792362,2023-09-07,Vente,70000,9,RUE QUATRIEME CUIRASSIER,59122000AN0121,Maison,81,3.240041,50.183736
2023-792367,2023-09-01,Vente,57000,1,RUE DE BELFORT,59122000BW0665,Appartement,30,3.233846,50.168087
2023-792367,2023-09-01,Vente,57000,1,RUE DE BELFORT,59122000BW0665,Appartement,56,3.233846,50.168087
2023-792412,2023-08-21,Vente,146150,24,RUE DE CANTAING,59122000BW0187,Maison,88,3.234285,50.16386
2023-792426,2023-09-14,Vente,139500,2,RUE DE MAUBEUGE,59122000AX0128,Maison,81,3.249627,50.178838
2023-792439,2023-09-08,Vente,93000,45,AV DE DUNKERQUE,59122000AO0003,Appartement,57,3.236373,50.180897
2023-792448,2023-08-31,Vente,105400,1188,AV DU CATEAU,59122000BI0167,Appartement,61,3.262474,50.168121
2023-792456,2023-09-04,Vente,110000,3,RUE LOUIS BLERIOT,59122000AS0093,Appartement,75,3.227027,50.176198
2023-792459,2023-09-15,Vente,136300,2,RUE VICTOR RAMETTE,59122000AP0774,Maison,150,3.23057,50.176687
2023-792503,2023-09-15,Vente,115000,9,RUE DE LA PAIX,59122000BC0029,Maison,71,3.257667,50.182702
2023-792507,2023-09-15,Vente,36000,13,BD PAUL BEZIN,59122000AV0041,Appartement,19,3.241102,50.172583
2023-792552,2023-09-13,Vente,149900,32,RUE DU LANGUEDOC,59122000BP0395,Maison,78,3.257257,50.158595
2023-792560,2023-09-18,Vente,50900,4,RUE VAUCELETTE,59122000AS0781,Appartement,34,3.228667,50.174175
2023-792561,2023-09-08,Vente,209800,42,AV DE FRANCE,59122000BR0349,Maison,90,3.257663,50.155964
2023-792578,2023-09-12,Vente,448000,46,RUE LOUIS BELMAS,59122000AT0371,Maison,54,3.234611,50.169336
2023-792578,2023-09-12,Vente,448000,48,RUE LOUIS BELMAS,59122000AT0372,Maison,220,3.234757,50.169243
2023-792579,2023-09-06,Vente,75000,8,RUE DE GOUZEAUCOURT,59122000CL0152,Maison,74,3.226395,50.159149
2023-792618,2023-09-08,Vente,92000,438,AV DE PARIS,59122000BX0269,Maison,118,3.228846,50.166473
2023-792648,2023-09-15,Vente,65000,17,RUE DU MARCHE AUX POISSONS,59122000AR0212,Appartement,53,3.22827,50.177481
2023-792817,2023-09-11,Vente,93000,15,RUE D ABBEVILLE,59122000AH0075,Maison,101,3.221524,50.180293
2023-792821,2023-09-22,Vente,65000,1,ALL SAINT-ROCH,59122000AO0221,Appartement,36,3.239348,50.179476
2023-792947,2023-09-15,Vente,192000,44,PL ARISTIDE BRIAND,59122000AP0572,Appartement,104,3.233609,50.175181
2023-792950,2023-09-22,Vente,65000,11,RUE SAINT-JULIEN,59122000AS0580,Appartement,50,3.228335,50.174625
2023-792971,2023-09-28,Vente,112000,37,RUE DE VERDUN,59122000AX0088,Maison,80,3.250063,50.179995
2023-792974,2023-09-27,Vente,88500,1,RUE DE LA RENAISSANCE,59122000BC0029,Appartement,62,3.257667,50.182702
2023-792986,2023-09-19,Vente,59000,70,RUE SAINT-DRUON,59122000CI0314,Appartement,26,3.237838,50.163111
2023-792989,2023-09-27,Vente,78000,26,RUE JEAN MACE,59122000AX0336,Maison,88,3.249016,50.176049
2023-792999,2023-09-18,Vente,139900,126,RUE ALEXIS CUVELIER,59122000BL0454,Maison,82,3.251065,50.166489
2023-793034,2023-09-30,Vente,150000,4,RUE LOUIS BELMAS,59122000AT0423,Appartement,37,3.232064,50.170707
2023-793034,2023-09-30,Vente,150000,4,RUE LOUIS BELMAS,59122000AT0423,Appartement,49,3.232064,50.170707
2023-793087,2023-09-28,Vente,125000,395,RUE DE NOYELLES,59122000BX0216,Maison,98,3.222848,50.167045
2023-793112,2023-09-29,Vente,120000,42,RUE DE PROVENCE,59122000BP0320,Maison,78,3.259246,50.158
2023-793139,2023-09-21,Vente,68000,29,RUE DE BOHAIN,59122000BL0552,Maison,38,3.245949,50.167489
2023-793169,2023-09-14,Vente,100000,70,AV DE LA VICTOIRE,59122000AS0411,Appartement,66,3.231712,50.171711
2023-793179,2023-09-28,Vente,45000,6,BD BERLAIMONT,59122000AT0278,Appartement,24,3.237498,50.168807
2023-793183,2023-09-28,Vente,43333.33,58,RUE D AWOINGT,59122000BK0449,Maison,92,3.25166,50.170051
2023-793183,2023-09-28,Vente,43333.33,58,RUE D AWOINGT,59122000BK0449,Maison,92,3.25166,50.170051
2023-793245,2023-09-26,Vente,190000,3,RUE DE PREMY,59122000AS0763,Appartement,91,3.227309,50.174642
2023-793252,2023-09-28,Vente,116600,587,GR GDE RUE VERTE,59122000AK0030,Maison,114,3.237604,50.18791
2023-793278,2023-10-05,Vente,79000,9,RUE D HONNECOURT,59122000CI0221,Maison,74,3.235834,50.159925
2023-793296,2023-09-28,Vente,190000,104,RUE DE DOUAI,59122000AI0063,Appartement,55,3.226425,50.185843
2023-793296,2023-09-28,Vente,190000,104,RUE DE DOUAI,59122000AI0063,Appartement,37,3.226425,50.185843
2023-793296,2023-09-28,Vente,190000,104,RUE DE DOUAI,59122000AI0063,Appartement,37,3.226425,50.185843
2023-793296,2023-09-28,Vente,190000,104,RUE DE DOUAI,59122000AI0063,Appartement,37,3.226425,50.185843
2023-793404,2023-09-28,Vente,86000,12,RUE DE RIBECOURT,59122000CI0053,Maison,76,3.235166,50.161652
2023-793454,2023-10-11,Vente,88000,1188,AV DU CATEAU,59122000BI0167,Appartement,54,3.262474,50.168121
2023-793634,2023-10-05,Vente,176160,3,RUE DES ANGLAISES,59122000AP0158,Maison,90,3.233266,50.178812
2023-793641,2023-10-10,Vente,57000,9,RUE DES CANDILLONS,59122000AR0145,Maison,52,3.230582,50.179834
2023-793663,2023-10-17,Vente,76800,25,RUE DE BELFORT,59122000BW0544,Maison,89,3.233007,50.168144
2023-793672,2023-10-23,Vente,135000,10,RUE DE GASCOGNE,59122000BP0603,Maison,83,3.260072,50.157594
2023-793692,2023-10-10,Vente,57000,1,RUE TILVASSON,59122000AP0186,Maison,53,3.233048,50.178508
2023-793734,2023-10-20,Vente,160000,1,RUE DE BAPAUME,59122000AD0174,Maison,133,3.213806,50.177891
2023-793740,2023-10-20,Vente,230100,5,RUE DES POCHONNETS,59122000AT0173,Maison,130,3.23618,50.172034
2023-793763,2023-10-07,Vente,118100,462,AV DE PARIS,59122000BX0265,Maison,77,3.228851,50.166262
2023-793847,2023-10-26,Vente,287000,25,RUE DU CASTOR,59122000AD0428,Maison,151,3.212698,50.176688
2023-793847,2023-10-26,Vente,287000,25,RUE DU CASTOR,59122000AD0428,Maison,151,3.212698,50.176688
2023-793848,2023-10-25,Vente,140000,93,RUE DE COLMAR,59122000BK0210,Maison,120,3.254408,50.171137
2023-793872,2023-10-13,Vente,95000,61,RUE DE PERONNE,59122000BW0415,Maison,85,3.23316,50.166699
2023-793886,2023-10-30,Vente,129800,13,RUE DE FRANCHE-COMTE,59122000BP0249,Maison,78,3.259799,50.15954
2023-793889,2023-09-29,Vente,122000,29,BD FAIDHERBE,59122000AP0211,Appartement,60,3.23551,50.178409
2023-793917,2023-10-12,Vente,84000,20,RUE EUGENE BOULY,59122000AS0433,Maison,93,3.231534,50.171609
2023-793921,2023-10-12,Vente,87500,95,AV DE VALENCIENNES,59122000AM0167,Maison,100,3.247178,50.18134
2023-793930,2023-10-12,Vente,77000,16,RUE DE LA MANUTENTION,59122000AP0806,Maison,71,3.232192,50.178549
2023-794085,2023-10-19,Vente,133000,15,AV DU QUESNOY,59122000AM0339,Appartement,35,3.241808,50.180635
2023-794085,2023-10-19,Vente,133000,15,AV DU QUESNOY,59122000AM0339,Appartement,19,3.241808,50.180635
2023-794085,2023-10-19,Vente,133000,15,AV DU QUESNOY,59122000AM0339,Appartement,35,3.241808,50.180635
2023-794085,2023-10-19,Vente,133000,15,AV DU QUESNOY,59122000AM0339,Appartement,45,3.241808,50.180635
2023-794095,2023-10-30,Vente,285000,82,BD FAIDHERBE,59122000AO0147,Maison,248,3.23471,50.180354
2023-794095,2023-10-30,Vente,285000,82,BD FAIDHERBE,59122000AO0147,Maison,248,3.23471,50.180354
2023-794104,2023-10-12,Vente,165000,53,CITE MICHELET,59122000BK0602,Maison,131,3.246895,50.172763
2023-794107,2023-10-09,Vente,134000,5,RUE DE ROME,59122000BN0375,Maison,83,3.25971,50.162361
2023-794130,2023-10-27,Vente,108000,19,RUE GARIN DUCHATEL,59122000BK0090,Maison,88,3.250624,50.173206
2023-794142,2023-10-27,Vente,88000,3,ALL SAINT-ROCH,59122000AO0184,Appartement,63,3.239562,50.179883
2023-794155,2023-10-30,Vente,95000,54,BD FAIDHERBE,59122000AO0133,Appartement,48,3.236355,50.179159
2023-794171,2023-10-25,Vente,150780,40,RUE ALEXIS CUVELIER,59122000BL0504,Maison,92,3.248962,50.1678
2023-794174,2023-10-31,Vente,225000,54,ALL SAINT-ROCH,59122000AM0283,Appartement,135,3.243058,50.182845
2023-794180,2023-10-30,Vente,68000,1041,AV DE PARIS,59122000CH0002,Maison,95,3.226499,50.16133
2023-794185,2023-10-20,Vente,60000,33,RUE DE NAVES,59122000AZ0059,Maison,68,3.251545,50.182497
2023-794222,2023-10-30,Vente,70000,89,RUE DE MASNIERES,59122000BW0142,Maison,48,3.231819,50.163995
2023-794230,2023-11-06,Vente,128600,1,RUE DE BONN,59122000BN0114,Maison,82,3.265274,50.163564
2023-794232,2023-10-30,Vente,103000,1,RUE LOUIS BLERIOT,59122000AS0093,Appartement,75,3.227027,50.176198
2023-794259,2023-10-27,Vente,88000,59,RUE DE SOLESMES,59122000AX0043,Appartement,43,3.24867,50.179324
2023-794270,2023-11-02,Vente,142000,23,RUE DE BRETAGNE,59122000BP0070,Maison,82,3.254551,50.161543
2023-794325,2023-11-02,Vente,135920,5,RUE DES VOSGES,59122000BO0247,Maison,89,3.264655,50.157006
2023-794366,2023-11-03,Vente,137580,10,RUE DE MAUBEUGE,59122000AX0123,Maison,99,3.249775,50.179214
2023-794411,2023-10-26,Vente,61800,12,RUE DE FRANCHE-COMTE,59122000BP0258,Maison,78,3.259766,50.15897
2023-794504,2023-11-06,Vente,77000,40,RUE DE VIENNE,59122000BN0080,Maison,82,3.264787,50.162549
2023-794569,2023-11-10,Vente,80000,309,AV DU CATEAU,59122000AY0198,Appartement,34,3.252726,50.173375
2023-794594,2023-11-20,Vente,105000,62,BD FAIDHERBE,59122000AO0242,Appartement,64,3.235567,50.179425
2023-794613,2023-11-15,Vente,275500,456,RUE BERTRAND MILCENT,59122000BY0140,Maison,111,3.223957,50.169659
2023-794618,2023-11-17,Vente,72000,22,RUE DU PETIT SEMINAIRE,59122000AT0691,Appartement,42,3.234972,50.172886
2023-794647,2023-11-16,Vente,62500,74,RUE SAINT-GEORGES,59122000AT0329,Appartement,57,3.236449,50.168249
2023-794653,2023-11-22,Vente,35000,32,RUE RAYMOND GERNEZ,59122000BT0091,Maison,39,3.242833,50.162909
2023-794655,2023-11-16,Vente,50000,74,RUE SAINT-GEORGES,59122000AT0329,Appartement,27,3.236449,50.168249
2023-794723,2023-11-28,Vente,93900,25,RUE DE RUMILLY,59122000CI0295,Maison,84,3.238523,50.165374
2023-794749,2023-11-03,Vente,60000,437,RUE DE LANDRECIES,59122000AX0319,Maison,106,3.248029,50.175387
2023-794776,2023-11-20,Vente,125000,69,RUE DU TRAIN DE CAR,59122000BM0410,Maison,82,3.255759,50.163576
2023-794800,2023-11-23,Vente,105000,5,RUE CURIE,59122000BS0126,Maison,79,3.245324,50.159668
2023-794817,2023-11-27,Vente,69000,1188,AV DU CATEAU,59122000BI0167,Appartement,42,3.262474,50.168121
2023-794823,2023-11-24,Vente,139000,1,RUE DE BELFORT,59122000BW0665,Appartement,63,3.233846,50.168087
2023-794945,2023-12-04,Vente,102000,4,RUE DES JUIFS,59122000AT0021,Appartement,46,3.234416,50.174095
2023-794945,2023-12-04,Vente,102000,4,RUE DES JUIFS,59122000AT0021,Appartement,72,3.234416,50.174095
2023-794946,2023-11-29,Vente,110000,6,RUE LOUIS WATELLE,59122000CO0044,Maison,89,3.269874,50.168841
2023-795012,2023-11-30,Vente,120000,198,RUE BERTRAND MILCENT,59122000BX0100,Maison,68,3.227642,50.17023
2023-795055,2023-11-10,Vente,85000,635,RUE BERTRAND MILCENT,59122000BZ0373,Appartement,67,3.221947,50.168705
2023-795055,2023-11-10,Vente,85000,635,RUE BERTRAND MILCENT,59122000BZ0373,Appartement,67,3.221947,50.168705
2023-795063,2023-12-01,Vente,280000,5,RUE DELPHIN DUTEMPLE,59122000AP0723,Appartement,94,3.233375,50.177803
2023-795063,2023-12-01,Vente,280000,5,RUE DELPHIN DUTEMPLE,59122000AP0723,Appartement,35,3.233375,50.177803
2023-795063,2023-12-01,Vente,280000,5,RUE DELPHIN DUTEMPLE,59122000AP0723,Appartement,86,3.233375,50.177803
2023-795091,2023-11-10,Vente,580000,9,AV DE VALENCIENNES,59122000AO0111,Maison,193,3.240453,50.179452
2023-795108,2023-11-13,Vente,136900,24,RUE GEORGES COURTELINE,59122000BM0118,Maison,83,3.255195,50.164709
2023-795133,2023-11-24,Vente,93000,70,RUE DE COLMAR,59122000BK0324,Maison,78,3.251644,50.171215
2023-795133,2023-11-24,Vente,93000,70,RUE DE COLMAR,59122000BK0324,Maison,78,3.251644,50.171215
2023-795140,2023-11-28,Vente,87234,17,RUE DE LILLE,59122000AW0126,Maison,130,3.238912,50.177871
2023-795184,2023-12-07,Vente,174600,370,RUE BERTRAND MILCENT,59122000BY0126,Maison,68,3.225199,50.169894
2023-795211,2023-11-23,Vente,105000,20,RUE DU LANGUEDOC,59122000BP0126,Maison,78,3.258261,50.159413
2023-795225,2023-11-27,Vente,160000,17,RUE DE NAVES,59122000AZ0049,Maison,135,3.250606,50.182221
2023-795261,2023-12-07,Vente,64000,117,RUE DE BONAVIS,59122000CL0099,Maison,76,3.230868,50.160209
2023-795312,2023-11-29,Vente,91400,11,RUE DES SOEURS DE CHARITE,59122000AS0862,Maison,127,3.228978,50.173275
2023-795330,2023-12-13,Vente,119000,52,RUE DE MAUBEUGE,59122000AZ0242,Maison,77,3.251914,50.18002
2023-795355,2023-12-13,Vente,89200,22,RUE D HONNECOURT,59122000CK0204,Maison,95,3.236214,50.159399
2023-795363,2023-12-08,Vente,128000,53,RUE DU PREMIER DE LIGNE,59122000AN0053,Maison,76,3.237809,50.184172
2023-795369,2023-11-23,Vente,156900,36,RUE D AWOINGT,59122000BK0463,Maison,102,3.250132,50.17091
2023-795384,2023-12-07,Vente,73000,60,AV VICTOR HUGO,59122000AY0257,Appartement,51,3.25512,50.175763
2023-795389,2023-12-11,Vente,17000,6,SQ DE LA CHOQUE,59122000AP0431,Appartement,12,3.236301,50.175125
2023-795395,2023-11-24,Vente,142000,80,RUE DE CANTAING,59122000CH0152,Maison,101,3.232654,50.161221
2023-795554,2023-12-14,Vente,80000,5,RUE DES JUIFS,59122000AT0044,Appartement,37,3.23459,50.173839
2023-795554,2023-12-14,Vente,80000,5,RUE DES JUIFS,59122000AT0044,Appartement,50,3.23459,50.173839
2023-795554,2023-12-14,Vente,80000,5,RUE DES JUIFS,59122000AT0044,Appartement,43,3.23459,50.173839
2023-795554,2023-12-14,Vente,80000,5,RUE DES JUIFS,59122000AT0044,Appartement,12,3.23459,50.173839
2023-795555,2023-12-06,Vente,100000,72,RUE DE SOLESMES,59122000AX1015,Appartement,24,3.249172,50.178555
2023-795555,2023-12-06,Vente,100000,72,RUE DE SOLESMES,59122000AX1015,Appartement,26,3.249172,50.178555
2023-795555,2023-12-06,Vente,100000,72,RUE DE SOLESMES,59122000AX1015,Appartement,26,3.249172,50.178555
2023-795591,2023-12-06,Vente,70000,21,RUE DU PONT DE PIERRES,59122000AK0100,Maison,89,3.237692,50.186531
2023-795643,2023-12-15,Vente,161500,13,BD PAUL BEZIN,59122000AV0041,Appartement,87,3.241102,50.172583
2023-795663,2023-12-06,Vente,193400,15,RUE DES SOUFFLETS,59122000BV0133,Maison,101,3.247445,50.163947
2023-795717,2023-12-27,Vente,70351,1,RUE DE LA RENAISSANCE,59122000BC0029,Appartement,49,3.257667,50.182702
2023-795749,2023-12-21,Vente,67000,60,AV VICTOR HUGO,59122000AY0257,Appartement,36,3.25512,50.175763
2023-795783,2023-12-18,Vente,8000,6,RUE DES CANDILLONS,59122000AR0101,Maison,60,3.23063,50.180017
2023-795806,2023-12-21,Vente,96900,29,BD FAIDHERBE,59122000AP0211,Appartement,43,3.23551,50.178409
2023-795910,2023-12-14,Vente,96000,21,RUE JULES VERNE,59122000BE0213,Maison,78,3.263759,50.171584
2023-796036,2023-12-20,Vente,69000,9,RUE DE LA PAIX,59122000BC0029,Appartement,48,3.257667,50.182702
2023-796118,2023-12-18,Vente,169000,7,PL DU CARRE DE PAILLE,59122000AP1041,Appartement,41,3.232266,50.180863
2023-796118,2023-12-18,Vente,169000,7,PL DU CARRE DE PAILLE,59122000AP1041,Appartement,55,3.232266,50.180863
2023-796135,2023-12-28,Vente,100000,11,RUE DES CHANOINES,59122000AS0270,Maison,71,3.229996,50.174426
2023-796140,2023-12-21,Vente,172000,59,RUE DE SOLESMES,59122000AX0043,Appartement,65,3.24867,50.179324
2023-796152,2023-12-22,Vente,115000,23,RUE SAINT-DRUON,59122000BV0308,Maison,108,3.23896,50.16619
2023-796161,2023-12-22,Vente,87000,32,RUE DU COMTE D ARTOIS,59122000AH0057,Maison,76,3.221623,50.180949
2023-796162,2023-12-22,Vente,142900,2,RUE LALLIER,59122000AY0045,Maison,131,3.252594,50.175561
2023-796196,2023-12-20,Vente,137800,50,RUE RAYMOND GERNEZ,59122000BT0099,Maison,73,3.24375,50.163277
2023-796197,2023-12-20,Vente,155500,14,RUE CHARLES QUINT,59122000BL0178,Maison,76,3.244104,50.168746
2023-796230,2023-12-28,Vente,175000,95,GR GDE RUE VERTE,59122000AK0006,Maison,77,3.232532,50.185745
2023-796230,2023-12-28,Vente,175000,95,GR GDE RUE VERTE,59122000AK0006,Maison,77,3.232532,50.185745
2023-796231,2023-12-28,Vente,63000,1,ALL SAINT-ROCH,59122000AO0221,Appartement,42,3.239348,50.179476
2023-796328,2023-12-26,Vente,110000,20,RUE DE PROVENCE,59122000BP0331,Maison,78,3.257764,50.157444
2023-796349,2023-12-29,Vente,250000,95,BD DE LA LIBERTE,59122000BY0215,Appartement,97,3.222852,50.173638
2023-796351,2023-12-28,Vente,82000,18,RUE D ALGER,59122000AP0304,Appartement,46,3.235768,50.176639
2022-969208,2022-01-05,Vente,111400,31,RUE DU PONT DE SOLESMES,59122000AX0176,Maison,80,3.253578,50.178058
2022-969214,2022-01-11,Vente,171000,608,AV DU CATEAU,59122000BK0612,Appartement,40,3.255935,50.171427
2022-969214,2022-01-11,Vente,171000,608,AV DU CATEAU,59122000BK0612,Appartement,45,3.255935,50.171427
2022-969214,2022-01-11,Vente,171000,608,AV DU CATEAU,59122000BK0612,Appartement,75,3.255935,50.171427
2022-969215,2022-01-11,Vente,50000,22,RUE MONSTRELET,59122000AP0131,Appartement,60,3.231338,50.179263
2022-969216,2022-01-10,Vente,150000,17,RUE PAUL BERT,59122000AX0256,Maison,45,3.250751,50.176548
2022-969216,2022-01-10,Vente,150000,17,RUE PAUL BERT,59122000AX0257,Maison,37,3.250827,50.176535
2022-969216,2022-01-10,Vente,150000,17,RUE PAUL BERT,59122000AX0258,Maison,29,3.250867,50.176511
2022-969216,2022-01-10,Vente,150000,17,RUE PAUL BERT,59122000AX0258,Maison,28,3.250867,50.176511
2022-969218,2022-01-05,Vente,103500,115,RUE DE CAUDRY,59122000BL0058,Maison,84,3.247347,50.170343
2022-969230,2022-01-12,Vente,132000,3,RUE PAUL BERT,59122000AX0269,Maison,224,3.251913,50.176176
2022-969231,2022-01-03,Vente,224584,37,RUE SAINT-FIACRE,59122000AS0553,Maison,95,3.227901,50.172936
2022-969232,2022-01-07,Vente,48000,13,RUE SAINT-GERY,59122000AP0247,Appartement,31,3.233999,50.178036
2022-969242,2022-01-18,Vente,123900,24,RUE LA FAYETTE,59122000BE0199,Maison,78,3.262573,50.171139
2022-969247,2022-01-04,Vente,96700,9,RUE DE LA PAIX,59122000BC0029,Maison,71,3.257667,50.182702
2022-969251,2022-01-06,Vente,144000,2,PL DE SAVOIE,59122000BP0284,Maison,78,3.261529,50.158858
2022-969254,2022-01-13,Vente,202000,5014,RUE DES MARAICHERS,59122000AK0452,Maison,80,3.239405,50.18888
2022-969257,2022-01-12,Vente,356950,1,RUE D ESWARS,59122000ZB0114,Appartement,112,3.238968,50.192286
2022-969257,2022-01-12,Vente,356950,1,RUE D ESWARS,59122000ZB0114,Appartement,68,3.238968,50.192286
2022-969257,2022-01-12,Vente,356950,1,RUE D ESWARS,59122000ZB0114,Appartement,68,3.238968,50.192286
2022-969257,2022-01-12,Vente,356950,1,RUE D ESWARS,59122000ZB0114,Appartement,68,3.238968,50.192286
2022-969257,2022-01-12,Vente,356950,1,RUE D ESWARS,59122000ZB0114,Appartement,112,3.238968,50.192286
2022-969257,2022-01-12,Vente,356950,1,RUE D ESWARS,59122000ZB0114,Appartement,112,3.238968,50.192286
2022-969257,2022-01-12,Vente,356950,1,RUE D ESWARS,59122000ZB0114,Appartement,68,3.238968,50.192286
2022-969257,2022-01-12,Vente,356950,1,RUE D ESWARS,59122000ZB0114,Appartement,112,3.238968,50.192286
2022-969258,2022-01-10,Vente,110500,12,RUE DELPHIN DUTEMPLE,59122000AP0247,Appartement,52,3.233999,50.178036
2022-969260,2022-01-20,Vente,45000,1,RUE DE CARNIERES,59122000AY0223,Appartement,38,3.252823,50.174342
2022-969271,2022-01-21,Vente,69500,103,RUE SAINT-LADRE,59122000BV0165,Appartement,56,3.245482,50.164565
2022-969272,2022-01-14,Vente,165000,24,RUE LEON GAMBETTA,59122000AT0158,Maison,124,3.237725,50.172801
2022-969309,2022-01-14,Vente,270000,20,RUE DES POCHONNETS,59122000AT0185,Appartement,96,3.235948,50.171385
2022-969317,2022-01-18,Vente,210000,3,RUE DE PREMY,59122000AS0763,Appartement,123,3.227309,50.174642
2022-969318,2022-01-21,Vente,67200,178,AV DE PARIS,59122000BX0305,Appartement,34,3.229919,50.168785
2022-969323,2022-01-14,Vente,65000,13,RUE ROBERT SCHUMAN,59122000BO0029,Maison,64,3.262831,50.156999
2022-969340,2022-01-28,Vente,90000,13,BD PAUL BEZIN,59122000AV0041,Appartement,47,3.241102,50.172583
2022-969343,2022-01-24,Vente,70000,20,RUE DU HAINAUT,59122000BK0595,Maison,65,3.248642,50.173772
2022-969344,2022-01-28,Vente,71000,74,RUE SAINT-GEORGES,59122000AT0329,Appartement,42,3.236449,50.168249
2022-969352,2022-01-14,Vente,110000,1,RUE D ARTOIS,59122000BP0480,Maison,84,3.254955,50.158087
2022-969364,2022-01-28,Vente,200000,22,RUE DES ALPES,59122000BO0293,Maison,115,3.264894,50.155783
2022-969366,2022-01-05,Vente,135000,52,ALL SAINT-ROCH,59122000AM0287,Maison,55,3.242465,50.182499
2022-969380,2022-02-04,Vente,169000,125,AV DE VALENCIENNES,59122000AM0460,Maison,131,3.2488,50.181943
2022-969381,2022-01-06,Vente,108000,624,RUE DE RUMILLY,59122000CH0210,Maison,89,3.235183,50.160804
2022-969391,2022-01-25,Vente,115000,9,RUE DE LA PAIX,59122000BC0029,Maison,97,3.257667,50.182702
2022-969393,2022-01-24,Vente,55000,329,RUE DE RUMILLY,59122000CI0420,Maison,101,3.237318,50.163073
2022-969406,2022-01-25,Vente,110000,270,RUE DE MULHOUSE,59122000BK0252,Maison,73,3.256498,50.16888
2022-969413,2022-01-27,Vente,52000,3,RUE JOSEPH CARLIER,59122000AS0679,Appartement,50,3.224293,50.175933
2022-969414,2022-01-28,Vente,310000,50,BD FAIDHERBE,59122000AO0130,Maison,148,3.236741,50.178778
2022-969415,2022-01-25,Vente,65100,11,RUE DES CANDILLONS,59122000AR0143,Maison,59,,
2022-969418,2022-01-26,Vente,152000,18,RUE DU BEARN,59122000BP0406,Maison,92,3.257185,50.158987
2022-969419,2022-01-31,Vente,87000,3,RUE DE DOUAI,59122000AH0160,Maison,95,3.22664,50.182654
2022-969424,2022-01-26,Vente,60000,35,RUE DU PETIT SEMINAIRE,59122000AT0207,Maison,92,3.23427,50.172414
2022-969431,2022-01-28,Vente,123800,94,RUE DE BONAVIS,59122000CH0079,Maison,57,3.228378,50.160851
2022-969435,2022-01-27,Vente,80000,6,RUE DES CORBEAUX,59122000AP0183,Maison,33,3.232901,50.178539
2022-969435,2022-01-27,Vente,80000,2,RUE DE NIERGNIES,59122000BT0408,Maison,90,3.241511,50.161898
2022-969439,2022-01-14,Vente,210000,50,RUE DES PYRENEES,59122000BO0323,Maison,115,3.266816,50.155252
2022-969439,2022-01-14,Vente,210000,50,RUE DES PYRENEES,59122000BO0323,Maison,115,3.266816,50.155252
2022-969452,2022-01-31,Vente,420000,5,RUE SAINT-NICOLAS,59122000AT0507,Maison,200,3.233558,50.172585
2022-969461,2022-02-03,Vente,125000,3,RUE DE VIENNE,59122000BN0009,Maison,91,3.262728,50.163842
2022-969463,2022-02-09,Vente,148000,118,AV DE VALENCIENNES,59122000AZ0032,Maison,80,3.251065,50.182691
2022-969472,2022-01-27,Vente,97000,54,RUE JEAN MACE,59122000AX0352,Maison,75,3.249872,50.176672
2022-969487,2022-02-11,Vente,83500,,RUE LOUIS BLERIOT,59122000AR0360,Appartement,45,3.227286,50.177489
2022-969489,2022-02-03,Vente,79810,19,RUE DE MAUBEUGE,59122000AX0075,Appartement,49,3.248652,50.179806
2022-969490,2022-02-01,Vente,126000,73,RUE DE COLMAR,59122000BK0134,Maison,64,3.253068,50.171438
2022-969491,2022-02-03,Vente,171700,35,AV VILLARS,59122000BL0156,Maison,84,3.244117,50.169297
2022-969492,2022-02-03,Vente,125500,35,RUE DU PONT DE SOLESMES,59122000AX0173,Maison,56,3.253371,50.178599
2022-969496,2022-02-09,Vente,233000,87,BD VAUBAN,59122000BK0543,Maison,105,3.246468,50.171948
2022-969503,2022-01-22,Vente,110000,34,RUE SAINT-GEORGES,59122000AT0477,Appartement,93,3.234849,50.170921
2022-969516,2022-02-10,Vente,118000,17,AV DE VALENCIENNES,59122000AO0107,Maison,122,3.241123,50.179765
2022-969541,2022-02-14,Vente,62700,59,RUE DE SOLESMES,59122000AX0043,Appartement,32,3.24867,50.179324
2022-969542,2022-02-11,Vente,100000,101,RUE DE BONAVIS,59122000CL0091,Maison,76,3.231791,50.159987
2022-969543,2022-01-29,Vente,38000,13,RUE SAINT-GERY,59122000AP0247,Appartement,30,3.233999,50.178036
2022-969546,2022-02-22,Vente,77000,6,RUE DES CAPUCINS,59122000AP0847,Appartement,61,3.230513,50.177934
2022-969552,2022-02-01,Vente,190000,349,RUE DE NOYELLES,59122000BX0212,Maison,106,3.223424,50.167141
2022-969552,2022-02-01,Vente,190000,349,RUE DE NOYELLES,59122000BX0212,Maison,106,3.223424,50.167141
2022-969555,2022-02-16,Vente,66000,1,RUE DE BELFORT,59122000BW0665,Appartement,47,3.233846,50.168087
2022-969558,2022-02-11,Vente,134600,50,RUE ABBAYE DE VAUCELLES,59122000CH0054,Maison,80,3.229437,50.163254
2022-969580,2022-02-28,Vente,52000,15,RUE SAINT-JULIEN,59122000AS0647,Appartement,80,3.228001,50.174636
2022-969593,2022-02-08,Vente,106650,339,RUE SAINT-LADRE,59122000BP0341,Maison,78,3.256207,50.157319
2022-969594,2022-02-03,Vente,115000,1,RUE ROLAND GARROS,59122000BE0106,Maison,94,3.260662,50.172164
2022-969596,2022-02-09,Vente,90000,7,RUE ST LAZARE,59122000AR0050,Appartement,93,3.228036,50.17921
2022-969597,2022-02-07,Vente,79500,13,RUE SAINT-GERY,59122000AP0247,Appartement,43,3.233999,50.178036
2022-969600,2022-02-09,Vente,159000,91,AV DE VALENCIENNES,59122000AM0165,Maison,81,3.246864,50.181327
2022-969603,2022-02-14,Vente,154450,89,RUE D AWOINGT,59122000BK0400,Maison,72,3.252686,50.170242
2022-969606,2022-02-04,Vente,115000,10,RUE ACHILLE DOUCEDAME,59122000BV0076,Maison,124,3.243538,50.166123
2022-969608,2022-02-11,Vente,135000,1430,AV DU CATEAU,59122000BH0115,Appartement,137,3.265728,50.167262
2022-969609,2022-02-09,Vente,185000,95,BD DE LA LIBERTE,59122000BY0215,Appartement,103,3.222852,50.173638
2022-969613,2022-02-15,Vente,285000,7,BD DUPLEIX,59122000AI0264,Appartement,110,3.22911,50.183454
2022-969618,2022-02-21,Vente,241900,35,AV DE FRANCE,59122000BR0336,Maison,100,3.25679,50.15588
2022-969619,2022-02-18,Vente,305000,45,BD VAUBAN,59122000AW0257,Maison,166,3.244229,50.173155
2022-969621,2022-02-21,Vente,55500,13,RUE SAINT-GERY,59122000AP0247,Appartement,31,3.233999,50.178036
2022-969622,2022-02-03,Vente,132000,25,RUE DES LINIERS,59122000AT0080,Appartement,20,3.234061,50.172833
2022-969622,2022-02-03,Vente,132000,25,RUE DES LINIERS,59122000AT0080,Appartement,20,3.234061,50.172833
2022-969622,2022-02-03,Vente,132000,25,RUE DES LINIERS,59122000AT0080,Appartement,20,3.234061,50.172833
2022-969622,2022-02-03,Vente,132000,25,RUE DES LINIERS,59122000AT0080,Appartement,30,3.234061,50.172833
2022-969625,2022-02-25,Vente,230000,14,RUE DE MASNIERES,59122000BW0322,Maison,120,3.233838,50.166511
2022-969633,2022-02-11,Vente,180000,36,BD JEAN BART,59122000AR0020,Maison,96,3.224207,50.17864
2022-969652,2022-02-22,Vente,160000,141,AV DU CATEAU,59122000AY0161,Maison,148,3.250759,50.174269
2022-969677,2022-02-22,Vente,128000,152,BD FAIDHERBE,59122000AI0129,Maison,74,3.231148,50.183065
2022-969678,2022-03-02,Vente,65200,1,ALL SAINT-ROCH,59122000AO0221,Appartement,44,3.239348,50.179476
2022-969683,2022-02-25,Vente,160000,111,RUE D AWOINGT,59122000BK0228,Maison,90,3.253787,50.169744
2022-969685,2022-02-14,Vente,60000,398,RUE DE LANDRECIES,59122000AW0037,Maison,75,3.247044,50.175202
2022-969705,2022-03-02,Vente,83000,37,RUE DE NAVES,59122000AZ0061,Maison,105,3.251675,50.182534
2022-969706,2022-02-28,Vente,209000,7,RUE DU PORTUGAL,59122000BR0383,Maison,90,3.259355,50.154507
2022-969713,2022-02-28,Vente,179000,42,RUE DE LA GRANDE JUSTICE,59122000AX0433,Maison,100,3.247842,50.17713
2022-969724,2022-02-17,Vente,60000,15,RUE DES CHANOINES,59122000AS0272,Appartement,42,3.229458,50.174286
2022-969728,2022-02-24,Vente,55000,18,AV SAINT-CLOUD,59122000AY0145,Maison,76,3.250536,50.174552
2022-969740,2022-03-10,Vente,120000,67,RUE DE RIBECOURT,59122000CH0122,Maison,78,3.23163,50.162923
2022-969744,2022-03-09,Vente,79000,5,RUE JEAN JAURES,59122000AP0665,Appartement,40,3.233965,50.176501
2022-969751,2022-02-18,Vente,133000,10,RUE MONSTRELET,59122000AP0137,Maison,116,3.231764,50.179133
2022-969753,2022-02-22,Vente,115000,12,RUE ACHILLE DOUCEDAME,59122000BV0077,Maison,124,3.243615,50.166159
2022-969756,2022-02-25,Vente,179900,93,BD DE LA LIBERTE,59122000BY0215,Appartement,79,3.222852,50.173638
2022-969758,2022-02-25,Vente,371500,13,BD PAUL BEZIN,59122000AV0041,Appartement,184,3.241102,50.172583
2022-969759,2022-02-28,Vente,158700,31,RUE DES PROCESSIONS,59122000BW0353,Maison,80,3.232166,50.16621
2022-969761,2022-03-03,Vente,77500,49,RUE DE LA GRANDE JUSTICE,59122000AX0457,Maison,97,3.246494,50.17763
2022-969763,2022-03-02,Vente,110565,20,RUE DES VOSGES,59122000BO0227,Maison,89,3.263788,50.157772
2022-969768,2022-02-28,Vente,45000,4,ALL DES SOUPIRS,59122000AT0238,Maison,48,3.236293,50.170282
2022-969775,2022-02-25,Vente,179900,10,RUE TAVELLE,59122000AP0613,Appartement,142,3.232085,50.175663
2022-969781,2022-02-26,Vente,144900,36,RUE D HONNECOURT,59122000CK0078,Maison,94,3.237067,50.159323
2022-969786,2022-03-08,Vente,52000,70,RUE SAINT-DRUON,59122000CI0314,Appartement,26,3.237838,50.163111
2022-969794,2022-03-07,Vente,72500,67,RUE DE PERONNE,59122000BW0588,Maison,35,3.232723,50.166688
2022-969795,2022-02-25,Vente,325000,129,RUE LEVEQUE,59122000AL0005,Maison,116,3.245266,50.186029
2022-969795,2022-02-25,Vente,325000,129,RUE LEVEQUE,59122000AL0005,Maison,116,3.245266,50.186029
2022-969799,2022-03-15,Vente,64000,2,RUE LOUIS BLERIOT,59122000AS0110,Appartement,50,3.22765,50.176369
2022-969800,2022-03-08,Vente,109000,125,RUE SAINT-LADRE,59122000BV0549,Maison,105,3.245881,50.16392
2022-969815,2022-03-07,Vente,89900,1188,AV DU CATEAU,59122000BI0167,Appartement,61,3.262474,50.168121
2022-969836,2022-03-14,Vente,117000,18,PL ARISTIDE BRIAND,59122000AP0954,Appartement,11,3.233445,50.176293
2022-969836,2022-03-14,Vente,117000,18,PL ARISTIDE BRIAND,59122000AP0954,Appartement,56,3.233445,50.176293
2022-969836,2022-03-14,Vente,117000,18,PL ARISTIDE BRIAND,59122000AP0954,Appartement,64,3.233445,50.176293
2022-969836,2022-03-14,Vente,117000,18,PL ARISTIDE BRIAND,59122000AP0954,Appartement,27,3.233445,50.176293
2022-969836,2022-03-14,Vente,117000,18,PL ARISTIDE BRIAND,59122000AP0954,Appartement,15,3.233445,50.176293
2022-969839,2022-03-11,Vente,60000,11,RUE ST LAZARE,59122000AR0356,Appartement,74,3.228039,50.179314
2022-969841,2022-03-15,Vente,298900,11,RUE DE L ESCADRON PICARDIE,59122000CO0264,Maison,97,3.269305,50.171141
2022-969849,2022-03-11,Vente,58000,159,RUE ALEXIS CUVELIER,59122000BL0440,Maison,62,3.251556,50.165786
2022-969852,2022-03-18,Vente,31475,17,RUE DU MARCHE AUX POISSONS,59122000AR0212,Appartement,24,3.22827,50.177481
2022-969864,2022-03-09,Vente,123000,26,RUE DE L ABBE EDOUARD THULIEZ,59122000BR0146,Maison,76,3.251168,50.158007
2022-969879,2022-03-17,Vente,61000,35,RUE DU MARAIS CANTIMPRE,59122000AE0003,Maison,46,3.216929,50.173117
2022-969881,2022-03-17,Vente,85000,25,RUE D ABBEVILLE,59122000AH0070,Maison,62,3.221742,50.180557
2022-969882,2022-03-10,Vente,140000,33,RUE DES PROCESSIONS,59122000BW0352,Maison,80,3.232221,50.166157
2022-969885,2022-03-04,Vente,133000,44,RUE RAYMOND GERNEZ,59122000BT0096,Maison,116,3.243334,50.163083
2022-969915,2022-03-21,Vente,55000,31,RUE DE BELFORT,59122000BW0541,Maison,71,3.232795,50.168135
2022-969927,2022-03-10,Vente,105000,35,RUE DE MASNIERES,59122000BW0215,Maison,105,3.23386,50.165732
2022-969929,2022-03-11,Vente,122000,88,RUE DE SOLESMES,59122000AX0731,Maison,77,3.250343,50.1784
2022-969931,2022-03-24,Vente,66000,793,GR GDE RUE VERTE,59122000AK0043,Maison,46,3.238425,50.189518
2022-969932,2022-03-25,Vente,58300,1,RUE DE BELFORT,59122000BW0665,Appartement,34,3.233846,50.168087
2022-969940,2022-03-21,Vente,215000,58,BD FAIDHERBE,59122000AO0135,Maison,206,3.235956,50.179358
2022-969944,2022-03-21,Vente,283400,10,RUE D ALGER,59122000AP0339,Maison,102,3.235626,50.17626
2022-969946,2022-03-22,Vente,175300,14,BD DE LA LIBERTE,59122000AT0341,Maison,110,3.234487,50.169042
2022-969957,2022-03-14,Vente,159000,18,RUE DE NORMANDIE,59122000BP0047,Maison,82,3.253573,50.161443
2022-969958,2022-03-24,Vente,54000,8,BD BERLAIMONT,59122000AT0278,Appartement,30,3.237498,50.168807
2022-969960,2022-03-30,Vente,181500,70,RUE DE COLMAR,59122000BK0324,Maison,78,3.251644,50.171215
2022-969960,2022-03-30,Vente,181500,70,RUE DE COLMAR,59122000BK0324,Maison,78,3.251644,50.171215
2022-969961,2022-03-09,Vente,70000,635,AV DE PARIS,59122000BW0003,Maison,73,3.228929,50.164659
2022-969984,2022-03-29,Vente,129000,39,RUE DE BOHAIN,59122000BL0557,Maison,68,3.245508,50.167216
2022-969993,2022-03-14,Vente,168000,19,RUE AUBENCHE,59122000AT0176,Maison,113,3.236828,50.172574
2022-970000,2022-04-07,Vente,133000,128,AV DE VALENCIENNES,59122000AZ0027,Maison,148,3.251352,50.182893
2022-970003,2022-03-31,Vente,47500,45,RUE PAUL BERT,59122000AX0442,Appartement,30,3.248515,50.177693
2022-970005,2022-04-01,Vente,140000,7,RUE DE CREVECOEUR,59122000BT0012,Maison,200,3.241539,50.161576
2022-970005,2022-04-01,Vente,140000,7,RUE DE CREVECOEUR,59122000BT0012,Maison,200,3.241539,50.161576
2022-970007,2022-03-31,Vente,205000,108,AV DE VALENCIENNES,59122000AZ0413,Maison,108,3.250566,50.182366
2022-970008,2022-03-30,Vente,380000,98,BD FAIDHERBE,59122000AO0152,Maison,228,3.2341,50.180893
2022-970008,2022-03-30,Vente,380000,98,BD FAIDHERBE,59122000AO0152,Maison,228,3.2341,50.180893
2022-970046,2022-04-08,Vente,100000,47,RUE DE COLMAR,59122000BK0146,Maison,124,3.251755,50.171885
2022-970077,2022-03-31,Vente,130000,25,AV JULES FERRY,59122000BK0548,Maison,140,3.246164,50.172065
2022-970081,2022-03-15,Vente,291850,13,RUE ACHILLE DURIEUX,59122000AS0587,Appartement,28,3.227835,50.173823
2022-970081,2022-03-15,Vente,291850,13,RUE ACHILLE DURIEUX,59122000AS0587,Appartement,28,3.227835,50.173823
2022-970081,2022-03-15,Vente,291850,13,RUE ACHILLE DURIEUX,59122000AS0587,Appartement,28,3.227835,50.173823
2022-970081,2022-03-15,Vente,291850,13,RUE ACHILLE DURIEUX,59122000AS0587,Appartement,27,3.227835,50.173823
2022-970081,2022-03-15,Vente,291850,13,RUE ACHILLE DURIEUX,59122000AS0587,Appartement,27,3.227835,50.173823
2022-970081,2022-03-15,Vente,291850,13,RUE ACHILLE DURIEUX,59122000AS0587,Appartement,27,3.227835,50.173823
2022-970081,2022-03-15,Vente,291850,13,RUE ACHILLE DURIEUX,59122000AS0587,Appartement,21,3.227835,50.173823
2022-970081,2022-03-15,Vente,291850,13,RUE ACHILLE DURIEUX,59122000AS0587,Appartement,28,3.227835,50.173823
2022-970082,2022-03-18,Vente,165000,116,ALL SAINT-ROCH,59122000AM0022,Appartement,45,3.24365,50.185282
2022-970082,2022-03-18,Vente,165000,116,ALL SAINT-ROCH,59122000AM0022,Appartement,52,3.24365,50.185282
2022-970082,2022-03-18,Vente,165000,116,ALL SAINT-ROCH,59122000AM0022,Appartement,50,3.24365,50.185282
2022-970083,2022-04-01,Vente,71500,23,RUE EMILE ZOLA,59122000BM0347,Maison,83,3.258165,50.167091
2022-970084,2022-04-01,Vente,70000,23,RUE EMILE ZOLA,59122000BM0347,Maison,83,3.258165,50.167091
2022-970121,2022-03-21,Vente,126000,64,RUE CANTIMPRE,59122000AR0348,Appartement,35,3.222976,50.176772
2022-970122,2022-04-04,Vente,178000,50,RUE GAUTHIER,59122000BV0101,Maison,99,3.246214,50.166359
2022-970136,2022-04-15,Vente,125000,30,RUE DE L ILE DE FRANCE,59122000BP0430,Maison,82,3.255913,50.159727
2022-970138,2022-04-14,Vente,60000,1,RUE DE BELFORT,59122000BW0665,Appartement,34,3.233846,50.168087
2022-970140,2022-04-04,Vente,30000,3,ALL SAINT-ROCH,59122000AO0183,Appartement,28,3.23976,50.179977
2022-970141,2022-04-07,Vente,86794,4,RUE D AVESNES,59122000BK0122,Maison,61,3.253795,50.172056
2022-970142,2022-04-20,Vente,130000,3,RUE DU GENERAL DE GAULLE,59122000AP0353,Appartement,76,3.236249,50.17586
2022-970146,2022-04-19,Vente,135000,57,AV VILLARS,59122000BL0189,Appartement,79,3.243366,50.168785
2022-970149,2022-04-20,Vente,70000,2,RUE SENT DE L EGLISE ST CLOUD,59122000AX0198,Maison,85,3.25272,50.176945
2022-970152,2022-03-31,Vente,98000,2,RUE DU BEARN,59122000BP0414,Maison,78,3.256183,50.158939
2022-970165,2022-04-11,Vente,142500,3,RUE DES LINIERS,59122000AT0003,Appartement,80,3.233676,50.173687
2022-970168,2022-04-21,Vente,106300,60,RUE LOUIS BELMAS,59122000AT0374,Appartement,75,3.235138,50.169116
2022-970169,2022-04-04,Vente,238000,63,BD FAIDHERBE,59122000AP0054,Appartement,96,3.233442,50.180031
2022-970170,2022-04-01,Vente,105000,204,RUE SAINT-LADRE,59122000BR0075,Maison,82,3.252895,50.158443
2022-970171,2022-04-06,Vente,210000,14,RUE DE ROUBAIX,59122000AO0174,Maison,122,3.23924,50.179793
2022-970171,2022-04-06,Vente,210000,14,RUE DE ROUBAIX,59122000AO0174,Maison,122,3.23924,50.179793
2022-970173,2022-04-13,Vente,223300,21,RUE DU HUIT MAI,59122000AS0171,Appartement,107,3.23045,50.174914
2022-970203,2022-04-04,Vente,175000,235,RUE DU PONT AUX MOULINS,59122000BH0082,Maison,134,3.26416,50.165488
2022-970205,2022-04-21,Vente,135000,9,RUE DE LA PAIX,59122000BC0029,Maison,82,3.257667,50.182702
2022-970209,2022-04-08,Vente,128500,22,RUE DU PETIT SEMINAIRE,59122000AT0691,Appartement,84,3.234972,50.172886
2022-970219,2022-04-01,Vente,53700,11,RUE SAINT-JULIEN,59122000AS0580,Appartement,50,3.228335,50.174625
2022-970224,2022-04-08,Vente,83000,16,RUE LOUIS BLERIOT,59122000AR0247,Maison,240,3.227963,50.177142
2022-970230,2022-04-11,Vente,152000,44,BD DE LA LIBERTE,59122000AT0410,Maison,132,3.232971,50.169756
2022-970240,2022-04-28,Vente,170000,75,RUE D ARTOIS,59122000BP0828,Maison,87,3.256011,50.161214
2022-970258,2022-04-12,Vente,220000,48,RUE DES CAPUCINS,59122000AP0122,Appartement,53,3.231392,50.179572
2022-970258,2022-04-12,Vente,220000,48,RUE DES CAPUCINS,59122000AP0122,Maison,85,3.231392,50.179572
2022-970258,2022-04-12,Vente,220000,48,RUE DES CAPUCINS,59122000AP0122,Appartement,53,3.231392,50.179572
2022-970258,2022-04-12,Vente,220000,48,RUE DES CAPUCINS,59122000AP0122,Appartement,53,3.231392,50.179572
2022-970259,2022-04-27,Vente,244290,31,RUE ALEXIS CUVELIER,59122000BL0362,Maison,130,3.249394,50.168275
2022-970271,2022-04-28,Vente,78000,6,RUE LEON BLUM,59122000BO0127,Maison,78,3.26016,50.156154
2022-970278,2022-04-15,Vente,215180,99,RUE DE TOURCOING,59122000AN0090,Maison,129,3.240918,50.184842
2022-970280,2022-04-26,Vente,78000,42,AV DU QUESNOY,59122000AW0009,Maison,119,3.242839,50.179055
2022-970285,2022-04-13,Vente,75000,130,AV DE VALENCIENNES,59122000AZ0026,Maison,113,3.251481,50.182917
2022-970298,2022-04-27,Vente,140000,10,RUE DES ECOLES,59122000AS0380,Appartement,40,3.230137,50.172792
2022-970298,2022-04-27,Vente,140000,10,RUE DES ECOLES,59122000AS0380,Appartement,36,3.230137,50.172792
2022-970298,2022-04-27,Vente,140000,10,RUE DES ECOLES,59122000AS0380,Appartement,31,3.230137,50.172792
2022-970299,2022-05-05,Vente,137700,183,RUE DE RUMILLY,59122000CI0278,Maison,80,3.23724,50.164477
2022-970300,2022-04-15,Vente,100000,28,RUE DE GENEVE,59122000AZ0289,Maison,94,3.252675,50.180677
2022-970314,2022-04-22,Vente,237250,29,RUE DU MARAIS CANTIMPRE,59122000AE0008,Maison,132,3.216714,50.173672
2022-970316,2022-04-25,Vente,500000,9011,RUE DU CHAMP DE TIR,59122000AB0072,Maison,60,3.209349,50.171944
2022-970320,2022-04-20,Vente,80000,266,RUE GAUTHIER,59122000BP0183,Maison,78,3.260233,50.16031
2022-970328,2022-04-07,Vente,58500,95,RUE GAUTHIER,59122000BL0966,Maison,40,3.248099,50.16584
2022-970332,2022-04-29,Vente,68000,66,RUE SAINT-GEORGES,59122000AT0393,Appartement,49,3.235457,50.169589
2022-970337,2022-04-12,Vente,110250,150,AV DE VALENCIENNES,59122000AZ0016,Maison,115,3.252236,50.183402
2022-970338,2022-05-05,Vente,78000,30,RUE CURIE,59122000BS0089,Maison,94,3.244845,50.158966
2022-970341,2022-04-26,Vente,125000,35,BD DE LA LIBERTE,59122000BX0078,Appartement,94,3.229264,50.170675
2022-970361,2022-05-09,Vente,335000,54,RUE DE CAUDRY,59122000BV0012,Maison,203,3.242562,50.16772
2022-970377,2022-05-02,Vente,120000,26,RUE DE LA GRANDE JUSTICE,59122000AX0423,Maison,77,3.24678,50.176888
2022-970379,2022-04-28,Vente,42000,3,PL DU MARECHAL LECLERC,59122000AP0973,Appartement,25,3.239361,50.175432
2022-970380,2022-04-28,Vente,40000,3,PL DU MARECHAL LECLERC,59122000AP0973,Appartement,26,3.239361,50.175432
2022-972336,2022-05-11,Vente,85000,12,RUE DES CHAUDRONNIERS,59122000AP0329,Appartement,11,3.236092,50.176101
2022-972336,2022-05-11,Vente,85000,12,RUE DES CHAUDRONNIERS,59122000AP0329,Appartement,11,3.236092,50.176101
2022-972336,2022-05-11,Vente,85000,12,RUE DES CHAUDRONNIERS,59122000AP0329,Appartement,78,3.236092,50.176101
2022-972362,2022-05-13,Vente,73000,1188,AV DU CATEAU,59122000BI0167,Appartement,45,3.262474,50.168121
2022-972376,2022-04-29,Vente,82000,17,RUE DU GENERAL DE GAULLE,59122000AP0427,Appartement,76,3.237591,50.175486
2022-972389,2022-04-20,Vente,171500,44,RUE DE PERONNE,59122000BW0464,Maison,100,3.233927,50.167126
2022-972431,2022-05-09,Vente,227350,54,BD FAIDHERBE,59122000AO0133,Appartement,83,3.236355,50.179159
2022-972441,2022-04-20,Vente,200000,421,RUE DE RUMILLY,59122000CI0257,Maison,161,3.23699,50.162312
2022-972441,2022-04-20,Vente,200000,421,RUE DE RUMILLY,59122000CI0257,Maison,161,3.23699,50.162312
2022-972469,2022-05-16,Vente,153260,774,RUE BERTRAND MILCENT,59122000BZ0062,Maison,99,3.220122,50.168448
2022-972489,2022-05-04,Vente,125650,88,RUE DE SOLESMES,59122000AX0732,Maison,84,3.250426,50.178414
2022-972500,2022-05-05,Vente,56000,7,RUE ST LAZARE,59122000AR0050,Appartement,93,3.228036,50.17921
2022-972532,2022-05-02,Vente,135000,47,RUE LA FAYETTE,59122000BE0158,Maison,70,3.26261,50.172374
2022-972540,2022-04-27,Vente,55000,7,RUE AUX CHIENS,59122000BW0055,Maison,65,3.229567,50.164114
2022-972573,2022-05-09,Vente,74900,167,RUE ALEXIS CUVELIER,59122000BL0444,Maison,62,3.251209,50.165943
2022-972574,2022-05-06,Vente,220000,48,AV JULES FERRY,59122000BL0128,Maison,175,3.24481,50.16907
2022-972580,2022-04-28,Vente,125000,63,RUE DE MAUBEUGE,59122000AZ0265,Maison,75,3.251404,50.180258
2022-972609,2022-04-29,Vente,74000,1,ALL SAINT-ROCH,59122000AO0221,Appartement,44,3.239348,50.179476
2022-972612,2022-05-18,Vente,70400,15,RUE CANTIMPRE,59122000AS0039,Appartement,48,3.224643,50.176227
2022-972679,2022-05-16,Vente,222000,134,RUE BERTRAND MILCENT,59122000BX0092,Maison,100,3.228513,50.170365
2022-972695,2022-05-16,Vente,177000,100,RUE DE SOLESMES,59122000AX0140,Appartement,25,3.251341,50.178397
2022-972695,2022-05-16,Vente,177000,102,RUE DE SOLESMES,59122000AX0141,Appartement,43,3.2515,50.178418
2022-972695,2022-05-16,Vente,177000,102,RUE DE SOLESMES,59122000AX0141,Appartement,53,3.2515,50.178418
2022-972695,2022-05-16,Vente,177000,102,RUE DE SOLESMES,59122000AX0141,Appartement,78,3.2515,50.178418
2022-972695,2022-05-16,Vente,177000,102,RUE DE SOLESMES,59122000AX0141,Appartement,53,3.2515,50.178418
2022-972695,2022-05-16,Vente,177000,102,RUE DE SOLESMES,59122000AX0141,Appartement,54,3.2515,50.178418
2022-972713,2022-05-16,Vente,75000,118,AV DU CATEAU,59122000BK0031,Maison,61,3.250109,50.174007
2022-972742,2022-05-09,Vente,90000,3,RUE DE LA CITADELLE,59122000AP0437,Appartement,55,3.237181,50.175114
2022-972747,2022-05-16,Vente,35000,44,RUE ERNEST LEPOT,59122000AT0075,Appartement,42,3.233981,50.173405
2022-972748,2022-05-05,Vente,115000,34,RUE DES SOUFFLETS,59122000BT0236,Maison,90,3.2485,50.164172
2022-972761,2022-05-09,Vente,130000,6,RUE COLBERT,59122000BL0004,Maison,88,3.247939,50.171129
2022-972897,2022-05-17,Vente,42000,3,PL DU MARECHAL LECLERC,59122000AP0973,Appartement,25,3.239361,50.175432
2022-972898,2022-04-20,Vente,158000,12,VC RAG CRX A POTERIES,59122000AT0162,Appartement,89,3.236905,50.172365
2022-972908,2022-04-05,Vente,200000,28,RUE DES CHAUDRONNIERS,59122000AP0386,Appartement,44,3.237109,50.176187
2022-972908,2022-04-05,Vente,200000,28,RUE DES CHAUDRONNIERS,59122000AP0386,Appartement,50,3.237109,50.176187
2022-972908,2022-04-05,Vente,200000,28,RUE DES CHAUDRONNIERS,59122000AP0386,Appartement,29,3.237109,50.176187
2022-972908,2022-04-05,Vente,200000,28,RUE DES CHAUDRONNIERS,59122000AP0386,Appartement,23,3.237109,50.176187
2022-972940,2022-05-30,Vente,87000,1188,AV DU CATEAU,59122000BI0167,Appartement,53,3.262474,50.168121
2022-973001,2022-05-18,Vente,145000,18,RUE SENT DE L EGLISE ST CLOUD,59122000AX0927,Maison,81,3.252027,50.177279
2022-973005,2022-05-12,Vente,35000,34,RUE DE CREVECOEUR,59122000CI0529,Maison,95,3.24068,50.160226
2022-973067,2022-05-23,Vente,75000,236,RUE BERTRAND MILCENT,59122000BX0106,Maison,60,3.227133,50.17011
2022-973123,2022-05-17,Vente,100000,123,RUE DES PIERRES JUMELLES,59122000AX0640,Maison,84,3.244635,50.17971
2022-973131,2022-05-13,Vente,220000,14,RUE DU DOCTEUR PAGNIEZ,59122000BZ0326,Maison,116,3.219193,50.166319
2022-973222,2022-05-13,Vente,123000,337,RUE SAINT-LADRE,59122000BP0342,Maison,78,3.25607,50.157356
2022-973224,2022-05-24,Vente,167600,28,RUE SAINT-FIACRE,59122000AS0851,Maison,100,3.228538,50.172967
2022-973227,2022-05-31,Vente,344800,25,RUE DE CHATEAUDUN,59122000BX0051,Maison,160,3.227545,50.170722
2022-973227,2022-05-31,Vente,344800,25,RUE DE CHATEAUDUN,59122000BX0051,Maison,160,3.227545,50.170722
2022-973233,2022-05-31,Vente,68000,19,RUE DE MAUBEUGE,59122000AX0075,Appartement,49,3.248652,50.179806
2022-973235,2022-05-30,Vente,32000,15,RUE CANTIMPRE,59122000AS0039,Appartement,18,3.224643,50.176227
2022-973236,2022-05-31,Vente,160000,92,RUE DE DOUAI,59122000AI0069,Appartement,36,3.22579,50.185283
2022-973236,2022-05-31,Vente,160000,92,RUE DE DOUAI,59122000AI0069,Appartement,28,3.22579,50.185283
2022-973236,2022-05-31,Vente,160000,92,RUE DE DOUAI,59122000AI0069,Appartement,37,3.22579,50.185283
2022-973236,2022-05-31,Vente,160000,92,RUE DE DOUAI,59122000AI0069,Appartement,37,3.22579,50.185283
2022-973244,2022-05-20,Vente,110000,35,BD DE LA LIBERTE,59122000BX0078,Appartement,72,3.229264,50.170675
2022-973267,2022-05-30,Vente,68000,35,RUE DE NAVES,59122000AZ0060,Maison,58,3.251625,50.182516
2022-973316,2022-05-31,Vente,63140,2,AV VICTOR HUGO,59122000AY0072,Appartement,47,3.249554,50.174808
2022-973318,2022-05-12,Vente,140000,34,BD JEAN BART,59122000AR0019,Maison,95,3.224101,50.178496
2022-973404,2022-05-23,Vente,70000,8,CITE ST ALFRED A DE DUNKE,59122000AN0130,Maison,70,3.237377,50.182442
2022-973434,2022-05-31,Vente,121500,5,RUE DE TURENNE,59122000BL0199,Maison,91,3.242825,50.168441
2022-973444,2022-05-16,Vente,90000,2,RUE JEAN MACE,59122000AX0324,Appartement,45,3.24809,50.175469
2022-973444,2022-05-16,Vente,90000,2,RUE JEAN MACE,59122000AX0324,Appartement,90,3.24809,50.175469
2022-973451,2022-05-19,Vente,150500,5,RUE DE PREMY,59122000AS0763,Appartement,80,3.227309,50.174642
2022-973484,2022-06-07,Vente,70000,3,ALL SAINT-ROCH,59122000AO0183,Appartement,48,3.23976,50.179977
2022-973509,2022-05-24,Vente,65000,78,RUE D HONNECOURT,59122000CK0099,Maison,73,3.239406,50.159014
2022-973525,2022-05-20,Vente,123000,51,RUE CURIE,59122000BS0289,Maison,113,3.245868,50.158505
2022-973619,2022-06-08,Vente,109000,10,RUE DES CANDILLONS,59122000AR0104,Appartement,60,3.23041,50.179993
2022-973619,2022-06-08,Vente,109000,10,RUE DES CANDILLONS,59122000AR0104,Appartement,45,3.23041,50.179993
2022-973620,2022-05-27,Vente,45000,24,AV SAINT-CLOUD,59122000AY0141,Maison,72,3.250786,50.17457
2022-973628,2022-06-07,Vente,250000,30,AV VICTOR HUGO,59122000AY0046,Appartement,53,3.25249,50.175684
2022-973628,2022-06-07,Vente,250000,30,AV VICTOR HUGO,59122000AY0046,Appartement,53,3.25249,50.175684
2022-973628,2022-06-07,Vente,250000,30,AV VICTOR HUGO,59122000AY0046,Appartement,43,3.25249,50.175684
2022-973628,2022-06-07,Vente,250000,30,AV VICTOR HUGO,59122000AY0046,Appartement,57,3.25249,50.175684
2022-973628,2022-06-07,Vente,250000,30,AV VICTOR HUGO,59122000AY0046,Appartement,43,3.25249,50.175684
2022-973637,2022-06-02,Vente,119000,180,RUE D AWOINGT,59122000BI0136,Maison,82,3.257993,50.167622
2022-973652,2022-05-24,Vente,165000,8,RUE DE CANTAING,59122000BW0198,Maison,82,3.234602,50.164572
2022-973661,2022-05-23,Vente,83000,60,AV VICTOR HUGO,59122000AY0257,Appartement,51,3.25512,50.175763
2022-973663,2022-05-23,Vente,58000,268,RUE GAUTHIER,59122000BP0184,Maison,78,3.260278,50.160254
2022-973665,2022-06-07,Vente,114000,170,BD FAIDHERBE,59122000AI0146,Maison,75,3.231834,50.183527
2022-973666,2022-06-10,Vente,137000,132,RUE DE COLMAR,59122000BK0283,Maison,80,3.25456,50.170406
2022-973678,2022-05-31,Vente,94000,9001,RES LA MARTINIERE,59122000AT0236,Appartement,38,3.236295,50.170691
2022-973678,2022-05-31,Vente,94000,9001,RES LA MARTINIERE,59122000AT0236,Appartement,15,3.236295,50.170691
2022-973707,2022-06-15,Vente,83000,400,RUE DE LANDRECIES,59122000AW0038,Maison,76,3.24711,50.175165
2022-973743,2022-06-17,Vente,200000,24,BD VAUBAN,59122000AV0017,Appartement,53,3.245409,50.171809
2022-973743,2022-06-17,Vente,200000,24,BD VAUBAN,59122000AV0017,Appartement,70,3.245409,50.171809
2022-973743,2022-06-17,Vente,200000,24,BD VAUBAN,59122000AV0017,Appartement,20,3.245409,50.171809
2022-973743,2022-06-17,Vente,200000,24,BD VAUBAN,59122000AV0017,Appartement,58,3.245409,50.171809
2022-973746,2022-05-30,Vente,84000,1188,AV DU CATEAU,59122000BI0167,Appartement,61,3.262474,50.168121
2022-973763,2022-06-17,Vente,170000,15,RUE DU GENERAL FRERE,59122000AP0500,Maison,90,3.2375,50.173598
2022-973767,2022-06-13,Vente,108000,107,RUE GAUTHIER,59122000BL0706,Maison,80,3.249586,50.165029
2022-973797,2022-06-17,Vente,138000,17,RUE VOLTAIRE,59122000AI0100,Maison,88,3.230802,50.184557
2022-973811,2022-06-14,Vente,105000,308,AV DE PARIS,59122000BX0173,Maison,77,3.229359,50.167599
2022-973823,2022-06-10,Vente,178000,23,RUE CHARLES GOUNOD,59122000BM0199,Maison,103,3.260787,50.164283
2022-973866,2022-05-24,Vente,120000,405,RUE DE NOYELLES,59122000BX0217,Maison,89,3.222665,50.167102
2022-973882,2022-06-07,Vente,221000,655,RUE DE NOYELLES,59122000BZ0344,Maison,74,3.220714,50.165291
2022-973882,2022-06-07,Vente,221000,655,RUE DE NOYELLES,59122000BZ0344,Maison,74,3.220714,50.165291
2022-973886,2022-06-15,Vente,153000,620,ALL DU QUINCONCE,59122000AK0476,Maison,81,3.236299,50.189187
2022-973887,2022-06-02,Vente,95000,121,RUE DE NIERGNIES,59122000BS0253,Maison,64,3.246108,50.15645
2022-973913,2022-05-31,Vente,89000,56,RUE D HONNECOURT,59122000CK0088,Maison,91,3.238259,50.159104
2022-973926,2022-06-03,Vente,180000,21,RUE HENRY DUNANT,59122000AM0078,Maison,107,3.245243,50.183641
2022-973965,2022-06-01,Vente,167200,73,RUE ALEXIS CUVELIER,59122000BL0383,Maison,76,3.251263,50.167562
2022-973965,2022-06-01,Vente,167200,73,RUE ALEXIS CUVELIER,59122000BL0383,Maison,76,3.251263,50.167562
2022-973974,2022-06-07,Vente,95000,120,RUE DE CAUDRY,59122000BL0292,Maison,83,3.247979,50.170196
2022-973977,2022-06-10,Vente,75500,91,RUE DE CAUDRY,59122000BL0070,Maison,66,3.246959,50.16976
2022-973994,2022-06-03,Vente,162000,5,RUE JEAN RACINE,59122000BM0373,Maison,83,3.257034,50.165968
2022-974000,2022-06-10,Vente,118000,11,RUE ANATOLE FRANCE,59122000BM0311,Maison,101,3.255447,50.165581
2022-974001,2022-06-03,Vente,208000,1047,AV DU CATEAU,59122000BE0181,Maison,132,3.261449,50.169642
2022-974064,2022-06-23,Vente,120000,26,RUE DE BOHAIN,59122000BL0263,Maison,75,3.245402,50.167558
2022-974066,2022-06-23,Vente,320000,4,RUE GUILLAUME DU FAY,59122000AT0499,Appartement,58,3.233002,50.172493
2022-974066,2022-06-23,Vente,320000,4,RUE GUILLAUME DU FAY,59122000AT0499,Appartement,50,3.233002,50.172493
2022-974066,2022-06-23,Vente,320000,4,RUE GUILLAUME DU FAY,59122000AT0499,Appartement,50,3.233002,50.172493
2022-974066,2022-06-23,Vente,320000,4,RUE GUILLAUME DU FAY,59122000AT0499,Appartement,46,3.233002,50.172493
2022-974102,2022-06-23,Vente,75000,1797,AV DE PARIS,59122000CM0018,Maison,73,3.223015,50.154952
2022-974102,2022-06-23,Vente,75000,1797,AV DE PARIS,59122000CM0018,Maison,73,3.223015,50.154952
2022-974109,2022-05-30,Vente,116000,1057,RUE BERTRAND MILCENT,59122000BZ0174,Maison,85,3.217063,50.16677
2022-974128,2022-06-27,Vente,120400,21,RUE DE L EPEE,59122000AS0359,Appartement,21,3.229097,50.173505
2022-974128,2022-06-27,Vente,120400,21,RUE DE L EPEE,59122000AS0359,Appartement,25,3.229097,50.173505
2022-974128,2022-06-27,Vente,120400,21,RUE DE L EPEE,59122000AS0359,Appartement,21,3.229097,50.173505
2022-974134,2022-06-21,Vente,90500,1188,AV DU CATEAU,59122000BI0167,Appartement,54,3.262474,50.168121
2022-974136,2022-06-21,Vente,185250,1,SQ DE LA CHOQUE,59122000AP0431,Appartement,92,3.236301,50.175125
2022-974136,2022-06-21,Vente,185250,1,SQ DE LA CHOQUE,59122000AP0431,Appartement,92,3.236301,50.175125
2022-974136,2022-06-21,Vente,185250,1,SQ DE LA CHOQUE,59122000AP0431,Appartement,92,3.236301,50.175125
2022-974136,2022-06-21,Vente,185250,1,SQ DE LA CHOQUE,59122000AP0431,Appartement,92,3.236301,50.175125
2022-974181,2022-06-02,Vente,120000,18,RUE DES BOUCHERS,59122000AP1008,Appartement,92,3.237434,50.176511
2022-974182,2022-06-28,Vente,236000,28,RUE RENE DUMONT,59122000AM0611,Maison,133,3.248679,50.183647
2022-974192,2022-06-02,Vente,61500,18,RUE DES BOUCHERS,59122000AP1008,Appartement,35,3.237434,50.176511
2022-974193,2022-06-24,Vente,137000,14,AV MICHELET,59122000AW0224,Maison,142,3.245293,50.173065
2022-974219,2022-06-27,Vente,125000,260,RUE GAUTHIER,59122000BP0180,Maison,78,3.26,50.160404
2022-974277,2022-07-01,Vente,110000,33,RUE JEAN MERMOZ,59122000BE0233,Maison,78,3.263748,50.17042
2022-974293,2022-06-30,Vente,154800,202,BD FAIDHERBE,59122000AI0164,Maison,100,3.23066,50.183168
2022-974338,2022-06-30,Vente,221400,55,AV DE VALENCIENNES,59122000AM0207,Appartement,46,3.243786,50.180418
2022-974338,2022-06-30,Vente,221400,55,AV DE VALENCIENNES,59122000AM0207,Appartement,40,3.243786,50.180418
2022-974338,2022-06-30,Vente,221400,55,AV DE VALENCIENNES,59122000AM0207,Appartement,35,3.243786,50.180418
2022-974338,2022-06-30,Vente,221400,55,AV DE VALENCIENNES,59122000AM0207,Appartement,22,3.243786,50.180418
2022-974342,2022-06-30,Vente,75000,19,RUE SAINT-GERY,59122000AP0192,Maison,120,3.233551,50.178636
2022-974350,2022-06-16,Vente,209000,61,BD FAIDHERBE,59122000AP0055,Appartement,114,3.233713,50.17981
2022-974367,2022-06-24,Vente,115000,20,RUE DE ROME,59122000BN0321,Maison,82,3.260958,50.162912
2022-974439,2022-07-04,Vente,110000,19,BD JEAN BART,59122000AS0004,Maison,102,3.222534,50.175762
2022-974447,2022-06-15,Vente,87000,36,RUE D ARRAS,59122000AD0070,Maison,102,3.213756,50.17886
2022-974447,2022-06-15,Vente,87000,36,RUE D ARRAS,59122000AD0070,Maison,102,3.213756,50.17886
2022-974458,2022-06-24,Vente,145000,5,RUE EMILE ZOLA,59122000BM0338,Maison,83,3.256696,50.167208
2022-974535,2022-06-25,Vente,115000,31,RUE DE NORMANDIE,59122000BP0061,Maison,77,3.253105,50.161522
2022-974546,2022-06-30,Vente,70000,70,RUE SAINT-DRUON,59122000CI0314,Appartement,47,3.237838,50.163111
2022-974613,2022-03-18,Adjudication,35000,13,RUE SAINT-FIACRE,59122000AS0511,Maison,85,3.229383,50.172553
2022-974661,2022-06-29,Vente,194000,13,RUE DE CHATEAUDUN,59122000BX0057,Maison,120,3.227597,50.171148
2022-974666,2022-07-06,Vente,141000,37,AV JULES FERRY,59122000BL0033,Maison,68,3.24608,50.171129
2022-974669,2022-06-29,Vente,115000,16,PL DE HOUMA,59122000BE0136,Maison,103,3.259905,50.170552
2022-974774,2022-07-05,Vente,110000,19,RUE SAINTE-BARBE,59122000AR0291,Appartement,28,3.226183,50.177007
2022-974774,2022-07-05,Vente,110000,19,RUE SAINTE-BARBE,59122000AR0291,Appartement,28,3.226183,50.177007
2022-974883,2022-07-06,Vente,266000,38,AV JULES FERRY,59122000BL0133,Maison,99,3.244805,50.169314
2022-974888,2022-06-30,Vente,309800,148,RUE GAUTHIER,59122000BP0853,Maison,218,3.253541,50.162721
2022-974904,2022-06-30,Vente,151550,4,RUE D OSLO,59122000BN0058,Maison,91,3.263689,50.163066
2022-974947,2022-07-12,Vente,116100,21,RUE SAINT-GERY,59122000AP0193,Maison,92,3.23354,50.178715
2022-974958,2022-07-05,Vente,295000,973,AV DE PARIS,59122000CH0005,Maison,190,3.227034,50.161835
2022-974958,2022-07-05,Vente,295000,973,AV DE PARIS,59122000CH0005,Maison,190,3.227034,50.161835
2022-975007,2022-06-28,Vente,230000,57,AV MICHELET,59122000AW0051,Maison,127,3.248043,50.174725
2022-975048,2022-06-28,Vente,164000,80,RUE DE DOUAI,59122000AI0052,Appartement,35,3.22553,50.185892
2022-975048,2022-06-28,Vente,164000,80,RUE DE DOUAI,59122000AI0052,Appartement,80,3.22553,50.185892
2022-975048,2022-06-28,Vente,164000,80,RUE DE DOUAI,59122000AI0052,Appartement,80,3.22553,50.185892
2022-975048,2022-06-28,Vente,164000,80,RUE DE DOUAI,59122000AI0052,Appartement,35,3.22553,50.185892
2022-975084,2022-07-07,Vente,162300,2,RUE DELPHIN DUTEMPLE,59122000AP0254,Appartement,125,3.23443,50.177548
2022-975094,2022-05-31,Vente,184000,50,RUE DES CAPUCINS,59122000AP0121,Appartement,53,3.231241,50.17966
2022-975094,2022-05-31,Vente,184000,50,RUE DES CAPUCINS,59122000AP0121,Appartement,51,3.231241,50.17966
2022-975094,2022-05-31,Vente,184000,50,RUE DES CAPUCINS,59122000AP0121,Appartement,50,3.231241,50.17966
2022-975175,2022-06-30,Vente,85000,2,RUE DES RECOLLETS,59122000AS0093,Appartement,75,3.227027,50.176198
2022-975190,2022-07-08,Vente,132500,2,RUE DE BELFORT,59122000BX0160,Maison,70,3.229421,50.168033
2022-975212,2022-07-08,Vente,110000,795,RUE BERTRAND MILCENT,59122000BZ0162,Maison,100,3.220146,50.167992
2022-975237,2022-05-20,Adjudication,69000,61,RUE DE PERONNE,59122000BW0415,Maison,85,3.23316,50.166699
2022-975297,2022-07-08,Vente,185000,143,RUE DE NIERGNIES,59122000BR0235,Maison,117,3.24791,50.154285
2022-975365,2022-07-22,Vente,252000,7,RUE GODELIEZ BOLVIN,59122000AR0223,Appartement,32,3.229517,50.177273
2022-975365,2022-07-22,Vente,252000,7,RUE GODELIEZ BOLVIN,59122000AR0223,Appartement,25,3.229517,50.177273
2022-975365,2022-07-22,Vente,252000,7,RUE GODELIEZ BOLVIN,59122000AR0223,Appartement,36,3.229517,50.177273
2022-975365,2022-07-22,Vente,252000,7,RUE GODELIEZ BOLVIN,59122000AR0223,Appartement,23,3.229517,50.177273
2022-975365,2022-07-22,Vente,252000,7,RUE GODELIEZ BOLVIN,59122000AR0223,Appartement,26,3.229517,50.177273
2022-975370,2022-07-16,Vente,71000,3,PL DU MARECHAL LECLERC,59122000AP0973,Appartement,75,3.239361,50.175432
2022-975383,2022-07-22,Vente,204800,95,BD DE LA LIBERTE,59122000BY0215,Appartement,78,3.222852,50.173638
2022-975416,2022-07-08,Vente,165000,7,RUE DU JURA,59122000BO0211,Maison,115,3.264423,50.15765
2022-975473,2022-07-11,Vente,233000,16,RUE JEAN CHOLLET,59122000AS0044,Maison,200,3.224551,50.175859
2022-975474,2022-07-11,Vente,155000,3,RUE DE PREMY,59122000AS0763,Appartement,95,3.227309,50.174642
2022-975476,2022-07-12,Vente,380000,3,RUE DES FEUTRIERS,59122000AS0104,Appartement,37,3.227006,50.176409
2022-975476,2022-07-12,Vente,380000,3,RUE DES FEUTRIERS,59122000AS0104,Appartement,60,3.227006,50.176409
2022-975476,2022-07-12,Vente,380000,3,RUE DES FEUTRIERS,59122000AS0104,Appartement,85,3.227006,50.176409
2022-975476,2022-07-12,Vente,380000,3,RUE DES FEUTRIERS,59122000AS0104,Appartement,60,3.227006,50.176409
2022-975476,2022-07-12,Vente,380000,3,RUE DES FEUTRIERS,59122000AS0104,Appartement,36,3.227006,50.176409
2022-975529,2022-07-12,Vente,162900,170,RUE SAINT-LADRE,59122000BS0234,Maison,86,3.249347,50.161017
2022-975549,2022-07-21,Vente,67000,60,AV VICTOR HUGO,59122000AY0257,Appartement,37,3.25512,50.175763
2022-975572,2022-07-22,Vente,150000,10,RUE SAINT-DRUON,59122000BW0266,Maison,140,3.238108,50.166196
2022-975573,2022-07-26,Vente,74000,79,AV DE BOUCHAIN,59122000AM0071,Maison,121,3.24667,50.183663
2022-975579,2022-07-13,Vente,143000,4,RUE DU JURA,59122000BO0204,Maison,89,3.264668,50.158016
2022-975623,2022-07-27,Vente,112000,18,RUE JEAN CHOLLET,59122000AS0045,Maison,85,3.224616,50.175763
2022-975713,2022-07-28,Vente,210000,51,RUE SAINT-GEORGES,59122000AT0274,Appartement,60,3.236251,50.169639
2022-975713,2022-07-28,Vente,210000,51,RUE SAINT-GEORGES,59122000AT0274,Appartement,50,3.236251,50.169639
2022-975713,2022-07-28,Vente,210000,51,RUE SAINT-GEORGES,59122000AT0274,Appartement,50,3.236251,50.169639
2022-975845,2022-07-29,Vente,150000,1341,AV DE PARIS,59122000CL0206,Maison,130,3.225246,50.158839
2022-975845,2022-07-29,Vente,150000,1341,AV DE PARIS,59122000CL0206,Maison,130,3.225246,50.158839
2022-975845,2022-07-29,Vente,150000,1341,AV DE PARIS,59122000CL0206,Maison,130,3.225246,50.158839
2022-975888,2022-07-08,Vente,143300,92,RUE DE PERONNE,59122000BW0487,Maison,76,3.231058,50.167325
2022-975933,2022-07-26,Vente,198630,43,RUE SAINT-LADRE,59122000BV0445,Maison,173,,
2022-975933,2022-07-26,Vente,198630,43,RUE SAINT-LADRE,59122000BV0445,Maison,173,,
2022-975941,2022-07-28,Vente,151000,22,RUE DE LA GRANDE JUSTICE,59122000AX0421,Maison,97,3.246737,50.176739
2022-975946,2022-07-25,Vente,130000,98,AV DE DUNKERQUE,59122000AN0012,Maison,70,3.234372,50.183036
2022-975957,2022-07-29,Vente,258500,25,RUE DES LINIERS,59122000AT0080,Appartement,20,3.234061,50.172833
2022-975957,2022-07-29,Vente,258500,25,RUE DES LINIERS,59122000AT0080,Appartement,30,3.234061,50.172833
2022-975957,2022-07-29,Vente,258500,25,RUE DES LINIERS,59122000AT0080,Appartement,20,3.234061,50.172833
2022-975957,2022-07-29,Vente,258500,25,RUE DES LINIERS,59122000AT0080,Appartement,20,3.234061,50.172833
2022-975964,2022-07-22,Vente,133400,45,RUE PAUL BERT,59122000AX0442,Appartement,63,3.248515,50.177693
2022-976054,2022-08-03,Vente,162000,83,RUE DE MAUBEUGE,59122000AZ0256,Maison,120,3.252294,50.180549
2022-976095,2022-08-04,Vente,92000,85,RUE SAINT-LADRE,59122000BV0177,Maison,164,3.244433,50.165039
2022-976131,2022-07-25,Vente,187000,62,RUE ALEXIS CUVELIER,59122000BL0493,Maison,77,3.249917,50.167501
2022-976135,2022-07-25,Vente,156900,15,RUE DES CLEFS,59122000AP0619,Appartement,37,3.231673,50.175806
2022-976135,2022-07-25,Vente,156900,15,RUE DES CLEFS,59122000AP0619,Appartement,25,3.231673,50.175806
2022-976135,2022-07-25,Vente,156900,15,RUE DES CLEFS,59122000AP0619,Appartement,52,3.231673,50.175806
2022-976198,2022-08-03,Vente,220000,11,PL DU CARRE DE PAILLE,59122000AP0016,Maison,88,3.232645,50.180906
2022-976216,2022-08-03,Vente,140000,25,RUE DES SOUFFLETS,59122000BV0129,Maison,82,3.247782,50.164172
2022-976220,2022-08-05,Vente,141900,23,RUE DE RIBECOURT,59122000CH0191,Maison,76,3.233966,50.161684
2022-976222,2022-08-05,Vente,163000,58,RUE SAINT-DRUON,59122000CI0124,Maison,109,3.239403,50.164163
2022-976236,2022-08-04,Vente,92500,12,CHE DES SOURCES,59122000BZ0044,Maison,62,3.220495,50.169078
2022-976286,2022-08-01,Vente,784600,5,RUE DU GRAND SEMINAIRE,59122000AS0344,Maison,140,3.231178,50.173259
2022-976382,2022-08-12,Vente,142000,46,RUE DE PROVENCE,59122000BP0318,Maison,78,3.259483,50.158093
2022-976389,2022-08-08,Vente,265000,40,RUE MICHEL CREPIN,59122000CO0449,Maison,93,3.27195,50.17104
2022-976402,2022-08-05,Vente,174100,59,BD FAIDHERBE,59122000AP0055,Appartement,120,3.233713,50.17981
2022-976483,2022-08-04,Vente,178000,5,RUE DE LA GRAINETERIE,59122000AM0303,Maison,92,3.241916,50.181512
2022-976510,2022-08-04,Vente,115000,9,RUE DE LA PAIX,59122000BC0029,Maison,82,3.257667,50.182702
2022-976596,2022-08-25,Vente,134000,27,AV MICHELET,59122000AW0069,Maison,97,3.245136,50.173495
2022-976598,2022-08-23,Vente,90000,70,RUE SAINT-DRUON,59122000CI0314,Appartement,53,3.237838,50.163111
2022-976599,2022-08-22,Vente,75200,10,RUE ERNEST COUTEAUX,59122000BS0155,Maison,108,3.24729,50.159918
2022-976600,2022-08-26,Vente,98000,15,RUE CANTIMPRE,59122000AS0039,Appartement,18,3.224643,50.176227
2022-976600,2022-08-26,Vente,98000,15,RUE CANTIMPRE,59122000AS0039,Appartement,18,3.224643,50.176227
2022-976605,2022-08-26,Vente,67000,29,RUE ACHILLE DURIEUX,59122000AS0595,Maison,70,3.227572,50.173304
2022-976649,2022-08-26,Vente,51000,12,RUE DES CHAUDRONNIERS,59122000AP0329,Appartement,32,3.236092,50.176101
2022-976659,2022-08-26,Vente,43000,26,RUE DU PETIT SEMINAIRE,59122000AT0127,Appartement,52,3.234657,50.172905
2022-976662,2022-08-05,Vente,51500,60,AV VICTOR HUGO,59122000AY0257,Appartement,36,3.25512,50.175763
2022-976679,2022-08-25,Vente,66000,60,AV VICTOR HUGO,59122000AY0257,Appartement,37,3.25512,50.175763
2022-976702,2022-08-16,Vente,132500,23,RUE D HONNECOURT,59122000CI0214,Maison,71,3.236611,50.159839
2022-976704,2022-08-24,Vente,82000,59,RUE DE SOLESMES,59122000AX0043,Appartement,44,3.24867,50.179324
2022-976711,2022-08-11,Vente,63000,11,RUE ST LAZARE,59122000AR0356,Appartement,64,3.228039,50.179314
2022-976713,2022-08-09,Vente,105000,314,RUE GAUTHIER,59122000BP0207,Maison,78,3.262504,50.159371
2022-976717,2022-08-30,Vente,370000,205,RUE LUCIEN SAMPAIX,59122000CD0067,Maison,160,3.210078,50.166735
2022-976717,2022-08-30,Vente,370000,205,RUE LUCIEN SAMPAIX,59122000CD0067,Maison,160,3.210078,50.166735
2022-976737,2022-08-11,Vente,35000,41,RUE DU CHATEAU D EAU,59122000BL0048,Maison,65,3.246812,50.16992
2022-976763,2022-09-02,Vente,72000,59,RUE DE SOLESMES,59122000AX0043,Appartement,33,3.24867,50.179324
2022-976766,2022-08-31,Vente,157000,19,RUE ACHILLE DOUCEDAME,59122000BV0038,Maison,87,3.243882,50.166998
2022-976856,2022-09-05,Vente,365000,7,RUE NEUVE,59122000AP0539,Appartement,40,3.235211,50.174808
2022-976856,2022-09-05,Vente,365000,7,RUE NEUVE,59122000AP0539,Appartement,70,3.235211,50.174808
2022-976856,2022-09-05,Vente,365000,7,RUE NEUVE,59122000AP0539,Appartement,25,3.235211,50.174808
2022-976856,2022-09-05,Vente,365000,7,RUE NEUVE,59122000AP0539,Appartement,70,3.235211,50.174808
2022-976942,2022-08-26,Vente,220000,1430,AV DU CATEAU,59122000BH0115,Appartement,163,3.265728,50.167262
2022-977001,2022-08-30,Vente,100000,3,RUE JEAN RACINE,59122000BM0372,Maison,83,3.256889,50.16601
2022-977108,2022-08-29,Vente,260100,5,RUE DES CORDIERS,59122000AP0275,Appartement,303,3.236221,50.177072
2022-977123,2022-08-23,Vente,80000,1,RUE MAURICE CAMIER,59122000BK0286,Maison,58,3.254277,50.170513
2022-977150,2022-09-08,Vente,76000,3,PL DU MARECHAL LECLERC,59122000AP0973,Appartement,45,3.239361,50.175432
2022-977178,2022-08-18,Vente,88000,31,RUE LEON BLUM,59122000BP0292,Maison,78,3.261234,50.157613
2022-977225,2022-08-24,Vente,117000,7,BD DUPLEIX,59122000AI0264,Appartement,69,3.22911,50.183454
2022-977275,2022-09-02,Vente,120000,29,RUE LA FAYETTE,59122000BE0169,Maison,101,3.261826,50.171224
2022-977295,2022-09-09,Vente,91000,11,RUE ST LAZARE,59122000AR0356,Appartement,64,3.228039,50.179314
2022-977354,2022-09-15,Vente,110000,46,RUE JEAN MERMOZ,59122000BE0257,Maison,78,3.264512,50.170308
2022-977365,2022-09-08,Vente,147000,137,RUE SAINT-LADRE,59122000BV0147,Maison,130,3.246025,50.163776
2022-977380,2022-09-20,Vente,80000,1188,AV DU CATEAU,59122000BI0167,Appartement,54,3.262474,50.168121
2022-977398,2022-08-31,Vente,90000,42,RUE SAINT-GEORGES,59122000AT0473,Appartement,53,3.235087,50.170614
2022-977401,2022-08-26,Vente,380000,128,RUE DE CAUDRY,59122000BL0296,Maison,226,3.24819,50.170381
2022-977422,2022-09-14,Vente,158000,28,RUE DE BAPAUME,59122000AD0295,Maison,123,3.210988,50.177774
2022-977424,2022-09-02,Vente,50800,3,RUE DE BELFORT,59122000BW0665,Appartement,35,3.233846,50.168087
2022-977425,2022-09-15,Vente,250000,8,RUE D ALGER,59122000AP0341,Appartement,25,3.235601,50.176168
2022-977425,2022-09-15,Vente,250000,8,RUE D ALGER,59122000AP0341,Appartement,42,3.235601,50.176168
2022-977425,2022-09-15,Vente,250000,8,RUE D ALGER,59122000AP0341,Appartement,42,3.235601,50.176168
2022-977425,2022-09-15,Vente,250000,8,RUE D ALGER,59122000AP0341,Appartement,56,3.235601,50.176168
2022-977468,2022-09-20,Vente,80000,1,RUE DE LA DELIVRANCE,59122000BC0029,Appartement,62,3.257667,50.182702
2022-977502,2022-09-08,Vente,127500,10,RUE SENT DE L EGLISE ST CLOUD,59122000AX0663,Maison,93,3.252434,50.177052
2022-977529,2022-08-29,Vente,52500,7,RUE COLBERT,59122000BK0527,Maison,72,3.247494,50.171464
2022-977532,2022-09-23,Vente,50000,74,RUE SAINT-GEORGES,59122000AT0329,Appartement,25,3.236449,50.168249
2022-977532,2022-09-23,Vente,50000,74,RUE SAINT-GEORGES,59122000AT0329,Appartement,35,3.236449,50.168249
2022-977581,2022-08-30,Vente,68500,11,PL MARCELIN BERTHELOT,59122000AE0058,Appartement,44,3.219741,50.17669
2022-977620,2022-09-19,Vente,268500,7,RUE DE L ABBE EDOUARD THULIEZ,59122000BR0230,Appartement,44,3.251989,50.158484
2022-977620,2022-09-19,Vente,268500,7,RUE DE L ABBE EDOUARD THULIEZ,59122000BR0230,Appartement,44,3.251989,50.158484
2022-977620,2022-09-19,Vente,268500,7,RUE DE L ABBE EDOUARD THULIEZ,59122000BR0230,Appartement,44,3.251989,50.158484
2022-977620,2022-09-19,Vente,268500,7,RUE DE L ABBE EDOUARD THULIEZ,59122000BR0230,Appartement,44,3.251989,50.158484
2022-977626,2022-09-01,Vente,120000,1430,AV DU CATEAU,59122000BH0115,Appartement,121,3.265728,50.167262
2022-977652,2022-08-31,Vente,138000,19,RUE JEAN MACE,59122000AX0388,Maison,105,3.248105,50.176021
2022-977678,2022-09-20,Vente,324000,33,AV DE FRANCE,59122000BR0325,Maison,104,3.256533,50.155718
2022-977681,2022-09-20,Vente,205000,10,RUE SAINT-GEORGES,59122000AT0487,Appartement,86,3.234122,50.171745
2022-977696,2022-09-19,Vente,143000,2,RUE LEVEQUE,59122000AN0067,Maison,83,3.237611,50.18544
2022-977700,2022-09-19,Vente,116000,113,RUE DE NIERGNIES,59122000BS0249,Maison,95,3.246222,50.156886
2022-977711,2022-09-13,Vente,62000,2,AV VICTOR HUGO,59122000AY0072,Appartement,54,3.249554,50.174808
2022-977732,2022-09-15,Vente,225000,54,BD FAIDHERBE,59122000AO0133,Appartement,78,3.236355,50.179159
2022-977767,2022-09-21,Vente,105300,52,RUE D ARRAS,59122000AD0078,Maison,85,3.21297,50.1788
2022-977772,2022-09-28,Vente,142500,5,RUE DE PROVENCE,59122000BP0361,Maison,78,3.257293,50.157798
2022-977777,2022-08-30,Vente,61800,6,RUE DE BELFORT,59122000BX0162,Maison,71,3.229264,50.167992
2022-977787,2022-10-03,Vente,65500,1188,AV DU CATEAU,59122000BI0167,Appartement,43,3.262474,50.168121
2022-977789,2022-09-30,Vente,158500,38,RUE DE NAVES,59122000AZ0496,Appartement,35,3.250985,50.181994
2022-977789,2022-09-30,Vente,158500,38,RUE DE NAVES,59122000AZ0496,Appartement,65,3.250985,50.181994
2022-977789,2022-09-30,Vente,158500,38,RUE DE NAVES,59122000AZ0496,Appartement,55,3.250985,50.181994
2022-977836,2022-09-23,Vente,145000,12,RUE DES POCHONNETS,59122000AT0188,Maison,52,3.235925,50.171716
2022-977838,2022-09-23,Vente,75000,122,RUE DE CAUDRY,59122000BL0293,Maison,60,3.248029,50.170239
2022-977841,2022-09-26,Vente,122000,74,RUE SAINT-GEORGES,59122000AT0329,Appartement,67,3.236449,50.168249
2022-977870,2022-09-05,Vente,312000,20,RUE DES POCHONNETS,59122000AT0185,Appartement,156,3.235948,50.171385
2022-977891,2022-09-27,Vente,135000,18,RUE DES ALPES,59122000BO0291,Maison,89,3.264571,50.155949
2022-977906,2022-10-04,Vente,118000,3,RUE DE LA PAIX,59122000BC0029,Maison,82,3.257667,50.182702
2022-977944,2022-09-09,Vente,135000,46,ALL SAINT-ROCH,59122000AM0296,Maison,121,3.241715,50.181684
2022-977998,2022-09-08,Vente,115000,31,RUE D ARTOIS,59122000BP0505,Maison,78,3.254815,50.159155
2022-978016,2022-09-13,Vente,110000,17,RUE DE BAVAY,59122000AZ0222,Maison,76,3.251994,50.179768
2022-978022,2022-09-26,Vente,196780,1,RUE DE MONTMORENCY,59122000CL0385,Maison,129,3.232667,50.159699
2022-978092,2022-09-29,Vente,95000,2,RUE DES RECOLLETS,59122000AS0093,Appartement,75,3.227027,50.176198
2022-978097,2022-09-15,Vente,115000,6,RUE DE PROVENCE,59122000BP0353,Maison,78,3.25643,50.157644
2022-978114,2022-09-30,Vente,214200,61,BD FAIDHERBE,59122000AP0055,Appartement,114,3.233713,50.17981
2022-978132,2022-09-30,Vente,95000,7,RUE DES BOUCHERS,59122000AP0358,Appartement,66,3.236404,50.175862
2022-978134,2022-09-30,Vente,162500,12,RUE D ARRAS,59122000AD0055,Appartement,33,3.215217,50.178144
2022-978134,2022-09-30,Vente,162500,12,RUE D ARRAS,59122000AD0055,Appartement,28,3.215217,50.178144
2022-978134,2022-09-30,Vente,162500,12,RUE D ARRAS,59122000AD0055,Appartement,33,3.215217,50.178144
2022-978164,2022-09-23,Vente,108000,5,RUE DU ROUSSILLON,59122000BP0107,Maison,82,3.255885,50.160358
2022-978188,2022-09-29,Vente,121000,106,AV DE DUNKERQUE,59122000AN0008,Maison,90,3.234184,50.183169
2022-978223,2022-10-07,Vente,150000,5,RUE CHAMP DE MANOEUVRES,59122000AN0261,Maison,102,3.240836,50.181795
2022-978244,2022-09-26,Vente,53000,12,RUE DELPHIN DUTEMPLE,59122000AP0247,Appartement,22,3.233999,50.178036
2022-978277,2022-10-06,Vente,135000,6,BD JEAN BART,59122000AR0003,Maison,87,3.222817,50.176937
2022-978282,2022-09-30,Vente,103000,13,RUE SAINT-GERY,59122000AP0247,Appartement,69,3.233999,50.178036
2022-978311,2022-09-27,Vente,80000,165,RUE GAUTHIER,59122000BM0460,Maison,118,,
2022-978316,2022-10-10,Vente,351900,49,RUE DES CAPUCINS,59122000AR0152,Maison,128,3.230767,50.179716
2022-978331,2022-09-23,Vente,175000,13,RUE D ESPAGNE,59122000BR0361,Maison,87,3.258673,50.155795
2022-978353,2022-10-11,Vente,59000,64,RUE DES CAPUCINS,59122000AP0114,Maison,127,3.231368,50.18003
2022-978357,2022-09-19,Vente,200000,9,RUE DE GASCOGNE,59122000BP0593,Maison,103,3.259329,50.157485
2022-978357,2022-09-19,Vente,200000,9,RUE DE GASCOGNE,59122000BP0593,Maison,103,3.259329,50.157485
2022-978362,2022-09-27,Vente,98000,59,RUE DE SOLESMES,59122000AX0043,Appartement,42,3.24867,50.179324
2022-978464,2022-09-29,Vente,167000,17,GR GDE RUE VANDERBURCH,59122000AP0911,Appartement,30,3.231636,50.176874
2022-978464,2022-09-29,Vente,167000,17,GR GDE RUE VANDERBURCH,59122000AP0911,Maison,43,3.231636,50.176874
2022-978464,2022-09-29,Vente,167000,17,GR GDE RUE VANDERBURCH,59122000AP0911,Maison,29,3.231636,50.176874
2022-978464,2022-09-29,Vente,167000,17,GR GDE RUE VANDERBURCH,59122000AP0911,Appartement,60,3.231636,50.176874
2022-978465,2022-09-28,Vente,360000,17,AV DU QUESNOY,59122000AM0338,Appartement,44,3.24191,50.180583
2022-978465,2022-09-28,Vente,360000,17,AV DU QUESNOY,59122000AM0338,Appartement,50,3.24191,50.180583
2022-978465,2022-09-28,Vente,360000,17,AV DU QUESNOY,59122000AM0338,Appartement,35,3.24191,50.180583
2022-978465,2022-09-28,Vente,360000,17,AV DU QUESNOY,59122000AM0338,Appartement,39,3.24191,50.180583
2022-978465,2022-09-28,Vente,360000,17,AV DU QUESNOY,59122000AM0338,Appartement,72,3.24191,50.180583
2022-978465,2022-09-28,Vente,360000,17,AV DU QUESNOY,59122000AM0338,Appartement,62,3.24191,50.180583
2022-978468,2022-09-30,Vente,401000,43,BD FAIDHERBE,59122000AP1098,Appartement,83,3.234506,50.17922
2022-978468,2022-09-30,Vente,401000,43,BD FAIDHERBE,59122000AP1098,Appartement,101,3.234506,50.17922
2022-978494,2022-09-19,Vente,100000,15,RUE DE LA CITADELLE,59122000AP0465,Appartement,45,3.237903,50.174913
2022-978496,2022-10-07,Vente,50000,41,RUE DES ANGLAISES,59122000AP0106,Maison,46,3.231506,50.180107
2022-978516,2022-10-10,Vente,20000,81,RUE DE TOURCOING,59122000AN0097,Maison,75,3.24071,50.184272
2022-978536,2022-10-13,Vente,160000,22,RUE DU HUIT MAI,59122000AS0134,Appartement,48,3.230809,50.17522
2022-978570,2022-10-03,Vente,147000,36,RUE D AWOINGT,59122000BK0463,Maison,102,3.250132,50.17091
2022-978593,2022-10-12,Vente,51281.61,3,PL DU MARECHAL LECLERC,59122000AP0973,Appartement,41,3.239361,50.175432
2022-978615,2022-10-06,Vente,152000,7,RUE DES CHAUDRONNIERS,59122000AP0324,Maison,80,3.236041,50.17658
2022-978660,2022-10-04,Vente,119700,5,RUE DE LISBONNE,59122000BN0394,Maison,69,3.259316,50.163166
2022-978682,2022-10-14,Vente,112000,371,RUE BERTRAND MILCENT,59122000BZ0111,Maison,91,3.225399,50.169454
2022-978707,2022-10-17,Vente,117000,109,AV DE VALENCIENNES,59122000AM0174,Maison,76,3.247752,50.181498
2022-978717,2022-10-19,Vente,76000,12,VC RAG CRX A POTERIES,59122000AT0162,Appartement,70,3.236905,50.172365
2022-978762,2022-09-29,Vente,110000,41,RUE DU HAINAUT,59122000BK0074,Maison,120,3.249302,50.173235
2022-978764,2022-09-28,Vente,194500,8,RUE DE COLMAR,59122000BK0356,Appartement,60,3.249548,50.172204
2022-978764,2022-09-28,Vente,194500,8,RUE DE COLMAR,59122000BK0356,Appartement,15,3.249548,50.172204
2022-978764,2022-09-28,Vente,194500,8,RUE DE COLMAR,59122000BK0356,Appartement,11,3.249548,50.172204
2022-978764,2022-09-28,Vente,194500,8,RUE DE COLMAR,59122000BK0356,Appartement,15,3.249548,50.172204
2022-978764,2022-09-28,Vente,194500,8,RUE DE COLMAR,59122000BK0356,Appartement,17,3.249548,50.172204
2022-978768,2022-09-30,Vente,45000,9,RUE ST LAZARE,59122000AR0050,Appartement,50,3.228036,50.17921
2022-978794,2022-10-13,Vente,120000,43,AV MICHELET,59122000AW0304,Maison,70,3.247607,50.174417
2022-978825,2022-10-13,Vente,45000,20,RUE DE BAPAUME,59122000AD0352,Maison,73,3.211885,50.178082
2022-978837,2022-10-05,Vente,120000,6,RUE DU CHARRON,59122000BK0193,Maison,90,3.255999,50.170578
2022-978840,2022-10-11,Vente,40000,115,AV DE VALENCIENNES,59122000AM0177,Maison,83,3.247947,50.181554
2022-978847,2022-10-06,Vente,165000,16,RUE DE NIERGNIES,59122000BS0492,Maison,111,3.243111,50.159289
2022-978859,2022-10-11,Vente,148000,6,CHE DE BOURLON,59122000AD0119,Maison,90,3.209659,50.177748
2022-978884,2022-09-28,Vente,76000,119,RUE DE COLMAR,59122000BK0197,Maison,88,3.255509,50.170643
2022-978896,2022-10-19,Vente,286000,5,RUE SAINT VAAST,59122000AP0789,Maison,283,3.231537,50.177593
2022-978899,2022-10-19,Vente,75000,190,RUE GAUTHIER,59122000BP0806,Maison,76,3.255912,50.161992
2022-978915,2022-10-26,Vente,199500,16,RUE DU HAINAUT,59122000BK0017,Maison,115,3.24842,50.173864
2022-978961,2022-10-14,Vente,228000,78,ALL SAINT-ROCH,59122000AM0004,Maison,146,3.243452,50.183938
2022-978975,2022-10-20,Vente,360000,54,BD FAIDHERBE,59122000AO0133,Appartement,130,3.236355,50.179159
2022-978982,2022-10-26,Vente,110000,8,RUE DE L AIGUILLE,59122000AS0304,Appartement,49,3.23091,50.173797
2022-978982,2022-10-26,Vente,110000,8,RUE DE L AIGUILLE,59122000AS0304,Appartement,49,3.23091,50.173797
2022-978982,2022-10-26,Vente,110000,8,RUE DE L AIGUILLE,59122000AS0304,Appartement,49,3.23091,50.173797
2022-979011,2022-10-06,Vente,111900,32,RUE DE NAVES,59122000AZ0358,Maison,80,3.250775,50.181838
2022-979027,2022-10-19,Vente,157000,143,RUE LEVEQUE,59122000AL0147,Maison,105,3.24822,50.186036
2022-979029,2022-10-04,Vente,73000,47,RUE DE MOSCOU,59122000BN0210,Maison,86,3.262142,50.160812
2022-979080,2022-10-14,Vente,145000,52,RUE CANTIMPRE,59122000AR0341,Appartement,35,3.223603,50.176783
2022-979080,2022-10-14,Vente,145000,52,RUE CANTIMPRE,59122000AR0341,Appartement,35,3.223603,50.176783
2022-979127,2022-10-26,Vente,87000,17,RUE TAVELLE,59122000AS0142,Appartement,60,3.231571,50.175503
2022-979338,2022-10-31,Vente,180000,29,BD VAUBAN,59122000AW0092,Appartement,74,3.242955,50.174064
2022-979345,2022-11-03,Vente,62000,1188,AV DU CATEAU,59122000BI0167,Appartement,42,3.262474,50.168121
2022-979473,2022-11-15,Vente,177500,20,PLACE ROBERT LEROY,59122000AT0103,Maison,142,3.236058,50.173689
2022-979481,2022-10-18,Vente,55000,42,RUE ABBAYE DE VAUCELLES,59122000CH0048,Maison,72,3.228941,50.163829
2022-979483,2022-10-18,Vente,200000,31,RUE PDT RENE COTY,59122000CD0023,Maison,149,3.212217,50.16697
2022-979501,2022-10-17,Vente,110000,9,PL DU DAUPHINE,59122000BP0270,Maison,78,3.259141,50.158812
2022-979536,2022-11-14,Vente,96000,113,AV DE VALENCIENNES,59122000AM0176,Maison,66,3.247986,50.181496
2022-979550,2022-11-03,Vente,98000,292,RUE DE LANDRECIES,59122000AW0023,Maison,81,3.246004,50.175825
2022-979589,2022-10-31,Vente,133600,99,RUE DE BONAVIS,59122000CL0090,Maison,76,3.23192,50.15999
2022-979594,2022-10-20,Vente,135000,20,IMP DU CANAL,59122000AI0071,Maison,84,3.226377,50.183562
2022-979672,2022-11-03,Vente,120000,74,AV DE VALENCIENNES,59122000AX0006,Maison,81,3.248477,50.181066
2022-979676,2022-11-03,Vente,100000,106,AV DU CATEAU,59122000BK0728,Appartement,75,3.250001,50.174
2022-979682,2022-10-28,Vente,129900,15,RUE GAUTHIER,59122000BL0247,Maison,113,3.244691,50.167611
2022-979718,2022-11-14,Vente,83000,11,RUE DU CALVADOS,59122000BP0709,Maison,80,3.25464,50.1604
2022-979719,2022-11-18,Vente,110000,99,RUE DE PERONNE,59122000BW0391,Maison,76,3.230507,50.166782
2022-979746,2022-11-08,Vente,72200,53,RUE SAINT-FIACRE,59122000AS0545,Maison,58,3.227448,50.173148
2022-979812,2022-11-02,Vente,21000,5,SQ DE LA CHOQUE,59122000AP0431,Appartement,12,3.236301,50.175125
2022-979814,2022-11-08,Vente,80000,44,RUE DE BAPAUME,59122000AD0126,Maison,56,3.210056,50.177656
2022-979832,2022-11-10,Vente,38500,29,BD FAIDHERBE,59122000AP0211,Appartement,36,3.23551,50.178409
2022-979834,2022-11-15,Vente,132000,96,RUE D AWOINGT,59122000BK0433,Maison,65,3.253171,50.169324
2022-979849,2022-11-16,Vente,123000,14,RUE DE LA MADELEINE,59122000AT0109,Maison,81,3.235606,50.173515
2022-979948,2022-11-21,Vente,190000,3,RUE DE PREMY,59122000AS0763,Appartement,117,3.227309,50.174642
2022-980012,2022-11-30,Vente,76900,1,RUE DE LA RENAISSANCE,59122000BC0029,Appartement,49,3.257667,50.182702
2022-980071,2022-11-24,Vente,137700,28,RUE DE L ABBE EDOUARD THULIEZ,59122000BR0145,Maison,76,3.251224,50.157953
2022-980124,2022-11-30,Vente,305000,45,RUE DE SOLESMES,59122000AX0768,Appartement,78,3.246416,50.178782
2022-980124,2022-11-30,Vente,305000,45,RUE DE SOLESMES,59122000AX0768,Appartement,109,3.246416,50.178782
2022-980124,2022-11-30,Vente,305000,45,RUE DE SOLESMES,59122000AX0768,Appartement,70,3.246416,50.178782
2022-980126,2022-11-16,Vente,223900,4,RUE DES ANGLAISES,59122000AP0067,Appartement,140,3.233706,50.17906
2022-980217,2022-11-23,Vente,123000,35,RUE DU MARAIS CANTIMPRE,59122000AE0003,Maison,46,3.216929,50.173117
2022-980227,2022-11-30,Vente,126000,76,RUE D AWOINGT,59122000BK0440,Maison,81,3.252217,50.169621
2022-980298,2022-11-29,Vente,72000,7,RUE ST LAZARE,59122000AR0050,Appartement,64,3.228036,50.17921
2022-980344,2022-11-28,Vente,310000,8,AV MICHELET,59122000AW0221,Maison,190,3.244935,50.173094
2022-980349,2022-11-28,Vente,279000,19,ALL SAINT-ROCH,59122000AO0062,Maison,186,3.240009,50.180577
2022-980380,2022-11-10,Vente,55000,12,AV FRANCOIS MITTERRAND,59122000AE0045,Appartement,94,3.217827,50.17713
2022-980392,2022-11-30,Vente,110000,20,RUE DE SAINTE-OLLE,59122000AD0011,Maison,153,3.21375,50.179648
2022-980392,2022-11-30,Vente,110000,20,RUE DE SAINTE-OLLE,59122000AD0011,Maison,153,3.21375,50.179648
2022-980403,2022-11-10,Vente,125000,7,PL DU NEUF OCTOBRE,59122000AP0628,Appartement,109,3.232289,50.176147
2022-980513,2022-11-15,Vente,59000,47,RUE DE CAUDRY,59122000BL0221,Maison,75,3.244697,50.168515
2022-980550,2022-12-05,Vente,220000,620,RUE BERTRAND MILCENT,59122000BY0163,Maison,90,3.221858,50.169105
2022-980555,2022-12-05,Vente,153000,7,RUE DES PROCESSIONS,59122000BW0364,Maison,80,3.23081,50.166346
2022-980556,2022-12-07,Vente,205000,19,RUE DU PRE D ESPAGNE,59122000AT0663,Appartement,154,3.234595,50.170185
2022-980581,2022-11-30,Vente,185000,4,RUE DELPHIN DUTEMPLE,59122000AP0252,Maison,145,3.234334,50.177686
2022-980586,2022-12-01,Vente,50000,29,BD FAIDHERBE,59122000AP0211,Appartement,42,3.23551,50.178409
2022-980662,2022-11-16,Vente,240000,8,RUE DES FEUTRIERS,59122000AR0270,Maison,108,3.226716,50.176746
2022-980669,2022-12-01,Vente,90000,13,RUE SAINT-JACQUES,59122000AP0467,Appartement,59,3.237495,50.174733
2022-980688,2022-12-07,Vente,120000,26,RUE D ESNES,59122000BT0192,Maison,67,3.247709,50.161016
2022-980691,2022-12-05,Vente,62200,43,RUE DES ANGLAISES,59122000AP0107,Maison,46,3.23147,50.180125
2022-980694,2022-12-05,Vente,109000,12,RUE DELPHIN DUTEMPLE,59122000AP0247,Appartement,72,3.233999,50.178036
2022-980694,2022-12-05,Vente,109000,12,RUE DU HUIT MAI,59122000AS0161,Maison,126,3.231454,50.174994
2022-980697,2022-12-14,Vente,88000,45,AV DE DUNKERQUE,59122000AO0003,Appartement,57,3.236373,50.180897
2022-980699,2022-11-18,Vente,40000,1,ALL SAINT-ROCH,59122000AO0221,Appartement,21,3.239348,50.179476
2022-980713,2022-12-07,Vente,75000,721,AV DE PARIS,59122000CH0021,Maison,68,3.228574,50.163928
2022-980794,2022-11-25,Vente,63500,1,ALL SAINT-ROCH,59122000AO0221,Appartement,21,3.239348,50.179476
2022-980812,2022-12-12,Vente,100000,95,RUE DE MASNIERES,59122000BW0146,Maison,65,3.232258,50.163538
2022-980812,2022-12-12,Vente,100000,95,RUE DE MASNIERES,59122000BW0146,Maison,65,3.232258,50.163538
2022-980814,2022-11-26,Vente,75000,2,RUE DU MARCHE AUX POISSONS,59122000AR0200,Appartement,52,3.229538,50.177643
2022-980814,2022-11-26,Vente,75000,2,RUE DU MARCHE AUX POISSONS,59122000AR0200,Appartement,70,3.229538,50.177643
2022-980814,2022-11-26,Vente,75000,2,RUE DU MARCHE AUX POISSONS,59122000AR0200,Appartement,52,3.229538,50.177643
2022-980814,2022-11-26,Vente,75000,2,RUE DU MARCHE AUX POISSONS,59122000AR0200,Appartement,20,3.229538,50.177643
2022-980823,2022-12-06,Vente,71135,2,RUE AUX CHIENS,59122000CH0024,Maison,66,3.228528,50.164149
2022-980891,2022-12-16,Vente,60000,115,AV DE VALENCIENNES,59122000AM0177,Maison,83,3.247947,50.181554
2022-980893,2022-12-15,Vente,174000,22,RUE ANATOLE FRANCE,59122000BM0104,Maison,83,3.256257,50.164976
2022-980896,2022-12-09,Vente,375000,3,RUE VAUCELETTE,59122000AS0274,Maison,170,3.229128,50.174495
2022-980907,2022-12-09,Vente,95000,59,RUE DE SOLESMES,59122000AX0043,Appartement,44,3.24867,50.179324
2022-980919,2022-12-16,Vente,134900,51,RUE DU PREMIER DE LIGNE,59122000AN0052,Maison,86,3.237792,50.18412
2022-980947,2022-12-09,Vente,173947,6,BD BERLAIMONT,59122000AT0278,Appartement,111,3.237498,50.168807
2022-980950,2022-11-30,Vente,125000,19,RUE DES RATELOTS,59122000AS0175,Appartement,40,3.229712,50.175115
2022-980950,2022-11-30,Vente,125000,19,RUE DES RATELOTS,59122000AS0175,Appartement,63,3.229712,50.175115
2022-980950,2022-11-30,Vente,125000,19,RUE DES RATELOTS,59122000AS0175,Appartement,77,3.229712,50.175115
2022-980953,2022-12-02,Vente,160000,58,RUE DU PETIT BOIS,59122000BW0313,Maison,132,3.234085,50.165437
2022-980961,2022-11-29,Vente,245000,26,AV JULES FERRY,59122000AV0019,Appartement,60,3.245369,50.17155
2022-980962,2022-11-30,Vente,171000,10,RUE DE LISBONNE,59122000BN0370,Maison,91,3.259295,50.162631
2022-980975,2022-12-14,Vente,229000,10,RUE DELPHIN DUTEMPLE,59122000AP0249,Appartement,60,3.234101,50.177845
2022-980975,2022-12-14,Vente,229000,10,RUE DELPHIN DUTEMPLE,59122000AP0249,Appartement,55,3.234101,50.177845
2022-980975,2022-12-14,Vente,229000,10,RUE DELPHIN DUTEMPLE,59122000AP0249,Appartement,55,3.234101,50.177845
2022-980975,2022-12-14,Vente,229000,10,RUE DELPHIN DUTEMPLE,59122000AP0249,Appartement,55,3.234101,50.177845
2022-981007,2022-12-13,Vente,240000,13,BD PAUL BEZIN,59122000AV0041,Appartement,116,3.241102,50.172583
2022-981008,2022-12-16,Vente,120000,18,RUE DE BRETAGNE,59122000BP0738,Maison,77,3.254221,50.161965
2022-981011,2022-12-19,Vente,450000,49,BD FAIDHERBE,59122000AP0059,Maison,266,3.234181,50.179352
2022-981011,2022-12-19,Vente,450000,49,BD FAIDHERBE,59122000AP0059,Maison,266,3.234181,50.179352
2022-981012,2022-12-16,Vente,129000,25,RUE DE BRUXELLES,59122000BN0313,Maison,78,3.261583,50.163548
2022-981027,2022-12-08,Vente,140500,106,RUE DE BONAVIS,59122000CH0073,Maison,76,3.227656,50.16099
2022-981028,2022-11-30,Vente,230000,15,BD FAIDHERBE,59122000AP0370,Maison,76,3.237857,50.176756
2022-981030,2022-12-22,Vente,135000,24,RUE DE LILLE,59122000AW0140,Maison,96,3.23927,50.177129
2022-981034,2022-12-09,Vente,110000,94,RUE DE CANTAING,59122000CH0159,Maison,88,3.232197,50.160746
2022-981036,2022-12-02,Vente,157900,33,RUE ABBAYE DE VAUCELLES,59122000BW0078,Maison,56,3.230577,50.165572
2022-981041,2022-12-13,Vente,105000,15,RUE DE FRANCHE-COMTE,59122000BP0248,Maison,78,3.259935,50.159515
2022-981083,2022-12-16,Vente,140400,33,RUE DE GOUZEAUCOURT,59122000CL0176,Maison,76,3.226592,50.160506
2022-981084,2022-12-17,Vente,100000,349,AV DU CATEAU,59122000AY0193,Maison,112,3.253075,50.173104
2022-981148,2022-12-16,Vente,183000,21,RUE DE BOURGOGNE,59122000BP0143,Maison,115,3.258239,50.160183
2022-981166,2022-12-23,Vente,129400,13,RUE DES PROCESSIONS,59122000BW0361,Maison,57,3.231138,50.166327
2022-981173,2022-12-22,Vente,191000,61,RUE D AWOINGT,59122000BK0387,Maison,80,3.251469,50.17094
2022-981174,2022-12-07,Vente,1500000,84,AV DE VALENCIENNES,59122000AX0001,Appartement,64,3.249097,50.181412
2022-981174,2022-12-07,Vente,1500000,84,AV DE VALENCIENNES,59122000AX0001,Appartement,43,3.249097,50.181412
2022-981174,2022-12-07,Vente,1500000,82,AV DE VALENCIENNES,59122000AX0850,Maison,185,3.249043,50.181142
2022-981226,2022-12-20,Vente,76000,60,AV VICTOR HUGO,59122000AY0257,Appartement,51,3.25512,50.175763
2022-981259,2022-12-09,Vente,46000,51,RUE SAINT-FIACRE,59122000AS0546,Maison,47,3.227511,50.173127
2022-981261,2022-12-20,Vente,136500,119,AV DE VALENCIENNES,59122000AM0499,Appartement,63,3.248278,50.181652
2022-981268,2022-12-07,Vente,228670,519,RUE DE NOYELLES,59122000BX0231,Maison,182,3.221642,50.166571
2022-981268,2022-12-07,Vente,228670,519,RUE DE NOYELLES,59122000BX0231,Maison,182,3.221642,50.166571
2022-981287,2022-12-21,Vente,160000,36,BD FAIDHERBE,59122000AW0300,Appartement,89,3.237977,50.177718
2022-981349,2022-12-20,Vente,147500,45,RUE ALEXIS CUVELIER,59122000BL0369,Maison,102,3.24989,50.16796
2022-981361,2022-12-21,Vente,121500,61,RUE DE BAPAUME,59122000AD0253,Maison,54,3.208847,50.176897
2022-981372,2022-12-19,Vente,105000,18,RUE DE LA GRANDE JUSTICE,59122000AX0419,Maison,90,3.24663,50.176644
2022-981384,2022-12-20,Vente,378000,52,AV DE VALENCIENNES,59122000AX0912,Appartement,96,3.246364,50.180491
2022-981384,2022-12-20,Vente,378000,52,AV DE VALENCIENNES,59122000AX0912,Appartement,75,3.246364,50.180491
2022-981384,2022-12-20,Vente,378000,52,AV DE VALENCIENNES,59122000AX0912,Appartement,95,3.246364,50.180491
2022-981384,2022-12-20,Vente,378000,52,AV DE VALENCIENNES,59122000AX0912,Appartement,96,3.246364,50.180491
2022-981384,2022-12-20,Vente,378000,52,AV DE VALENCIENNES,59122000AX0912,Appartement,60,3.246364,50.180491
2022-981405,2022-12-29,Vente,114000,104,RUE DES PIERRES JUMELLES,59122000AX0642,Appartement,68,3.244832,50.179419
2022-981428,2022-12-15,Vente,440000,8,RUE TAVELLE,59122000AP0612,Appartement,30,3.232248,50.175583
2022-981428,2022-12-15,Vente,440000,8,RUE TAVELLE,59122000AP0612,Appartement,30,3.232248,50.175583
2022-981428,2022-12-15,Vente,440000,8,RUE TAVELLE,59122000AP0612,Appartement,50,3.232248,50.175583
2022-981428,2022-12-15,Vente,440000,8,RUE TAVELLE,59122000AP0612,Appartement,33,3.232248,50.175583
2022-981428,2022-12-15,Vente,440000,8,RUE TAVELLE,59122000AP0612,Appartement,33,3.232248,50.175583
2022-981428,2022-12-15,Vente,440000,8,RUE TAVELLE,59122000AP0612,Appartement,45,3.232248,50.175583
2022-981428,2022-12-15,Vente,440000,8,RUE TAVELLE,59122000AP0612,Appartement,35,3.232248,50.175583
2022-981585,2022-12-14,Vente,269000,48,RUE D ARRAS,59122000AD0076,Maison,109,3.213264,50.17889
2022-981779,2022-12-29,Vente,250000,62,BD FAIDHERBE,59122000AO0249,Maison,115,3.236132,50.179719
2022-981800,2022-12-30,Vente,75000,16,RUE SAINT-GEORGES,59122000AT0640,Appartement,80,3.234365,50.171644
2022-981886,2022-12-30,Vente,250000,92,RUE SAINT-GEORGES,59122000AT0320,Maison,107,3.237122,50.167642
2022-981894,2022-12-19,Vente,250000,64,RUE DES ANGLAISES,59122000AP0042,Appartement,102,3.231692,50.180401
2022-981894,2022-12-19,Vente,250000,64,RUE DES ANGLAISES,59122000AP0042,Appartement,40,3.231692,50.180401
2022-981894,2022-12-19,Vente,250000,64,RUE DES ANGLAISES,59122000AP0042,Appartement,58,3.231692,50.180401
2022-981923,2022-10-21,Adjudication,58000,11,RUE JEAN GOUDE,59122000AD0036,Maison,92,3.217246,50.178636
2022-981946,2022-12-16,Adjudication,83000,1245,AV DE PARIS,59122000CL0192,Maison,121,3.22554,50.159625
