id_mutation,date_mutation,nature_mutation,valeur_fonciere,adresse_numero,adresse_nom_voie,id_parcelle,type_local,surface_reelle_bati,longitude,latitude
2025-750650,2025-01-08,Vente,89800,38,RUE ALBERT CALMETTE,59139000AI0038,Maison,75,3.422058,50.128179
2025-750802,2025-01-15,Vente,174100,35,RUE DE SAINT QUENTIN,59139000AR1119,Appartement,48,3.411862,50.121634
2025-750802,2025-01-15,Vente,174100,35,RUE DE SAINT QUENTIN,59139000AR1119,Appartement,45,3.411862,50.121634
2025-750803,2025-01-22,Vente,168000,10,RUE FRANCOIS DE MALHERBE,59139000AC0165,Maison,100,3.407057,50.132624
2025-751025,2025-01-27,Vente,56000,62,RUE HENRI BARBUSSE,59139000AZ0032,Maison,80,3.406901,50.11804
2025-751033,2025-01-06,Vente,142000,6,RUE GABRIEL PERI,59139000AI0086,Maison,81,3.418506,50.127311
2025-751036,2025-01-08,Vente,52500,35,RUE LEON BLUM,59139000AE0202,Maison,40,3.415249,50.126998
2025-751037,2025-01-28,Vente,60000,5,RUE JEAN BAPTISTE CLEMENT,59139000AZ0063,Maison,79,3.408745,50.117744
2025-751046,2025-01-31,Vente,38000,37,RUE JEAN LEBAS,59139000AR0607,Maison,83,3.405207,50.119626
2025-751053,2025-01-27,Vente,63300,20,RUE DE CALAIS,59139000AO0094,Maison,91,3.416523,50.125685
2025-751097,2025-01-29,Vente,50000,26,RUE DE FOURMIES,59139000AP0056,Maison,62,3.418861,50.121455
2025-751122,2025-01-30,Vente,116600,13,RUE DE DUNKERQUE,59139000AO0148,Maison,75,3.417853,50.126419
2025-751288,2025-01-30,Vente,131000,7,RUE JEAN DE LA FONTAINE,59139000AP0603,Maison,80,3.420408,50.119791
2025-751291,2025-02-01,Vente,66000,10,RUE DU QUATORZE JUILLET,59139000AY0330,Maison,47,3.404889,50.117985
2025-751396,2025-02-03,Vente,159000,57,AV JULES GUESDE,59139000AS0492,Maison,146,3.407012,50.124337
2025-751614,2025-02-03,Vente,128000,21,RUE MOLIERE,59139000AP0736,Maison,83,3.421826,50.11804
2025-751621,2025-01-31,Vente,142500,48,RUE ANATOLE FRANCE,59139000AZ0670,Maison,120,3.414136,50.118029
2025-751686,2025-02-20,Vente,67000,20,RUE CHARLES GIDE,59139000BC0238,Appartement,58,3.4065,50.111422
2025-751724,2025-02-17,Vente,50000,26,RUE FENELON,59139000BE0560,Maison,88,3.421809,50.1165
2025-751763,2025-02-18,Vente,90000,210,RUE ARISTIDE BRIAND,59139000AP0171,Maison,106,3.423807,50.121001
2025-751776,2025-02-18,Vente,126150,97,RUE MAL DELATTRE DE TASSIGNY,59139000AP0521,Maison,80,3.417547,50.117624
2025-751814,2025-02-28,Vente,66500,42,RUE AUGUSTE BLANQUI,59139000AD0287,Maison,89,3.402887,50.130728
2025-751949,2025-02-20,Vente,71000,10,RUE JACQUARD,59139000AS0844,Appartement,74,3.409761,50.125228
2025-751955,2025-02-25,Vente,60000,16,RUE DE LIGNY,59139000AY0053,Maison,86,3.401771,50.120504
2025-752021,2025-02-27,Vente,72500,4,RUE DE BRUXELLES,59139000AE0604,Maison,51,3.406581,50.128139
2025-752031,2025-02-28,Vente,82000,63,RUE DU BASSIN DES EAUX,59139000AZ0351,Maison,80,3.413656,50.115024
2025-752036,2025-03-03,Vente,75000,70,RUE DE DUNKERQUE,59139000AO0438,Maison,76,3.415875,50.124464
2025-752050,2025-03-03,Vente,304600,145,RUE DE SAINT QUENTIN,59139000AZ0380,Maison,135,3.411161,50.11626
2025-752050,2025-03-03,Vente,304600,145,RUE DE SAINT QUENTIN,59139000AZ0380,Maison,135,3.411161,50.11626
2025-752056,2025-02-28,Vente,33800,28,RUE VICTOR HUGO,59139000AR0119,Maison,76,3.41022,50.12205
2025-752094,2025-03-07,Vente,40000,17,RUE CHARLES GIDE,59139000BD0350,Appartement,34,3.40472,50.110401
2025-752131,2025-03-11,Vente,38000,20,RUE CHARLES GIDE,59139000BC0238,Appartement,36,3.4065,50.111422
2025-752172,2025-02-22,Vente,75000,24,RUE KARL MARX,59139000AY0357,Maison,81,3.404997,50.116927
2025-752216,2025-03-01,Vente,96000,61,RUE CAMILLE GUERIN,59139000AI0341,Maison,73,3.42142,50.13055
2025-752227,2025-03-11,Vente,158000,64,RUE KARL MARX,59139000AY0671,Maison,89,3.404373,50.11581
2025-752270,2025-03-13,Vente,75000,158,RUE DE LA REPUBLIQUE,59139000AC0072,Maison,96,3.404058,50.130728
2025-752370,2025-03-03,Vente,250000,16,RUE ALFRED MELAYERS,59139000AE0401,Maison,213,3.412006,50.12693
2025-752370,2025-03-03,Vente,250000,16,RUE ALFRED MELAYERS,59139000AE0401,Maison,213,3.412006,50.12693
2025-752409,2025-02-28,Vente,96990,66,RUE LEON GAMBETTA,59139000AR0563,Maison,99,3.408091,50.119482
2025-752528,2025-03-04,Vente,103000,33,RUE JEAN LEBAS,59139000AR0605,Maison,100,3.405366,50.119703
2025-752530,2025-03-08,Vente,38000,50,RUE VOLTAIRE,59139000AE0521,Maison,100,3.408875,50.128716
2025-752546,2025-03-17,Vente,158000,18,RUE DE BRUXELLES,59139000AE0597,Maison,111,3.407131,50.128357
2025-752653,2025-03-28,Vente,125000,244,RUE DE SAINT QUENTIN,59139000AZ0436,Maison,180,3.409183,50.114261
2025-752698,2025-03-31,Vente,68000,43,RUE DE CAMBRAI,59139000AT0139,Maison,85,3.403964,50.123725
2025-752924,2025-03-28,Vente,260000,32,RUE DE LA REPUBLIQUE,59139000AE0389,Maison,218,3.41118,50.125925
2025-752924,2025-03-28,Vente,260000,32,RUE DE LA REPUBLIQUE,59139000AE0389,Maison,218,3.41118,50.125925
2025-752925,2025-03-27,Vente,75000,93,RUE VOLTAIRE,59139000AE0034,Maison,56,3.410063,50.130321
2025-752927,2025-03-27,Vente,65000,35,BD DU 11 NOVEMBRE 1918,59139000AP0483,Maison,82,3.419946,50.120458
2025-752953,2025-03-13,Vente,39500,262,RUE DE SAINT QUENTIN,59139000BC0586,Maison,80,3.40867,50.113626
2025-752953,2025-03-13,Vente,39500,262,RUE DE SAINT QUENTIN,59139000BC0586,Maison,140,3.40867,50.113626
2025-753034,2025-03-28,Vente,127000,71,BD DU 11 NOVEMBRE 1918,59139000AP0558,Maison,85,3.418836,50.118708
2025-753058,2025-03-28,Vente,43500,156,RUE ARISTIDE BRIAND,59139000AP0160,Maison,90,3.421683,50.121381
2025-753103,2025-04-10,Vente,87500,20,RUE CURIE,59139000AS0768,Appartement,60,3.412646,50.122927
2025-753103,2025-04-10,Vente,87500,20,RUE CURIE,59139000AS0768,Appartement,50,3.412646,50.122927
2025-753103,2025-04-10,Vente,87500,20,RUE CURIE,59139000AS0768,Appartement,66,3.412646,50.122927
2025-753204,2025-03-22,Vente,32500,260,RUE ARISTIDE BRIAND,591390000A0104,Maison,66,3.429341,50.1201
2025-753207,2025-03-21,Vente,77320,42,BD JEAN JAURES,59139000AT0207,Maison,104,3.404338,50.121843
2025-753251,2025-03-28,Vente,40000,8,RUE DE LA LIBERTE,59139000AT0250,Maison,99,3.401752,50.121384
2025-753259,2025-04-03,Vente,120000,223,RUE DE SAINT QUENTIN,59139000BC0588,Maison,88,3.409174,50.113466
2025-753265,2025-04-03,Vente,65000,3,RUE DU BOIS DUPONT,59139000AM0174,Appartement,55,3.424943,50.126172
2025-753282,2025-04-01,Vente,336000,223,RUE DE SAINT QUENTIN,59139000BC0111,Maison,221,3.409167,50.11316
2025-753282,2025-04-01,Vente,336000,223,RUE DE SAINT QUENTIN,59139000BC0111,Maison,221,3.409167,50.11316
2025-753282,2025-04-01,Vente,336000,223,RUE DE SAINT QUENTIN,59139000BC0112,Maison,43,3.409381,50.11331
2025-753282,2025-04-01,Vente,336000,223,RUE DE SAINT QUENTIN,59139000BC0112,Maison,43,3.409381,50.11331
2025-753283,2025-04-08,Vente,55000,17,RUE CHARLES GIDE,59139000BD0350,Appartement,41,3.40472,50.110401
2025-753304,2025-04-09,Vente,58000,25,RUE LEAVERS,59139000AE0678,Maison,84,3.409032,50.129496
2025-753391,2025-04-10,Vente,68000,50,RUE LEON BLUM,59139000AO0035,Maison,115,3.416017,50.126744
2025-753393,2025-04-04,Vente,108000,273,RUE ARISTIDE BRIAND,59139000AN0071,Maison,100,3.429128,50.120514
2025-753530,2025-04-15,Vente,80000,108,RUE DE BRUXELLES,59139000AH0105,Maison,69,3.411909,50.13213
2025-753589,2025-04-16,Vente,81050,15,BD DU 11 NOVEMBRE 1918,59139000AP0473,Maison,82,3.42028,50.121152
2025-753732,2025-04-30,Vente,200000,28,RUE BEETHOVEN,59139000ZC0126,Maison,100,3.405128,50.107925
2025-753769,2025-04-19,Vente,84500,4,RUE AUPICQ,59139000AP0130,Maison,76,3.420887,50.121341
2025-754059,2025-04-29,Vente,65000,80,RUE ARISTIDE BRIAND,59139000AP0029,Maison,97,3.418038,50.122186
2025-754060,2025-04-28,Vente,135000,2,RUE CLEMENT MAROT,59139000AC0132,Maison,79,3.404842,50.131641
2025-754060,2025-04-28,Vente,135000,2,RUE CLEMENT MAROT,59139000AC0132,Maison,79,3.404842,50.131641
2025-754070,2025-04-18,Vente,90000,129,RUE ARISTIDE BRIAND,59139000AN0124,Maison,90,3.421842,50.121763
2025-754082,2025-04-29,Vente,74800,21,RUE M VAN DER MERSCH,59139000AI0168,Maison,74,3.419202,50.128429
2025-754083,2025-04-29,Vente,78000,116,RUE NEGRIER,59139000AI0357,Maison,76,3.420873,50.131003
2025-754132,2025-04-29,Vente,120000,28,RUE FENELON,59139000BE0561,Maison,88,3.421862,50.116407
2025-754149,2025-04-25,Vente,60400,17,RUE CHARLES GIDE,59139000BD0350,Appartement,35,3.40472,50.110401
2025-754150,2025-04-30,Vente,101000,9,RUE DE VENISE,59139000AH0348,Maison,85,3.415999,50.12966
2025-754239,2025-05-05,Vente,77000,28,RUE AUPICQ,59139000AP0805,Maison,92,3.420199,50.120287
2025-754286,2025-05-07,Vente,118000,11,RUE PIERRE BROSSOLETTE,59139000AI0185,Maison,73,3.418312,50.128443
2025-754312,2025-04-28,Vente,191000,30,RUE EDOUARD MANET,59139000AT0493,Maison,140,3.39856,50.122308
2025-754458,2025-05-07,Vente,55000,2,RUE AUPICQ,59139000AP0129,Maison,85,3.420937,50.121408
2025-754577,2025-05-14,Vente,82000,91,RUE HENRI BARBUSSE,59139000AZ0623,Maison,111,3.406028,50.117827
2025-754636,2025-05-28,Vente,122500,50,RUE STEPHENSON,59139000AO0805,Maison,98,3.420344,50.12603
2025-754670,2025-05-24,Vente,35000,10,IMP PLEZ POSTRY,59139000AR0269,Maison,80,3.414143,50.119934
2025-754716,2025-05-21,Vente,85000,105,RUE DE LA PAIX,59139000AR0391,Maison,108,3.410301,50.119182
2025-754729,2025-05-22,Vente,59500,73,RUE DE LA PAIX,59139000AR0419,Maison,52,3.410406,50.120258
2025-754782,2025-06-03,Vente,103500,15,RUE JEAN RACINE,59139000AP0670,Maison,83,3.421433,50.119343
2025-754901,2025-05-28,Vente,39000,16,RUE DE MALINES,59139000AE0055,Maison,56,3.40996,50.129795
2025-754904,2025-06-03,Vente,60000,7,RUE D ALENCON,59139000AR0882,Maison,72,3.405576,50.121626
2025-754912,2025-05-27,Vente,85000,12,RUE EDGAR QUINET,59139000AS0028,Maison,80,3.406363,50.126009
2025-754950,2025-05-24,Vente,109200,20,RUE DE FOURMIES,59139000AP0059,Maison,104,3.418861,50.121602
2025-754969,2025-05-26,Vente,162000,35,RUE PASTEUR,59139000AP0331,Maison,135,3.414955,50.121066
2025-755047,2025-06-02,Vente,45000,125,RUE DE LA REPUBLIQUE,59139000AD0157,Appartement,35,3.405053,50.128491
2025-755055,2025-06-04,Vente,60000,17,RUE CHARLES GIDE,59139000BD0350,Appartement,35,3.40472,50.110401
2025-755057,2025-06-03,Vente,45000,62,RUE ARISTIDE BRIAND,59139000AP0015,Maison,99,3.416498,50.122303
2025-755114,2025-06-13,Vente,67500,3,RUE DU BOIS DUPONT,59139000AM0174,Maison,55,3.424943,50.126172
2025-755262,2025-06-18,Vente,84000,15,RUE DU CATEAU,59139000AO0746,Maison,85,3.415648,50.125578
2025-755263,2025-05-28,Vente,70000,101,RUE DE VALENCIENNES,59139000AH0053,Maison,70,3.414601,50.130456
2025-755276,2025-06-06,Vente,80000,3,RUE DU BOIS DUPONT,59139000AM0174,Maison,65,3.424943,50.126172
2025-755287,2025-06-10,Vente,158900,199,RUE HENRI BARBUSSE,59139000AT0444,Maison,86,3.400532,50.123218
2025-755287,2025-06-10,Vente,158900,199,RUE HENRI BARBUSSE,59139000AT0444,Maison,86,3.400532,50.123218
2025-755289,2025-06-16,Vente,32000,124,RUE HENRI BARBUSSE,59139000AR0649,Maison,92,3.404489,50.119275
2025-755349,2025-06-10,Vente,70000,3,RUE DU BOIS DUPONT,59139000AM0174,Maison,52,3.424943,50.126172
2025-755500,2025-05-28,Vente,27400,36,RUE MAL DELATTRE DE TASSIGNY,59139000AZ0233,Maison,43,3.414846,50.117024
2025-755527,2025-06-18,Vente,140400,17,RUE FRANCOIS CHARLET,59139000AY0270,Maison,139,3.404008,50.118337
2025-755544,2025-05-27,Vente,49500,61,RUE NEGRIER,59139000AH0611,Appartement,47,3.417144,50.130375
2025-755547,2025-06-13,Vente,250000,7,AV JULES GUESDE,59139000AS0081,Maison,228,3.407577,50.126665
2025-755547,2025-06-13,Vente,250000,7,AV JULES GUESDE,59139000AS0081,Maison,228,3.407577,50.126665
2025-755551,2025-06-25,Vente,52300,19,RUE MICHELET,59139000AT0281,Maison,90,3.400575,50.12166
2025-755556,2025-06-18,Vente,160000,3,RUE DE SAINT QUENTIN,59139000AS0824,Appartement,40,3.411999,50.123704
2025-755556,2025-06-18,Vente,160000,3,RUE DE SAINT QUENTIN,59139000AS0824,Appartement,60,3.411999,50.123704
2025-755604,2025-06-20,Vente,36500,88,RUE DE BRUXELLES,59139000AE0005,Maison,66,3.409554,50.130306
2025-755607,2025-06-11,Vente,60500,106,RUE NEGRIER,59139000AI0324,Maison,61,3.420159,50.130837
2025-755661,2025-06-24,Vente,70100,82,RUE DE BRUXELLES,59139000AE0008,Maison,56,3.409415,50.13017
2025-755667,2025-06-25,Vente,80000,2,RUE ALBERT CAMUS,59139000AI0203,Maison,72,3.417704,50.128074
2025-755671,2025-06-13,Vente,89000,18,RUE ELOI,59139000AE0317,Maison,49,3.413091,50.125657
2025-755749,2025-06-16,Vente,62500,17,RUE CHARLES GIDE,59139000BD0350,Appartement,44,3.40472,50.110401
2025-755760,2025-06-18,Vente,142500,12,RUE DE BRUXELLES,59139000AE0600,Maison,90,3.40693,50.128257
2025-755770,2025-06-18,Vente,80500,26,RUE DU CATEAU,59139000AO0569,Maison,70,3.416552,50.124908
2025-755773,2025-06-26,Vente,57000,39,RUE NEGRIER,59139000AH0617,Maison,131,3.41598,50.129478
2025-755893,2025-06-28,Vente,133810.01,14,RUE NEGRIER,59139000AI0219,Maison,98,3.415419,50.128452
2025-755894,2025-06-27,Vente,90000,20,RUE MOLIERE,59139000BE0646,Maison,88,3.422241,50.117665
2025-755984,2025-06-27,Vente,145800,33,AV HENRI LEFEBVRE,59139000BC0315,Maison,171,3.412514,50.111594
2025-756034,2025-06-23,Vente,35000,7,RUE EDOUARD VAILLANT,59139000AZ0549,Maison,45,3.407231,50.117244
2025-756154,2025-07-04,Vente,305000,14,RUE EDMOND BRICOUT,59139000AS0125,Maison,238,3.408217,50.124549
2025-756154,2025-07-04,Vente,305000,14,RUE EDMOND BRICOUT,59139000AS0125,Maison,238,3.408217,50.124549
2025-756199,2025-07-09,Vente,70000,17,RUE CHARLES GIDE,59139000BD0350,Appartement,44,3.40472,50.110401
2025-756294,2025-07-02,Vente,255000,61,RUE LEON GAMBETTA,59139000AR1238,Appartement,70,3.408649,50.12017
2025-756294,2025-07-02,Vente,255000,61,RUE LEON GAMBETTA,59139000AR1238,Appartement,57,3.408649,50.12017
2025-756294,2025-07-02,Vente,255000,61,RUE LEON GAMBETTA,59139000AR1238,Appartement,59,3.408649,50.12017
2025-756294,2025-07-02,Vente,255000,61,RUE LEON GAMBETTA,59139000AR1238,Appartement,57,3.408649,50.12017
2025-756294,2025-07-02,Vente,255000,61,RUE LEON GAMBETTA,59139000AR1238,Appartement,59,3.408649,50.12017
2025-756304,2025-07-04,Vente,107000,46,RUE JEAN BAPTISTE CLEMENT,59139000AR0969,Maison,169,3.406619,50.118827
2025-756305,2025-07-11,Vente,63000,60,RUE DE SAINT QUENTIN,59139000AR0170,Maison,131,3.411275,50.121844
2025-756320,2025-07-01,Vente,52300,5,RUE DE CALAIS,59139000AO0079,Maison,55,3.415995,50.12553
2025-756376,2025-07-07,Vente,84300,1,RUE DE MALINES,59139000AE0070,Maison,60,3.410295,50.129338
2025-756377,2025-07-07,Vente,61900,8,RTE NATIONALE,59139000AH0223,Maison,105,3.4178,50.132352
2025-756413,2025-06-30,Vente,1400000,23,RUE JEAN JACQUES ROUSSEAU,59139000AE0161,Maison,87,3.412083,50.129044
2025-756413,2025-06-30,Vente,1400000,40,RUE ALFRED MELAYERS,59139000AE0410,Maison,80,3.413036,50.127965
2025-756420,2025-07-05,Vente,69000,3,RUE DU BOIS DUPONT,59139000AM0174,Maison,48,3.424943,50.126172
2025-756527,2025-07-10,Vente,95500,2,RUE AIME NOBLECOURT,59139000AI0151,Maison,102,3.419649,50.128064
2025-756558,2025-07-21,Vente,111000,93,RUE GUSTAVE DELORY,59139000AY0376,Maison,83,3.404495,50.115199
2025-756566,2025-06-30,Vente,38000,18,RUE CHARLES GIDE,59139000BC0238,Appartement,36,3.4065,50.111422
2025-756570,2025-07-11,Vente,68000,13,RUE PASTEUR,59139000AP0303,Maison,106,3.415058,50.121755
2025-756601,2025-07-19,Vente,112900,38,RUE BOILEAU,59139000BE0607,Maison,99,3.42428,50.117825
2025-756602,2025-07-21,Vente,69350,10,RUE NEGRIER,59139000AI0214,Maison,65,3.415206,50.128442
2025-756685,2025-07-23,Vente,113000,12,PL LOUISA POULAIN,591390000A0537,Maison,110,3.440253,50.117997
2025-756811,2025-07-29,Vente,310000,46,AV JULES GUESDE,59139000AS0755,Maison,68,3.406559,50.124546
2025-756877,2025-07-29,Vente,50000,125,RUE DE LA REPUBLIQUE,59139000AD0157,Appartement,45,3.405053,50.128491
2025-756887,2025-07-29,Vente,136550,14,RUE JEAN RACINE,59139000AP0669,Maison,106,3.42114,50.118964
2025-756932,2025-07-29,Vente,130000,5,RUE STEPHENSON,59139000AI0542,Maison,74,3.419468,50.126902
2025-756938,2025-07-24,Vente,127000,14,RUE DE VENISE,59139000AH0395,Maison,68,3.415995,50.13011
2025-756982,2025-08-01,Vente,46000,39,RUE LOUISE MICHEL,59139000AZ0412,Maison,76,3.412728,50.114844
2025-757011,2025-07-31,Vente,75000,22,RUE DE FOURMIES,59139000AP0058,Maison,62,3.418862,50.121559
2025-757037,2025-08-01,Vente,55000,19,RUE DE BELFORT,59139000AR0702,Maison,60,3.404229,50.12048
2025-757045,2025-07-17,Vente,70000,27,RUE JEAN JACQUES ROUSSEAU,59139000AE0159,Maison,108,3.411999,50.129171
2025-757088,2025-08-05,Vente,125000,6,RUE JEAN LEBAS,59139000AR0846,Maison,28,3.406995,50.12078
2025-757317,2025-08-02,Vente,258700,107,RUE GUSTAVE DELORY,59139000AX0207,Maison,115,3.403793,50.115102
2025-757317,2025-08-02,Vente,258700,107,RUE GUSTAVE DELORY,59139000AX0207,Maison,115,3.403793,50.115102
2025-757397,2025-07-25,Vente,53000,118,RUE ARISTIDE BRIAND,59139000AP0089,Maison,57,3.419841,50.121729
2025-757426,2025-07-24,Vente,50000,17,RUE CHARLES GIDE,59139000BD0350,Appartement,35,3.40472,50.110401
2025-757430,2025-07-24,Vente,59000,9001,RUE LAMARTINE,59139000BD0321,Appartement,50,3.402561,50.110966
2025-757833,2025-08-27,Vente,117500,34,RUE ALBERT CALMETTE,59139000AI0040,Maison,75,3.421956,50.127999
2025-757841,2025-08-27,Vente,62000,9001,RUE LAMARTINE,59139000BD0321,Appartement,47,3.402561,50.110966
2025-757982,2025-08-27,Vente,125000,2,IMP PLEZ POSTRY,59139000AR1419,Maison,130,3.413638,50.119947
2025-757983,2025-09-02,Vente,72000,10,RUE JACQUARD,59139000AS0844,Appartement,74,3.409761,50.125228
2025-758055,2025-08-26,Vente,83500,20,RUE MICHELET,59139000AT0263,Maison,64,3.401098,50.121737
2025-758072,2025-08-29,Vente,84800,82,BD DU 11 NOVEMBRE 1918,59139000AP0534,Maison,80,3.417923,50.118461
2025-758153,2025-09-01,Vente,200000,16,RUE LEAVERS,59139000AE0124,Maison,144,3.410538,50.129145
2025-758153,2025-09-01,Vente,200000,18,RUE LEAVERS,59139000AE0126,Appartement,18,3.41037,50.129153
2025-758153,2025-09-01,Vente,200000,18,RUE LEAVERS,59139000AE0126,Appartement,35,3.41037,50.129153
2025-758153,2025-09-01,Vente,200000,18,RUE LEAVERS,59139000AE0126,Appartement,50,3.41037,50.129153
2025-758153,2025-09-01,Vente,200000,18,RUE LEAVERS,59139000AE0126,Appartement,40,3.41037,50.129153
2025-758153,2025-09-01,Vente,200000,46,RUE DE L EGALITE,59139000AE0127,Maison,39,3.410455,50.129226
2025-758376,2025-09-19,Vente,52000,12,RUE D ANVERS,59139000AH0189,Maison,84,3.413394,50.130569
2025-758385,2025-09-03,Vente,59000,53,BD JEAN JAURES,59139000AR0715,Maison,39,3.404311,50.12071
2025-758416,2025-09-20,Vente,60000,5,RUE EDOUARD VAILLANT,59139000AZ0548,Maison,60,3.407268,50.117304
2025-758450,2025-09-06,Vente,110000,11,RUE FENELON,59139000BE0584,Maison,88,3.422248,50.116726
2025-758537,2025-09-15,Vente,30000,33,RUE LEON BLUM,59139000AE0213,Maison,86,3.415347,50.126801
2025-758686,2025-09-20,Vente,110000,9,RUE FENELON,59139000BE0657,Maison,88,3.421982,50.117167
2025-758689,2025-09-20,Vente,54000,9001,RUE LAMARTINE,59139000BD0321,Appartement,46,3.402561,50.110966
2025-758692,2025-09-24,Vente,73500,20,RUE JARDINES,59139000AH0087,Maison,121,3.412806,50.132191
2025-758693,2025-09-17,Vente,45000,58,RUE CAMILLE DESMOULINS,59139000AE0084,Maison,78,3.409444,50.128979
2025-758696,2025-09-16,Vente,34000,8,RUE D ALENCON,59139000AR0830,Maison,41,3.405423,50.121316
2025-758856,2025-09-19,Vente,100000,203,RUE DE SAINT QUENTIN,59139000BC0582,Maison,130,3.40959,50.114128
2025-758897,2025-09-30,Vente,80000,80,RUE LEON GAMBETTA,59139000AR0515,Maison,186,3.408575,50.119106
2025-758899,2025-09-29,Vente,96500,62,RUE VOLTAIRE,59139000AE0078,Maison,100,3.409463,50.129178
2025-758928,2025-09-24,Vente,63000,3,RUE DU BOIS DUPONT,59139000AM0174,Maison,56,3.424943,50.126172
2025-758995,2025-09-15,Vente,109000,9,RUE ALBERT CAMUS,59139000AI0208,Maison,74,3.417477,50.127784
2025-759050,2025-09-26,Vente,134000,71,BD DU 11 NOVEMBRE 1918,59139000AP0558,Maison,85,3.418836,50.118708
2025-759112,2025-10-01,Vente,83000,93,RUE DE LA PAIX,59139000AR0973,Maison,128,3.410422,50.119535
2025-759137,2025-10-01,Vente,65000,3,RUE VOLTAIRE,59139000AE0546,Maison,124,3.407138,50.127895
2025-759179,2025-10-09,Vente,61800,40,RUE VOLTAIRE,59139000AE0526,Maison,122,3.40858,50.12846
2025-759189,2025-10-02,Vente,126500,87,RUE PASTEUR,59139000AP0387,Maison,101,3.414758,50.119618
2025-759259,2025-10-02,Vente,60000,49,RUE HENRI BARBUSSE,59139000AZ1080,Maison,113,3.407963,50.117301
2025-759300,2025-10-02,Vente,92000,74,RUE ALBERT THOMAS,59139000AP0277,Maison,100,3.416786,50.121811
2025-759351,2025-10-08,Vente,80000,66,RUE ALBERT CALMETTE,59139000AI0024,Maison,75,3.422153,50.129668
2025-759372,2025-10-02,Vente,170000,19,RUE DES PINS,59139000AZ0894,Maison,119,3.417897,50.115404
2025-759395,2025-09-29,Vente,50000,17,RUE CHARLES GIDE,59139000BD0350,Appartement,35,3.40472,50.110401
2025-759471,2025-10-24,Vente,151900,65,RUE DE LA PAIX,59139000AR0140,Maison,119,3.410922,50.120959
2025-759503,2025-10-23,Vente,70000,8,RUE PASCAL,59139000BE0770,Maison,89,3.42256,50.11463
2025-759520,2025-10-17,Vente,70000,17,RUE CHARLES GIDE,59139000BD0350,Appartement,35,3.40472,50.110401
2025-759737,2025-10-16,Vente,96000,35,RUE AUGUSTE MARLIOT,59139000AS0100,Maison,119,3.408379,50.125245
2025-759740,2025-10-10,Vente,195000,231,RUE DE LA REPUBLIQUE,59139000AB0031,Maison,132,3.400114,50.134899
2025-759740,2025-10-10,Vente,195000,231,RUE DE LA REPUBLIQUE,59139000AB0031,Maison,132,3.400114,50.134899
2025-759740,2025-10-10,Vente,195000,231,RUE DE LA REPUBLIQUE,59139000AB0031,Maison,132,3.400114,50.134899
2025-759764,2025-10-10,Vente,47000,3,RUE CURIE,59139000AS0255,Maison,79,3.412923,50.123147
2025-759886,2025-10-29,Vente,147000,148,RUE DE LA REPUBLIQUE,59139000AD0006,Maison,127,3.404774,50.13006
2025-759911,2025-11-05,Vente,120000,31,RUE LEON BLUM,59139000AE0214,Maison,101,3.415287,50.126743
2025-760146,2025-10-27,Vente,55000,17,RUE CHARLES GIDE,59139000BD0350,Appartement,35,3.40472,50.110401
2025-760168,2025-10-29,Vente,189000,55,RUE DE LA PAIX,59139000AR0135,Maison,180,3.411004,50.121444
2025-760199,2025-10-27,Vente,101000,6,RUE DE DENAIN,59139000AO0370,Maison,125,3.416706,50.123696
2025-760254,2025-11-06,Vente,142500,14,RUE D ALENCON,59139000AR1093,Maison,110,3.405933,50.121118
2025-760288,2025-11-13,Vente,104500,47,RUE DE LIGNY,59139000AY0127,Maison,80,3.399268,50.119418
2025-760290,2025-11-05,Vente,237700,2,RUE D ANVERS,59139000AH0182,Maison,99,3.412805,50.130729
2025-760432,2025-10-28,Vente,45000,24,RUE ARISTIDE BRIAND,59139000AS0226,Maison,54,3.414315,50.123142
2025-760511,2025-11-03,Vente,50000,10,RUE DE FOURMIES,59139000AP0064,Maison,95,3.418921,50.121901
2025-760512,2025-11-10,Vente,73000,159,RUE DE SAINT QUENTIN,59139000AZ0383,Maison,100,3.411796,50.115992
2025-760512,2025-11-10,Vente,73000,159,RUE DE SAINT QUENTIN,59139000AZ0383,Maison,100,3.411796,50.115992
2025-760563,2025-11-05,Vente,80000,28,RUE PASTEUR,59139000AR0244,Maison,88,3.414405,50.121416
2025-760589,2025-10-31,Vente,68000,24,RUE PASTEUR,59139000AR1329,Maison,62,3.414493,50.121566
2025-760710,2025-11-21,Vente,139900,33,BD JEAN JAURES,59139000AR0821,Maison,75,3.404941,50.121616
2025-760813,2025-11-26,Vente,58000,153,RUE DE LA REPUBLIQUE,59139000AD0210,Maison,68,3.403789,50.130289
2025-760815,2025-11-28,Vente,52000,39,RUE DE CALAIS,59139000AO0059,Maison,79,3.416481,50.12658
2025-760818,2025-12-04,Vente,62000,54,RUE OSBERT,59139000AR0560,Maison,108,3.407449,50.119504
2025-760867,2025-11-25,Vente,150000,144,RUE DE SAINT QUENTIN,59139000AR0373,Appartement,46,3.410948,50.118931
2025-760867,2025-11-25,Vente,150000,144,RUE DE SAINT QUENTIN,59139000AR0373,Appartement,50,3.410948,50.118931
2025-760867,2025-11-25,Vente,150000,144,RUE DE SAINT QUENTIN,59139000AR0373,Appartement,44,3.410948,50.118931
2025-760891,2025-11-22,Vente,75000,9,RUE LEAVERS,59139000AE0096,Maison,87,3.410475,50.128896
2025-760908,2025-12-01,Vente,145500,74,RUE DE CAMBRAI,59139000AV0051,Maison,106,3.402282,50.125467
2025-761022,2025-12-05,Vente,84000,7,RUE MOLIERE,59139000AP0576,Maison,83,3.419686,50.117898
2025-761026,2025-12-05,Vente,73500,49,RUE FRANCOIS CHARLET,59139000AY0255,Maison,164,3.403242,50.117467
2025-761034,2025-11-21,Vente,92000,24,RUE JARDINES,59139000AH0089,Maison,84,3.412641,50.132217
2025-761135,2025-12-02,Vente,107000,270,RUE DE SAINT QUENTIN,59139000BC0030,Maison,124,3.408227,50.113555
2025-761258,2025-12-11,Vente,38000,24,RUE DE DENAIN,59139000AO0361,Maison,67,3.416939,50.124174
2025-761297,2025-12-11,Vente,66000,19,RUE CLEMENT ADER,59139000AY0319,Maison,80,3.404533,50.117951
2025-761374,2025-12-10,Vente,160000,7,RUE JACQUARD,59139000AS0130,Maison,121,3.408603,50.124667
2025-761462,2025-12-12,Vente,85000,10,RUE BOSSUET,59139000BE0681,Maison,125,3.423538,50.118089
2025-761482,2025-12-08,Vente,225000,10,RUE DE LA SUCRERIE,59139000BD0362,Maison,118,3.408033,50.11065
2025-761495,2025-11-27,Vente,65000,18,RUE LEON BLUM,59139000AO0017,Maison,95,3.414933,50.125983
2025-761512,2025-12-06,Vente,92000,9,RUE JACQUARD,59139000AS0565,Maison,131,3.408674,50.124745
2025-761650,2025-11-25,Vente,180500,100,RUE DE VALENCIENNES,59139000AH0510,Maison,146,3.416174,50.130956
2025-761650,2025-11-25,Vente,180500,100,RUE DE VALENCIENNES,59139000AH0510,Maison,146,3.416174,50.130956
2025-761651,2025-12-16,Vente,74000,3,RUE JULES VERNE,59139000AD0540,Maison,71,,
2025-761683,2025-12-15,Vente,38360,85,RUE VOLTAIRE,59139000AE0030,Maison,62,3.409791,50.130178
2025-761831,2025-12-18,Vente,125500,120,RUE PASTEUR,59139000AR1563,Maison,110,3.414063,50.118233
2025-761861,2025-12-18,Vente,30000,226,RUE DE SAINT QUENTIN,59139000AZ0450,Maison,95,3.409752,50.115313
2025-761882,2025-12-16,Vente,82800,23,RUE PIERRE BROSSOLETTE,59139000AI0191,Maison,75,3.418278,50.128995
2025-761975,2025-12-22,Vente,72500,17,RUE CHARLES GIDE,59139000BD0350,Appartement,55,3.40472,50.110401
2025-761991,2025-12-19,Vente,93000,56,RUE DE SAINT QUENTIN,59139000AR0172,Maison,190,3.41129,50.121973
2025-762074,2025-12-24,Vente,35800,125,RUE DE LA REPUBLIQUE,59139000AD0157,Appartement,39,3.405053,50.128491
2025-762275,2025-12-23,Vente,112000,61,RUE MAL DELATTRE DE TASSIGNY,59139000AZ0185,Maison,101,3.415483,50.117444
2025-762334,2025-12-02,Vente,290000,54,RUE DE LIGNY,59139000AY0486,Maison,182,3.398307,50.119692
2025-762334,2025-12-02,Vente,290000,54,RUE DE LIGNY,59139000AY0486,Maison,182,3.398307,50.119692
2025-762356,2025-12-22,Vente,69000,30,RUE ALBERT CALMETTE,59139000AI0042,Maison,75,3.421786,50.127821
2025-762373,2025-12-22,Vente,69800,31,RUE ALBERT CAMUS,59139000AI0243,Maison,74,3.417512,50.128959
2025-762420,2025-12-12,Vente,65500,32,RUE MAL DELATTRE DE TASSIGNY,59139000AZ0222,Maison,69,3.414422,50.117008
2024-708163,2024-01-11,Vente,65000,3,RUE DE MALINES,59139000AE0069,Appartement,56,3.410185,50.129398
2024-708163,2024-01-11,Vente,65000,3,RUE DE MALINES,59139000AE0069,Appartement,157,3.410185,50.129398
2024-708239,2024-01-05,Vente,105000,38,RUE LEAVERS,59139000AE0846,Maison,62,3.409207,50.129598
2024-708241,2024-01-08,Vente,78000,32,RUE ALBERT CAMUS,59139000AI0281,Maison,82,3.420466,50.129998
2024-708283,2024-01-05,Vente,90000,1,RUE DANIEL CAUET,59139000BD0105,Maison,76,3.408868,50.110093
2024-708300,2024-01-19,Vente,49500,17,RUE CHARLES GIDE,59139000BD0350,Appartement,35,3.40472,50.110401
2024-708306,2024-01-12,Vente terrain à bâtir,50000,75,RUE DE LA PAIX,59139000AR0420,Maison,60,3.41042,50.120175
2024-708414,2024-01-09,Vente,205000,23,RUE DE LA REPUBLIQUE,59139000AS0178,Maison,133,3.41062,50.12567
2024-708439,2024-01-15,Vente,99500,3,RUE DU BOIS DUPONT,59139000AM0174,Maison,68,3.424943,50.126172
2024-708496,2024-01-23,Vente,173500,33,RUE DES FRERES LUMIERE,59139000ZD0110,Maison,72,3.401441,50.111845
2024-708500,2024-01-24,Vente,34000,1,RUE DE LA COMEDIE,59139000AE0279,Maison,18,3.412434,50.126365
2024-708525,2024-01-24,Vente,172800,214,RUE ARISTIDE BRIAND,59139000AP0173,Maison,133,3.424209,50.120975
2024-708626,2024-01-29,Vente,47000,17,RUE CHARLES GIDE,59139000BD0350,Appartement,35,3.40472,50.110401
2024-708631,2024-01-26,Vente,53000,127,RUE DE LA REPUBLIQUE,59139000AD0157,Appartement,45,3.405053,50.128491
2024-708894,2024-02-06,Vente,73500,17,RUE CHARLES GIDE,59139000BD0350,Appartement,54,3.40472,50.110401
2024-709036,2024-02-02,Vente,64000,7,RUE DE ROUBAIX,59139000AH0130,Maison,31,3.412978,50.13138
2024-709082,2024-02-14,Vente,63000,50,RUE HENRI BARBUSSE,59139000AZ0041,Maison,93,3.407437,50.117791
2024-709085,2024-02-02,Vente,25000,18,RUE LEON BLUM,59139000AO0013,Maison,47,3.415473,50.125796
2024-709088,2024-01-30,Vente,37057.91,304,RUE HENRI BARBUSSE,59139000AT0685,Maison,83,3.39661,50.126582
2024-709090,2024-02-16,Vente,25000,23,RUE DE BELFORT,59139000AR0700,Maison,60,3.404319,50.120398
2024-709224,2024-02-16,Vente,40400,49,RUE NEGRIER,59139000AH0350,Maison,88,3.416367,50.129658
2024-709307,2024-02-27,Vente,152000,18,RUE DE FOURMIES,59139000AP0797,Maison,65,3.418706,50.121703
2024-709314,2024-02-23,Vente,20000,9001,RUE LAMARTINE,59139000BD0321,Appartement,48,3.402561,50.110966
2024-709316,2024-02-23,Vente,68000,17,RUE CHARLES GIDE,59139000BD0350,Appartement,54,3.40472,50.110401
2024-709428,2024-02-20,Vente,10000,35,RUE DE LA PAIX,59139000AS0369,Maison,126,,
2024-709433,2024-02-20,Vente,250000,25,RUE CHANZY,59139000AR0808,Appartement,33,3.406089,50.12083
2024-709433,2024-02-20,Vente,250000,25,RUE CHANZY,59139000AR0808,Appartement,26,3.406089,50.12083
2024-709433,2024-02-20,Vente,250000,25,RUE CHANZY,59139000AR0808,Appartement,14,3.406089,50.12083
2024-709433,2024-02-20,Vente,250000,25,RUE CHANZY,59139000AR0808,Appartement,23,3.406089,50.12083
2024-709433,2024-02-20,Vente,250000,25,RUE CHANZY,59139000AR0808,Appartement,41,3.406089,50.12083
2024-709433,2024-02-20,Vente,250000,25,RUE CHANZY,59139000AR0808,Appartement,23,3.406089,50.12083
2024-709434,2024-02-20,Vente,158000,52,RUE HENRI BARBUSSE,59139000AZ1086,Appartement,54,3.407627,50.117903
2024-709434,2024-02-20,Vente,158000,52,RUE HENRI BARBUSSE,59139000AZ1086,Appartement,73,3.407627,50.117903
2024-709434,2024-02-20,Vente,158000,52,RUE HENRI BARBUSSE,59139000AZ1086,Appartement,73,3.407627,50.117903
2024-709434,2024-02-20,Vente,158000,52,RUE HENRI BARBUSSE,59139000AZ1086,Appartement,54,3.407627,50.117903
2024-709630,2024-03-02,Vente,83000,33,RUE DE DENAIN,59139000AO0388,Maison,75,3.416208,50.123717
2024-709680,2024-01-30,Vente,280000,65,RUE LEON GAMBETTA,59139000AR0467,Appartement,110,3.408824,50.12001
2024-709680,2024-01-30,Vente,280000,65,RUE LEON GAMBETTA,59139000AR0467,Appartement,110,3.408824,50.12001
2024-709813,2024-03-21,Vente,113000,24,RUE DE LIGNY,59139000AY0065,Maison,74,3.4008,50.1203
2024-709813,2024-03-21,Vente,113000,24,RUE DE LIGNY,59139000AY0065,Maison,74,3.4008,50.1203
2024-709888,2024-03-11,Vente,22000,24,RUE DE L EGALITE,59139000AE0767,Maison,67,3.409241,50.127863
2024-709903,2024-03-20,Vente,57000,59,RUE DE CAMBRAI,59139000AT0537,Maison,74,3.403268,50.124375
2024-710185,2024-03-29,Vente,115000,258,RUE HENRI BARBUSSE,59139000AT0023,Maison,75,3.398732,50.125049
2024-710190,2024-03-14,Vente,47500,6,RUE DE ST QUENTIN CITE DEPREUX,59139000BC0117,Maison,59,3.410085,50.113771
2024-710198,2024-03-19,Vente,80000,27,RUE DU MAL LECLERC,59139000AE0331,Maison,108,3.413232,50.125354
2024-710198,2024-03-19,Vente,80000,27,RUE DU MAL LECLERC,59139000AE0332,Maison,60,3.413319,50.125353
2024-710208,2024-03-22,Vente,10000,33,RUE FAIDHERBE,59139000AS0405,Maison,91,3.409034,50.122938
2024-710334,2024-03-29,Vente,73000,46,RUE DE BELFORT,59139000AR0629,Maison,94,3.405461,50.118984
2024-710338,2024-03-29,Vente,63000,23,RUE LAMARTINE,59139000BD0012,Maison,83,3.402962,50.111113
2024-710344,2024-03-26,Vente,60000,12,RUE DU QUATORZE JUILLET,59139000AY0331,Maison,61,3.404819,50.117925
2024-710371,2024-03-14,Vente,65000,13,RUE AUPICQ,59139000AP0152,Maison,70,3.421108,50.120849
2024-710422,2024-04-12,Vente,75000,60,RUE ALBERT CALMETTE,59139000AI0027,Maison,75,3.422549,50.129139
2024-710437,2024-04-02,Vente,148000,101,RUE DE SAINT QUENTIN,59139000AR0323,Appartement,38,3.411411,50.118442
2024-710437,2024-04-02,Vente,148000,101,RUE DE SAINT QUENTIN,59139000AR0323,Appartement,95,3.411411,50.118442
2024-710437,2024-04-02,Vente,148000,101,RUE DE SAINT QUENTIN,59139000AR0323,Appartement,93,3.411411,50.118442
2024-710442,2024-04-10,Vente,50000,56,RUE DE LA PAIX,59139000AR0432,Maison,93,3.410073,50.120584
2024-710459,2024-04-11,Vente,70000,2,RUE M VAN DER MERSCH,59139000AI0157,Maison,74,3.419484,50.127444
2024-710472,2024-04-15,Vente,244500,49,RUE SAINT GALL,59139000AP0370,Maison,141,3.41717,50.119691
2024-710472,2024-04-15,Vente,244500,49,RUE SAINT GALL,59139000AP0370,Maison,141,3.41717,50.119691
2024-710504,2024-04-09,Vente,249000,13,RUE EMILE ZOLA,59139000AZ0807,Maison,129,3.409229,50.117629
2024-710555,2024-04-05,Vente,26000,16,RUE DE L EGALITE,59139000AE0803,Maison,34,3.408682,50.127468
2024-710774,2024-04-08,Vente,52100,8,RUE EDOUARD VAILLANT,59139000AZ0609,Maison,34,3.407071,50.117359
2024-710826,2024-04-19,Vente,41000,27,RUE NEGRIER,59139000AH0332,Maison,82,3.415245,50.129209
2024-710836,2024-03-14,Vente,98000,3,RUE DU BOIS DUPONT,59139000AM0174,Maison,68,3.424943,50.126172
2024-710915,2024-04-26,Vente,46000,31,RUE LEON BLUM,59139000AE0209,Maison,71,3.414991,50.127005
2024-710921,2024-04-23,Vente,15000,35,RUE DE LA PAIX,59139000AS1067,Maison,126,3.411045,50.122426
2024-710937,2024-04-05,Vente,29500,29,RUE DE CALAIS,59139000AO0062,Maison,93,3.416311,50.126304
2024-710937,2024-04-05,Vente,29500,27,RUE DE CALAIS,59139000AO0589,Maison,81,3.416314,50.126236
2024-710952,2024-04-24,Vente,80000,45,RUE DU MAL LECLERC,59139000AE0957,Maison,87,3.413312,50.126291
2024-711019,2024-04-12,Vente,58000,17,RUE CHARLES GIDE,59139000BD0350,Appartement,41,3.40472,50.110401
2024-711082,2024-04-17,Vente,23500,51,RUE DE LIGNY,59139000AY0125,Maison,70,3.39918,50.119386
2024-711124,2024-04-30,Vente,190200,108,RUE DE VALENCIENNES,59139000AH0213,Maison,84,3.416237,50.131253
2024-711124,2024-04-30,Vente,190200,108,RUE DE VALENCIENNES,59139000AH0213,Maison,84,3.416237,50.131253
2024-711158,2024-05-02,Vente,36000,9001,RUE LAMARTINE,59139000BD0321,Appartement,47,3.402561,50.110966
2024-711219,2024-05-02,Vente,140000,125,RUE ARISTIDE BRIAND,59139000AO0838,Appartement,490,3.421452,50.121885
2024-711245,2024-04-29,Vente,83000,40,RUE JEAN DE LA FONTAINE,59139000AP0580,Maison,80,3.41949,50.118231
2024-711262,2024-04-29,Vente,62200,17,RUE CHARLES GIDE,59139000BD0350,Appartement,34,3.40472,50.110401
2024-711336,2024-04-29,Vente,60000,20,RUE CURIE,59139000AS0768,Appartement,60,3.412646,50.122927
2024-711336,2024-04-29,Vente,60000,20,RUE CURIE,59139000AS0768,Appartement,50,3.412646,50.122927
2024-711336,2024-04-29,Vente,60000,20,RUE CURIE,59139000AS0768,Appartement,66,3.412646,50.122927
2024-711347,2024-05-04,Vente,55000,52,RUE EDISON,59139000BC0257,Maison,118,3.402889,50.111775
2024-711503,2024-05-04,Vente,87000,40,RUE CAMILLE GUERIN,59139000AI0019,Maison,72,3.421879,50.130001
2024-711684,2024-05-15,Vente,43000,20,RUE CHARLES GIDE,59139000BC0238,Appartement,39,3.4065,50.111422
2024-711721,2024-05-22,Vente,115000,115,RUE GUSTAVE DELORY,59139000AY0593,Maison,66,3.403616,50.115522
2024-711722,2024-05-17,Vente,160000,14,RUE DES PINS,59139000AZ0908,Maison,98,3.417206,50.114996
2024-711887,2024-05-31,Vente,68000,129,RUE DE BRUXELLES,59139000AC0023,Maison,83,3.411386,50.132345
2024-711943,2024-05-30,Vente,105000,93,RUE DE LA REPUBLIQUE,59139000AD0136,Maison,77,3.405894,50.128236
2024-711958,2024-05-21,Vente,85550,22,RUE AUPICQ,59139000AP0140,Maison,80,3.420405,50.120623
2024-712021,2024-05-31,Vente,30000,26,RUE CARPEAUX,59139000AZ0166,Maison,80,3.415722,50.117771
2024-712065,2024-05-24,Vente,32000,33,RUE FAIDHERBE,59139000AS0405,Maison,91,3.409034,50.122938
2024-712076,2024-06-06,Vente,167750,8,RUE DE LA SUCRERIE,59139000BD0352,Maison,87,3.407703,50.110409
2024-712116,2024-06-04,Vente,84000,27,RUE AUGUSTE BLANQUI,59139000AD0239,Maison,89,3.402695,50.130077
2024-712118,2024-05-31,Vente,58000,18,RUE CHARLES GIDE,59139000BC0238,Appartement,58,3.4065,50.111422
2024-712620,2024-07-03,Vente,61500,89,RUE CHARLES GIDE,59139000BK0016,Maison,70,3.398564,50.109052
2024-712661,2024-06-24,Vente,64000,3,RUE DU BOIS DUPONT,59139000AM0174,Maison,49,3.424943,50.126172
2024-712673,2024-06-18,Vente,54000,84,RUE DE VALENCIENNES,59139000AH0313,Maison,83,3.414502,50.129345
2024-712930,2024-06-13,Vente,72000,49,RUE VOLTAIRE,59139000AE0568,Maison,102,3.408689,50.129185
2024-712931,2024-06-26,Vente,46000,16,RUE MICHELET,59139000AT0261,Maison,110,3.401185,50.12165
2024-712934,2024-06-21,Vente,60000,10,RUE ALBERT CAMUS,59139000AI0199,Maison,82,3.417877,50.128413
2024-712943,2024-06-17,Vente,95500,45,RUE VOLTAIRE,59139000AE0566,Maison,112,3.40832,50.128884
2024-712947,2024-06-14,Vente,44000,32,RUE MAL DELATTRE DE TASSIGNY,59139000AZ0225,Maison,83,3.414451,50.1168
2024-713003,2024-06-26,Vente,85900,3,RUE DU BOIS DUPONT,59139000AM0174,Maison,68,3.424943,50.126172
2024-713086,2024-07-05,Vente,97000,25,RUE CLEMENT ADER,59139000AY0317,Maison,53,3.404334,50.117756
2024-713171,2024-07-11,Vente,77000,13,RUE DE ROUBAIX,59139000AH0127,Maison,55,3.413109,50.13149
2024-713198,2024-07-12,Vente,209570,18,RUE EDOUARD MANET,59139000AT0487,Maison,169,3.398942,50.122867
2024-713323,2024-06-21,Vente,88000,15,RUE JEAN RACINE,59139000AP0670,Maison,83,3.421433,50.119343
2024-713385,2024-07-12,Vente,50000,127,RUE DE LA REPUBLIQUE,59139000AD0157,Appartement,45,3.405053,50.128491
2024-713474,2024-07-08,Vente,125000,2,RUE FRANCOIS VILLON,59139000AC0113,Maison,83,3.404926,50.132096
2024-713488,2024-07-11,Vente,60000,44,RUE ALBERT CALMETTE,59139000AI0035,Maison,75,3.422164,50.128452
2024-713566,2024-07-23,Vente,80000,17,RUE CHARLES GIDE,59139000BD0350,Appartement,54,3.40472,50.110401
2024-713720,2024-07-22,Vente,113000,49,RUE DE FOURMIES,59139000AP0110,Maison,80,3.418842,50.120543
2024-713734,2024-07-16,Vente,136500,72,RUE LEON GAMBETTA,59139000AR0519,Maison,176,3.408542,50.119473
2024-713738,2024-07-18,Vente,75000,39,RUE SAINT GALL,59139000AP0377,Maison,82,3.416736,50.119622
2024-713739,2024-07-12,Vente,149500,63,RUE DE LA PAIX,59139000AR0139,Maison,152,3.410889,50.12104
2024-713749,2024-07-24,Vente,150000,38,RUE CHARLES GIDE,59139000BD0035,Maison,158,3.404462,50.111109
2024-714015,2024-08-02,Vente,203000,160,RUE DE LA REPUBLIQUE,59139000AC0120,Maison,113,3.403989,50.130919
2024-714042,2024-08-06,Vente,78650,8,RUE PAUL BERT,59139000AR0415,Maison,67,3.410736,50.120182
2024-714044,2024-08-06,Vente,39000,98,RUE DE SAINT QUENTIN,59139000AR0155,Maison,122,3.411234,50.120503
2024-714056,2024-07-29,Vente,112500,179,RUE DE SAINT QUENTIN,59139000AZ0674,Appartement,70,3.410527,50.115195
2024-714056,2024-07-29,Vente,112500,179,RUE DE SAINT QUENTIN,59139000AZ0674,Appartement,107,3.410527,50.115195
2024-714124,2024-07-30,Vente,74000,106,RUE HENRI BARBUSSE,59139000AR0636,Maison,79,3.405076,50.118812
2024-714193,2024-07-26,Vente,80000,45,RUE NEGRIER,59139000AH0352,Maison,78,3.416218,50.129598
2024-714395,2024-07-31,Vente,160310,113,RUE DE SAINT QUENTIN,59139000AZ1074,Appartement,60,3.411385,50.117801
2024-714395,2024-07-31,Vente,160310,113,RUE DE SAINT QUENTIN,59139000AZ1074,Appartement,45,3.411385,50.117801
2024-714395,2024-07-31,Vente,160310,113,RUE DE SAINT QUENTIN,59139000AZ1074,Appartement,60,3.411385,50.117801
2024-714430,2024-08-02,Vente,110000,4,IMP PLEZ POSTRY,59139000AR0272,Maison,110,3.41376,50.119937
2024-714609,2024-08-30,Vente,58000,34,RUE EDISON,59139000BC0251,Maison,76,3.403948,50.111557
2024-714658,2024-08-07,Vente,91000,5,RUE DANIEL CAUET,59139000BD0103,Maison,97,3.408718,50.10997
2024-714775,2024-09-05,Vente,80000,73,RUE VOLTAIRE,59139000AE0024,Maison,88,3.40947,50.129906
2024-714956,2024-09-03,Vente,65000,40,RUE DES FOURS A CHAUX,59139000BC0077,Maison,133,3.404554,50.112538
2024-714985,2024-08-30,Vente,40000,3,RUE RENE DE LA NATION,59139000AT0040,Maison,74,3.400223,50.1242
2024-714996,2024-09-10,Vente,138000,218,RUE DE SAINT QUENTIN,59139000AZ1125,Maison,134,3.410194,50.115407
2024-715088,2024-08-28,Vente,61800,51,RUE AUGUSTE BLANQUI,59139000AD0257,Maison,84,3.402072,50.130723
2024-715089,2024-09-11,Vente,135000,81,RUE DE VALENCIENNES,59139000AH0702,Maison,90,3.413579,50.129871
2024-715254,2024-09-17,Vente,40000,3,RUE DE LA COMEDIE,59139000AE0268,Maison,56,3.412736,50.126656
2024-715255,2024-09-13,Vente,69000,15,RUE PIERRE CORNEILLE,59139000AP0628,Maison,83,3.420736,50.118757
2024-715258,2024-09-06,Vente,70500,70,RUE ALBERT CALMETTE,59139000AI0335,Maison,81,3.421083,50.130387
2024-715273,2024-03-15,Adjudication,15000,68,RUE LEON GAMBETTA,59139000AR0526,Maison,53,3.407921,50.11924
2024-715358,2024-09-23,Vente,55000,17,RUE HENRI BARBUSSE,59139000AZ0511,Maison,120,3.409645,50.116742
2024-715403,2024-09-17,Vente,166800,3,RUE BEETHOVEN,59139000BD0398,Maison,99,3.403843,50.108321
2024-715410,2024-09-20,Vente,29500,29,RUE DE CALAIS,59139000AO0062,Maison,93,3.416311,50.126304
2024-715410,2024-09-20,Vente,29500,27,RUE DE CALAIS,59139000AO0589,Maison,81,3.416314,50.126236
2024-715422,2024-09-20,Vente,353000,291,RUE ARISTIDE BRIAND,59139000AN0059,Maison,190,3.431016,50.120752
2024-715422,2024-09-20,Vente,353000,291,RUE ARISTIDE BRIAND,59139000AN0059,Maison,190,3.431016,50.120752
2024-715456,2024-09-26,Vente,95000,22,RUE GABRIEL PERI,59139000AI0094,Maison,72,3.419735,50.127105
2024-715522,2024-09-17,Vente,87000,3,RUE DU BOIS DUPONT,59139000AM0174,Maison,68,3.424943,50.126172
2024-715640,2024-09-27,Vente,115500,11,RUE DE TABAUME,59139000AP0307,Maison,103,3.415529,50.12178
2024-715648,2024-09-23,Vente,86000,77,RUE DE L EGALITE,59139000AE0048,Maison,96,3.410596,50.129787
2024-715675,2024-09-27,Vente,149000,125,RUE ARISTIDE BRIAND,59139000AO0838,Appartement,117,3.421452,50.121885
2024-715766,2024-10-03,Vente,36000,33,RUE HENRI SOURMAIS,59139000AD0046,Maison,62,3.406866,50.129534
2024-715769,2024-09-27,Vente,49500,268,RUE DE SAINT QUENTIN,59139000BC0029,Maison,90,3.408308,50.113608
2024-715774,2024-09-30,Vente,115280,18,RUE JEAN BAPTISTE CLEMENT,59139000AR0536,Maison,98,3.406991,50.11869
2024-715970,2024-09-24,Vente,45000,36,RUE MAL DELATTRE DE TASSIGNY,59139000AZ0239,Maison,61,3.414932,50.116758
2024-716038,2024-09-28,Vente,57000,17,RUE CHARLES GIDE,59139000BD0350,Appartement,35,3.40472,50.110401
2024-716126,2024-10-17,Vente,58000,18,RUE STEPHENSON,59139000AO0129,Maison,43,3.417204,50.126889
2024-716137,2024-10-07,Vente,66000,85,RUE DE LA PAIX,59139000AR0399,Maison,93,3.410352,50.119769
2024-716145,2024-09-30,Vente,60000,6,AV JULES GUESDE,59139000AS0012,Maison,125,3.407196,50.127003
2024-716377,2024-10-18,Vente,27400,17,RUE DE CAMBRAI,59139000AT0164,Maison,55,3.405364,50.122993
2024-716384,2024-10-15,Vente,90000,12,RUE MOLIERE,59139000BE0651,Maison,88,3.421663,50.117649
2024-716387,2024-10-18,Vente,215000,19,RUE HENRI MERESSE,591390000A0367,Maison,148,3.441183,50.116017
2024-716387,2024-10-18,Vente,215000,19,RUE HENRI MERESSE,591390000A0367,Maison,148,3.441183,50.116017
2024-716430,2024-10-16,Vente,9000,13,RUE JEAN LEBAS,59139000AR0595,Maison,91,3.406777,50.120409
2024-716460,2024-10-22,Vente,86900,107,RUE DE LA PAIX,59139000AR0390,Maison,160,3.410342,50.1191
2024-716709,2024-10-31,Vente,97000,13,RUE AUGUSTE BLANQUI,59139000AD0232,Maison,98,3.403044,50.129758
2024-716756,2024-10-22,Vente,203000,12,RUE DES PINS,59139000AZ0909,Maison,83,3.417163,50.115192
2024-716807,2024-10-16,Vente,150000,95,RUE LEON GAMBETTA,59139000AR0383,Maison,241,3.410145,50.118698
2024-716833,2024-11-08,Vente,30000,8,RUE JEAN BAPTISTE POULAIN,591390000A0302,Maison,78,3.438683,50.11931
2024-716940,2024-11-12,Vente,36000,49,BD JEAN JAURES,59139000AR0767,Maison,77,3.40423,50.121163
2024-717068,2024-11-12,Vente,80000,13,RUE PIERRE BROSSOLETTE,59139000AI0186,Maison,75,3.418326,50.128531
2024-717094,2024-11-14,Vente,85000,15,RUE DE ROUBAIX,59139000AH0126,Maison,66,3.413161,50.131535
2024-717095,2024-11-04,Vente,162150,7,RUE JULIEN RASSEL,59139000AD0500,Maison,74,3.405748,50.130141
2024-717185,2024-11-20,Vente,66500,17,RUE CHARLES GIDE,59139000BD0350,Appartement,35,3.40472,50.110401
2024-717219,2024-11-15,Vente,90000,31,RUE MOLIERE,59139000AP0711,Maison,83,3.42271,50.118834
2024-717225,2024-11-12,Vente,104800,1,RUE KARL MARX,59139000AZ1139,Appartement,52,3.405954,50.117673
2024-717225,2024-11-12,Vente,104800,1,RUE KARL MARX,59139000AZ1139,Appartement,47,3.405954,50.117673
2024-717305,2024-11-18,Vente,62000,13,RUE CHANZY,59139000AR0814,Maison,60,3.405555,50.121083
2024-717392,2024-11-13,Vente,50000,51,RUE DE LIGNY,59139000AY0125,Maison,70,3.39918,50.119386
2024-717577,2024-11-29,Vente,127000,8,RUE AIME NOBLECOURT,59139000AI0148,Maison,116,3.420057,50.128007
2024-717759,2024-12-06,Vente,90000,31,RUE FAIDHERBE,59139000AS0404,Maison,109,3.409174,50.12293
2024-717774,2024-11-27,Vente,41000,73,RUE LOUISE MICHEL,59139000AZ0347,Maison,98,3.413935,50.114848
2024-717779,2024-11-28,Vente,73000,48,RUE CHARLES GIDE,59139000BD0030,Maison,75,3.403677,50.110958
2024-717787,2024-11-21,Vente,87000,4,RUE KARL MARX,59139000AY0347,Maison,96,3.40546,50.117628
2024-717910,2024-11-29,Vente,132000,22,RUE LEON GAMBETTA,59139000AR1455,Maison,150,3.406924,50.121387
2024-717936,2024-12-05,Vente,63000,76,RUE DE BRUXELLES,59139000AE0011,Maison,90,3.409242,50.130038
2024-717951,2024-12-05,Vente,10036,59,RUE ARISTIDE BRIAND,59139000AO0701,Maison,88,3.416184,50.122652
2024-718030,2024-12-13,Vente,54000,18,RUE CHARLES GIDE,59139000BC0238,Appartement,39,3.4065,50.111422
2024-718071,2024-12-07,Vente,35000,57,RUE AUGUSTE MARLIOT,59139000AS0076,Maison,126,3.407208,50.125666
2024-718076,2024-11-19,Vente,42000,48,RUE DIDEROT,59139000AT0573,Maison,83,3.399671,50.122099
2024-718081,2024-12-07,Vente,110700,183,RUE ARISTIDE BRIAND,59139000AN0162,Maison,72,3.424009,50.121569
2024-718206,2024-12-19,Vente,66000,7,RUE PIERRE BROSSOLETTE,59139000AI0183,Maison,73,3.418183,50.128275
2024-718464,2024-12-20,Vente,27000,169,RUE HENRI BARBUSSE,59139000AT0687,Maison,86,3.402024,50.121574
2024-718490,2024-12-23,Vente,118000,8,RUE DU QUATORZE JUILLET,59139000AY0329,Maison,94,3.404919,50.118031
2024-718643,2024-12-27,Vente,38000,18,RUE CHARLES GIDE,59139000BC0238,Appartement,36,3.4065,50.111422
2024-718723,2024-12-20,Vente,48000,17,RUE CHARLES GIDE,59139000BD0350,Appartement,35,3.40472,50.110401
2024-718858,2024-12-30,Vente,65000,16,RUE CHANZY,59139000AR0792,Maison,77,3.405602,50.120699
2024-718868,2024-12-27,Vente,43500,125,RUE DE LA REPUBLIQUE,59139000AD0157,Appartement,35,3.405053,50.128491
2024-718944,2024-12-30,Vente,110650,278,RUE HENRI BARBUSSE,59139000AT0011,Maison,110,3.398155,50.125585
2024-718950,2024-12-16,Vente,216800,5,RUE DE SAINT QUENTIN,59139000AS0916,Appartement,160,3.411792,50.123674
2024-719011,2024-12-16,Vente,25000,26,RUE LOUISE MICHEL,59139000BC0152,Maison,115,3.411254,50.114512
2023-785259,2023-01-09,Vente,426400,16,RUE DU MAL LECLERC,59139000AO0748,Appartement,67,3.412918,50.124543
2023-785259,2023-01-09,Vente,426400,16,RUE DU MAL LECLERC,59139000AO0748,Appartement,61,3.412918,50.124543
2023-785259,2023-01-09,Vente,426400,16,RUE DU MAL LECLERC,59139000AO0748,Appartement,50,3.412918,50.124543
2023-785259,2023-01-09,Vente,426400,16,RUE DU MAL LECLERC,59139000AO0748,Appartement,70,3.412918,50.124543
2023-785266,2023-01-05,Vente,110000,191,RUE HENRI BARBUSSE,59139000AT0328,Maison,146,3.401279,50.122356
2023-785385,2023-01-10,Vente,32000,47,RUE DU MAL LECLERC,59139000AE0293,Maison,106,3.413546,50.126334
2023-785398,2023-01-12,Vente,96000,89,RUE DE DUNKERQUE,59139000AO0787,Maison,99,3.415267,50.123315
2023-785411,2023-01-14,Vente,147500,15,RUE FOURIER,59139000AO0338,Maison,104,3.417688,50.123185
2023-785413,2023-01-07,Vente,83000,25,RUE CHARLES GIDE,59139000BD0039,Maison,66,3.403677,50.110533
2023-785414,2023-01-20,Vente,77000,72,RUE ALBERT THOMAS,59139000AP0286,Maison,60,3.416588,50.121599
2023-785415,2023-01-16,Vente,168000,96,RUE CHARLES GIDE,59139000ZD0024,Maison,116,3.398941,50.109668
2023-785415,2023-01-16,Vente,168000,96,RUE CHARLES GIDE,59139000ZD0024,Maison,116,3.398941,50.109668
2023-785423,2023-01-03,Vente,68000,17,RUE ALBERT CAMUS,59139000AI0236,Maison,73,3.417144,50.128365
2023-785424,2023-01-19,Vente,102500,33,RUE DE L EGALITE,59139000AE0509,Maison,65,3.408942,50.128358
2023-785533,2023-01-23,Vente,40000,4,RUE DE ST QUENTIN CITE DANJOU,59139000AZ0496,Maison,69,3.410183,50.116369
2023-785571,2023-01-06,Vente,65000,17,RUE CHARLES GIDE,59139000BD0350,Appartement,35,3.40472,50.110401
2023-785596,2023-01-24,Vente,69000,17,RUE CHARLES GIDE,59139000BD0350,Appartement,54,3.40472,50.110401
2023-785596,2023-01-24,Vente,69000,17,RUE CHARLES GIDE,59139000BD0350,Appartement,54,3.40472,50.110401
2023-785598,2023-01-13,Vente,80000,35,RUE JEAN LEBAS,59139000AR0606,Maison,66,3.405307,50.119656
2023-785611,2023-01-24,Vente,75000,59,RUE MAL DELATTRE DE TASSIGNY,59139000AZ1000,Maison,100,3.415417,50.117355
2023-785930,2023-01-30,Vente,40000,193,RUE HENRI BARBUSSE,59139000AT0332,Maison,45,3.401351,50.122518
2023-785933,2023-01-28,Vente,35000,93,RUE DE LA REPUBLIQUE,59139000AD0136,Maison,77,3.405894,50.128236
2023-785940,2023-02-08,Vente,152000,14,RUE CURIE,59139000AS0326,Maison,163,3.41239,50.123132
2023-785940,2023-02-08,Vente,152000,14,RUE CURIE,59139000AS0326,Maison,163,3.41239,50.123132
2023-785949,2023-02-06,Vente,171500,205,RUE DE LA REPUBLIQUE,59139000AD0331,Maison,144,3.402006,50.132427
2023-785974,2023-02-06,Vente,53500,17,RUE CHARLES GIDE,59139000BD0350,Appartement,44,3.40472,50.110401
2023-786009,2023-02-03,Vente,5000,64,RUE DU MAL LECLERC,59139000AE0239,Maison,62,3.413994,50.126319
2023-786170,2023-02-06,Vente,36000,65,RUE MASSENET,59139000AP0235,Maison,93,3.416526,50.118988
2023-786281,2023-02-16,Vente,98000,254,RUE DE SAINT QUENTIN,59139000AZ0430,Appartement,50,3.408945,50.113962
2023-786281,2023-02-16,Vente,98000,254,RUE DE SAINT QUENTIN,59139000AZ0430,Appartement,85,3.408945,50.113962
2023-786283,2023-02-16,Vente,85000,101,RUE DE LA PAIX,59139000AR0393,Maison,148,3.410401,50.119297
2023-786382,2023-02-20,Vente,53000,9,RUE DU COMMERCE,59139000AD0083,Maison,45,3.407241,50.129324
2023-786424,2023-02-16,Vente,72000,9,RUE PIERRE BROSSOLETTE,59139000AI0184,Maison,73,3.418247,50.128363
2023-786431,2023-02-20,Vente,55000,63,RUE NEGRIER,59139000AH0611,Appartement,47,3.417144,50.130375
2023-786434,2023-02-18,Vente,109000,24,RUE DU QUATORZE JUILLET,59139000AY0336,Maison,70,3.404416,50.117573
2023-786462,2023-02-07,Vente,110000,16,RUE DE SAINT QUENTIN,59139000AS0351,Appartement,37,3.411266,50.123282
2023-786462,2023-02-07,Vente,110000,16,RUE DE SAINT QUENTIN,59139000AS0351,Appartement,36,3.411266,50.123282
2023-786462,2023-02-07,Vente,110000,16,RUE DE SAINT QUENTIN,59139000AS0351,Appartement,34,3.411266,50.123282
2023-786467,2023-02-28,Vente,43000,127,RUE DE LA REPUBLIQUE,59139000AD0157,Appartement,35,3.405053,50.128491
2023-786468,2023-02-28,Vente,80000,20,RUE CHARLES GIDE,59139000BC0238,Appartement,63,3.4065,50.111422
2023-786602,2023-02-16,Vente,84000,11,RUE DIDEROT,59139000AY0019,Maison,120,3.400148,50.121083
2023-786602,2023-02-16,Vente,84000,11,RUE DIDEROT,59139000AY0019,Maison,120,3.400148,50.121083
2023-786663,2023-02-28,Vente,65000,14,RUE CAMILLE GUERIN,59139000AI0133,Maison,73,3.421008,50.128399
2023-786743,2023-02-28,Vente,125000,6,RUE JEAN LEBAS,59139000AR0846,Maison,28,3.406995,50.12078
2023-786749,2023-02-27,Vente,110000,64,RUE DE LA PAIX,59139000AR0428,Maison,118,3.409987,50.120358
2023-786771,2023-02-28,Vente,311000,175,RUE ARISTIDE BRIAND,59139000AN0106,Maison,105,3.423519,50.12147
2023-786837,2023-03-09,Vente,86000,96,RUE MASSENET,59139000AZ0173,Maison,88,3.41607,50.117627
2023-786909,2023-03-06,Vente,99000,27,RUE JEAN JACQUES ROUSSEAU,59139000AE0159,Maison,108,3.411999,50.129171
2023-787080,2023-03-08,Vente,222000,18,RUE CARNOT,59139000AR1196,Maison,166,3.413561,50.121308
2023-787189,2023-03-15,Vente,65000,3,RUE DU BOIS DUPONT,59139000AM0174,Maison,60,3.424943,50.126172
2023-787196,2023-03-16,Vente,70000,28,RUE EMILE SALEMBIER,59139000AZ0536,Maison,64,3.407889,50.116228
2023-787258,2023-03-03,Vente,81000,89,RUE DE LA REPUBLIQUE,59139000AD0134,Maison,83,3.405963,50.128168
2023-787260,2023-03-14,Vente,80000,63,RUE DU BASSIN DES EAUX,59139000AZ0351,Maison,80,3.413656,50.115024
2023-787297,2023-03-16,Vente,100000,111,RUE HENRI BARBUSSE,59139000AY0281,Maison,130,3.404811,50.118481
2023-787322,2023-03-28,Vente,116000,3,RUE DU BOIS DUPONT,59139000AM0174,Maison,68,3.424943,50.126172
2023-787334,2023-03-27,Vente,54000,125,RUE DE LA REPUBLIQUE,59139000AD0157,Appartement,45,3.405053,50.128491
2023-787406,2023-03-25,Vente,102500,14,RUE MOLIERE,59139000BE0650,Maison,104,3.421761,50.117649
2023-787456,2023-03-31,Vente,40000,127,RUE DE LA REPUBLIQUE,59139000AD0157,Appartement,35,3.405053,50.128491
2023-787549,2023-03-27,Vente,24500,43,RUE DE CAMBRAI,59139000AT0144,Maison,46,3.403658,50.123509
2023-787571,2023-03-31,Vente,27500,52,RUE DE L EGALITE,59139000AE0613,Maison,150,3.410802,50.129312
2023-787643,2023-03-30,Vente,78000,34,RUE CLEMENT ADER,59139000AY0301,Maison,94,3.403646,50.117532
2023-787831,2023-04-07,Vente,140000,5,RUE DE LA PAIX,59139000AS0342,Appartement,91,3.411097,50.123629
2023-787831,2023-04-07,Vente,140000,5,RUE DE LA PAIX,59139000AS0342,Appartement,30,3.411097,50.123629
2023-787831,2023-04-07,Vente,140000,5,RUE DE LA PAIX,59139000AS0342,Appartement,53,3.411097,50.123629
2023-787831,2023-04-07,Vente,140000,5,RUE DE LA PAIX,59139000AS0342,Appartement,36,3.411097,50.123629
2023-787860,2023-04-14,Vente,132400,47,BD JEAN JAURES,59139000AR0773,Maison,63,3.404642,50.120979
2023-787908,2023-04-06,Vente,45000,127,RUE DE LA REPUBLIQUE,59139000AD0157,Appartement,39,3.405053,50.128491
2023-787945,2023-03-31,Vente,77000,125,RUE DE LA REPUBLIQUE,59139000AD0157,Appartement,65,3.405053,50.128491
2023-787972,2023-04-06,Vente,45000,125,RUE DE LA REPUBLIQUE,59139000AD0157,Appartement,39,3.405053,50.128491
2023-788025,2023-04-15,Vente,118000,33,RUE FENELON,59139000BE0572,Maison,88,3.423183,50.116229
2023-788042,2023-04-11,Vente,75000,23,RUE DE FOURMIES,59139000AP0098,Maison,94,3.419359,50.121258
2023-788057,2023-04-12,Vente,80000,47,RUE DE LIGNY,59139000AY0127,Maison,60,3.399268,50.119418
2023-788187,2023-04-13,Vente,50000,103,RUE MASSENET,59139000AP0211,Maison,66,3.41656,50.117546
2023-788274,2023-04-20,Vente,85000,33,RUE DIDEROT,59139000AY0008,Maison,96,3.399635,50.12164
2023-788386,2023-05-04,Vente,35000,29,RUE HENRI SOURMAIS,59139000AD0048,Maison,40,3.406737,50.129471
2023-788413,2023-04-13,Vente,81500,3,RUE DE LA COMEDIE,59139000AE0271,Maison,51,3.41254,50.126751
2023-788485,2023-05-02,Vente,120000,53,RUE NEGRIER,59139000AH0275,Maison,81,3.416713,50.129884
2023-788590,2023-05-05,Vente,215000,22,RUE VAUCANSON,59139000AR0443,Appartement,70,3.409365,50.120498
2023-788590,2023-05-05,Vente,215000,22,RUE VAUCANSON,59139000AR0443,Appartement,41,3.409365,50.120498
2023-788590,2023-05-05,Vente,215000,22,RUE VAUCANSON,59139000AR0443,Appartement,63,3.409365,50.120498
2023-788590,2023-05-05,Vente,215000,22,RUE VAUCANSON,59139000AR0443,Appartement,38,3.409365,50.120498
2023-788590,2023-05-05,Vente,215000,22,RUE VAUCANSON,59139000AR0443,Appartement,56,3.409365,50.120498
2023-788621,2023-05-05,Vente,50000,60,RUE LEON BLUM,59139000AO0040,Maison,60,3.416046,50.12704
2023-788820,2023-05-05,Vente,98000,244,RUE DE SAINT QUENTIN,59139000AZ0436,Maison,180,3.409183,50.114261
2023-788829,2023-05-16,Vente,30000,3,IMP GEORGES DEJARDIN,59139000AR0340,Maison,69,3.411788,50.119092
2023-788875,2023-05-22,Vente,66300,17,RUE DE DUNKERQUE,59139000AO0146,Maison,101,3.417783,50.126306
2023-788972,2023-05-17,Vente,157500,8,RTE DE CLARY,59139000BD0316,Maison,90,3.406218,50.109474
2023-789021,2023-05-11,Vente,106000,8,PL LOUISA POULAIN,591390000A0887,Maison,117,3.440013,50.118364
2023-789063,2023-05-16,Vente,45000,31,RUE CHANZY,59139000AR0807,Maison,46,3.406174,50.120706
2023-789087,2023-05-30,Vente,40000,18,RUE CHARLES GIDE,59139000BC0238,Appartement,36,3.4065,50.111422
2023-789091,2023-05-30,Vente,42000,20,RUE CHARLES GIDE,59139000BC0238,Appartement,36,3.4065,50.111422
2023-789162,2023-05-16,Vente,30000,42,BD JEAN JAURES,59139000AT0207,Maison,104,3.404338,50.121843
2023-789183,2023-05-22,Vente,92800,15,RUE DE LA LIBERTE,59139000AY0032,Maison,87,3.401551,50.121016
2023-789194,2023-05-25,Vente,67000,115,RUE DE LA PAIX,59139000AR0386,Maison,98,3.410169,50.118883
2023-789244,2023-05-23,Vente,89000,29,RUE ALBERT CAMUS,59139000AI0242,Maison,74,3.417463,50.128875
2023-789337,2023-05-31,Vente,25000,20,RUE CHARLES GIDE,59139000BC0238,Appartement,20,3.4065,50.111422
2023-789348,2023-05-31,Vente,56000,20,RUE CHARLES GIDE,59139000BC0238,Appartement,58,3.4065,50.111422
2023-789364,2023-05-23,Vente,71500,9,RUE DE CHANTILLY,59139000AR0765,Maison,92,3.404466,50.120979
2023-789465,2023-05-31,Vente,110000,11,RUE PIERRE CORNEILLE,59139000AP0626,Maison,83,3.420533,50.118898
2023-789542,2023-06-08,Vente,42000,20,RUE CHARLES GIDE,59139000BC0238,Appartement,36,3.4065,50.111422
2023-789546,2023-06-08,Vente,40300,18,RUE CHARLES GIDE,59139000BC0238,Appartement,36,3.4065,50.111422
2023-789576,2023-05-31,Vente,40000,11,RUE FOURIER,59139000AO0336,Maison,86,3.417577,50.123033
2023-789606,2023-06-06,Vente,55000,9,RUE EDOUARD VAILLANT,59139000AZ0793,Maison,73,3.407354,50.117133
2023-789630,2023-06-05,Vente,24000,9001,RUE LAMARTINE,59139000BD0321,Appartement,48,3.402561,50.110966
2023-789697,2023-06-01,Vente,99900,141,RUE ARISTIDE BRIAND,59139000AN0118,Maison,43,3.42234,50.121629
2023-789812,2023-05-12,Vente,80000,55,RUE PASTEUR,59139000AP0383,Maison,72,3.414809,50.119972
2023-789842,2023-06-08,Vente,180500,94,RUE CHARLES GIDE,59139000ZD0051,Maison,114,3.399263,50.109743
2023-789842,2023-06-08,Vente,180500,94,RUE CHARLES GIDE,59139000ZD0051,Maison,114,3.399263,50.109743
2023-789862,2023-06-09,Vente,195400,29,RUE DE LA LIBERTE,59139000AY0720,Maison,89,3.40164,50.120775
2023-789967,2023-06-21,Vente,48000,17,RUE CHARLES GIDE,59139000BD0350,Appartement,41,3.40472,50.110401
2023-789985,2023-06-19,Vente,130000,44,RUE DE SAINT QUENTIN,59139000AS0368,Maison,107,3.411299,50.122408
2023-789999,2023-06-20,Vente,91750,137,RUE PASTEUR,59139000AZ0153,Maison,85,3.414567,50.117707
2023-790004,2023-06-16,Vente,113000,29,RUE ALFRED MELAYERS,59139000AE0428,Appartement,41,3.411716,50.12763
2023-790004,2023-06-16,Vente,113000,29,RUE ALFRED MELAYERS,59139000AE0428,Appartement,54,3.411716,50.12763
2023-790013,2023-06-15,Vente,268000,28,RUE DU MAL LECLERC,59139000AO0774,Maison,100,3.41392,50.12475
2023-790013,2023-06-15,Vente,268000,28,RUE DU MAL LECLERC,59139000AO0774,Maison,86,3.41392,50.12475
2023-790013,2023-06-15,Vente,268000,9,RUE DU MAL LECLERC,59139000AS0205,Appartement,102,3.41234,50.124833
2023-790120,2023-06-19,Vente,45000,9001,RUE LAMARTINE,59139000BD0321,Appartement,61,3.402561,50.110966
2023-790246,2023-06-28,Vente,45700,17,RUE CHARLES GIDE,59139000BD0350,Appartement,35,3.40472,50.110401
2023-790259,2023-06-22,Vente,66000,17,RUE ELOI,59139000AE0364,Maison,44,3.412634,50.125938
2023-790391,2023-06-30,Vente,59000,20,RUE CHARLES GIDE,59139000BC0238,Appartement,58,3.4065,50.111422
2023-790408,2023-06-29,Vente,123000,11,RUE JEAN RACINE,59139000AP0610,Maison,83,3.421187,50.119438
2023-790467,2023-07-06,Vente,93000,6,RUE DE SAINT QUENTIN,59139000AS0344,Appartement,35,3.411295,50.123619
2023-790467,2023-07-06,Vente,93000,6,RUE DE SAINT QUENTIN,59139000AS0344,Appartement,35,3.411295,50.123619
2023-790467,2023-07-06,Vente,93000,6,RUE DE SAINT QUENTIN,59139000AS0344,Appartement,45,3.411295,50.123619
2023-790508,2023-06-29,Vente,120000,208,RUE ARISTIDE BRIAND,59139000AP0170,Maison,82,3.423711,50.121014
2023-790511,2023-06-29,Vente,70000,3,RUE NEGRIER,59139000AH0319,Maison,92,3.414355,50.128505
2023-790809,2023-06-29,Vente,55000,5,IMP GEORGES DEJARDIN,59139000AR0342,Maison,74,3.412003,50.119076
2023-790865,2023-07-06,Vente,127000,71,BD DU 11 NOVEMBRE 1918,59139000AP0558,Maison,85,3.418836,50.118708
2023-790887,2023-07-11,Vente,76100,17,RUE CHARLES GIDE,59139000BD0350,Appartement,55,3.40472,50.110401
2023-791261,2023-07-19,Vente,46000,3,RUE JEAN JACQUES ROUSSEAU,59139000AE0171,Maison,80,3.412845,50.128663
2023-791266,2023-07-27,Vente,140000,2,RTE DE CLARY,59139000BD0329,Maison,90,3.406187,50.10982
2023-791267,2023-07-18,Vente,50000,12,RUE MICHELET,59139000AT0259,Maison,72,3.401281,50.121554
2023-791269,2023-07-20,Vente,60000,57,RUE DU MAL LECLERC,59139000AE0718,Maison,75,3.412979,50.126868
2023-791281,2023-07-13,Vente,70000,6,RUE ALBERT CAMUS,59139000AI0201,Maison,74,3.417754,50.12824
2023-791285,2023-07-25,Vente,65000,79,RUE DE DUNKERQUE,59139000AO0414,Maison,64,3.415844,50.123697
2023-791292,2023-07-20,Vente,175400,36,RUE DE SAINT QUENTIN,59139000AS0362,Appartement,65,3.411254,50.122578
2023-791292,2023-07-20,Vente,175400,36,RUE DE SAINT QUENTIN,59139000AS0362,Appartement,44,3.411254,50.122578
2023-791292,2023-07-20,Vente,175400,36,RUE DE SAINT QUENTIN,59139000AS0362,Appartement,41,3.411254,50.122578
2023-791295,2023-07-27,Vente,85400,3,RUE BOILEAU,59139000BE0660,Maison,88,3.422085,50.117021
2023-791311,2023-07-18,Vente,84000,278,RUE HENRI BARBUSSE,59139000AT0011,Maison,110,3.398155,50.125585
2023-791383,2023-07-27,Vente,68400,52,RUE DE L EGALITE,59139000AE0613,Maison,150,3.410802,50.129312
2023-791384,2023-07-31,Vente,76050,15,RUE KARL MARX,59139000AZ0629,Maison,62,3.405742,50.116932
2023-791461,2023-07-20,Vente,26400,127,RUE DE LA REPUBLIQUE,59139000AD0157,Appartement,20,3.405053,50.128491
2023-791524,2023-08-07,Vente,218980,11,RUE FERNAND BEAUVILLAIN,59139000AS0188,Maison,135,3.41084,50.125118
2023-791532,2023-08-04,Vente,32000,6,RUE LEON BLUM,59139000AO0526,Maison,80,3.414207,50.125672
2023-791569,2023-07-20,Vente,150000,5,RUE JACQUARD,59139000AS1061,Appartement,52,3.408743,50.124394
2023-791569,2023-07-20,Vente,150000,5,RUE JACQUARD,59139000AS1061,Appartement,52,3.408743,50.124394
2023-791599,2023-08-04,Vente,67000,9001,RUE LAMARTINE,59139000BD0321,Appartement,56,3.402561,50.110966
2023-791716,2023-08-10,Vente,144500,148,RUE DE LA REPUBLIQUE,59139000AD0006,Maison,127,3.404774,50.13006
2023-791717,2023-08-01,Vente,32500,62,RUE DE SAINT QUENTIN,59139000AR0169,Maison,99,3.411285,50.12179
2023-791769,2023-07-28,Vente,419000,227,RUE DE SAINT QUENTIN,59139000BC0106,Appartement,20,3.40879,50.113101
2023-791769,2023-07-28,Vente,419000,227,RUE DE SAINT QUENTIN,59139000BC0106,Appartement,53,3.40879,50.113101
2023-791769,2023-07-28,Vente,419000,227,RUE DE SAINT QUENTIN,59139000BC0106,Appartement,26,3.40879,50.113101
2023-791769,2023-07-28,Vente,419000,227,RUE DE SAINT QUENTIN,59139000BC0106,Appartement,24,3.40879,50.113101
2023-791769,2023-07-28,Vente,419000,227,RUE DE SAINT QUENTIN,59139000BC0106,Appartement,65,3.40879,50.113101
2023-791769,2023-07-28,Vente,419000,227,RUE DE SAINT QUENTIN,59139000BC0106,Appartement,25,3.40879,50.113101
2023-791769,2023-07-28,Vente,419000,227,RUE DE SAINT QUENTIN,59139000BC0106,Appartement,57,3.40879,50.113101
2023-791769,2023-07-28,Vente,419000,227,RUE DE SAINT QUENTIN,59139000BC0107,Maison,50,3.409026,50.113019
2023-791769,2023-07-28,Vente,419000,225,RUE DE SAINT QUENTIN,59139000BC0110,Appartement,23,3.408981,50.113093
2023-791769,2023-07-28,Vente,419000,225,RUE DE SAINT QUENTIN,59139000BC0110,Appartement,39,3.408981,50.113093
2023-791915,2023-08-17,Vente,60000,69,RUE D ANVERS,59139000AH0060,Maison,96,3.414132,50.130629
2023-792143,2023-09-04,Vente,190000,103,RUE DE VALENCIENNES,59139000AH0558,Appartement,50,3.414656,50.130505
2023-792143,2023-09-04,Vente,190000,103,RUE DE VALENCIENNES,59139000AH0558,Appartement,65,3.414656,50.130505
2023-792143,2023-09-04,Vente,190000,103,RUE DE VALENCIENNES,59139000AH0558,Appartement,70,3.414656,50.130505
2023-792252,2023-08-31,Vente,100000,74,RUE DU MAL LECLERC,59139000AE0244,Maison,245,3.414254,50.12705
2023-792252,2023-08-31,Vente,100000,74,RUE DU MAL LECLERC,59139000AE0244,Maison,245,3.414254,50.12705
2023-792264,2023-01-20,Adjudication,25000,5,RUE DE CHANTILLY,59139000AR0766,Maison,85,3.404367,50.121053
2023-792326,2023-08-18,Vente,111800,2,RUE EDISON,59139000BC0242,Maison,108,3.40527,50.111468
2023-792326,2023-08-18,Vente,111800,2,RUE EDISON,59139000BC0242,Maison,108,3.40527,50.111468
2023-792377,2023-09-14,Vente,2400,45,RUE DE LIGNY,59139000AY0128,Maison,65,3.3993,50.119449
2023-792397,2023-08-22,Vente,66000,61,RUE ALBERT CAMUS,59139000AI0292,Maison,74,3.419531,50.130214
2023-792398,2023-08-30,Vente,92000,168,RUE DE SAINT QUENTIN,59139000AZ0099,Maison,116,3.410852,50.117912
2023-792419,2023-08-29,Vente,45000,92,RUE DE LA REPUBLIQUE,59139000AD0096,Maison,96,3.406254,50.128439
2023-792445,2023-09-13,Vente,57500,42,RUE DE L EGALITE,59139000AE0949,Maison,96,3.410281,50.128976
2023-792452,2023-09-13,Vente,34000,19,RUE DIDEROT,59139000AY0015,Maison,75,3.400056,50.121361
2023-792525,2023-09-20,Vente,49500,61,RUE NEGRIER,59139000AH0611,Appartement,44,3.417144,50.130375
2023-792526,2023-09-14,Vente,62000,115,RUE NEGRIER,59139000AH0690,Maison,80,3.41983,50.131103
2023-792551,2023-08-31,Vente,58000,129,RUE DE BRUXELLES,59139000AC0023,Maison,83,3.411386,50.132345
2023-792565,2023-08-30,Vente,85000,49,RUE FENELON,59139000BE0740,Maison,88,3.422841,50.115788
2023-792611,2023-09-11,Vente,49000,11,RUE DE CAMBRAI,59139000AT0167,Maison,54,3.405616,50.122921
2023-792613,2023-09-15,Vente,116500,15,RUE VAUCANSON,59139000AR1508,Maison,44,3.408798,50.121627
2023-792654,2023-09-15,Vente,266000,240,RUE ARISTIDE BRIAND,59139000BE0838,Maison,142,3.426388,50.120534
2023-792654,2023-09-15,Vente,266000,240,RUE ARISTIDE BRIAND,59139000BE0838,Maison,142,3.426388,50.120534
2023-792662,2023-08-31,Vente,147000,30,BD JEAN JAURES,59139000AT0186,Appartement,51,3.404895,50.121975
2023-792662,2023-08-31,Vente,147000,30,BD JEAN JAURES,59139000AT0186,Appartement,42,3.404895,50.121975
2023-792662,2023-08-31,Vente,147000,30,BD JEAN JAURES,59139000AT0186,Appartement,73,3.404895,50.121975
2023-792673,2023-09-15,Vente,80000,20,RUE KARL MARX,59139000AY0355,Maison,79,3.40509,50.117055
2023-792676,2023-09-07,Vente,71500,30,RUE DE LA SUCRERIE,59139000BD0107,Maison,76,3.408865,50.110328
2023-792687,2023-09-20,Vente,45000,24,RUE DE LA LIBERTE,59139000AT0293,Maison,79,3.400958,50.121123
2023-792689,2023-09-18,Vente,115000,129,RUE ARISTIDE BRIAND,59139000AN0124,Maison,90,3.421842,50.121763
2023-792756,2023-09-22,Vente,144000,184,RUE DE SAINT QUENTIN,59139000AZ0121,Appartement,120,3.410699,50.116998
2023-792756,2023-09-22,Vente,144000,184,RUE DE SAINT QUENTIN,59139000AZ0121,Appartement,97,3.410699,50.116998
2023-792762,2023-09-19,Vente,30000,68,RUE DE CAMBRAI,59139000AV0048,Maison,80,3.40249,50.125374
2023-792823,2023-09-22,Vente,35000,1,RUE DE FOURMIES,59139000AP0080,Maison,60,3.419611,50.121947
2023-792851,2023-09-19,Vente,585000,16,PL EUGENE FIEVET,59139000AS0508,Maison,214,3.407462,50.123178
2023-792952,2023-09-22,Vente,190000,8,RUE ALBERT THOMAS,59139000AS0576,Appartement,26,3.413077,50.123225
2023-792952,2023-09-22,Vente,190000,8,RUE ALBERT THOMAS,59139000AS0576,Appartement,32,3.413077,50.123225
2023-792952,2023-09-22,Vente,190000,8,RUE ALBERT THOMAS,59139000AS0576,Appartement,25,3.413077,50.123225
2023-792952,2023-09-22,Vente,190000,8,RUE ALBERT THOMAS,59139000AS0576,Appartement,39,3.413077,50.123225
2023-792952,2023-09-22,Vente,190000,8,RUE ALBERT THOMAS,59139000AS0576,Appartement,50,3.413077,50.123225
2023-792952,2023-09-22,Vente,190000,8,RUE ALBERT THOMAS,59139000AS0576,Appartement,58,3.413077,50.123225
2023-793057,2023-09-14,Vente,90500,62,RUE VOLTAIRE,59139000AE0078,Maison,100,3.409463,50.129178
2023-793079,2023-09-14,Vente,74000,23,RUE LOUISE MICHEL,59139000AZ0419,Maison,78,3.411819,50.114833
2023-793201,2023-09-13,Vente,320000,73,RUE LEON GAMBETTA,59139000AR1555,Maison,177,3.408962,50.119545
2023-793240,2023-09-21,Vente,55000,3,RUE DU BOIS DUPONT,59139000AM0174,Maison,48,3.424943,50.126172
2023-793255,2023-09-26,Vente,69000,1,RUE JEAN JACQUES ROUSSEAU,59139000AE0172,Maison,75,3.412924,50.128623
2023-793285,2023-10-06,Vente,145000,23,RUE JEAN RACINE,59139000AP0704,Maison,83,3.421869,50.11913
2023-793333,2023-09-25,Vente,60500,7,RUE DE BELFORT,59139000AR0708,Maison,70,3.403946,50.120747
2023-793391,2023-10-04,Vente,115000,2,PAS DU STAR,59139000AZ1084,Maison,88,3.411241,50.115275
2023-793394,2023-09-27,Vente,200000,6,PAS DU STAR,59139000AZ1085,Maison,108,3.411604,50.115274
2023-793395,2023-09-29,Vente,90000,36,RUE VOLTAIRE,59139000AE0528,Maison,87,3.408453,50.128379
2023-793408,2023-06-16,Adjudication,55000,60,RUE DE SAINT QUENTIN,59139000AR0170,Maison,131,3.411275,50.121844
2023-793413,2023-09-29,Vente,40000,12,RUE DIDEROT,59139000AT0298,Maison,39,3.400667,50.121359
2023-793467,2023-10-12,Vente,47000,5,RUE MICHELET,59139000AT0288,Maison,68,3.400882,50.121346
2023-793510,2023-10-02,Vente,31000,42,BD JEAN JAURES,59139000AT0207,Maison,104,3.404338,50.121843
2023-793512,2023-10-11,Vente,55000,61,RUE NEGRIER,59139000AH0611,Appartement,47,3.417144,50.130375
2023-793516,2023-09-26,Vente,120000,76,BD DU 11 NOVEMBRE 1918,59139000AP0537,Maison,80,3.417909,50.118648
2023-793519,2023-10-06,Vente,115000,26,RUE LEAVERS,59139000AE0065,Maison,73,3.410006,50.129428
2023-793807,2023-10-19,Vente,76000,93,RUE DE LA REPUBLIQUE,59139000AD0498,Maison,72,3.405792,50.128256
2023-793923,2023-10-19,Vente,80000,56,RUE LEON GAMBETTA,59139000AR0576,Maison,79,3.407876,50.119821
2023-793987,2023-10-21,Vente,65900,19,RUE BERTHELOT,59139000AP0686,Maison,84,3.415718,50.121071
2023-793997,2023-10-09,Vente,114100,12,RUE NEGRIER,59139000AI0415,Maison,80,3.415109,50.12861
2023-794000,2023-10-19,Vente,54000,12,RUE DE ST QUENTIN CITE DANJOU,59139000AZ0492,Maison,36,3.409745,50.116512
2023-794014,2023-10-23,Vente,82000,77,RUE NEGRIER,59139000AH0271,Maison,101,3.417749,50.130427
2023-794017,2023-10-12,Vente,113000,27,RUE FENELON,59139000BE0575,Maison,88,3.423254,50.116642
2023-794109,2023-11-03,Vente,9500,16,RUE DE L EGALITE,59139000AE0803,Maison,34,3.408682,50.127468
2023-794146,2023-10-31,Vente,113500,47,BD JEAN JAURES,59139000AR0773,Maison,63,3.404642,50.120979
2023-794196,2023-10-30,Vente,66000,3,RUE DU BOIS DUPONT,59139000AM0174,Appartement,61,3.424943,50.126172
2023-794257,2023-10-27,Vente,65000,67,RUE D ANVERS,59139000AH0062,Maison,96,3.413727,50.130886
2023-794331,2023-11-04,Vente,39000,18,RUE DE DENAIN,59139000AO0364,Maison,66,3.416862,50.12403
2023-794350,2023-11-06,Vente,65000,23,RUE CHANZY,59139000AR0809,Maison,30,3.405939,50.120884
2023-794520,2023-11-06,Vente,72500,3,RUE DU BOIS DUPONT,59139000AM0174,Maison,68,3.424943,50.126172
2023-794557,2023-11-06,Vente,30000,118,RUE HENRI BARBUSSE,59139000AR0646,Maison,65,3.404752,50.119138
2023-794583,2023-11-17,Vente,120000,18,RUE LOUISE MICHEL,59139000BC0146,Maison,169,3.410898,50.11451
2023-794774,2023-11-20,Vente,87850,6,RUE DE CALAIS,59139000AO0101,Maison,96,3.416259,50.125337
2023-794789,2023-11-10,Vente,40000,4,RLE COUSIN,59139000AR0776,Maison,54,3.40473,50.12101
2023-794979,2023-11-22,Vente,30000,43,RUE FOURIER,59139000AO0347,Maison,50,3.4183,50.124294
2023-794984,2023-11-27,Vente,218500,71,RUE GUSTAVE DELORY,59139000BC0527,Maison,76,3.40552,50.114763
2023-794984,2023-11-27,Vente,218500,71,RUE GUSTAVE DELORY,59139000BC0527,Maison,76,3.40552,50.114763
2023-795014,2023-11-20,Vente,180750,2,RUE HENRI BRACQ,591390000A0914,Maison,136,3.440169,50.11963
2023-795069,2023-12-01,Vente,165000,200,RUE HENRI BARBUSSE,59139000AT0085,Maison,119,3.401493,50.12289
2023-795288,2023-12-08,Vente,262500,17,RUE ROGER SALENGRO,59139000AS0464,Appartement,59,3.409348,50.123939
2023-795288,2023-12-08,Vente,262500,17,RUE ROGER SALENGRO,59139000AS0464,Appartement,55,3.409348,50.123939
2023-795291,2023-12-06,Vente,298000,5,RUE VAUCANSON,59139000AR0039,Maison,116,3.408076,50.121054
2023-795296,2023-12-09,Vente,95000,4,RUE DU DOCTEUR L ZAMENHOF,59139000AS0232,Maison,74,3.414618,50.12274
2023-795349,2023-12-09,Vente,92850,2,RUE DELESCLUZE,59139000AP0276,Maison,108,3.416915,50.121894
2023-795385,2023-12-07,Vente,200500,236,RUE ARISTIDE BRIAND,59139000BE0834,Maison,89,3.425859,50.120653
2023-795385,2023-12-07,Vente,200500,236,RUE ARISTIDE BRIAND,59139000BE0834,Maison,89,3.425859,50.120653
2023-795429,2023-12-13,Vente,75000,3,RUE HENRI MERESSE,591390000A0547,Maison,90,3.441499,50.117869
2023-795430,2023-12-18,Vente,90000,3,RUE D ALENCON,59139000AR1424,Maison,104,3.405432,50.121675
2023-795445,2023-12-18,Vente,67500,65,RUE NEGRIER,59139000AH0611,Appartement,53,3.417144,50.130375
2023-795550,2023-12-14,Vente,82500,181,RUE HENRI BARBUSSE,59139000AT0237,Maison,90,3.401558,50.121965
2023-795573,2023-11-24,Vente,47000,17,RUE CHARLES GIDE,59139000BD0350,Appartement,35,3.40472,50.110401
2023-795582,2023-12-18,Vente,77000,2,RUE DE CALAIS,59139000AO0103,Maison,51,3.416175,50.125245
2023-795681,2023-12-22,Vente,106000,111,RUE DE LA REPUBLIQUE,59139000AD0148,Maison,90,3.405455,50.128686
2023-795684,2023-12-22,Vente,83000,3,RUE DU BOIS DUPONT,59139000AM0174,Maison,65,3.424943,50.126172
2023-795685,2023-12-20,Vente,117300,7,RUE FOURIER,59139000AO0334,Maison,89,3.417496,50.122908
2023-795788,2023-12-14,Vente,32000,20,RUE MAL DELATTRE DE TASSIGNY,59139000AZ1162,Maison,18,3.413582,50.116935
2023-795791,2023-12-15,Vente,30000,4,RUE JULES VERNE,59139000AD0032,Maison,80,3.405901,50.129275
2023-796066,2023-12-20,Vente,188000,19,RUE FRANCOIS DE MALHERBE,59139000AC0152,Maison,97,3.407691,50.132745
2023-796097,2023-12-28,Vente,71000,107,RUE HENRI BARBUSSE,59139000AY0326,Maison,41,3.405153,50.118282
2023-796097,2023-12-28,Vente,71000,107,RUE HENRI BARBUSSE,59139000AY0326,Maison,124,3.405153,50.118282
2023-796194,2023-12-21,Vente,117000,3,RUE PIERRE RONSARD,59139000AC0125,Maison,72,3.403856,50.131836
2023-796218,2023-12-27,Vente,45500,127,RUE DE LA REPUBLIQUE,59139000AD0157,Appartement,35,3.405053,50.128491
2023-796267,2023-12-28,Vente,50000,5,RUE FOURIER,59139000AO0333,Maison,75,3.417464,50.122863
2023-796317,2023-12-28,Vente,43000,17,RUE CHARLES GIDE,59139000BD0350,Appartement,44,3.40472,50.110401
2023-796398,2023-09-15,Adjudication,38000,17,RUE CHARLES GIDE,59139000BD0350,Appartement,44,3.40472,50.110401
2023-796409,2023-06-30,Adjudication,115000,7,PL DU GAL DE GAULLE,59139000AS0194,Maison,65,3.410782,50.124561
2022-969211,2022-01-05,Vente,40000,13,RUE DE BELFORT,59139000AR0705,Maison,50,3.404111,50.120598
2022-969220,2022-01-14,Vente,85000,198,RUE HENRI BARBUSSE,59139000AT0089,Maison,73,3.401776,50.122868
2022-969228,2022-01-12,Vente,80000,11,RUE BERTHELOT,59139000AP0336,Maison,80,3.415381,50.121112
2022-969266,2022-01-08,Vente,147500,24,RUE DE DUNKERQUE,59139000AO0142,Maison,91,3.417178,50.126245
2022-969286,2022-01-17,Vente,92000,31,RUE HENRI SOURMAIS,59139000AD0047,Maison,77,3.406788,50.129514
2022-969297,2022-01-20,Vente,80500,8,RUE JULES VERNE,59139000AD0034,Maison,74,3.406022,50.12934
2022-969300,2022-01-19,Vente,58000,3,RUE DU BOIS DUPONT,59139000AM0174,Maison,52,3.424943,50.126172
2022-969303,2022-01-26,Vente,86480,11,RUE FERNAND BEAUVILLAIN,59139000AS0188,Maison,135,3.41084,50.125118
2022-969355,2022-01-07,Vente,340000,245,RUE HENRI BARBUSSE,59139000AT0354,Maison,122,3.396695,50.125399
2022-969355,2022-01-07,Vente,340000,245,RUE HENRI BARBUSSE,59139000AT0354,Maison,122,3.396695,50.125399
2022-969369,2022-01-22,Vente,190000,7,RUE DES PINS,59139000AZ0888,Maison,84,3.417813,50.116652
2022-969373,2022-01-17,Vente,50000,111,RUE DE LA REPUBLIQUE,59139000AD0148,Maison,58,3.405455,50.128686
2022-969399,2022-01-14,Vente,81000,16,RUE ALBERT CALMETTE,59139000AI0049,Maison,105,3.421545,50.127198
2022-969449,2022-01-17,Vente,80000,207,RUE ARISTIDE BRIAND,59139000AN0087,Maison,116,3.425221,50.121426
2022-969464,2022-01-31,Vente,49000,17,RUE CHARLES GIDE,59139000BD0350,Appartement,35,3.40472,50.110401
2022-969464,2022-01-31,Vente,49000,17,RUE CHARLES GIDE,59139000BD0350,Appartement,35,3.40472,50.110401
2022-969474,2022-02-08,Vente,44000,20,RUE CHARLES GIDE,59139000BC0238,Appartement,39,3.4065,50.111422
2022-969477,2022-01-31,Vente,80000,1,RUE PAUL MOREAU,59139000AR1423,Maison,70,3.409553,50.120896
2022-969477,2022-01-31,Vente,80000,1,RUE PAUL MOREAU,59139000AR1423,Maison,70,3.409553,50.120896
2022-969482,2022-02-05,Vente,65100,20,RUE MAL DELATTRE DE TASSIGNY,59139000AZ0367,Maison,55,3.412931,50.116726
2022-969484,2022-02-04,Vente,65000,21,RUE FOURIER,59139000AO0340,Maison,77,3.417813,50.123367
2022-969502,2022-01-31,Vente,62500,22,RUE JEAN DE LA FONTAINE,59139000AP0589,Maison,91,3.419294,50.119055
2022-969530,2022-02-11,Vente,47200,70,RUE VOLTAIRE,59139000AE0058,Maison,78,3.409906,50.129801
2022-969536,2022-02-11,Vente,50000,17,RUE CHARLES GIDE,59139000BD0350,Appartement,35,3.40472,50.110401
2022-969536,2022-02-11,Vente,50000,17,RUE CHARLES GIDE,59139000BD0350,Appartement,35,3.40472,50.110401
2022-969549,2022-02-18,Vente,45000,26,RUE JEAN BAPTISTE CLEMENT,59139000AR0534,Maison,95,3.407385,50.118604
2022-969562,2022-02-03,Vente,29900,61,RUE PASTEUR,59139000AP0385,Maison,92,3.414814,50.119791
2022-969563,2022-02-10,Vente,105000,11,RUE ALFRED MELAYERS,59139000AE0443,Maison,152,3.410728,50.127073
2022-969563,2022-02-10,Vente,105000,11,RUE ALFRED MELAYERS,59139000AE0443,Maison,152,3.410728,50.127073
2022-969565,2022-02-17,Vente,30000,51,RUE JEAN LEBAS,59139000AR0652,Maison,76,3.404631,50.119373
2022-969574,2022-02-03,Vente,142000,9,RUE BOSSUET,59139000BE0617,Maison,88,3.423895,50.118378
2022-969577,2022-01-31,Vente,67000,20,RUE CHARLES GIDE,59139000BC0238,Appartement,63,3.4065,50.111422
2022-969647,2022-03-01,Vente,850000,20,RUE FERRER,59139000AR0207,Appartement,70,3.412754,50.121747
2022-969647,2022-03-01,Vente,850000,20,RUE FERRER,59139000AR0207,Appartement,70,3.412754,50.121747
2022-969647,2022-03-01,Vente,850000,20,RUE FERRER,59139000AR0207,Appartement,70,3.412754,50.121747
2022-969647,2022-03-01,Vente,850000,20,RUE FERRER,59139000AR0207,Appartement,70,3.412754,50.121747
2022-969647,2022-03-01,Vente,850000,20,RUE FERRER,59139000AR0207,Appartement,70,3.412754,50.121747
2022-969647,2022-03-01,Vente,850000,20,RUE FERRER,59139000AR0207,Appartement,70,3.412754,50.121747
2022-969647,2022-03-01,Vente,850000,20,RUE FERRER,59139000AR0207,Appartement,70,3.412754,50.121747
2022-969647,2022-03-01,Vente,850000,20,RUE FERRER,59139000AR0207,Appartement,70,3.412754,50.121747
2022-969647,2022-03-01,Vente,850000,20,RUE FERRER,59139000AR0207,Appartement,70,3.412754,50.121747
2022-969647,2022-03-01,Vente,850000,20,RUE FERRER,59139000AR0207,Appartement,70,3.412754,50.121747
2022-969647,2022-03-01,Vente,850000,20,RUE FERRER,59139000AR0207,Appartement,70,3.412754,50.121747
2022-969647,2022-03-01,Vente,850000,20,RUE FERRER,59139000AR0207,Appartement,70,3.412754,50.121747
2022-969647,2022-03-01,Vente,850000,20,RUE FERRER,59139000AR0207,Appartement,70,3.412754,50.121747
2022-969647,2022-03-01,Vente,850000,20,RUE FERRER,59139000AR0207,Appartement,70,3.412754,50.121747
2022-969647,2022-03-01,Vente,850000,20,RUE FERRER,59139000AR0207,Appartement,70,3.412754,50.121747
2022-969647,2022-03-01,Vente,850000,20,RUE FERRER,59139000AR0207,Appartement,70,3.412754,50.121747
2022-969647,2022-03-01,Vente,850000,20,RUE FERRER,59139000AR0207,Appartement,70,3.412754,50.121747
2022-969647,2022-03-01,Vente,850000,20,RUE FERRER,59139000AR0207,Appartement,70,3.412754,50.121747
2022-969668,2022-02-21,Vente,87000,8,AV JULES GUESDE,59139000AS0013,Appartement,160,3.40697,50.126959
2022-969673,2022-02-26,Vente,46000,18,RUE CHARLES GIDE,59139000BC0238,Appartement,39,3.4065,50.111422
2022-969745,2022-03-07,Vente,60000,14,RUE EMILE ZOLA,59139000AZ0068,Maison,73,3.408958,50.117695
2022-969748,2022-03-10,Vente,30000,72,BD JEAN JAURES,59139000AT0217,Maison,36,3.403213,50.121065
2022-969750,2022-03-02,Vente,58000,65,RUE NEGRIER,59139000AH0611,Appartement,53,3.417144,50.130375
2022-969754,2022-02-25,Vente,128700,33,BD JEAN JAURES,59139000AR0821,Maison,75,3.404941,50.121616
2022-969789,2022-03-02,Vente,46000,17,RUE CHARLES GIDE,59139000BD0350,Appartement,34,3.40472,50.110401
2022-969790,2022-03-07,Vente,110000,53,RUE DU BASSIN DES EAUX,59139000AZ0336,Maison,89,3.4137,50.115399
2022-969792,2022-03-03,Vente,51500,65,RUE NEGRIER,59139000AH0611,Appartement,53,3.417144,50.130375
2022-969793,2022-03-08,Vente,311080,69,RUE DE SAINT QUENTIN,59139000AR1437,Maison,315,3.412004,50.119842
2022-969793,2022-03-08,Vente,311080,69,RUE DE SAINT QUENTIN,59139000AR1437,Maison,315,3.412004,50.119842
2022-969803,2022-03-04,Vente,35000,48,RUE ARISTIDE BRIAND,59139000AP0006,Maison,120,3.415524,50.122461
2022-969831,2022-02-28,Vente,165000,50,RUE DE SAINT QUENTIN,59139000AR0126,Maison,125,3.411155,50.122145
2022-969866,2022-02-28,Vente,380000,61,RUE DU MAL LECLERC,59139000AE0876,Maison,55,3.41353,50.127529
2022-969866,2022-02-28,Vente,380000,61,RUE DU MAL LECLERC,59139000AE0876,Maison,39,3.41353,50.127529
2022-969866,2022-02-28,Vente,380000,61,RUE DU MAL LECLERC,59139000AE0876,Maison,82,3.41353,50.127529
2022-969866,2022-02-28,Vente,380000,61,RUE DU MAL LECLERC,59139000AE0876,Maison,19,3.41353,50.127529
2022-969866,2022-02-28,Vente,380000,61,RUE DU MAL LECLERC,59139000AE0876,Maison,30,3.41353,50.127529
2022-969866,2022-02-28,Vente,380000,61,RUE DU MAL LECLERC,59139000AE0876,Maison,46,3.41353,50.127529
2022-969866,2022-02-28,Vente,380000,61,RUE DU MAL LECLERC,59139000AE0876,Maison,39,3.41353,50.127529
2022-969872,2022-03-18,Vente,330000,113,RUE DE BRUXELLES,59139000AC0199,Maison,214,3.410391,50.131623
2022-969872,2022-03-18,Vente,330000,113,RUE DE BRUXELLES,59139000AC0199,Maison,214,3.410391,50.131623
2022-969887,2022-03-14,Vente,84500,58,RUE MOLIERE,59139000BE0623,Maison,88,3.423399,50.118753
2022-969892,2022-03-01,Vente,176000,38,RUE DE CALAIS,59139000AO0115,Maison,100,3.416903,50.126332
2022-969894,2022-03-11,Vente,107000,51,RUE DE L EGALITE,59139000AE0088,Maison,150,3.409686,50.128789
2022-969895,2022-03-11,Vente,109000,32,RUE KARL MARX,59139000AY0361,Maison,110,3.404825,50.116637
2022-969906,2022-03-21,Vente,60000,17,RUE CHARLES GIDE,59139000BD0350,Appartement,41,3.40472,50.110401
2022-969912,2022-03-23,Vente,224800,89,RUE PASTEUR,59139000AP0409,Maison,123,3.414815,50.119383
2022-969936,2022-03-14,Vente,137000,22,RUE PIERRE BROSSOLETTE,59139000AI0302,Maison,114,3.418391,50.129777
2022-969953,2022-03-18,Vente,67000,68,RUE LEON GAMBETTA,59139000AR0523,Maison,55,3.408367,50.119389
2022-969969,2022-03-28,Vente,321550,67,RUE DE LA PAIX,59139000AR1312,Appartement,54,3.410998,50.120843
2022-969969,2022-03-28,Vente,321550,67,RUE DE LA PAIX,59139000AR1312,Appartement,42,3.410998,50.120843
2022-969969,2022-03-28,Vente,321550,67,RUE DE LA PAIX,59139000AR1312,Appartement,72,3.410998,50.120843
2022-969969,2022-03-28,Vente,321550,67,RUE DE LA PAIX,59139000AR1312,Appartement,49,3.410998,50.120843
2022-969969,2022-03-28,Vente,321550,67,RUE DE LA PAIX,59139000AR1312,Appartement,55,3.410998,50.120843
2022-969969,2022-03-28,Vente,321550,67,RUE DE LA PAIX,59139000AR1312,Appartement,60,3.410998,50.120843
2022-970010,2022-04-04,Vente,142740,83,RUE MASSENET,59139000AP0228,Maison,70,3.416581,50.118467
2022-970013,2022-03-31,Vente,210000,128,RUE DE SAINT QUENTIN,59139000AR0368,Appartement,110,3.410944,50.119491
2022-970013,2022-03-31,Vente,210000,128,RUE DE SAINT QUENTIN,59139000AR0368,Appartement,22,3.410944,50.119491
2022-970013,2022-03-31,Vente,210000,128,RUE DE SAINT QUENTIN,59139000AR0368,Appartement,59,3.410944,50.119491
2022-970013,2022-03-31,Vente,210000,128,RUE DE SAINT QUENTIN,59139000AR0368,Appartement,22,3.410944,50.119491
2022-970013,2022-03-31,Vente,210000,128,RUE DE SAINT QUENTIN,59139000AR0368,Appartement,42,3.410944,50.119491
2022-970016,2022-03-29,Vente,45000,1,RUE DE LA COMEDIE,59139000AE0274,Maison,98,3.412248,50.126521
2022-970023,2022-03-21,Vente,68000,6,RUE M VAN DER MERSCH,59139000AI0155,Maison,74,3.419528,50.127617
2022-970029,2022-03-17,Vente,142500,40,AV JULES GUESDE,59139000AS0043,Maison,107,3.406474,50.124869
2022-970032,2022-03-29,Vente,54800,3,RUE MARCEL SEMBAT,59139000AS0136,Maison,72,3.408773,50.12495
2022-970035,2022-03-26,Vente,65000,27,RUE CHARLES GIDE,59139000BD0038,Maison,64,3.403565,50.110477
2022-970059,2022-04-01,Vente,110500,7,RUE BERLIOZ,59139000AH0033,Maison,116,3.415775,50.132005
2022-970069,2022-04-06,Vente,88000,14,RUE FAIDHERBE,59139000AS0416,Maison,225,3.409634,50.123375
2022-970072,2022-04-04,Vente,56000,9001,RUE LAMARTINE,59139000BD0321,Appartement,61,3.402561,50.110966
2022-970075,2022-04-07,Vente,108500,26,RUE JEAN DE LA FONTAINE,59139000AP0587,Maison,80,3.41934,50.118853
2022-970087,2022-03-30,Vente,90000,15,RUE FRANCOIS CHARLET,59139000AY0271,Maison,102,3.404065,50.118386
2022-970097,2022-03-22,Vente,148500,192,RUE DE SAINT QUENTIN,59139000AZ1064,Appartement,41,3.410568,50.116427
2022-970097,2022-03-22,Vente,148500,192,RUE DE SAINT QUENTIN,59139000AZ1064,Appartement,43,3.410568,50.116427
2022-970097,2022-03-22,Vente,148500,192,RUE DE SAINT QUENTIN,59139000AZ1064,Appartement,30,3.410568,50.116427
2022-970097,2022-03-22,Vente,148500,192,RUE DE SAINT QUENTIN,59139000AZ1064,Appartement,37,3.410568,50.116427
2022-970098,2022-04-06,Vente,54000,17,RUE CHARLES GIDE,59139000BD0350,Appartement,34,3.40472,50.110401
2022-970100,2022-04-04,Vente,120000,61,RUE DE LA REPUBLIQUE,59139000AS0009,Maison,92,3.407139,50.127167
2022-970108,2022-03-31,Vente,37000,29,RUE JEAN JACQUES ROUSSEAU,59139000AE0158,Maison,75,3.411934,50.129203
2022-970156,2022-04-21,Vente,45000,59,RUE AUGUSTE BLANQUI,59139000AD0267,Maison,56,3.401798,50.131009
2022-970159,2022-04-04,Vente,95000,64,RUE EDOUARD VAILLANT,59139000AZ1102,Appartement,25,3.405629,50.115096
2022-970159,2022-04-04,Vente,95000,64,RUE EDOUARD VAILLANT,59139000AZ1102,Appartement,50,3.405629,50.115096
2022-970160,2022-04-08,Vente,93000,115,RUE GUSTAVE DELORY,59139000AY0593,Maison,66,3.403616,50.115522
2022-970247,2022-04-19,Vente,110900,20,RUE FRANCOIS CHARLET,59139000AY0173,Maison,95,3.403509,50.118436
2022-970282,2022-04-15,Vente,43000,9001,RUE LAMARTINE,59139000BD0321,Appartement,49,3.402561,50.110966
2022-970283,2022-04-25,Vente,65000,1,RUE ELOI,59139000AE0346,Maison,120,3.412335,50.125328
2022-970286,2022-05-02,Vente,68000,31,RUE LEON BLUM,59139000AE0212,Maison,61,3.415206,50.126843
2022-970290,2022-04-22,Vente,72500,25,RUE AUGUSTE MARLIOT,59139000AS0096,Maison,138,3.408797,50.125153
2022-970304,2022-04-29,Vente,174000,119,RUE NEGRIER,59139000AH0254,Maison,108,3.419989,50.131216
2022-970308,2022-05-04,Vente,100000,27,RUE PIERRE BROSSOLETTE,59139000AI0193,Maison,98,3.41823,50.129246
2022-970327,2022-04-13,Vente,85000,39,RUE DE BELFORT,59139000AR0692,Maison,94,3.404878,50.119985
2022-970329,2022-04-13,Vente,149900,87,RUE ARISTIDE BRIAND,59139000AO0299,Maison,112,3.418707,50.122644
2022-970329,2022-04-13,Vente,149900,87,RUE ARISTIDE BRIAND,59139000AO0299,Maison,112,3.418707,50.122644
2022-970346,2022-05-09,Vente,93500,91,RUE DE LA PAIX,59139000AR0972,Maison,91,3.410363,50.119587
2022-970347,2022-05-06,Vente,83800,59,RUE DE CAMBRAI,59139000AT0129,Maison,76,3.403208,50.124314
2022-972339,2022-05-18,Vente,45000,9001,RUE LAMARTINE,59139000BD0321,Appartement,48,3.402561,50.110966
2022-972447,2022-04-29,Vente,50000,42,RUE HENRI BARBUSSE,59139000AZ0050,Maison,88,3.407855,50.117661
2022-972617,2022-05-23,Vente,49000,125,RUE DE LA REPUBLIQUE,59139000AD0157,Appartement,39,3.405053,50.128491
2022-972654,2022-05-16,Vente,402000,1,IMP PLEZ POSTRY,59139000AR0190,Appartement,65,3.411867,50.120326
2022-972654,2022-05-16,Vente,402000,1,IMP PLEZ POSTRY,59139000AR0190,Appartement,62,3.411867,50.120326
2022-972654,2022-05-16,Vente,402000,1,IMP PLEZ POSTRY,59139000AR0190,Appartement,35,3.411867,50.120326
2022-972654,2022-05-16,Vente,402000,1,IMP PLEZ POSTRY,59139000AR0190,Appartement,52,3.411867,50.120326
2022-972654,2022-05-16,Vente,402000,1,IMP PLEZ POSTRY,59139000AR0190,Appartement,30,3.411867,50.120326
2022-972654,2022-05-16,Vente,402000,1,IMP PLEZ POSTRY,59139000AR0190,Appartement,35,3.411867,50.120326
2022-972654,2022-05-16,Vente,402000,1,IMP PLEZ POSTRY,59139000AR0190,Appartement,44,3.411867,50.120326
2022-972654,2022-05-16,Vente,402000,1,IMP PLEZ POSTRY,59139000AR0190,Appartement,30,3.411867,50.120326
2022-972654,2022-05-16,Vente,402000,1,IMP PLEZ POSTRY,59139000AR0190,Appartement,61,3.411867,50.120326
2022-972810,2022-05-24,Vente,40000,11,RUE CHANZY,59139000AR0815,Maison,81,3.405478,50.12116
2022-972913,2022-05-12,Vente,63000,93,RUE HENRI BARBUSSE,59139000AY0345,Maison,93,3.405734,50.117912
2022-972941,2022-05-17,Vente,20000,36,RUE DE CALAIS,59139000AO0840,Maison,67,3.416748,50.126179
2022-972950,2022-05-11,Vente,185000,131,RUE DE LA REPUBLIQUE,59139000AD0474,Appartement,106,3.40419,50.128832
2022-973033,2022-05-18,Vente,53000,18,RUE CHARLES GIDE,59139000BC0238,Appartement,58,3.4065,50.111422
2022-973315,2022-06-01,Vente,160500,60,RUE DE LA PAIX,59139000AR0430,Maison,177,3.40992,50.120513
2022-973396,2022-05-20,Vente,66500,69,RUE DE LA REPUBLIQUE,59139000AD0109,Maison,132,3.406748,50.127418
2022-973399,2022-05-20,Vente,110000,44,RUE LEON GAMBETTA,59139000AR0588,Maison,148,3.407439,50.120585
2022-973417,2022-05-30,Vente,35000,137,RUE PASTEUR,59139000AZ0153,Maison,85,3.414567,50.117707
2022-973427,2022-05-21,Vente,15000,36,RUE D ALENCON,59139000AR1124,Maison,46,3.406809,50.120378
2022-973428,2022-05-31,Vente,96000,38,RUE SAINT GALL,59139000AP0249,Maison,100,3.417156,50.119126
2022-973442,2022-06-07,Vente,90000,16,RUE DANIEL CAUET,59139000BD0097,Maison,73,3.408638,50.109483
2022-973523,2022-05-18,Vente,44500,47,RUE DU MAL LECLERC,59139000AE0293,Maison,106,3.413546,50.126334
2022-973629,2022-06-09,Vente,141650,84,RUE HENRI BARBUSSE,59139000AZ0019,Maison,110,3.405944,50.118279
2022-973654,2022-05-24,Vente,84100,40,RUE PASTEUR,59139000AR0257,Maison,103,3.414332,50.120755
2022-973721,2022-06-01,Vente,47000,20,RUE CHARLES GIDE,59139000BC0238,Appartement,39,3.4065,50.111422
2022-973751,2022-06-13,Vente,83000,5,RUE D ANVERS,59139000AH0150,Maison,79,3.411536,50.131891
2022-973847,2022-06-14,Vente,108000,4,RUE LEBEZ,59139000AR0090,Appartement,33,3.40923,50.122278
2022-973847,2022-06-14,Vente,108000,4,RUE LEBEZ,59139000AR0090,Appartement,31,3.40923,50.122278
2022-973847,2022-06-14,Vente,108000,4,RUE LEBEZ,59139000AR0090,Appartement,28,3.40923,50.122278
2022-973851,2022-06-20,Vente,78000,22,RUE ELOI,59139000AE0314,Maison,89,3.413172,50.125778
2022-973874,2022-06-15,Vente,142000,23,RUE MOLIERE,59139000AP0735,Maison,103,3.421959,50.118084
2022-973889,2022-06-08,Vente,130000,8,RUE DE LIGNY,59139000AY0047,Maison,56,3.402374,50.120738
2022-973962,2022-06-09,Vente,59000,41,RUE DE FOURMIES,59139000AP0106,Maison,56,3.418893,50.12071
2022-973973,2022-06-02,Vente,104000,6,RUE DU CATEAU,59139000AO0511,Maison,93,3.414576,50.125562
2022-973976,2022-06-03,Vente,112000,3,RUE JEAN DE LA FONTAINE,59139000AP0601,Maison,106,3.420555,50.119947
2022-973988,2022-06-03,Vente,145000,7,RUE JULIEN RASSEL,59139000AD0500,Maison,74,3.405748,50.130141
2022-974484,2022-06-27,Vente,60000,17,RUE CHARLES GIDE,59139000BD0350,Appartement,35,3.40472,50.110401
2022-974536,2022-06-18,Vente,35000,18,RUE DE LA LIBERTE,59139000AT0255,Maison,74,3.401357,50.121254
2022-974551,2022-06-28,Vente,124000,10,RUE DU BASSIN DES EAUX,59139000AZ0364,Maison,45,3.412992,50.116391
2022-974558,2022-06-22,Vente,82000,36,RUE PASTEUR,59139000AR0255,Maison,90,3.414462,50.120921
2022-974566,2022-06-15,Vente,70000,42,RUE DES FOURS A CHAUX,59139000BC0049,Maison,54,3.40478,50.112885
2022-974571,2022-06-15,Vente,20000,28,BD JEAN JAURES,59139000AT0185,Maison,90,3.404984,50.122015
2022-974575,2022-06-10,Vente,86500,40,RUE OSBERT,59139000AR0554,Maison,84,3.40676,50.119315
2022-974576,2022-06-23,Vente,70000,43,RUE DIDEROT,59139000AY0003,Maison,70,3.399393,50.121896
2022-974577,2022-06-27,Vente,140000,13,RUE KARL MARX,59139000AZ0628,Maison,50,3.405743,50.116986
2022-974629,2022-07-06,Vente,82000,127,RUE DE LA REPUBLIQUE,59139000AD0157,Appartement,59,3.405053,50.128491
2022-974636,2022-06-29,Vente,160000,52,RUE CURIE,59139000AS0271,Maison,100,3.413651,50.122184
2022-974711,2022-07-05,Vente,43000,39,RUE MAL DELATTRE DE TASSIGNY,59139000AZ0195,Maison,48,3.414555,50.117283
2022-974770,2022-06-09,Vente,160000,28,RUE BEETHOVEN,59139000ZC0126,Maison,100,3.405128,50.107925
2022-974810,2022-06-24,Vente,110000,50,RUE DE BRUXELLES,59139000AE0582,Maison,84,3.408117,50.129155
2022-975036,2022-07-07,Vente,95000,5,RUE ALBERT CAMUS,59139000AI0206,Maison,119,3.417744,50.127695
2022-975214,2022-07-07,Vente,45500,47,RUE DU MAL LECLERC,59139000AE0293,Maison,106,3.413546,50.126334
2022-975270,2022-07-08,Vente,145500,38,RUE MOLIERE,59139000BE0636,Maison,88,3.422752,50.1179
2022-975569,2022-07-18,Vente,150000,37,RUE D ANVERS,59139000AH0134,Maison,119,3.412518,50.131457
2022-975580,2022-07-11,Vente,92820,42,RUE OSBERT,59139000AR0555,Maison,92,3.406845,50.119337
2022-975609,2022-07-27,Vente,49000,161,RUE HENRI BARBUSSE,59139000AY0772,Maison,108,3.402218,50.121304
2022-975622,2022-07-18,Vente,80000,24,RUE OSBERT,59139000AR0546,Maison,72,3.406243,50.118974
2022-975644,2022-07-27,Vente,141000,74,RUE DE LIGNY,59139000AY0099,Maison,80,3.396805,50.118187
2022-975644,2022-07-27,Vente,141000,74,RUE DE LIGNY,59139000AY0099,Maison,80,3.396805,50.118187
2022-975649,2022-07-22,Vente,125950,14,RUE DE SAINT QUENTIN,59139000AS0350,Maison,97,3.411242,50.123338
2022-975654,2022-07-21,Vente,166400,8,RTE DE CLARY,59139000BD0317,Maison,87,3.405898,50.109534
2022-975674,2022-07-12,Vente,43840,43,RUE AUGUSTE BLANQUI,59139000AD0253,Maison,83,3.402267,50.130552
2022-975775,2022-07-28,Vente,115000,42,RUE ALFRED MELAYERS,59139000AE0888,Appartement,70,3.413176,50.127934
2022-975775,2022-07-28,Vente,115000,42,RUE ALFRED MELAYERS,59139000AE0888,Appartement,78,3.413176,50.127934
2022-975917,2022-07-28,Vente,62000,17,RUE CHARLES GIDE,59139000BD0350,Appartement,39,3.40472,50.110401
2022-975924,2022-07-27,Vente,80000,28,RUE VAUCANSON,59139000AR0441,Maison,70,3.409623,50.120424
2022-975973,2022-07-23,Vente,180000,17,RUE DE SAINT QUENTIN,59139000AS0313,Maison,127,3.411894,50.122972
2022-976003,2022-07-29,Vente,130000,17,PL EUGENE FIEVET,59139000AR0001,Maison,94,3.408085,50.123017
2022-976010,2022-07-28,Vente,35000,17,RUE VICTOR HUGO,59139000AS0395,Maison,99,3.409382,50.122712
2022-976073,2022-07-29,Vente,58000,10,RUE OSBERT,59139000AZ0005,Maison,140,3.405747,50.118559
2022-976075,2022-08-01,Vente,140000,91,RUE LEON GAMBETTA,59139000AR0500,Appartement,42,3.409601,50.1189
2022-976075,2022-08-01,Vente,140000,91,RUE LEON GAMBETTA,59139000AR0500,Appartement,20,3.409601,50.1189
2022-976075,2022-08-01,Vente,140000,91,RUE LEON GAMBETTA,59139000AR0500,Appartement,21,3.409601,50.1189
2022-976075,2022-08-01,Vente,140000,91,RUE LEON GAMBETTA,59139000AR0500,Appartement,60,3.409601,50.1189
2022-976075,2022-08-01,Vente,140000,91,RUE LEON GAMBETTA,59139000AR0500,Appartement,25,3.409601,50.1189
2022-976077,2022-07-18,Vente,40000,56,RUE DE CALAIS,59139000AO0124,Maison,90,3.417167,50.126761
2022-976093,2022-07-27,Vente,92000,9,RUE LEON BLUM,59139000AE0229,Maison,89,3.414188,50.125992
2022-976094,2022-07-29,Vente,94500,19,RUE AUPICQ,59139000AP0149,Maison,83,3.42098,50.120642
2022-976108,2022-08-05,Vente,78000,3,BD DU 11 NOVEMBRE 1918,59139000AP0467,Maison,82,3.420483,50.121525
2022-976152,2022-08-12,Vente,95600,2,RUE CLOVIS HUGUES,59139000AD0265,Maison,66,3.401521,50.131044
2022-976249,2022-08-02,Vente,62000,3,RUE DU BOIS DUPONT,59139000AM0174,Maison,56,3.424943,50.126172
2022-976431,2022-08-24,Vente,147000,14,RUE LEAVERS,59139000AE0123,Maison,97,3.410584,50.129108
2022-976463,2022-08-22,Vente,182500,92,RUE LEON GAMBETTA,59139000AR0511,Maison,184,3.408884,50.118861
2022-976606,2022-08-12,Vente,53000,125,RUE DE LA REPUBLIQUE,59139000AD0157,Appartement,45,3.405053,50.128491
2022-976770,2022-08-11,Vente,184389,64,RUE LEON BLUM,59139000AO0042,Appartement,65,3.416143,50.127165
2022-976770,2022-08-11,Vente,184389,64,RUE LEON BLUM,59139000AO0042,Appartement,40,3.416143,50.127165
2022-976770,2022-08-11,Vente,184389,64,RUE LEON BLUM,59139000AO0042,Appartement,38,3.416143,50.127165
2022-976770,2022-08-11,Vente,184389,64,RUE LEON BLUM,59139000AO0042,Appartement,27,3.416143,50.127165
2022-976778,2022-08-04,Vente,156000,153,RUE HENRI BARBUSSE,59139000AY0608,Appartement,59,3.402391,50.121063
2022-976778,2022-08-04,Vente,156000,153,RUE HENRI BARBUSSE,59139000AY0608,Appartement,30,3.402391,50.121063
2022-976778,2022-08-04,Vente,156000,153,RUE HENRI BARBUSSE,59139000AY0608,Appartement,51,3.402391,50.121063
2022-976778,2022-08-04,Vente,156000,153,RUE HENRI BARBUSSE,59139000AY0608,Appartement,30,3.402391,50.121063
2022-976963,2022-09-06,Vente,96000,45,RUE DE LA PAIX,59139000AR0129,Appartement,52,3.411039,50.121983
2022-976963,2022-09-06,Vente,96000,45,RUE DE LA PAIX,59139000AR0129,Appartement,62,3.411039,50.121983
2022-976963,2022-09-06,Vente,96000,45,RUE DE LA PAIX,59139000AR0129,Appartement,48,3.411039,50.121983
2022-977076,2022-09-01,Vente,145000,72,RUE DE SAINT QUENTIN,59139000AR0165,Appartement,42,3.411269,50.121478
2022-977076,2022-09-01,Vente,145000,72,RUE DE SAINT QUENTIN,59139000AR0165,Appartement,30,3.411269,50.121478
2022-977076,2022-09-01,Vente,145000,72,RUE DE SAINT QUENTIN,59139000AR0165,Appartement,13,3.411269,50.121478
2022-977076,2022-09-01,Vente,145000,72,RUE DE SAINT QUENTIN,59139000AR0165,Appartement,18,3.411269,50.121478
2022-977076,2022-09-01,Vente,145000,72,RUE DE SAINT QUENTIN,59139000AR0165,Appartement,16,3.411269,50.121478
2022-977101,2022-08-29,Vente,117000,15,RUE MOLIERE,59139000AP0642,Maison,103,3.420851,50.117981
2022-977169,2022-08-30,Vente,120000,120,RUE DE VALENCIENNES,59139000AH0217,Maison,80,3.416777,50.131997
2022-977198,2022-08-30,Vente,119000,187,RUE HENRI BARBUSSE,59139000AT0327,Maison,102,3.401546,50.122335
2022-977199,2022-08-29,Vente,98000,82,RUE ARISTIDE BRIAND,59139000AP0030,Maison,80,3.418136,50.12218
2022-977218,2022-08-31,Vente,53220,224,RUE HENRI BARBUSSE,59139000AT0056,Maison,74,3.400707,50.123917
2022-977386,2022-08-29,Vente,55000,11,RUE DE CHANTILLY,59139000AR0764,Maison,50,3.404599,50.120892
2022-977475,2022-09-07,Vente,78000,6,RTE DE BETHENCOURT,59139000ZO0035,Maison,85,3.427637,50.134103
2022-977476,2022-09-06,Vente,50000,64,RUE DE LA REPUBLIQUE,59139000AE0487,Maison,111,3.407589,50.127343
2022-977477,2022-09-06,Vente,72000,77,RUE VOLTAIRE,59139000AE0026,Maison,116,3.409595,50.129989
2022-977501,2022-09-02,Vente,62500,9001,RUE LAMARTINE,59139000BD0321,Appartement,61,3.402561,50.110966
2022-977517,2022-09-12,Vente,148500,70,RUE HENRI BARBUSSE,59139000AZ0026,Maison,104,3.406604,50.11809
2022-977519,2022-09-06,Vente,68000,28,RUE CHARLES GIDE,59139000BC0241,Maison,72,3.405541,50.1115
2022-977521,2022-09-14,Vente,27650,61,RUE DE LIGNY,59139000AY0120,Maison,35,3.39896,50.119161
2022-977522,2022-09-12,Vente,95000,20,RUE DE LA SUCRERIE,59139000BD0217,Maison,98,3.408306,50.110128
2022-977522,2022-09-12,Vente,95000,20,RUE DE LA SUCRERIE,59139000BD0217,Maison,98,3.408306,50.110128
2022-977524,2022-09-09,Vente,188000,46,RUE STEPHENSON,59139000AO0155,Maison,120,3.418192,50.126563
2022-977527,2022-09-16,Vente,79900,63,RUE NEGRIER,59139000AH0611,Appartement,62,3.417144,50.130375
2022-977625,2022-09-21,Vente,64000,19,RUE CARPEAUX,59139000AP0222,Maison,60,3.41672,50.118198
2022-977710,2022-09-02,Vente,79000,12,RUE EDGAR QUINET,59139000AS0028,Maison,80,3.406363,50.126009
2022-977747,2022-09-20,Vente,145000,9,RUE DES PINS,59139000AZ0889,Maison,89,3.418334,50.116637
2022-977747,2022-09-20,Vente,145000,9,RUE DES PINS,59139000AZ0889,Maison,89,3.418334,50.116637
2022-977752,2022-09-14,Vente,112500,9,RUE FENELON,59139000BE0657,Maison,88,3.421982,50.117167
2022-977754,2022-09-16,Vente,35200,25,RUE CLEMENT ADER,59139000AY0317,Maison,53,3.404334,50.117756
2022-977861,2022-09-20,Vente,113250,9001,RUE LAMARTINE,59139000BD0321,Maison,83,3.402561,50.110966
2022-977882,2022-09-21,Vente,175000,17,RUE ALFRED MELAYERS,59139000AE0440,Maison,141,3.410997,50.127308
2022-977961,2022-09-28,Vente,76000,5,RUE DE ST QUENTIN CITE DANJOU,59139000AZ0481,Maison,52,3.410037,50.116244
2022-978214,2022-10-07,Vente,57000,88,RUE HENRI BARBUSSE,59139000AZ0018,Maison,54,3.405785,50.118342
2022-978234,2022-10-06,Vente,8000,11,RUE DE ST QUENTIN CITE DANJOU,59139000AZ0484,Maison,36,3.409734,50.116365
2022-978239,2022-09-27,Vente,103500,8,AV JULES GUESDE,59139000AS0013,Appartement,160,3.40697,50.126959
2022-978246,2022-10-06,Vente,7000,5,RUE CAMILLE DESMOULINS,59139000AE0431,Maison,50,3.411475,50.12774
2022-978261,2022-09-29,Vente,68000,45,BD JEAN JAURES,59139000AR0778,Maison,85,3.404605,50.121114
2022-978268,2022-09-30,Vente,137000,62,RUE DE LA PAIX,59139000AR0429,Appartement,25,3.410033,50.120419
2022-978268,2022-09-30,Vente,137000,62,RUE DE LA PAIX,59139000AR0429,Appartement,20,3.410033,50.120419
2022-978268,2022-09-30,Vente,137000,62,RUE DE LA PAIX,59139000AR0429,Appartement,65,3.410033,50.120419
2022-978268,2022-09-30,Vente,137000,62,RUE DE LA PAIX,59139000AR0429,Appartement,20,3.410033,50.120419
2022-978268,2022-09-30,Vente,137000,62,RUE DE LA PAIX,59139000AR0429,Appartement,65,3.410033,50.120419
2022-978279,2022-09-30,Vente,245000,17,RUE STEPHENSON,59139000AI0464,Maison,162,3.420962,50.126565
2022-978279,2022-09-30,Vente,245000,17,RUE STEPHENSON,59139000AI0464,Maison,162,3.420962,50.126565
2022-978310,2022-09-16,Vente,90000,55,RUE DE LA REPUBLIQUE,59139000AS0083,Maison,70,3.407613,50.126927
2022-978472,2022-10-06,Vente,62000,130,RUE NEGRIER,59139000AI0350,Maison,81,3.421594,50.131257
2022-978486,2022-09-26,Vente,165000,274,RUE DE SAINT QUENTIN,59139000BC0031,Maison,142,3.408142,50.113441
2022-978647,2022-09-30,Vente,115500,95,RUE MASSENET,59139000AP0215,Maison,115,3.416627,50.117782
2022-978777,2022-10-19,Vente,80000,57,RUE CAMILLE GUERIN,59139000AI0339,Maison,74,3.421412,50.130377
2022-978798,2022-10-13,Vente,81650,21,RUE HENRI SOURMAIS,59139000AD0052,Maison,67,3.406489,50.129315
2022-978811,2022-10-19,Vente,120200,50,RUE PASTEUR,59139000AR0264,Maison,115,3.414359,50.120413
2022-978964,2022-10-24,Vente,64000,17,RUE CHARLES GIDE,59139000BD0350,Appartement,54,3.40472,50.110401
2022-978996,2022-10-06,Vente,41400,27,RUE FRANCOIS CHARLET,59139000AY0265,Maison,80,3.40374,50.118135
2022-979003,2022-10-17,Vente,45000,10,RUE NEGRIER,59139000AI0214,Maison,65,3.415206,50.128442
2022-979023,2022-11-02,Vente,57500,63,RUE NEGRIER,59139000AH0611,Appartement,53,3.417144,50.130375
2022-979028,2022-10-21,Vente,416060,74,RUE LEON GAMBETTA,59139000AR1519,Maison,200,3.408308,50.119263
2022-979028,2022-10-21,Vente,416060,74,RUE LEON GAMBETTA,59139000AR1519,Maison,155,3.408308,50.119263
2022-979122,2022-10-18,Vente,40000,43,RUE KARL MARX,59139000AZ0644,Maison,76,3.405077,50.115974
2022-979133,2022-10-31,Vente,35000,71,RUE DE SAINT QUENTIN,59139000AR0360,Maison,85,3.411912,50.119706
2022-979183,2022-11-02,Vente,15000,29,RUE HENRI SOURMAIS,59139000AD0048,Maison,40,3.406737,50.129471
2022-979213,2022-10-18,Vente,118000,37,RUE AUGUSTE MARLIOT,59139000AS0814,Maison,100,3.408275,50.12527
2022-979241,2022-10-24,Vente,80000,73,RUE LEON GAMBETTA,59139000AR0470,Maison,177,,
2022-979241,2022-10-24,Vente,80000,73,RUE LEON GAMBETTA,59139000AR0470,Maison,177,,
2022-979251,2022-10-21,Vente,72500,84,RUE DE BRUXELLES,59139000AE0007,Maison,68,3.409467,50.130211
2022-979309,2022-11-03,Vente,44000,30,RUE DE CALAIS,59139000AO0088,Maison,57,3.416705,50.125966
2022-979311,2022-11-05,Vente,129500,31,RUE CURIE,59139000AS0243,Maison,60,3.413964,50.122377
2022-979314,2022-10-18,Vente,76500,3,RUE EDOUARD VAILLANT,59139000AZ0547,Maison,34,3.407316,50.117375
2022-979435,2022-10-27,Vente,68000,7,RUE D ANVERS,59139000AH0149,Maison,79,3.411609,50.131863
2022-979466,2022-11-10,Vente,82000,18,RUE DE TABAUME,59139000AP0318,Maison,71,3.415681,50.121381
2022-979585,2022-10-28,Vente,275000,24,RUE DES FRENES,59139000AZ1048,Maison,159,3.41541,50.115604
2022-979588,2022-11-08,Vente,61000,17,RUE CHARLES GIDE,59139000BD0350,Appartement,35,3.40472,50.110401
2022-979608,2022-11-02,Vente,110000,50,RUE ARISTIDE BRIAND,59139000AP0007,Maison,107,3.415595,50.12242
2022-979619,2022-11-03,Vente,86000,114,RUE DE SAINT QUENTIN,59139000AR0408,Maison,126,3.41096,50.11997
2022-979619,2022-11-03,Vente,86000,77,RUE DE LA PAIX,59139000AR1050,Maison,38,3.410509,50.120053
2022-979639,2022-11-02,Vente,110500,125,RUE ARISTIDE BRIAND,59139000AO0838,Appartement,133,3.421452,50.121885
2022-979828,2022-11-08,Vente,66000,8,RUE DANIEL CAUET,59139000BD0093,Maison,77,3.40817,50.10949
2022-979855,2022-09-16,Adjudication,38000,12,RUE DU QUATORZE JUILLET,59139000AY0331,Maison,61,3.404819,50.117925
2022-980121,2022-11-17,Vente,57000,163,RUE DE LA REPUBLIQUE,59139000AD0295,Maison,54,3.403455,50.13062
2022-980197,2022-11-17,Vente,195000,16,PL DU GAL DE GAULLE,59139000AS0443,Maison,138,3.410854,50.123924
2022-980219,2022-11-30,Vente,40000,31,RUE VOLTAIRE,59139000AE0560,Maison,76,3.407904,50.128538
2022-980229,2022-11-30,Vente,350000,7,RUE LEON GAMBETTA,59139000AR0016,Appartement,40,3.407866,50.122599
2022-980229,2022-11-30,Vente,350000,7,RUE LEON GAMBETTA,59139000AR0016,Appartement,39,3.407866,50.122599
2022-980229,2022-11-30,Vente,350000,7,RUE LEON GAMBETTA,59139000AR0016,Appartement,51,3.407866,50.122599
2022-980229,2022-11-30,Vente,350000,7,RUE LEON GAMBETTA,59139000AR0016,Appartement,23,3.407866,50.122599
2022-980229,2022-11-30,Vente,350000,7,RUE LEON GAMBETTA,59139000AR0016,Appartement,80,3.407866,50.122599
2022-980229,2022-11-30,Vente,350000,7,RUE LEON GAMBETTA,59139000AR1291,Maison,73,3.408131,50.122549
2022-980229,2022-11-30,Vente,350000,7,RUE LEON GAMBETTA,59139000AR1291,Maison,75,3.408131,50.122549
2022-980510,2022-12-01,Vente,49500,58,RUE DES FOURS A CHAUX,59139000BC0069,Maison,69,3.403729,50.112761
2022-980819,2022-11-24,Vente,35000,66,RUE DE CAMBRAI,59139000AV0047,Maison,82,3.402569,50.125345
2022-980945,2022-12-14,Vente,145300,49,RUE ALBERT CALMETTE,59139000AI0279,Maison,74,3.420691,50.129998
2022-980971,2022-12-14,Vente,110500,35,RUE SAINT GALL,59139000AP0379,Maison,102,3.416558,50.119644
2022-980976,2022-12-12,Vente,132300,84,RUE NEGRIER,59139000AI0313,Maison,82,3.41902,50.1304
2022-981005,2022-12-09,Vente,78000,11,RUE DE L EGALITE,59139000AE0493,Maison,32,3.407985,50.127501
2022-981022,2022-12-01,Vente,70000,73,RUE VOLTAIRE,59139000AE0024,Maison,88,3.40947,50.129906
2022-981134,2022-12-05,Vente,33000,28,RUE VICTOR HUGO,59139000AR0118,Maison,66,3.410215,50.122109
2022-981214,2022-12-14,Vente,14000,72,BD JEAN JAURES,59139000AT0219,Maison,42,3.40315,50.121132
2022-981273,2022-12-27,Vente,72000,55,RUE DE LIGNY,59139000AY0123,Maison,52,3.399103,50.119298
2022-981280,2022-12-16,Vente,61000,17,RUE CHARLES GIDE,59139000BD0350,Appartement,39,3.40472,50.110401
2022-981283,2022-12-23,Vente,60000,59,RUE CAMILLE GUERIN,59139000AI0340,Maison,98,3.421414,50.130476
2022-981298,2022-12-20,Vente,62500,12,RUE AIME NOBLECOURT,59139000AI0146,Maison,115,3.420303,50.127946
2022-981333,2022-12-16,Vente,58000,44,RUE LOUISE MICHEL,59139000BC0168,Maison,97,3.412447,50.114573
2022-981366,2022-12-14,Vente,230000,2,RUE D ANVERS,59139000AH0182,Maison,99,3.412805,50.130729
2022-981534,2022-12-22,Vente,126000,97,RUE GUSTAVE DELORY,59139000AY0377,Maison,88,3.404374,50.115265
2022-981734,2022-12-22,Vente,400000,97,RUE DE SAINT QUENTIN,59139000AR0309,Maison,65,3.412463,50.118458
2022-981734,2022-12-22,Vente,400000,97,RUE DE SAINT QUENTIN,59139000AR0310,Maison,85,3.412465,50.118363
2022-981734,2022-12-22,Vente,400000,97,RUE DE SAINT QUENTIN,59139000AR0311,Maison,88,3.412452,50.118319
2022-981734,2022-12-22,Vente,400000,97,RUE DE SAINT QUENTIN,59139000AR0314,Maison,65,3.412309,50.118464
2022-981734,2022-12-22,Vente,400000,97,RUE DE SAINT QUENTIN,59139000AR0315,Maison,90,3.412155,50.118467
2022-981734,2022-12-22,Vente,400000,97,RUE DE SAINT QUENTIN,59139000AR0316,Maison,88,3.412163,50.11838
2022-981734,2022-12-22,Vente,400000,97,RUE DE SAINT QUENTIN,59139000AR0317,Maison,88,3.412156,50.118312
2022-981734,2022-12-22,Vente,400000,97,RUE DE SAINT QUENTIN,59139000AR0328,Maison,46,3.412031,50.118565
2022-981737,2022-12-22,Vente,110000,28,RUE DE VENISE,59139000AH0300,Maison,160,3.415456,50.130156
2022-981838,2022-12-27,Vente,60000,34,RUE DE LA PAIX,59139000AR0110,Maison,137,3.410429,50.121863
2022-981838,2022-12-27,Vente,60000,34,RUE DE LA PAIX,59139000AR0110,Maison,137,3.410429,50.121863
2022-981881,2022-12-27,Vente,350000,35,RUE FAIDHERBE,59139000AS0409,Appartement,50,3.408966,50.122977
2022-981881,2022-12-27,Vente,350000,35,RUE FAIDHERBE,59139000AS0409,Appartement,65,3.408966,50.122977
2022-981881,2022-12-27,Vente,350000,35,RUE FAIDHERBE,59139000AS0409,Appartement,65,3.408966,50.122977
2022-981881,2022-12-27,Vente,350000,35,RUE FAIDHERBE,59139000AS0409,Appartement,65,3.408966,50.122977
2022-981881,2022-12-27,Vente,350000,35,RUE FAIDHERBE,59139000AS0409,Appartement,65,3.408966,50.122977
2022-981939,2022-03-18,Adjudication,142000,17,RUE ARISTIDE BRIAND,59139000AO0460,Appartement,25,3.413414,50.123819
2022-981939,2022-03-18,Adjudication,142000,17,RUE ARISTIDE BRIAND,59139000AO0460,Appartement,25,3.413414,50.123819
2022-981939,2022-03-18,Adjudication,142000,17,RUE ARISTIDE BRIAND,59139000AO0460,Appartement,25,3.413414,50.123819
2022-981939,2022-03-18,Adjudication,142000,17,RUE ARISTIDE BRIAND,59139000AO0460,Appartement,25,3.413414,50.123819
2022-981939,2022-03-18,Adjudication,142000,15,RUE ARISTIDE BRIAND,59139000AO0461,Appartement,24,3.413454,50.123984
2022-981939,2022-03-18,Adjudication,142000,15,RUE ARISTIDE BRIAND,59139000AO0461,Appartement,24,3.413454,50.123984
2022-981939,2022-03-18,Adjudication,142000,15,RUE ARISTIDE BRIAND,59139000AO0461,Appartement,30,3.413454,50.123984
2022-981939,2022-03-18,Adjudication,142000,15,RUE ARISTIDE BRIAND,59139000AO0461,Appartement,22,3.413454,50.123984
