id_mutation,date_mutation,nature_mutation,valeur_fonciere,adresse_numero,adresse_nom_voie,id_parcelle,type_local,surface_reelle_bati,longitude,latitude
2025-719560,2025-01-06,Vente,90000,135,RUE MARTIN DU NORD,59178000CR0955,Appartement,78,3.079416,50.375411
2025-719631,2025-01-14,Vente,133000,278,RUE GIROUD,59178000CS0608,Appartement,66,3.081006,50.377345
2025-719721,2025-01-16,Vente,142500,89,IMP LEBLOND,59178000BK0350,Maison,97,3.061749,50.382762
2025-719729,2025-01-10,Vente,134000,252,RUE DEFOREST,59178000CS0304,Maison,80,3.080124,50.377434
2025-719802,2025-01-02,Vente,135000,139,RUE AUGUSTE MALOTAU DE GUERNE,59178000BD0542,Maison,82,3.066498,50.365078
2025-719805,2025-01-09,Vente,176900,556,RUE DE FERIN,59178000BC0451,Maison,148,3.074972,50.356646
2025-719862,2025-01-14,Vente,150000,200,RUE AUGUSTE MALOTAU DE GUERNE,59178000BD0553,Maison,82,3.066314,50.36462
2025-719958,2025-01-20,Vente,99900,35,RUE D ANHIERS,59178000AK0374,Maison,80,3.129145,50.398675
2025-719975,2025-01-15,Vente,97000,17,RUE FOUCQUES,59178000CD0162,Appartement,46,3.077099,50.366539
2025-720024,2025-01-23,Vente,68500,611,RUE BERTHE GARNIER,59178000CL0070,Maison,72,3.07222,50.386561
2025-720024,2025-01-23,Vente,68500,611,RUE BERTHE GARNIER,59178000CL0070,Maison,72,3.07222,50.386561
2025-720030,2025-01-16,Vente,129320,157,RUE BERTHE GARNIER,59178000CM0208,Maison,93,3.07742,50.385514
2025-720064,2025-01-15,Vente,149600,274,RUE ALEXANDRE DESCATOIRE,59178000AV0174,Maison,78,3.090766,50.36112
2025-720189,2025-01-09,Vente,99000,97,RUE PIERRE DUBOIS,59178000BW0061,Appartement,58,3.086063,50.373827
2025-720190,2025-01-17,Vente,143400,301,RUE EMILE BASLY,59178000BR0119,Maison,87,3.091016,50.387962
2025-720190,2025-01-17,Vente,143400,301,RUE EMILE BASLY,59178000BR0119,Maison,87,3.091016,50.387962
2025-720245,2025-01-09,Vente,485000,46,RUE D ARRAS,59178000CE0045,Appartement,85,3.073068,50.36883
2025-720245,2025-01-09,Vente,485000,46,RUE D ARRAS,59178000CE0045,Appartement,61,3.073068,50.36883
2025-720245,2025-01-09,Vente,485000,46,RUE D ARRAS,59178000CE0045,Appartement,21,3.073068,50.36883
2025-720245,2025-01-09,Vente,485000,46,RUE D ARRAS,59178000CE0045,Appartement,54,3.073068,50.36883
2025-720245,2025-01-09,Vente,485000,46,RUE D ARRAS,59178000CE0045,Appartement,29,3.073068,50.36883
2025-720245,2025-01-09,Vente,485000,46,RUE D ARRAS,59178000CE0045,Appartement,54,3.073068,50.36883
2025-720245,2025-01-09,Vente,485000,46,RUE D ARRAS,59178000CE0045,Appartement,29,3.073068,50.36883
2025-720245,2025-01-09,Vente,485000,46,RUE D ARRAS,59178000CE0045,Appartement,69,3.073068,50.36883
2025-720245,2025-01-09,Vente,485000,46,RUE D ARRAS,59178000CE0045,Appartement,63,3.073068,50.36883
2025-720307,2025-01-13,Vente,173000,4556,RTE DE TOURNAI,59178000AC0044,Maison,99,3.131691,50.409207
2025-720341,2025-01-17,Vente,53000,18,RUE DE BAILLIENCOURT,59178000BS0068,Maison,45,3.085111,50.383026
2025-720406,2025-01-24,Vente,125000,141,RUE DE VERDUN,59178000CN0429,Maison,80,3.072253,50.380409
2025-720416,2025-01-29,Vente,166020,110,AV DES ACACIAS,59178000CK0262,Maison,109,3.06514,50.378339
2025-720438,2025-01-29,Vente,79900,1030,BD JEANNE D ARC,59178000CH0064,Appartement,78,3.067905,50.372151
2025-720596,2025-01-27,Vente,164850,740,RUE DU FBG DE BETHUNE,59178000BK0321,Maison,106,3.061663,50.381817
2025-720635,2025-01-30,Vente,448250,35,BD POINCARE,59178000BD0081,Maison,214,3.070874,50.364376
2025-720635,2025-01-30,Vente,448250,35,BD POINCARE,59178000BD0081,Maison,214,3.070874,50.364376
2025-720637,2025-01-31,Vente,50000,52,RUE LENAIN,59178000CM0152,Maison,50,3.079192,50.385316
2025-720647,2025-01-30,Vente,79900,143,VC DONDAINE,59178000BM0191,Maison,84,3.082056,50.393606
2025-720710,2025-01-30,Vente,182000,76,RUE MONGAT,59178000BZ0933,Appartement,97,3.08041,50.364337
2025-720744,2025-01-31,Vente,165000,198,RUE DEFOREST,59178000CS0293,Appartement,45,3.080856,50.37713
2025-720744,2025-01-31,Vente,165000,198,RUE DEFOREST,59178000CS0293,Appartement,45,3.080856,50.37713
2025-720744,2025-01-31,Vente,165000,198,RUE DEFOREST,59178000CS0293,Appartement,45,3.080856,50.37713
2025-720744,2025-01-31,Vente,165000,198,RUE DEFOREST,59178000CS0293,Appartement,40,3.080856,50.37713
2025-720765,2025-02-05,Vente,133000,139,AV GEORGES CLEMENCEAU,59178000BW0181,Appartement,92,3.088494,50.37209
2025-720803,2025-01-17,Vente,110000,65,RUE DU GOUVERNEMENT,59178000BX0005,Appartement,85,3.078513,50.371084
2025-720905,2025-02-07,Vente,95000,374,AV D ALSACE LORRAINE,59178000CN0047,Maison,81,3.077189,50.38395
2025-721174,2025-01-22,Vente,57400,540,RUE DU POLYGONE,59178000CN0064,Appartement,29,3.079257,50.383633
2025-721211,2025-02-06,Vente,177635,12,RUE VICTOR HUGO,59178000BW0232,Appartement,62,3.084631,50.371174
2025-721211,2025-02-06,Vente,177635,12,RUE VICTOR HUGO,59178000BW0232,Appartement,70,3.084631,50.371174
2025-721227,2025-01-30,Vente,75000,395,RUE DES WETZ,59178000BW0622,Appartement,53,3.082721,50.375341
2025-721269,2025-02-07,Vente,23000,944,BD DE LA REPUBLIQUE,59178000CS0334,Appartement,18,3.07947,50.378063
2025-721333,2025-01-30,Vente,125900,160,RUE SAINT ALBIN,59178000CR0512,Maison,100,3.076846,50.373772
2025-721396,2025-01-31,Vente,73500,139,RUE DES BLANCS MOUCHONS,59178000BX0082,Appartement,34,3.080694,50.37152
2025-721527,2025-01-31,Vente,346000,143,RUE DES BLANCS MOUCHONS,59178000BX0082,Appartement,121,3.080694,50.37152
2025-721600,2025-02-13,Vente,100000,150,RUE MARGUERITE DE FLANDRE,59178000AM0124,Appartement,42,3.121682,50.401879
2025-721632,2025-02-18,Vente,241000,186,RUE DE BREBIERES,59178000BD0158,Maison,162,3.067202,50.363616
2025-721692,2025-02-10,Vente,212000,471,RUE DE PARIS,59178000BZ0009,Appartement,127,3.079449,50.363751
2025-721706,2025-02-19,Vente,95000,593,BD JEANNE D ARC,59178000BD0342,Appartement,95,3.063613,50.36872
2025-721718,2025-02-12,Vente,145000,52,RUE DES GLACIS,59178000BZ0200,Appartement,59,3.082746,50.362999
2025-721731,2025-02-06,Vente,259250,97,SQ BREGUET,59178000CH0175,Maison,133,3.068192,50.371624
2025-721755,2025-01-30,Vente,74900,59,AV DETRAIN,59178000AV0061,Maison,55,3.091159,50.363869
2025-721801,2025-02-21,Vente,99900,519,BD DE LA REPUBLIQUE,59178000CP0085,Appartement,99,3.074179,50.375581
2025-721819,2025-02-21,Vente,69100,66,RUE JEAN BELLEGAMBE,59178000BX0340,Appartement,44,3.081544,50.369712
2025-721821,2025-02-03,Vente,405000,37,RUE FRANCOIS LEMAIRE,59178000CR0306,Appartement,64,3.078176,50.375639
2025-721821,2025-02-03,Vente,405000,37,RUE FRANCOIS LEMAIRE,59178000CR0306,Appartement,64,3.078176,50.375639
2025-721821,2025-02-03,Vente,405000,37,RUE FRANCOIS LEMAIRE,59178000CR0306,Appartement,64,3.078176,50.375639
2025-721821,2025-02-03,Vente,405000,37,RUE FRANCOIS LEMAIRE,59178000CR0306,Appartement,64,3.078176,50.375639
2025-721821,2025-02-03,Vente,405000,37,RUE FRANCOIS LEMAIRE,59178000CR0306,Appartement,43,3.078176,50.375639
2025-721821,2025-02-03,Vente,405000,37,RUE FRANCOIS LEMAIRE,59178000CR0306,Appartement,43,3.078176,50.375639
2025-721821,2025-02-03,Vente,405000,37,RUE FRANCOIS LEMAIRE,59178000CR0306,Appartement,43,3.078176,50.375639
2025-721821,2025-02-03,Vente,405000,37,RUE FRANCOIS LEMAIRE,59178000CR0306,Appartement,43,3.078176,50.375639
2025-721852,2025-02-12,Vente,150000,58,RUE MARCEL PAGNOL,59178000BH0351,Maison,92,3.055306,50.372497
2025-721893,2025-02-10,Vente,75000,85,RUE DU CAPITAINE LOUIS MADIOT,59178000BH0539,Appartement,44,3.0582,50.37329
2025-721941,2025-02-25,Vente,225000,127,RUE DE LA MAIRIE,59178000CD0390,Appartement,25,3.079913,50.367802
2025-721941,2025-02-25,Vente,225000,127,RUE DE LA MAIRIE,59178000CD0390,Appartement,30,3.079913,50.367802
2025-721941,2025-02-25,Vente,225000,127,RUE DE LA MAIRIE,59178000CD0390,Appartement,30,3.079913,50.367802
2025-721941,2025-02-25,Vente,225000,127,RUE DE LA MAIRIE,59178000CD0390,Appartement,25,3.079913,50.367802
2025-721941,2025-02-25,Vente,225000,127,RUE DE LA MAIRIE,59178000CD0390,Appartement,25,3.079913,50.367802
2025-721941,2025-02-25,Vente,225000,127,RUE DE LA MAIRIE,59178000CD0390,Appartement,25,3.079913,50.367802
2025-722024,2025-02-18,Vente,81000,29,RUE ARTHUR RIMBAUD,59178000BD0480,Appartement,56,3.063845,50.366208
2025-722074,2025-02-17,Vente,53000,134,RUE DES VIERGES,59178000CR1054,Appartement,38,3.07298,50.37035
2025-722124,2025-02-07,Vente,260000,12,RUE DE BELLAIN,59178000BX0299,Appartement,51,3.082195,50.3681
2025-722124,2025-02-07,Vente,260000,12,RUE DE BELLAIN,59178000BX0299,Appartement,84,3.082195,50.3681
2025-722124,2025-02-07,Vente,260000,12,RUE DE BELLAIN,59178000BX0299,Appartement,74,3.082195,50.3681
2025-722124,2025-02-07,Vente,260000,12,RUE DE BELLAIN,59178000BX0299,Appartement,55,3.082195,50.3681
2025-722124,2025-02-07,Vente,260000,12,RUE DE BELLAIN,59178000BX0299,Appartement,45,3.082195,50.3681
2025-722178,2025-02-26,Vente,117000,93,RUE ALFRED TRANNIN,59178000CD0432,Maison,120,3.080523,50.366294
2025-722182,2025-02-17,Vente,63000,318,RUE DU CANTELEU,59178000BY0011,Appartement,30,3.08605,50.367712
2025-722284,2025-02-14,Vente,112500,167,RUE EDITH PIAF,59178000BR0358,Appartement,64,3.090548,50.38948
2025-722284,2025-02-14,Vente,112500,167,RUE EDITH PIAF,59178000BR0358,Maison,81,3.090548,50.38948
2025-722284,2025-02-14,Vente,112500,167,RUE EDITH PIAF,59178000BR0358,Maison,81,3.090548,50.38948
2025-722284,2025-02-14,Vente,112500,167,RUE EDITH PIAF,59178000BR0358,Appartement,61,3.090548,50.38948
2025-722284,2025-02-14,Vente,112500,167,RUE EDITH PIAF,59178000BR0358,Appartement,46,3.090548,50.38948
2025-722284,2025-02-14,Vente,112500,167,RUE EDITH PIAF,59178000BR0358,Appartement,46,3.090548,50.38948
2025-722292,2025-02-17,Vente,176000,371,RUE DES WETZ,59178000BW0622,Appartement,109,3.082721,50.375341
2025-722315,2025-02-24,Vente,97000,64,RUE DES MINIMES,59178000CD0882,Appartement,49,3.079085,50.367136
2025-722335,2025-02-14,Vente,102400,519,BD DE LA REPUBLIQUE,59178000CP0085,Appartement,99,3.074179,50.375581
2025-722352,2025-02-26,Vente,172000,122,RUE NEUVE NOTRE DAME,59178000BZ0517,Appartement,71,3.085284,50.366363
2025-722370,2025-02-24,Vente,76700,150,RUE MARGUERITE DE FLANDRE,59178000AM0124,Appartement,39,3.121682,50.401879
2025-722371,2025-02-21,Vente,145400,270,RUE SERVAL,59178000CR1018,Appartement,64,3.073966,50.37414
2025-722382,2025-02-28,Vente,243000,258,RUE DE MARCHIENNES,59178000BT0201,Appartement,35,3.086566,50.379035
2025-722382,2025-02-28,Vente,243000,258,RUE DE MARCHIENNES,59178000BT0201,Appartement,18,3.086566,50.379035
2025-722382,2025-02-28,Vente,243000,258,RUE DE MARCHIENNES,59178000BT0201,Appartement,16,3.086566,50.379035
2025-722382,2025-02-28,Vente,243000,258,RUE DE MARCHIENNES,59178000BT0201,Appartement,45,3.086566,50.379035
2025-722382,2025-02-28,Vente,243000,258,RUE DE MARCHIENNES,59178000BT0201,Appartement,28,3.086566,50.379035
2025-722435,2025-02-26,Vente,289700,137,AV DU QUATRE SEPTEMBRE,59178000AV0032,Maison,194,3.090135,50.363466
2025-722435,2025-02-26,Vente,289700,137,AV DU QUATRE SEPTEMBRE,59178000AV0032,Maison,194,3.090135,50.363466
2025-722606,2025-02-17,Vente,306000,54,RUE DU PONT DU RIVAGE,59178000CR0732,Maison,259,3.077125,50.370821
2025-722607,2025-02-25,Vente,70000,145,AV GEORGES CLEMENCEAU,59178000BW0181,Appartement,98,3.088494,50.37209
2025-722634,2025-02-14,Vente,135000,196,RUE ALEXANDRE RIBOT,59178000CK0138,Maison,96,3.067847,50.377412
2025-722711,2025-02-24,Vente,44900,15,RUE DE LA BLANCHISSERIE,59178000CE0120,Maison,40,3.072135,50.366716
2025-722797,2025-02-27,Vente,212000,150,RUE CONSTANT DUTILLEUX,59178000AY0274,Maison,109,3.088216,50.361082
2025-722801,2025-02-28,Vente,181000,102,RUE LEON GAMBETTA,59178000BX0371,Appartement,130,3.08124,50.368859
2025-722894,2025-03-10,Vente,56000,51,RUE D OCRE,59178000CR0281,Maison,169,3.077364,50.375688
2025-722938,2025-02-25,Vente,40000,396,RUE DE PARIS,59178000CD0692,Appartement,47,3.078992,50.364646
2025-722953,2025-02-24,Vente,210000,316,RUE SERVAL,59178000CR1018,Appartement,87,3.073966,50.37414
2025-722962,2025-03-11,Vente,76000,201,ALL ALBERT CAMUS,59178000CK0586,Appartement,62,3.071813,50.379164
2025-722986,2025-03-05,Vente,89500,85,RUE DU CAPITAINE LOUIS MADIOT,59178000BH0539,Appartement,62,3.0582,50.37329
2025-722997,2025-02-20,Vente,155000,112,RUE DU KIOSQUE,59178000CD0674,Maison,166,3.077566,50.364682
2025-723037,2025-02-19,Vente,245000,68,RUE GIROUD,59178000CR0344,Appartement,48,3.078151,50.376739
2025-723037,2025-02-19,Vente,245000,68,RUE GIROUD,59178000CR0344,Appartement,46,3.078151,50.376739
2025-723037,2025-02-19,Vente,245000,68,RUE GIROUD,59178000CR0344,Appartement,50,3.078151,50.376739
2025-723037,2025-02-19,Vente,245000,68,RUE GIROUD,59178000CR0344,Appartement,24,3.078151,50.376739
2025-723037,2025-02-19,Vente,245000,68,RUE GIROUD,59178000CR0344,Appartement,23,3.078151,50.376739
2025-723150,2025-02-28,Vente,115500,71,RUE DE LA BOUCHERIE,59178000BX0549,Appartement,41,3.07937,50.369258
2025-723150,2025-02-28,Vente,115500,71,RUE DE LA BOUCHERIE,59178000BX0549,Appartement,48,3.07937,50.369258
2025-723150,2025-02-28,Vente,115500,71,RUE DE LA BOUCHERIE,59178000BX0549,Appartement,41,3.07937,50.369258
2025-723292,2025-03-17,Vente,197000,122,RUE NEUVE NOTRE DAME,59178000BZ0517,Appartement,82,3.085284,50.366363
2025-723302,2025-02-25,Vente,460000,46,ALL FELIX LABISSE,59178000AZ0346,Maison,180,3.079424,50.358521
2025-723302,2025-02-25,Vente,460000,46,ALL FELIX LABISSE,59178000AZ0346,Maison,180,3.079424,50.358521
2025-723325,2025-03-17,Vente,258000,747,QUAI DEVIGNE,59178000BC0478,Maison,122,3.070475,50.359033
2025-723325,2025-03-17,Vente,258000,747,QUAI DEVIGNE,59178000BC0478,Maison,122,3.070475,50.359033
2025-723338,2025-02-26,Vente,115000,126,RUE LOUIS PAULHAN,59178000BH0158,Maison,76,3.060106,50.371326
2025-723342,2025-03-17,Vente en l'état futur d'achèvement,139700,,AV DE TWICKENHAM,59178000AY0874,Appartement,62,3.08124,50.360514
2025-723378,2025-03-13,Vente,97000,83,RUE PIERRE TERMIER,59178000BS0108,Maison,121,3.083069,50.38282
2025-723486,2025-03-20,Vente,260000,98,RUE ADRIENNE BOLLAND,59178000BH0590,Maison,72,3.055775,50.373518
2025-723486,2025-03-20,Vente,260000,98,RUE ADRIENNE BOLLAND,59178000BH0590,Maison,72,3.055775,50.373518
2025-723517,2025-02-28,Vente,160000,1904,RUE DU FBG DE BETHUNE,59178000BL0001,Maison,80,3.055578,50.391338
2025-723641,2025-03-14,Vente,153500,515,RUE BERTHE GARNIER,59178000CL0073,Maison,120,3.073415,50.386759
2025-723651,2025-02-26,Vente,122700,272,BD ALBERT 1ER,59178000CP0081,Appartement,89,3.071266,50.374413
2025-723768,2025-03-12,Vente,134510,48,RUE DE SAVERNE,59178000CL0180,Maison,70,3.073001,50.38201
2025-723869,2025-03-11,Vente,224200,371,RUE DES WETZ,59178000BW0622,Appartement,109,3.082721,50.375341
2025-724184,2025-03-31,Vente,126500,391,RUE MOREL,59178000BV0122,Appartement,88,3.087528,50.374531
2025-724215,2025-03-27,Vente,80000,133,RUE DE L ABBAYE DES PRES,59178000CR0410,Appartement,46,3.080178,50.375688
2025-724218,2025-03-31,Vente,220000,37,RUE DE L HIPPODROME,59178000BZ0294,Appartement,50,3.083005,50.364208
2025-724218,2025-03-31,Vente,220000,37,RUE DE L HIPPODROME,59178000BZ0294,Appartement,16,3.083005,50.364208
2025-724218,2025-03-31,Vente,220000,37,RUE DE L HIPPODROME,59178000BZ0294,Appartement,10,3.083005,50.364208
2025-724218,2025-03-31,Vente,220000,37,RUE DE L HIPPODROME,59178000BZ0294,Appartement,28,3.083005,50.364208
2025-724233,2025-03-28,Vente,142900,233,PL CARNOT,59178000BW0187,Appartement,92,3.08739,50.371698
2025-724256,2025-03-18,Vente,127050,94,RUE DE BAILLIENCOURT,59178000BS0057,Maison,73,3.084426,50.383555
2025-724315,2025-03-31,Vente,115000,3641,RTE DE TOURNAI,59178000AL0242,Maison,86,3.123173,50.404725
2025-724347,2025-04-02,Vente,137695,224,RUE LEFEBVRE D ORVAL,59178000BE0047,Maison,76,3.063147,50.365317
2025-724432,2025-03-17,Vente,142350,224,RUE GALLIENI,59178000AX0399,Maison,76,3.084804,50.349966
2025-724434,2025-03-17,Vente,172000,273,RUE REMY DUHEM,59178000AX0505,Maison,89,3.083373,50.351695
2025-724436,2025-03-10,Vente,110000,463,RUE DE PARIS,59178000BZ0009,Appartement,73,3.079449,50.363751
2025-724464,2025-04-01,Vente,119000,94,IMP LAHURE,59178000CM0039,Maison,55,3.082068,50.387725
2025-724486,2025-02-21,Vente,180900,99,RUE SAINT JEAN,59178000BW0275,Appartement,27,3.085144,50.370359
2025-724486,2025-02-21,Vente,180900,99,RUE SAINT JEAN,59178000BW0275,Appartement,40,3.085144,50.370359
2025-724541,2025-03-19,Vente,77010,3431,RTE DE TOURNAI,59178000AL0220,Maison,58,3.121402,50.403094
2025-724566,2025-03-28,Vente,76500,4,RUE DE L HOTEL DIEU,59178000BW0449,Maison,52,3.078791,50.372664
2025-724583,2025-03-28,Vente,121010,715,RUE GUYNEMER,59178000BH0276,Appartement,38,3.056292,50.371799
2025-724583,2025-03-28,Vente,121010,715,RUE GUYNEMER,59178000BH0276,Appartement,87,3.056292,50.371799
2025-724662,2025-03-20,Vente,270500,230,RUE DE PARIS,59178000CD0576,Appartement,22,3.08048,50.365826
2025-724662,2025-03-20,Vente,270500,230,RUE DE PARIS,59178000CD0576,Appartement,22,3.08048,50.365826
2025-724662,2025-03-20,Vente,270500,230,RUE DE PARIS,59178000CD0576,Appartement,22,3.08048,50.365826
2025-724662,2025-03-20,Vente,270500,230,RUE DE PARIS,59178000CD0576,Appartement,22,3.08048,50.365826
2025-724662,2025-03-20,Vente,270500,230,RUE DE PARIS,59178000CD0576,Appartement,22,3.08048,50.365826
2025-724736,2025-03-24,Vente,66000,138,RUE THEOPHILE BRA,59178000CD0649,Maison,69,3.077582,50.365297
2025-724894,2025-04-04,Vente,23500,944,BD DE LA REPUBLIQUE,59178000CS0334,Appartement,18,3.07947,50.378063
2025-724903,2025-04-01,Vente,148500,295,QUAI DEVIGNE,59178000BC0647,Appartement,92,3.072534,50.363212
2025-724906,2025-04-04,Vente,110000,266,RUE MARTIN DU NORD,59178000CR0347,Maison,72,3.07807,50.3765
2025-724910,2025-04-03,Vente,100000,189,RUE SERVAL,59178000CR0868,Appartement,91,3.072285,50.37344
2025-724912,2025-04-10,Vente,23000,944,BD DE LA REPUBLIQUE,59178000CS0334,Appartement,18,3.07947,50.378063
2025-724913,2025-04-01,Vente,120000,257,RUE ALEXANDRE DESCATOIRE,59178000AV0156,Maison,71,3.091079,50.36152
2025-724918,2025-03-27,Vente,23500,944,BD DE LA REPUBLIQUE,59178000CS0334,Appartement,18,3.07947,50.378063
2025-724927,2025-04-10,Vente,23500,944,BD DE LA REPUBLIQUE,59178000CS0334,Appartement,18,3.07947,50.378063
2025-724979,2025-04-01,Vente,82500,152,RUE MARGUERITE DE FLANDRE,59178000AM0123,Appartement,38,3.122337,50.401369
2025-725049,2025-04-09,Vente,190000,312,RUE DE L ABBAYE DES PRES,59178000CS0238,Maison,193,3.082461,50.376738
2025-725050,2025-04-11,Vente,169900,604,RUE DE LAMBRES,59178000BC0113,Maison,65,3.072791,50.357945
2025-725069,2025-03-20,Vente,143000,77,QUAI D'ALSACE,59178000CS0216,Appartement,67,3.083238,50.376617
2025-725150,2025-03-28,Vente,247500,916,RUE CHARLES BOURSEUL,59178000CK0170,Maison,79,3.067188,50.376021
2025-725201,2025-03-28,Vente,88000,345,RUE D ARRAS,59178000CE0387,Appartement,46,3.07194,50.366603
2025-725274,2025-03-31,Vente,113000,471,RUE DE PARIS,59178000BZ0009,Appartement,75,3.079449,50.363751
2025-725284,2025-04-10,Vente,179917,47,RUE DES CLARISSES,59178000CD0521,Appartement,36,3.081721,50.365572
2025-725284,2025-04-10,Vente,179917,47,RUE DES CLARISSES,59178000CD0521,Appartement,80,3.081721,50.365572
2025-725284,2025-04-10,Vente,179917,57,RUE DES CLARISSES,59178000CD0521,Appartement,34,3.081721,50.365572
2025-725307,2025-04-04,Vente,245000,75,RUE FOUCQUES,59178000CD0175,Maison,178,3.076599,50.366941
2025-725315,2025-04-17,Vente,256150,51,RUE DE LA BOUCHERIE,59178000BX0554,Maison,119,3.079246,50.369126
2025-725345,2025-04-02,Vente,77000,1030,BD JEANNE D ARC,59178000CH0064,Appartement,78,3.067905,50.372151
2025-725413,2025-04-11,Vente,73500,194,RUE SAINT JACQUES,59178000BW0608,Appartement,55,3.085034,50.371589
2025-725437,2025-04-03,Vente,323000,2951,RTE DE TOURNAI,59178000AN0123,Maison,157,3.116535,50.40031
2025-725437,2025-04-03,Vente,323000,2951,RTE DE TOURNAI,59178000AN0123,Maison,157,3.116535,50.40031
2025-725483,2025-04-10,Vente,28000,377,RUE DE L ABBAYE DES PRES,59178000CS0382,Appartement,19,3.082494,50.377528
2025-725485,2025-04-09,Vente,195400,187,RUE D ANHIERS,59178000AK0031,Maison,152,3.131281,50.398587
2025-725625,2025-04-04,Vente,360000,122,RUE SAINT ALBIN,59178000CR0513,Maison,277,3.076597,50.373439
2025-725631,2025-04-04,Vente,87900,33,RUE GIROUD,59178000CR0742,Maison,64,3.077506,50.376902
2025-725648,2025-04-07,Vente,135000,26,RUE DE SERAING,59178000CN0668,Maison,102,3.074135,50.381363
2025-725833,2025-04-24,Vente,22300,944,BD DE LA REPUBLIQUE,59178000CS0334,Appartement,18,3.07947,50.378063
2025-725891,2025-04-28,Vente,70000,279,BD PAUL HAYEZ,59178000BZ0040,Maison,108,3.08112,50.363117
2025-725898,2025-04-16,Vente,193000,265,RUE LEONIE MAIAUX,59178000CI0267,Maison,72,3.060244,50.373838
2025-725905,2025-04-29,Vente,134000,206,RUE LEO LAGRANGE,59178000AW0698,Maison,55,3.086627,50.355459
2025-725908,2025-04-11,Vente,197500,168,RUE DU GRAND BAIL,59178000CD0140,Appartement,45,3.075446,50.365962
2025-725908,2025-04-11,Vente,197500,168,RUE DU GRAND BAIL,59178000CD0140,Appartement,40,3.075446,50.365962
2025-725908,2025-04-11,Vente,197500,168,RUE DU GRAND BAIL,59178000CD0140,Appartement,40,3.075446,50.365962
2025-725908,2025-04-11,Vente,197500,168,RUE DU GRAND BAIL,59178000CD0140,Appartement,45,3.075446,50.365962
2025-725958,2025-04-14,Vente,120500,360,RUE CHARLES BOURSEUL,59178000CN0387,Maison,84,3.072903,50.379425
2025-725969,2025-04-30,Vente,89000,60,AV GEORGES CLEMENCEAU,59178000BW0187,Appartement,111,3.08739,50.371698
2025-725972,2025-04-28,Vente,198300,77,QUAI D'ALSACE,59178000CS0216,Appartement,79,3.083238,50.376617
2025-726080,2025-04-30,Vente,180000,3503,RTE DE TOURNAI,59178000AL0250,Maison,97,3.12162,50.403877
2025-726097,2025-04-10,Vente,81490,2395,RTE DE TOURNAI,59178000AO0056,Maison,65,3.111076,50.39676
2025-726099,2025-04-30,Vente,110000,144,RUE LOUIS BLERIOT,59178000CH0245,Appartement,58,3.063719,50.371312
2025-726140,2025-04-22,Vente,173000,97,RUE JACQUES BREGUET,59178000BH0220,Maison,63,3.055867,50.371304
2025-726180,2025-04-28,Vente,44500,460,AV DU MARECHAL LECLERC,59178000BY0091,Appartement,75,3.088781,50.370577
2025-726321,2025-04-30,Vente,222000,18,RUE DELEGORGUE,59178000CI0110,Maison,188,3.065554,50.374017
2025-726450,2025-04-22,Vente,149040,114,RUE CUELENAERE,59178000AY0076,Maison,67,3.082393,50.361108
2025-726498,2025-04-15,Vente,110000,26,RUE DU PONT DE LA DEULE,59178000BN0150,Maison,42,3.087016,50.395065
2025-726580,2025-04-29,Vente,119900,369,AV DE METZ,59178000CL0224,Maison,76,3.069803,50.381559
2025-726623,2025-04-28,Vente,60000,4699,RTE DE TOURNAI,59178000AB0148,Maison,58,3.133024,50.4103
2025-726624,2025-04-23,Vente,104900,777,RUE DU FAUBOURG DE PARIS,59178000AX0431,Maison,113,3.08792,50.350016
2025-726646,2025-04-23,Vente,120000,3797,RTE DE TOURNAI,59178000AB0003,Maison,70,3.12459,50.405784
2025-726646,2025-04-23,Vente,120000,3797,RTE DE TOURNAI,59178000AB0003,Maison,70,3.12459,50.405784
2025-726656,2025-04-25,Vente,58000,102,RUE LEON GAMBETTA,59178000BX0371,Appartement,39,3.08124,50.368859
2025-726692,2025-04-28,Vente,73000,102,RUE LEON GAMBETTA,59178000BX0371,Appartement,62,3.08124,50.368859
2025-726693,2025-04-17,Vente,115000,305,AV D ALSACE LORRAINE,59178000CN0022,Maison,79,3.076399,50.383358
2025-726722,2025-04-28,Vente,50000,189,RUE SERVAL,59178000CR0868,Appartement,29,3.072285,50.37344
2025-726730,2025-04-28,Vente,63000,117,RUE DELFOSSE,59178000BM0063,Maison,68,3.083171,50.392949
2025-726752,2025-04-29,Vente,93800,61,RUE JEAN MERMOZ,59178000BH0095,Maison,69,3.057199,50.371423
2025-726762,2025-04-29,Vente,107500,531,BD DE LA REPUBLIQUE,59178000CP0085,Appartement,99,3.074179,50.375581
2025-726835,2025-04-17,Vente,126510,56,RUE PAUL THERY,59178000BS0101,Maison,72,3.08444,50.38267
2025-726978,2025-05-14,Vente,211140,650,RUE DE CAMBRAI,59178000AZ0307,Appartement,110,3.080069,50.356863
2025-726980,2025-05-06,Vente,134000,541,AV D ALSACE LORRAINE,59178000CL0108,Maison,66,3.076532,50.385446
2025-726990,2025-05-15,Vente,128000,16,BD LAHURE,59178000CS0016,Appartement,101,3.079686,50.380373
2025-727133,2025-04-25,Vente,150000,17,RUE FOUCQUES,59178000CD0162,Appartement,60,3.077099,50.366539
2025-727168,2025-05-13,Vente,42000,70,RUE DU TEMPLE,59178000BT0177,Appartement,20,3.087466,50.377786
2025-727183,2025-04-30,Vente,167500,117,RUE MARTIN DU NORD,59178000CR0955,Appartement,76,3.079416,50.375411
2025-727233,2025-04-25,Vente,241500,396,RUE SERVAL,59178000CR1018,Appartement,96,3.073966,50.37414
2025-727245,2025-05-15,Vente,92000,80,RUE PAUL THERY,59178000BS0269,Maison,85,3.084187,50.382578
2025-727315,2025-04-30,Vente,123380,43,RUE MARTIN LUTHER KING,59178000CM0051,Appartement,63,3.080653,50.386696
2025-727350,2025-05-15,Vente,24000,944,BD DE LA REPUBLIQUE,59178000CS0334,Appartement,18,3.07947,50.378063
2025-727578,2025-04-29,Vente,65000,9,VC MOCHE,59178000BM0224,Maison,62,3.083236,50.394437
2025-727764,2025-05-15,Vente,90000,185,RUE GIROUD,59178000CR0375,Maison,101,3.07918,50.377422
2025-727821,2025-05-23,Vente,51000,13,RLE VERJUS,59178000CD0354,Maison,63,3.078964,50.367978
2025-727910,2025-03-28,Vente,150510,16,AV D ALSACE LORRAINE,59178000CN0196,Maison,100,3.076716,50.380754
2025-727916,2025-04-14,Vente,85000,14,RUE NOTRE DAME DES WETZ,59178000BX0068,Maison,125,3.07931,50.371827
2025-728115,2025-05-14,Vente,94000,3,RUE DE VALENCIENNES,59178000BX0262,Appartement,100,3.084099,50.367878
2025-728255,2025-05-13,Vente,160000,142,RUE JACQUES BREL,59178000CK0525,Maison,81,3.06973,50.379693
2025-728326,2025-05-26,Vente,85000,131,RUE BERTHE GARNIER,59178000CM0212,Maison,90,3.077632,50.385711
2025-728453,2025-06-06,Vente,23500,944,BD DE LA REPUBLIQUE,59178000CS0334,Appartement,18,3.07947,50.378063
2025-728522,2025-05-15,Vente,65000,45,RUE DE LA CROIX D OR,59178000CR0672,Maison,96,3.076485,50.370438
2025-728563,2025-05-13,Vente,139000,126,SQ BREGUET,59178000CH0171,Maison,188,3.067655,50.371662
2025-728602,2025-05-26,Vente,69000,16,RUE DES ECOLES,59178000BW0308,Appartement,40,3.08158,50.371875
2025-728622,2025-06-02,Vente en l'état futur d'achèvement,225000,249,RUE DE FLANDRE,59178000BT0096,Appartement,62,3.086945,50.379295
2025-728674,2025-06-04,Vente,79900,3553,RTE DE TOURNAI,59178000AL0232,Maison,84,3.122416,50.403994
2025-728753,2025-06-12,Vente,215000,141,RUE PIERRE PLOUVAIN,59178000BK0708,Maison,105,3.064535,50.387083
2025-728825,2025-06-02,Vente,135000,278,RUE GIROUD,59178000CS0608,Appartement,66,3.081006,50.377345
2025-728844,2025-05-26,Vente,132800,57,RUE DE LA FERME,59178000BN0451,Maison,61,3.08778,50.39383
2025-728940,2025-06-04,Vente,123500,17,RUE FOUCQUES,59178000CD0162,Appartement,63,3.077099,50.366539
2025-728978,2025-06-19,Vente,57500,98,RUE DE ROUBAIX,59178000BV0049,Appartement,29,3.088183,50.376721
2025-728983,2025-05-30,Vente,50000,229,BD DE LIEGE,59178000BW0096,Appartement,57,3.089007,50.3743
2025-729187,2025-06-05,Vente,96000,252,RUE CHARLES BOURSEUL,59178000CN0372,Maison,83,3.074158,50.380025
2025-729299,2025-06-17,Vente,116470,2,AV DES ACACIAS,59178000CK0269,Maison,52,3.065812,50.377917
2025-729323,2025-06-04,Vente,60000,47,RUE ARTHUR RIMBAUD,59178000BD0480,Appartement,56,3.063845,50.366208
2025-729369,2025-06-23,Vente,185000,1490,RUE DU FAUBOURG DE BETHUNE,59178000BL0057,Maison,104,3.059025,50.388137
2025-729409,2025-06-11,Vente,57200,189,RUE SERVAL,59178000CR0868,Appartement,29,3.072285,50.37344
2025-729410,2025-06-11,Vente,125000,254,RUE DU POLYGONE,59178000CN0128,Maison,75,3.078176,50.381118
2025-729445,2025-06-05,Vente,433950,283,RUE D ESQUERCHIN,59178000CE0018,Appartement,68,3.071041,50.371072
2025-729445,2025-06-05,Vente,433950,283,RUE D ESQUERCHIN,59178000CE0018,Appartement,18,3.071041,50.371072
2025-729445,2025-06-05,Vente,433950,283,RUE D ESQUERCHIN,59178000CE0018,Appartement,18,3.071041,50.371072
2025-729445,2025-06-05,Vente,433950,283,RUE D ESQUERCHIN,59178000CE0018,Appartement,22,3.071041,50.371072
2025-729445,2025-06-05,Vente,433950,283,RUE D ESQUERCHIN,59178000CE0018,Appartement,30,3.071041,50.371072
2025-729445,2025-06-05,Vente,433950,283,RUE D ESQUERCHIN,59178000CE0018,Appartement,18,3.071041,50.371072
2025-729445,2025-06-05,Vente,433950,283,RUE D ESQUERCHIN,59178000CE0018,Appartement,18,3.071041,50.371072
2025-729445,2025-06-05,Vente,433950,283,RUE D ESQUERCHIN,59178000CE0018,Appartement,18,3.071041,50.371072
2025-729445,2025-06-05,Vente,433950,283,RUE D ESQUERCHIN,59178000CE0018,Appartement,35,3.071041,50.371072
2025-729453,2025-06-11,Vente,70000,13,RUE NOTRE DAME DES WETZ,59178000BX0715,Appartement,57,3.078931,50.372064
2025-729468,2025-06-18,Vente,148500,206,RUE DE FERIN,59178000BC0600,Maison,92,3.076685,50.359526
2025-729479,2025-06-10,Vente,45000,33,RUE DU GOUVERNEMENT,59178000BX0009,Appartement,36,3.078256,50.370753
2025-729511,2025-06-10,Vente,68000,116,PL DE MEAUX,59178000AH0542,Maison,69,3.131527,50.392251
2025-729516,2025-06-18,Vente,205200,4,RUE DE LA MOTTE JULIEN,59178000BL0083,Maison,51,3.068029,50.385684
2025-729572,2025-06-11,Vente,72600,152,RUE MARGUERITE DE FLANDRE,59178000AM0123,Appartement,36,3.122337,50.401369
2025-729591,2025-06-19,Vente,236578,47,RUE DES CLARISSES,59178000CD0521,Appartement,80,3.081721,50.365572
2025-729598,2025-06-11,Vente,155000,43,RUE GUYNEMER,59178000CH0021,Maison,76,3.065513,50.372979
2025-729677,2025-06-03,Vente,180000,126,RUE D ESQUERCHIN,59178000CE0306,Appartement,55,3.072991,50.370193
2025-729677,2025-06-03,Vente,180000,126,RUE D ESQUERCHIN,59178000CE0306,Appartement,70,3.072991,50.370193
2025-729775,2025-06-11,Vente,160000,611,RUE DE LAMBRES,59178000BC0787,Maison,153,3.07317,50.35771
2025-729778,2025-06-26,Vente,99000,74,RUE D HENIN LIETARD,59178000CP0018,Appartement,42,3.076145,50.377359
2025-729779,2025-06-04,Vente,95000,92,RUE DES CLARISSES,59178000BZ0469,Appartement,90,3.081718,50.365139
2025-729842,2025-06-12,Vente,84000,107,RUE HENRI LAJUS,59178000CN0082,Maison,67,3.079836,50.383297
2025-729861,2025-06-23,Vente,102500,382,BD ALBERT 1ER,59178000CP0115,Appartement,78,3.072616,50.375184
2025-730031,2025-07-02,Vente,130750,319,AV D ALSACE LORRAINE,59178000CN0024,Maison,54,3.076462,50.383466
2025-730056,2025-06-30,Vente,160000,15,RUE VICTOR HUGO,59178000BW0494,Appartement,110,3.084833,50.371364
2025-730169,2025-06-20,Vente,100000,150,RUE MARGUERITE DE FLANDRE,59178000AM0124,Appartement,35,3.121682,50.401879
2025-730225,2025-06-20,Vente,396500,340,RUE DE L ABBAYE DES PRES,59178000CS0241,Maison,232,3.082737,50.376939
2025-730393,2025-06-30,Vente,252000,57,RUE DES CLARISSES,59178000CD0521,Appartement,34,3.081721,50.365572
2025-730394,2025-06-27,Vente,244500,47,RUE DES CLARISSES,59178000CD0521,Appartement,36,3.081721,50.365572
2025-730570,2025-06-19,Vente,149950,22,RUE PIERRE DUBOIS,59178000BV0187,Maison,120,3.086958,50.37394
2025-730591,2025-06-11,Vente,91900,59,RUE DE LAUWIN PLANQUE,59178000BK0303,Maison,87,3.063539,50.380945
2025-730623,2025-07-04,Vente,112000,111,RUE MARCEL PAGNOL,59178000BH0341,Maison,97,3.053932,50.37313
2025-730624,2025-07-04,Vente,80000,593,BD JEANNE D ARC,59178000BD0342,Appartement,66,3.063613,50.36872
2025-730625,2025-06-23,Vente,174000,36,RUE DELEGORGUE,59178000CI0113,Maison,102,3.065515,50.373809
2025-730644,2025-06-24,Vente,80000,85,RUE DU CAPITAINE LOUIS MADIOT,59178000BH0539,Appartement,43,3.0582,50.37329
2025-730815,2025-06-23,Vente,49100,87,RUE DE LA CLOCHE,59178000CE0242,Appartement,17,3.075227,50.370072
2025-730877,2025-06-20,Vente,177000,119,RUE BALTHAZAR BELLERE,59178000BK0613,Maison,76,3.063207,50.385735
2025-730947,2025-07-04,Vente,200000,139,RUE DE LAMBRES,59178000BC0250,Maison,109,3.076754,50.360962
2025-730959,2025-06-20,Vente,166960,118,SQ PAUL VALERY,59178000BL0317,Maison,97,3.057594,50.389984
2025-730983,2025-06-25,Vente,260300,140,RUE DU ONZE NOVEMBRE,59178000BW0163,Maison,100,3.088348,50.372938
2025-730987,2025-06-27,Vente,100000,44,RUE LAMBRECHT,59178000BW0481,Appartement,71,3.080599,50.372303
2025-730987,2025-06-27,Vente,100000,44,RUE LAMBRECHT,59178000BW0481,Appartement,182,3.080599,50.372303
2025-731044,2025-07-02,Vente,23500,944,BD DE LA REPUBLIQUE,59178000CS0334,Appartement,18,3.07947,50.378063
2025-731069,2025-07-15,Vente,229000,35,RUE GOSSUIN,59178000BK0696,Maison,95,3.065927,50.38746
2025-731134,2025-06-20,Vente,55000,194,RUE DE LA TOUR DES DAMES,59178000CS0183,Appartement,34,3.084293,50.37855
2025-731183,2025-06-19,Vente,87000,22,RUE DE L ABBAYE DE PAIX,59178000BW0096,Appartement,66,3.089007,50.3743
2025-731193,2025-06-27,Vente,154500,246,RUE DES FERRONNIERS,59178000BX0527,Appartement,64,3.078942,50.36961
2025-731193,2025-06-27,Vente,154500,246,RUE DES FERRONNIERS,59178000BX0527,Appartement,30,3.078942,50.36961
2025-731248,2025-07-08,Vente,216000,124,RUE DU GOUVERNEMENT,59178000BX0062,Maison,90,3.07916,50.371448
2025-731336,2025-07-18,Vente,70309.1,22,RUE DES BLANCS MOUCHONS,59178000BX0858,Appartement,77,3.080492,50.370467
2025-731485,2025-07-09,Vente,172800,692,BD ALBERT 1ER,59178000CP0019,Maison,84,3.075562,50.377576
2025-731585,2025-07-04,Vente,27500,41,RUE DU MARAIS,59178000BM0159,Maison,44,3.080749,50.39326
2025-731659,2025-07-07,Vente,138000,113,AV DES ACACIAS,59178000CK0279,Maison,92,3.064618,50.378098
2025-731693,2025-07-24,Vente,137550,74,RUE DU DOCTEUR CHARCOT,59178000BN0165,Maison,86,3.087206,50.396259
2025-731733,2025-07-16,Vente,104500,23,PL JEAN BAPTISTE CARPEAUX,59178000CK0609,Maison,68,3.068416,50.379769
2025-731756,2025-07-10,Vente,250000,45,RUE DE LA MAIRIE,59178000CD0393,Maison,231,3.081078,50.367785
2025-731810,2025-07-04,Vente,152400,2429,RTE DE TOURNAI,59178000AO0049,Maison,130,3.111523,50.396795
2025-731858,2025-07-11,Vente,220000,96,RUE TOUR DE BOURGOGNE,59178000BZ0419,Maison,117,3.081033,50.364431
2025-731864,2025-07-08,Vente,40000,192,RUE DU BLOC,59178000CR0069,Maison,46,3.073509,50.371436
2025-731946,2025-07-11,Vente,100000,143,RUE DES BLANCS MOUCHONS,59178000BX0082,Appartement,60,3.080694,50.37152
2025-732060,2025-07-17,Vente,89000,343,RUE GIROUD,59178000CS0323,Maison,88,3.081221,50.37835
2025-732074,2025-07-22,Vente,164500,73,RUE NOTRE DAME DES WETZ,59178000BX0715,Appartement,96,3.078931,50.372064
2025-732086,2025-07-25,Vente,250000,59,RUE SAINT SAMSON,59178000CE0256,Appartement,40,3.074592,50.369522
2025-732086,2025-07-25,Vente,250000,59,RUE SAINT SAMSON,59178000CE0256,Appartement,150,3.074592,50.369522
2025-732163,2025-07-15,Vente,127950,318,RUE DU POLYGONE,59178000CN0121,Appartement,61,3.078962,50.381485
2025-732283,2025-07-15,Vente,127000,351,BD PASTEUR,59178000BC0647,Appartement,88,3.072534,50.363212
2025-732337,2025-07-08,Vente,115000,658,RUE BERTHE GARNIER,59178000BL0100,Maison,100,3.071181,50.386972
2025-732360,2025-07-24,Vente,152610,246,RUE DE LAMBRES,59178000BC0651,Maison,114,3.07515,50.360787
2025-732423,2025-07-24,Vente,295000,236,RUE DES GLACIS,59178000AY0167,Maison,75,3.084987,50.362021
2025-732427,2025-07-28,Vente,129000,446,AV DE METZ,59178000CL0010,Maison,70,3.06858,50.381698
2025-732500,2025-07-30,Vente,170000,569,BD JEANNE D ARC,59178000BD0340,Maison,119,3.063764,50.368529
2025-732545,2025-07-02,Vente,189000,137,RUE DU DRAGON VERT,59178000BI0303,Maison,105,3.060052,50.377678
2025-732556,2025-07-24,Vente,69000,900,BD DE LA REPUBLIQUE,59178000CS0334,Appartement,24,3.07947,50.378063
2025-732559,2025-07-29,Vente,104900,361,RUE MOREL,59178000BV0122,Appartement,73,3.087528,50.374531
2025-732592,2025-07-28,Vente,55000,35,RUE NOTRE DAME DES WETZ,59178000BX0715,Appartement,33,3.078931,50.372064
2025-732713,2025-07-24,Vente,73900,47,RUE ARTHUR RIMBAUD,59178000BD0480,Appartement,56,3.063845,50.366208
2025-732844,2025-07-15,Vente,232010,37,RUE SAINT THOMAS,59178000BW0332,Appartement,80,3.083806,50.371463
2025-732844,2025-07-15,Vente,232010,37,RUE SAINT THOMAS,59178000BW0332,Appartement,100,3.083806,50.371463
2025-732918,2025-07-22,Vente,231510,72,RUE DES FERRONNIERS,59178000BX0364,Appartement,50,3.081324,50.369218
2025-732918,2025-07-22,Vente,231510,72,RUE DES FERRONNIERS,59178000BX0364,Appartement,47,3.081324,50.369218
2025-732918,2025-07-22,Vente,231510,72,RUE DES FERRONNIERS,59178000BX0364,Appartement,50,3.081324,50.369218
2025-732937,2025-08-01,Vente,195350,176,RUE DU FAUBOURG DE BETHUNE,59178000CK0306,Maison,85,3.064931,50.377288
2025-732949,2025-07-31,Vente,104000,88,RUE MARTIN DU NORD,59178000CR0410,Appartement,57,3.080178,50.375688
2025-732989,2025-08-07,Vente,136820,85,RUE MARGUERITE DE FLANDRE,59178000AL0192,Maison,100,3.122589,50.402586
2025-732997,2025-07-16,Vente,165000,154,RUE NEUVE NOTRE DAME,59178000BZ0517,Appartement,73,3.085284,50.366363
2025-733011,2025-07-11,Vente,131000,351,BD PASTEUR,59178000BC0647,Appartement,88,3.072534,50.363212
2025-733139,2025-08-08,Vente,60000,900,BD DE LA REPUBLIQUE,59178000CS0334,Appartement,30,3.07947,50.378063
2025-733264,2025-08-05,Vente,234000,42,RUE PAUL FORT,59178000BL0380,Maison,99,3.060398,50.387161
2025-733289,2025-08-08,Vente,110000,133,RUE DE L ABBAYE DES PRES,59178000CR0410,Appartement,51,3.080178,50.375688
2025-733299,2025-08-04,Vente,125000,105,RUE D ARRAS,59178000CE0463,Appartement,56,3.074068,50.368628
2025-733337,2025-08-01,Vente,105000,456,BD ALBERT 1ER,59178000CP0116,Appartement,82,3.073704,50.376161
2025-733340,2025-08-05,Vente,233580,230,RUE DU BLOC,59178000CR0065,Maison,95,3.072971,50.371315
2025-733341,2025-07-22,Vente,166900,16,RUE DE LA MOTTE JULIEN,59178000BL0082,Appartement,32,3.067942,50.385714
2025-733341,2025-07-22,Vente,166900,16,RUE DE LA MOTTE JULIEN,59178000BL0082,Appartement,36,3.067942,50.385714
2025-733341,2025-07-22,Vente,166900,16,RUE DE LA MOTTE JULIEN,59178000BL0082,Appartement,40,3.067942,50.385714
2025-733360,2025-07-29,Vente,56500,85,RUE VICTOR PECQUEUR,59178000BM0627,Maison,77,3.085153,50.391565
2025-733442,2025-08-08,Vente,212600,53,RUE DE VERDUN,59178000CN0396,Maison,140,3.072978,50.37973
2025-733464,2025-08-08,Vente,180000,90,RUE MOREL,59178000BW0118,Appartement,70,3.086897,50.372754
2025-733476,2025-07-28,Vente en l'état futur d'achèvement,135700,,AV DE TWICKENHAM,59178000AY0874,Appartement,62,3.08124,50.360514
2025-733480,2025-08-07,Vente,128900,21,RUE DES FLAGEOLETS,59178000CR0176,Appartement,65,3.074509,50.372622
2025-733515,2025-07-29,Vente,209000,509,RUE ABEL DEPRET,59178000AM0027,Maison,101,3.128314,50.399257
2025-733568,2025-07-28,Vente,241800,439,RUE D ANHIERS,59178000AK0939,Maison,100,3.134883,50.398693
2025-733568,2025-07-28,Vente,241800,439,RUE D ANHIERS,59178000AK0939,Maison,100,3.134883,50.398693
2025-733575,2025-07-31,Vente,385000,189,AV PAUL HENIN,59178000AY0385,Maison,133,3.08758,50.359628
2025-733575,2025-07-31,Vente,385000,189,AV PAUL HENIN,59178000AY0385,Maison,133,3.08758,50.359628
2025-733660,2025-08-08,Vente,235000,309,RUE D OCRE,59178000CP0037,Appartement,40,3.076537,50.377979
2025-733660,2025-08-08,Vente,235000,309,RUE D OCRE,59178000CP0037,Appartement,40,3.076537,50.377979
2025-733660,2025-08-08,Vente,235000,309,RUE D OCRE,59178000CP0037,Appartement,40,3.076537,50.377979
2025-733685,2025-08-06,Vente,157800,532,BD LAHURE,59178000BS0305,Maison,70,3.082395,50.384644
2025-733790,2025-08-07,Vente,216830,241,RUE DELCAMBRE,59178000CS0326,Maison,91,3.081171,50.378507
2025-733823,2025-08-05,Vente,193000,8,AV D ALSACE LORRAINE,59178000CN0195,Maison,119,3.076706,50.380669
2025-733886,2025-07-29,Vente,229000,136,RUE DU DRAGON VERT,59178000BI0304,Maison,105,3.059657,50.377555
2025-733959,2025-08-08,Vente,190200,79,RUE DE LA TOUR DES DAMES,59178000CS0138,Maison,103,3.082852,50.379022
2025-734099,2025-08-27,Vente,150000,15,CHE DU MARAICHON FRAIS MARAIS,59178000AB0114,Maison,149,3.133593,50.40999
2025-734174,2025-08-21,Vente,75811,194,RUE DE LA TOUR DES DAMES,59178000CS0183,Appartement,38,3.084293,50.37855
2025-734230,2025-08-28,Vente,89550,229,BD DE LIEGE,59178000BW0096,Appartement,66,3.089007,50.3743
2025-734337,2025-08-18,Vente,98000,45,RUE MARTIN LUTHER KING,59178000CM0051,Appartement,47,3.080653,50.386696
2025-734367,2025-08-14,Vente,85000,253,RUE ALEXANDRE RIBOT,59178000CK0201,Maison,69,3.067385,50.37802
2025-734398,2025-08-29,Vente,195000,478,BD JEANNE D ARC,59178000CH0136,Maison,85,3.064679,50.36791
2025-734417,2025-08-28,Vente,110000,52,RUE ALEXANDRE RIBOT,59178000CK0167,Maison,83,3.066971,50.376282
2025-734418,2025-08-28,Vente,132860,365,AV DE METZ,59178000CL0223,Maison,76,3.069884,50.381577
2025-734460,2025-08-28,Vente,120000,4620,RTE DE TOURNAI,59178000AC0021,Maison,76,3.132771,50.409513
2025-734625,2025-08-22,Vente,78000,24,CITE SCHOUTETEN,59178000BI0146,Maison,94,3.061425,50.376603
2025-734642,2025-08-28,Vente,321200,399,BD PAUL HAYEZ,59178000BZ0029,Maison,142,3.079498,50.362823
2025-734708,2025-09-05,Vente,170000,157,RUE JEAN DE BOLOGNE,59178000CR0158,Maison,98,3.074554,50.373037
2025-734739,2025-08-26,Vente,90000,124,RUE DU CHEMIN VERT,59178000BD0318,Maison,78,3.062423,50.36731
2025-734831,2025-08-27,Vente,163500,99,RUE SAINT JEAN,59178000BW0275,Appartement,55,3.085144,50.370359
2025-734854,2025-08-26,Vente,138630,244,AV DE STRASBOURG,59178000CN0274,Maison,87,3.075929,50.381653
2025-734870,2025-09-03,Vente,57250,27,RUE SAINT THOMAS,59178000BW0626,Appartement,39,3.084124,50.371406
2025-734924,2025-08-26,Vente,119000,344,RUE DU FAUBOURG DE BETHUNE,59178000CK0035,Maison,89,3.063604,50.378664
2025-734941,2025-08-28,Vente,172000,315,QUAI D'ALSACE,59178000CS0183,Appartement,100,3.084293,50.37855
2025-735017,2025-09-01,Vente,177000,197,RUE DU CANTELEU,59178000BX0245,Maison,139,3.085093,50.368766
2025-735116,2025-09-01,Vente,115000,194,RUE DE LA TOUR DES DAMES,59178000CS0183,Appartement,67,3.084293,50.37855
2025-735135,2025-08-27,Vente,76900,1030,BD JEANNE D ARC,59178000CH0064,Appartement,30,3.067905,50.372151
2025-735162,2025-09-05,Vente,55500,128,RUE CHARLES MATHIEU,59178000CK0191,Maison,77,3.066409,50.377316
2025-735187,2025-09-02,Vente,454000,250,BD PASTEUR,59178000CD0022,Maison,155,3.074822,50.364165
2025-735325,2025-09-09,Vente,120000,636,RUE DU FAUBOURG DE BETHUNE,59178000BK0464,Maison,124,3.062511,50.38105
2025-735412,2025-09-04,Vente en l'état futur d'achèvement,110600,,AV DE TWICKENHAM,59178000AY0874,Appartement,48,3.08124,50.360514
2025-735420,2025-09-12,Vente,192100,223,AV DE METZ,59178000CL0159,Maison,69,3.071706,50.38208
2025-735427,2025-09-02,Vente,78000,194,RUE LOUIS BLERIOT,59178000CH0241,Appartement,58,3.063621,50.370741
2025-735471,2025-09-01,Vente,82000,330,RUE LEFEBVRE D ORVAL,59178000BE0077,Appartement,42,3.061729,50.365414
2025-735476,2025-09-01,Vente,30000,161,RUE DE LA HERSE,59178000CH0044,Appartement,18,3.071674,50.373091
2025-735518,2025-08-26,Vente,140500,440,AV DE METZ,59178000CL0011,Maison,74,3.068678,50.381714
2025-735526,2025-09-02,Vente,145500,99,RUE SAINT JEAN,59178000BW0275,Appartement,37,3.085144,50.370359
2025-735566,2025-08-28,Vente,107900,73,RUE JEAN DE BOLOGNE,59178000CR0109,Maison,82,3.073875,50.372483
2025-735570,2025-09-08,Vente,140000,351,BD PASTEUR,59178000BC0647,Appartement,88,3.072534,50.363212
2025-735644,2025-09-03,Vente,140000,293,QUAI DEVIGNE,59178000BC0647,Appartement,88,3.072534,50.363212
2025-735754,2025-09-03,Vente,80000,147,RUE DE CAMBRAI,59178000BZ0102,Appartement,64,3.079106,50.361592
2025-735766,2025-09-12,Vente,97000,85,RUE DU CAPITAINE LOUIS MADIOT,59178000BH0539,Appartement,60,3.0582,50.37329
2025-735785,2025-09-01,Vente,158800,84,RUE DU LT JEAN PAUL TREHAUT,59178000AY0479,Maison,92,3.08588,50.35851
2025-735796,2025-08-27,Vente,121000,57,RUE MAURICE WAGON,59178000BY0070,Maison,124,3.087809,50.369018
2025-735861,2025-09-18,Vente,126900,532,BD JEANNE D ARC,59178000CH0126,Maison,89,3.064718,50.368418
2025-735864,2025-09-17,Vente,129000,189,RUE SERVAL,59178000CR0868,Appartement,76,3.072285,50.37344
2025-735883,2025-08-26,Vente,272400,92,RUE MOREL,59178000BW0118,Appartement,152,3.086897,50.372754
2025-735905,2025-08-29,Vente,71000,189,RUE SERVAL,59178000CR0868,Appartement,47,3.072285,50.37344
2025-735905,2025-08-29,Vente,71000,189,RUE SERVAL,59178000CR0868,Appartement,47,3.072285,50.37344
2025-735917,2025-09-08,Vente,80000,66,RUE DE CUINCY,59178000CI0095,Maison,77,3.065307,50.37464
2025-735949,2025-09-19,Vente,276000,184,AV DE TWICKENHAM,59178000BZ0142,Maison,104,3.082041,50.361981
2025-736013,2025-09-17,Vente,120000,196,RUE LOUIS BLERIOT,59178000CH0241,Appartement,58,3.063621,50.370741
2025-736040,2025-09-17,Vente,188500,663,AV DU QUATRE SEPTEMBRE,59178000AY0298,Maison,90,3.084211,50.360402
2025-736069,2025-09-18,Vente,88000,511,AV D ALSACE LORRAINE,59178000CL0112,Maison,98,3.076633,50.385169
2025-736112,2025-09-12,Vente,87000,766,AV DU QUATRE SEPTEMBRE,59178000AY0031,Maison,83,3.082689,50.36008
2025-736113,2025-09-12,Vente,75000,196,RUE LOUIS BLERIOT,59178000CH0241,Appartement,64,3.063621,50.370741
2025-736123,2025-09-02,Vente,163000,130,RUE THEOPHILE BRA,59178000CD0650,Maison,69,3.07767,50.365291
2025-736154,2025-08-27,Vente,140000,49,RUE DE LA TOUR DES DAMES,59178000CS0132,Appartement,36,3.082502,50.378856
2025-736154,2025-08-27,Vente,140000,49,RUE DE LA TOUR DES DAMES,59178000CS0132,Appartement,39,3.082502,50.378856
2025-736154,2025-08-27,Vente,140000,49,RUE DE LA TOUR DES DAMES,59178000CS0132,Appartement,28,3.082502,50.378856
2025-736179,2025-09-11,Vente,60000,568,RUE DU POLYGONE,59178000CM0135,Maison,94,3.079026,50.383876
2025-736269,2025-09-04,Vente,215000,340,AV DU QUATRE SEPTEMBRE,59178000BZ0847,Appartement,125,3.086772,50.362825
2025-736282,2025-09-16,Vente,130000,57,RUE JEAN BELLEGAMBE,59178000BX0491,Appartement,30,3.080997,50.369687
2025-736282,2025-09-16,Vente,130000,57,RUE JEAN BELLEGAMBE,59178000BX0491,Appartement,72,3.080997,50.369687
2025-736326,2025-09-29,Vente,40889,337,RUE JEAN JAURES,59178000BM0538,Maison,50,3.08566,50.392901
2025-736439,2025-09-22,Vente,135000,21,RUE DE LA CLOCHE,59178000CE0232,Appartement,70,3.075832,50.369692
2025-736441,2025-09-19,Vente,134212,306,RUE REMY DUHEM,59178000AX0498,Maison,88,3.083526,50.352046
2025-736592,2025-09-19,Vente,128250,33,RUE DU GOUVERNEMENT,59178000BX0009,Appartement,102,3.078256,50.370753
2025-736614,2025-09-12,Vente,346000,78,RUE DE L UNIVERSITE,59178000CD0325,Maison,261,3.07947,50.366966
2025-736623,2025-09-12,Vente,158550,277,RUE DE PARIS,59178000BZ0433,Appartement,95,3.080606,50.365223
2025-736629,2025-09-22,Vente,161970,15,RUE CHARLES LOUIS CORBE,59178000AY0481,Maison,92,3.085463,50.358686
2025-736652,2025-09-24,Vente,108125,82,RUE DELABY,59178000CN0151,Maison,42,3.0755,50.37983
2025-736737,2025-09-12,Vente,145000,525,RUE EMILE BASLY,59178000BR0294,Maison,65,3.092495,50.389669
2025-736783,2025-10-02,Vente,47000,126,RUE DE ROUBAIX,59178000BV0049,Appartement,63,3.088183,50.376721
2025-736805,2025-09-12,Vente,181400,115,AV DES LILAS,59178000BH0066,Maison,77,3.059734,50.372784
2025-736823,2025-09-18,Vente,85000,44,RUE LAMBRECHT,59178000BW0481,Appartement,62,3.080599,50.372303
2025-736824,2025-09-19,Vente,55500,73,RUE DES FLAGEOLETS,59178000CR0176,Appartement,27,3.074509,50.372622
2025-736825,2025-09-29,Vente,220000,5,RUE CHARLES LOUIS CORBE,59178000AY0480,Maison,139,3.085515,50.358811
2025-736864,2025-09-19,Vente,98000,69,RUE DE TOUL,59178000CN0595,Maison,70,3.072042,50.379819
2025-736894,2025-09-26,Vente,185000,99,RUE SAINT JEAN,59178000BW0275,Appartement,55,3.085144,50.370359
2025-736924,2025-09-24,Vente,227750,196,RUE DU GRAND BAIL,59178000CD0133,Maison,148,3.074992,50.365891
2025-737017,2025-09-29,Vente,150600,108,RUE REMY DUHEM,59178000AX0273,Maison,85,3.085429,50.351516
2025-737029,2025-09-12,Vente,288410,305,RUE D'ARCY,59178000AL0450,Maison,95,3.125504,50.404963
2025-737145,2025-09-23,Vente,151850,115,RUE DELFOSSE,59178000BM0062,Maison,74,3.083223,50.392928
2025-737157,2025-09-24,Vente,310000,120,RUE VICTOR HUGO,59178000BW0531,Appartement,1,3.08559,50.370446
2025-737157,2025-09-24,Vente,310000,120,RUE VICTOR HUGO,59178000BW0531,Appartement,1,3.08559,50.370446
2025-737169,2025-09-29,Vente,25000,377,RUE DE L ABBAYE DES PRES,59178000CS0382,Appartement,15,3.082494,50.377528
2025-737261,2025-09-26,Vente,115000,42,RUE DE CHARLEVILLE,59178000CN0443,Maison,100,3.07133,50.380979
2025-737267,2025-09-23,Vente,140750,78,RUE DU POLYGONE,59178000CN0135,Maison,119,3.077061,50.379615
2025-737304,2025-09-30,Vente,169000,29,RUE ALPHONSE HAYEZ,59178000CS0421,Maison,109,3.084238,50.379115
2025-737388,2025-10-09,Vente,182000,32,RUE DE LA HERSE,59178000CR0103,Appartement,32,3.073354,50.372336
2025-737388,2025-10-09,Vente,182000,32,RUE DE LA HERSE,59178000CR0103,Appartement,27,3.073354,50.372336
2025-737388,2025-10-09,Vente,182000,32,RUE DE LA HERSE,59178000CR0103,Appartement,48,3.073354,50.372336
2025-737400,2025-10-07,Vente,57800,66,RUE JEAN BELLEGAMBE,59178000BX0340,Appartement,30,3.081544,50.369712
2025-737418,2025-10-01,Vente,170000,1200,RUE DU FAUBOURG DE BETHUNE,59178000BK1017,Maison,97,3.060434,50.385567
2025-737558,2025-10-06,Vente,143400,46,RUE PIERRE BROSSOLETTE,59178000CI0045,Maison,77,3.064437,50.376526
2025-737602,2025-09-16,Vente,154000,55,RUE DE FORBACH,59178000CL0170,Maison,60,3.072282,50.381885
2025-737665,2025-09-30,Vente,243075,412,BD JEANNE D ARC,59178000BD0007,Maison,115,3.065117,50.36753
2025-737666,2025-09-26,Vente,41100,86,RUE TOUR DE BOURGOGNE,59178000BZ0421,Maison,75,3.081056,50.364555
2025-737689,2025-08-25,Vente,144500,1030,BD JEANNE D ARC,59178000CH0064,Appartement,66,3.067905,50.372151
2025-737709,2025-09-29,Vente,58000,192,RUE DU BLOC,59178000CR0069,Maison,46,3.073509,50.371436
2025-737716,2025-09-30,Vente,76000,150,RUE MARGUERITE DE FLANDRE,59178000AM0124,Appartement,35,3.121682,50.401879
2025-737721,2025-10-07,Vente,165000,293,QUAI DEVIGNE,59178000BC0647,Appartement,121,3.072534,50.363212
2025-737775,2025-10-16,Vente,54650,98,RUE DE ROUBAIX,59178000BV0049,Appartement,34,3.088183,50.376721
2025-737827,2025-09-17,Vente,211900,12,RUE JOSEPH BUTRUILLE,59178000BH0395,Maison,97,3.055404,50.374108
2025-737983,2025-10-07,Vente,158900,419,RUE GUYNEMER,59178000BH0074,Maison,97,3.060442,50.371751
2025-738019,2025-10-13,Vente,163200,164,RUE JACQUES BREL,59178000CK0460,Maison,103,3.070034,50.379802
2025-738087,2025-10-09,Vente,155000,38,RLE VERJUS,59178000CD0345,Maison,51,3.079162,50.367783
2025-738087,2025-10-09,Vente,155000,32,RLE VERJUS,59178000CD0346,Maison,52,3.079115,50.367804
2025-738087,2025-10-09,Vente,155000,30,RLE VERJUS,59178000CD0347,Maison,53,3.079081,50.367812
2025-738125,2025-10-07,Vente,182930,120,RUE MARGUERITE DE FLANDRE,59178000AM0013,Maison,81,3.122619,50.402071
2025-738200,2025-10-16,Vente,240000,201,RUE DE LA MAIRIE,59178000CD0364,Appartement,15,3.079018,50.368208
2025-738200,2025-10-16,Vente,240000,201,RUE DE LA MAIRIE,59178000CD0364,Appartement,60,3.079018,50.368208
2025-738200,2025-10-16,Vente,240000,201,RUE DE LA MAIRIE,59178000CD0364,Appartement,60,3.079018,50.368208
2025-738209,2025-09-25,Vente,81050,251,BD PASTEUR,59178000BC0660,Appartement,83,3.074089,50.363101
2025-738347,2025-10-10,Vente,108600,17,RUE FOUCQUES,59178000CD0162,Appartement,55,3.077099,50.366539
2025-738353,2025-10-10,Vente,175280,122,RUE NEUVE NOTRE DAME,59178000BZ0517,Appartement,75,3.085284,50.366363
2025-738472,2025-10-02,Vente,73500,152,RUE MARGUERITE DE FLANDRE,59178000AM0123,Appartement,37,3.122337,50.401369
2025-738483,2025-09-30,Vente,71600,152,RUE MARGUERITE DE FLANDRE,59178000AM0123,Appartement,35,3.122337,50.401369
2025-738577,2025-10-13,Vente,206000,74,RUE DU CLOCHER SAINT PIERRE,59178000BX0158,Appartement,20,3.080417,50.370372
2025-738577,2025-10-13,Vente,206000,74,RUE DU CLOCHER SAINT PIERRE,59178000BX0158,Appartement,70,3.080417,50.370372
2025-738577,2025-10-13,Vente,206000,74,RUE DU CLOCHER SAINT PIERRE,59178000BX0158,Appartement,20,3.080417,50.370372
2025-738577,2025-10-13,Vente,206000,74,RUE DU CLOCHER SAINT PIERRE,59178000BX0158,Appartement,17,3.080417,50.370372
2025-738632,2025-10-24,Vente,253400,159,RUE DES BLANCS COULONS,59178000CL0465,Maison,100,3.075535,50.38502
2025-738637,2025-10-17,Vente,72000,900,BD DE LA REPUBLIQUE,59178000CS0334,Appartement,30,3.07947,50.378063
2025-738798,2025-10-28,Vente,133000,338,BD JEANNE D ARC,59178000BD0017,Maison,70,3.065688,50.367016
2025-738839,2025-10-13,Vente,40100,13,RUE NOTRE DAME DES WETZ,59178000BX0715,Appartement,28,3.078931,50.372064
2025-739126,2025-10-24,Vente,192800,64,RUE SAINT ELOI,59178000BZ0011,Maison,68,3.079957,50.363718
2025-739150,2025-10-17,Vente,110000,1153,BD DE LA REPUBLIQUE,59178000CS0606,Appartement,89,3.080487,50.379681
2025-739213,2025-10-15,Vente,220000,10,RUE DE LA BOUCHERIE,59178000BX0872,Appartement,35,3.079302,50.368722
2025-739213,2025-10-15,Vente,220000,10,RUE DE LA BOUCHERIE,59178000BX0872,Appartement,75,3.079302,50.368722
2025-739213,2025-10-15,Vente,220000,10,RUE DE LA BOUCHERIE,59178000BX0872,Appartement,50,3.079302,50.368722
2025-739213,2025-10-15,Vente,220000,10,RUE DE LA BOUCHERIE,59178000BX0872,Appartement,50,3.079302,50.368722
2025-739282,2025-10-30,Vente,125000,6,RUE JOSEPH BUTRUILLE,59178000BH0394,Maison,97,3.055456,50.37399
2025-739290,2025-10-23,Vente,180000,137,RUE DEFOREST,59178000CR0434,Maison,132,3.08122,50.376519
2025-739303,2025-10-23,Vente,220000,133,RUE DE LILLE,59178000BV0011,Appartement,122,3.089141,50.376946
2025-739303,2025-10-23,Vente,220000,133,RUE DE LILLE,59178000BV0011,Appartement,122,3.089141,50.376946
2025-739388,2025-10-21,Vente,65000,402,RUE DE L ABBAYE DES PRES,59178000CS0248,Appartement,67,3.083279,50.377336
2025-739592,2025-11-04,Vente,265000,77,RUE SAINT JEAN,59178000BW0276,Maison,107,3.084977,50.37051
2025-739592,2025-11-04,Vente,265000,77,RUE SAINT JEAN,59178000BW0276,Maison,176,3.084977,50.37051
2025-739600,2025-10-31,Vente,168350,641,CHE DU HALAGE,59178000CM0125,Maison,94,3.080647,50.384094
2025-739652,2025-10-22,Vente,175000,63,RUE ALEXANDRE DESCATOIRE,59178000AV0010,Maison,95,3.089059,50.362684
2025-739658,2025-10-27,Vente,160000,456,RUE DU FAUBOURG DE BETHUNE,59178000CK0023,Maison,200,3.064013,50.379689
2025-739658,2025-10-27,Vente,160000,456,RUE DU FAUBOURG DE BETHUNE,59178000CK0023,Maison,200,3.064013,50.379689
2025-739719,2025-10-31,Vente,88000,150,RUE MARGUERITE DE FLANDRE,59178000AM0124,Appartement,42,3.121682,50.401879
2025-739738,2025-10-13,Vente,170000,699,RUE DU POLYGONE,59178000CM0172,Maison,115,3.078104,50.385211
2025-739741,2025-10-14,Vente,201900,839,RUE DES TRANNOIS,59178000BR0092,Maison,127,3.090142,50.386554
2025-739828,2025-11-12,Vente,69000,34,RUE DE LAUWIN PLANQUE,59178000BK0297,Appartement,69,3.064362,50.381044
2025-739889,2025-11-05,Vente,94900,156,RUE MARCELINE,59178000BW0061,Appartement,58,3.086063,50.373827
2025-739897,2025-11-07,Vente,25800,944,BD DE LA REPUBLIQUE,59178000CS0334,Appartement,24,3.07947,50.378063
2025-739907,2025-11-06,Vente,55000,306,RUE GIROUD,59178000CS0608,Appartement,26,3.081006,50.377345
2025-740002,2025-10-24,Vente,48780,66,RUE JEAN BELLEGAMBE,59178000BX0340,Appartement,22,3.081544,50.369712
2025-740120,2025-11-05,Vente,235000,120,RUE VICTOR HUGO,59178000BW0531,Appartement,1,3.08559,50.370446
2025-740129,2025-11-05,Vente,245000,99,RUE SAINT JEAN,59178000BW0275,Appartement,166,3.085144,50.370359
2025-740139,2025-11-04,Vente,123000,299,RUE D OCRE,59178000CP0038,Maison,123,3.076526,50.377931
2025-740169,2025-10-21,Vente,144510,189,RUE SERVAL,59178000CR0868,Appartement,89,3.072285,50.37344
2025-740174,2025-10-28,Vente,107400,136,RUE MOREL,59178000BW0116,Appartement,77,3.087128,50.373195
2025-740185,2025-11-19,Vente,197500,33,RUE DE FERIN,59178000AZ0055,Maison,75,3.078479,50.360517
2025-740199,2025-11-04,Vente,282550,16,IMP LES CYGNES,59178000AY0497,Maison,139,3.089431,50.360635
2025-740202,2025-10-31,Vente,99900,428,RUE DU POLYGONE,59178000CN0109,Appartement,43,3.080055,50.382702
2025-740260,2025-10-30,Vente,75000,74,RUE DU FAUBOURG DE PARIS,59178000AW0387,Maison,114,3.082973,50.355384
2025-740270,2025-10-23,Vente en l'état futur d'achèvement,276000,249,RUE DE FLANDRE,59178000BT0096,Appartement,99,3.086945,50.379295
2025-740278,2025-10-31,Vente,452000,30,RUE D ESQUERCHIN,59178000CE0562,Maison,219,3.073914,50.369641
2025-740298,2025-11-19,Vente,52000,30,RUE DE LA CLORIS,59178000BX0575,Appartement,31,3.078404,50.368973
2025-740387,2025-11-03,Vente,79800,100,RUE DES JARDINS,59178000BD0119,Maison,83,3.068953,50.363976
2025-740442,2025-11-04,Vente,107400,74,RUE D HENIN LIETARD,59178000CP0018,Appartement,37,3.076145,50.377359
2025-740447,2025-11-20,Vente,24500,944,BD DE LA REPUBLIQUE,59178000CS0334,Appartement,18,3.07947,50.378063
2025-740577,2025-11-20,Vente,90000,56,RUE DES RECOLLETS ANGLAIS,59178000CR0993,Appartement,50,3.075267,50.370405
2025-740604,2025-11-05,Vente,258510,122,RUE NEUVE NOTRE DAME,59178000BZ0517,Appartement,102,3.085284,50.366363
2025-740789,2025-11-04,Vente,75000,403,RUE DE LAMBRES,59178000BC0363,Maison,85,3.074231,50.359424
2025-740839,2025-11-06,Vente,142000,177,RUE BERTHE GARNIER,59178000CL0105,Maison,90,3.076409,50.385656
2025-740921,2025-11-10,Vente,105450,119,BD PAUL PHALEMPIN,59178000BY0090,Appartement,69,3.088706,50.370326
2025-740957,2025-11-17,Vente,65700,330,RUE LEFEBVRE D ORVAL,59178000BE0077,Appartement,36,3.061729,50.365414
2025-741153,2025-11-28,Vente,60000,82,AV DES CAPUCINES,59178000CI0224,Maison,58,3.061503,50.372737
2025-741191,2025-12-05,Vente,116000,90,RUE MOREL,59178000BW0118,Appartement,58,3.086897,50.372754
2025-741220,2025-11-06,Vente,100000,206,QUAI DE BOISSET,59178000BM0148,Maison,86,3.080369,50.39364
2025-741233,2025-11-26,Vente,137500,5,SQ CHARLES GONIAUX,59178000BM1141,Maison,73,3.084987,50.390259
2025-741280,2025-11-17,Vente,66900,34,RUE DE LAUWIN PLANQUE,59178000BK0297,Appartement,57,3.064362,50.381044
2025-741364,2025-09-18,Vente,135400,21,RUE DES FLAGEOLETS,59178000CR0176,Appartement,88,3.074509,50.372622
2025-741419,2025-12-01,Vente,85000,330,RUE LEFEBVRE D ORVAL,59178000BE0077,Appartement,44,3.061729,50.365414
2025-741438,2025-11-27,Vente,96500,316,RUE SERVAL,59178000CR1018,Appartement,51,3.073966,50.37414
2025-741440,2025-11-27,Vente,125000,560,AV DENIS CORDONNIER,59178000CL0002,Maison,70,3.068245,50.384104
2025-741540,2025-12-03,Vente,104900,245,RUE MOREL,59178000BV0122,Appartement,63,3.087528,50.374531
2025-741568,2025-12-10,Vente,119500,293,QUAI DEVIGNE,59178000BC0647,Appartement,88,3.072534,50.363212
2025-741593,2025-12-04,Vente,80750,80,RUE CAMILLE COROT,59178000AX0232,Maison,97,3.085511,50.350147
2025-741600,2025-12-09,Vente,142857,688,RUE DE LAMBRES,59178000BC0039,Maison,121,3.07209,50.357344
2025-741672,2025-11-27,Vente,165400,134,RUE DE VALENCIENNES,59178000BZ0532,Maison,39,3.085637,50.366931
2025-741680,2025-12-10,Vente,177700,77,QUAI D'ALSACE,59178000CS0216,Appartement,73,3.083238,50.376617
2025-741698,2025-11-21,Vente,60000,270,RUE SERVAL,59178000CR1018,Appartement,32,3.073966,50.37414
2025-741700,2025-12-10,Vente,124900,272,BD ALBERT 1ER,59178000CP0081,Appartement,88,3.071266,50.374413
2025-741706,2025-12-01,Vente,154000,20,RUE CLOTILDE LOCOGE,59178000BH0387,Maison,137,3.056119,50.374291
2025-741752,2025-11-25,Vente,52500,98,RUE DE ROUBAIX,59178000BV0049,Appartement,46,3.088183,50.376721
2025-741771,2025-11-21,Vente,75000,152,RUE MARGUERITE DE FLANDRE,59178000AM0123,Appartement,40,3.122337,50.401369
2025-741878,2025-11-25,Vente,175000,332,RUE DELCAMBRE,59178000CS0006,Appartement,48,3.08044,50.37936
2025-741878,2025-11-25,Vente,175000,332,RUE DELCAMBRE,59178000CS0006,Appartement,20,3.08044,50.37936
2025-741878,2025-11-25,Vente,175000,332,RUE DELCAMBRE,59178000CS0006,Appartement,36,3.08044,50.37936
2025-741878,2025-11-25,Vente,175000,332,RUE DELCAMBRE,59178000CS0006,Appartement,15,3.08044,50.37936
2025-741880,2025-12-10,Vente,93000,13,RUE DE LA MAIRIE,59178000CD0717,Appartement,80,3.08155,50.367702
2025-741944,2025-11-27,Vente,49500,126,RUE DE ROUBAIX,59178000BV0049,Appartement,73,3.088183,50.376721
2025-741962,2025-11-27,Vente,71700,318,RUE DU POLYGONE,59178000CN0121,Appartement,41,3.078962,50.381485
2025-742003,2025-12-12,Vente,407000,89,RUE DES VIERGES,59178000CE0614,Maison,198,3.073675,50.370217
2025-742061,2025-12-04,Vente,220000,295,QUAI DEVIGNE,59178000BC0647,Appartement,114,3.072534,50.363212
2025-742152,2025-12-04,Vente,90000,616,BD JEANNE D ARC,59178000CH0263,Maison,86,3.064554,50.369181
2025-742192,2025-12-02,Vente,61200,351,BD PASTEUR,59178000BC0647,Appartement,46,3.072534,50.363212
2025-742196,2025-12-02,Vente,207250,251,RUE CONSTANT DUTILLEUX,59178000AV0205,Maison,88,3.089753,50.360951
2025-742207,2025-12-03,Vente,95000,41,RUE JEAN DE BOLOGNE,59178000CR0098,Maison,88,3.073565,50.372246
2025-742214,2025-11-27,Vente,38892,21,RUE DE LA CLOCHE,59178000CE0232,Appartement,28,3.075832,50.369692
2025-742343,2025-12-17,Vente,118000,3841,RTE DE TOURNAI,59178000AB0008,Maison,93,3.125054,50.405986
2025-742486,2025-11-26,Vente,341250,49,RUE DU CANTELEU,59178000BX0194,Appartement,37,3.083551,50.369544
2025-742486,2025-11-26,Vente,341250,49,RUE DU CANTELEU,59178000BX0194,Appartement,38,3.083551,50.369544
2025-742486,2025-11-26,Vente,341250,49,RUE DU CANTELEU,59178000BX0194,Appartement,35,3.083551,50.369544
2025-742486,2025-11-26,Vente,341250,49,RUE DU CANTELEU,59178000BX0194,Appartement,40,3.083551,50.369544
2025-742486,2025-11-26,Vente,341250,49,RUE DU CANTELEU,59178000BX0194,Appartement,40,3.083551,50.369544
2025-742486,2025-11-26,Vente,341250,49,RUE DU CANTELEU,59178000BX0194,Appartement,44,3.083551,50.369544
2025-742486,2025-11-26,Vente,341250,49,RUE DU CANTELEU,59178000BX0194,Appartement,35,3.083551,50.369544
2025-742486,2025-11-26,Vente,341250,49,RUE DU CANTELEU,59178000BX0194,Appartement,33,3.083551,50.369544
2025-742566,2025-12-22,Vente,127000,32,RUE FRANCOIS CUVELLE,59178000BY0109,Appartement,66,3.085427,50.367495
2025-742603,2025-12-17,Vente,70100,293,QUAI DEVIGNE,59178000BC0647,Appartement,45,3.072534,50.363212
2025-742643,2025-12-15,Vente,178800,390,AV D ALSACE LORRAINE,59178000CN0042,Maison,83,3.077235,50.384058
2025-742720,2025-12-16,Vente,154900,251,BD PASTEUR,59178000BC0660,Appartement,93,3.074089,50.363101
2025-742775,2025-12-23,Vente,79000,45,RUE DE MORMANT,59178000AH0038,Maison,57,3.131512,50.393555
2025-742808,2025-12-18,Vente,157500,329,RUE DE VERDUN,59178000CL0248,Maison,76,3.070919,50.381867
2025-742890,2025-12-19,Vente,133000,531,BD JEANNE D ARC,59178000BD0434,Maison,132,3.06366,50.368238
2025-742942,2025-12-16,Vente,49500,85,RUE D ARRAS,59178000CE0463,Appartement,29,3.074068,50.368628
2025-742955,2025-12-11,Vente,100000,7,RUE CONSTANT DUTILLEUX,59178000AY0184,Maison,130,3.086747,50.361968
2025-743037,2025-12-16,Vente,55000,15,RUE VICTOR HUGO,59178000BW0494,Appartement,50,3.084833,50.371364
2025-743050,2025-12-01,Vente,230000,253,RUE DELCAMBRE,59178000CS0329,Maison,142,3.08106,50.378612
2025-743118,2025-09-30,Vente,25650,182,RUE GALLIENI,59178000AX0159,Maison,98,3.085391,50.349884
2025-743187,2025-12-15,Vente,80000,295,QUAI DEVIGNE,59178000BC0647,Appartement,92,3.072534,50.363212
2025-743386,2025-12-11,Vente,84300,295,QUAI DEVIGNE,59178000BC0647,Appartement,67,3.072534,50.363212
2025-743475,2025-12-29,Vente,4700000,99,RUE GIROUD,59178000CR0985,Appartement,64,3.07818,50.377215
2025-743475,2025-12-29,Vente,4700000,99,RUE GIROUD,59178000CR0985,Appartement,66,3.07818,50.377215
2025-743475,2025-12-29,Vente,4700000,99,RUE GIROUD,59178000CR0985,Appartement,67,3.07818,50.377215
2025-743475,2025-12-29,Vente,4700000,99,RUE GIROUD,59178000CR0985,Appartement,68,3.07818,50.377215
2025-743475,2025-12-29,Vente,4700000,99,RUE GIROUD,59178000CR0985,Appartement,68,3.07818,50.377215
2025-743475,2025-12-29,Vente,4700000,99,RUE GIROUD,59178000CR0985,Appartement,50,3.07818,50.377215
2025-743475,2025-12-29,Vente,4700000,99,RUE GIROUD,59178000CR0985,Appartement,51,3.07818,50.377215
2025-743475,2025-12-29,Vente,4700000,99,RUE GIROUD,59178000CR0985,Appartement,68,3.07818,50.377215
2025-743475,2025-12-29,Vente,4700000,99,RUE GIROUD,59178000CR0985,Appartement,52,3.07818,50.377215
2025-743475,2025-12-29,Vente,4700000,99,RUE GIROUD,59178000CR0985,Appartement,46,3.07818,50.377215
2025-743475,2025-12-29,Vente,4700000,99,RUE GIROUD,59178000CR0985,Appartement,68,3.07818,50.377215
2025-743475,2025-12-29,Vente,4700000,99,RUE GIROUD,59178000CR0985,Appartement,71,3.07818,50.377215
2025-743475,2025-12-29,Vente,4700000,99,RUE GIROUD,59178000CR0985,Appartement,68,3.07818,50.377215
2025-743475,2025-12-29,Vente,4700000,99,RUE GIROUD,59178000CR0985,Appartement,64,3.07818,50.377215
2025-743475,2025-12-29,Vente,4700000,99,RUE GIROUD,59178000CR0985,Appartement,46,3.07818,50.377215
2025-743475,2025-12-29,Vente,4700000,99,RUE GIROUD,59178000CR0985,Appartement,62,3.07818,50.377215
2025-743475,2025-12-29,Vente,4700000,99,RUE GIROUD,59178000CR0985,Appartement,71,3.07818,50.377215
2025-743475,2025-12-29,Vente,4700000,99,RUE GIROUD,59178000CR0985,Appartement,67,3.07818,50.377215
2025-743475,2025-12-29,Vente,4700000,99,RUE GIROUD,59178000CR0985,Appartement,68,3.07818,50.377215
2025-743475,2025-12-29,Vente,4700000,99,RUE GIROUD,59178000CR0985,Appartement,68,3.07818,50.377215
2025-743475,2025-12-29,Vente,4700000,99,RUE GIROUD,59178000CR0985,Appartement,46,3.07818,50.377215
2025-743475,2025-12-29,Vente,4700000,99,RUE GIROUD,59178000CR0985,Appartement,50,3.07818,50.377215
2025-743475,2025-12-29,Vente,4700000,99,RUE GIROUD,59178000CR0985,Appartement,71,3.07818,50.377215
2025-743475,2025-12-29,Vente,4700000,99,RUE GIROUD,59178000CR0985,Appartement,67,3.07818,50.377215
2025-743475,2025-12-29,Vente,4700000,99,RUE GIROUD,59178000CR0985,Appartement,52,3.07818,50.377215
2025-743475,2025-12-29,Vente,4700000,99,RUE GIROUD,59178000CR0985,Appartement,52,3.07818,50.377215
2025-743475,2025-12-29,Vente,4700000,139,RUE GIROUD,59178000CR0987,Appartement,48,3.078693,50.377422
2025-743475,2025-12-29,Vente,4700000,139,RUE GIROUD,59178000CR0987,Appartement,49,3.078693,50.377422
2025-743475,2025-12-29,Vente,4700000,139,RUE GIROUD,59178000CR0987,Appartement,46,3.078693,50.377422
2025-743475,2025-12-29,Vente,4700000,139,RUE GIROUD,59178000CR0987,Appartement,58,3.078693,50.377422
2025-743475,2025-12-29,Vente,4700000,139,RUE GIROUD,59178000CR0987,Appartement,63,3.078693,50.377422
2025-743475,2025-12-29,Vente,4700000,139,RUE GIROUD,59178000CR0987,Appartement,70,3.078693,50.377422
2025-743475,2025-12-29,Vente,4700000,139,RUE GIROUD,59178000CR0987,Appartement,75,3.078693,50.377422
2025-743475,2025-12-29,Vente,4700000,139,RUE GIROUD,59178000CR0987,Appartement,68,3.078693,50.377422
2025-743475,2025-12-29,Vente,4700000,139,RUE GIROUD,59178000CR0987,Appartement,68,3.078693,50.377422
2025-743475,2025-12-29,Vente,4700000,139,RUE GIROUD,59178000CR0987,Appartement,46,3.078693,50.377422
2025-743475,2025-12-29,Vente,4700000,139,RUE GIROUD,59178000CR0987,Appartement,48,3.078693,50.377422
2025-743475,2025-12-29,Vente,4700000,139,RUE GIROUD,59178000CR0987,Appartement,73,3.078693,50.377422
2025-743475,2025-12-29,Vente,4700000,139,RUE GIROUD,59178000CR0987,Appartement,64,3.078693,50.377422
2025-743475,2025-12-29,Vente,4700000,139,RUE GIROUD,59178000CR0987,Appartement,75,3.078693,50.377422
2025-743475,2025-12-29,Vente,4700000,139,RUE GIROUD,59178000CR0987,Appartement,77,3.078693,50.377422
2025-743475,2025-12-29,Vente,4700000,139,RUE GIROUD,59178000CR0987,Appartement,75,3.078693,50.377422
2025-743475,2025-12-29,Vente,4700000,139,RUE GIROUD,59178000CR0987,Appartement,48,3.078693,50.377422
2025-743475,2025-12-29,Vente,4700000,139,RUE GIROUD,59178000CR0987,Appartement,70,3.078693,50.377422
2025-743475,2025-12-29,Vente,4700000,139,RUE GIROUD,59178000CR0987,Appartement,68,3.078693,50.377422
2025-743475,2025-12-29,Vente,4700000,139,RUE GIROUD,59178000CR0987,Appartement,75,3.078693,50.377422
2025-743475,2025-12-29,Vente,4700000,139,RUE GIROUD,59178000CR0987,Appartement,63,3.078693,50.377422
2025-743475,2025-12-29,Vente,4700000,139,RUE GIROUD,59178000CR0987,Appartement,64,3.078693,50.377422
2025-743475,2025-12-29,Vente,4700000,139,RUE GIROUD,59178000CR0987,Appartement,68,3.078693,50.377422
2025-743475,2025-12-29,Vente,4700000,139,RUE GIROUD,59178000CR0987,Appartement,77,3.078693,50.377422
2025-743475,2025-12-29,Vente,4700000,139,RUE GIROUD,59178000CR0987,Appartement,69,3.078693,50.377422
2025-743475,2025-12-29,Vente,4700000,139,RUE GIROUD,59178000CR0987,Appartement,68,3.078693,50.377422
2025-743475,2025-12-29,Vente,4700000,139,RUE GIROUD,59178000CR0987,Appartement,66,3.078693,50.377422
2025-743475,2025-12-29,Vente,4700000,139,RUE GIROUD,59178000CR0987,Appartement,46,3.078693,50.377422
2025-743475,2025-12-29,Vente,4700000,139,RUE GIROUD,59178000CR0987,Appartement,68,3.078693,50.377422
2025-743519,2025-12-31,Vente,118000,184,RUE LOUIS BLERIOT,59178000CH0241,Appartement,77,3.063621,50.370741
2025-743629,2025-12-22,Vente,105000,251,BD PASTEUR,59178000BC0660,Appartement,93,3.074089,50.363101
2025-743662,2025-12-17,Vente,77000,25,VC MOCHE,59178000BM0233,Maison,69,3.083005,50.394532
2025-743666,2025-12-19,Vente,125000,44,RUE LAMBRECHT,59178000BW0481,Appartement,94,3.080599,50.372303
2025-743694,2025-12-29,Vente,79900,460,AV DU MARECHAL LECLERC,59178000BY0091,Appartement,92,3.088781,50.370577
2025-743695,2025-12-30,Vente,226850,192,RUE JACQUES BREL,59178000CK0457,Maison,120,3.070458,50.37993
2025-743714,2025-12-19,Vente,159000,64,RUE DE LA FERME,59178000BN0287,Maison,54,3.088251,50.393725
2025-743764,2025-12-29,Vente,78000,190,RUE LOUIS BLERIOT,59178000CH0241,Appartement,48,3.063621,50.370741
2025-743899,2025-12-31,Vente,50000,70,COUR PECQUEUR,59178000BM1207,Maison,45,3.085646,50.391407
2025-743917,2025-12-16,Vente,165000,1456,RUE DU FAUBOURG DE BETHUNE,59178000BL0061,Maison,119,3.059317,50.387774
2025-743922,2025-12-30,Vente,245000,9012,VC AGNARD,59178000BZ0450,Appartement,49,3.08147,50.365191
2025-743922,2025-12-30,Vente,245000,9012,VC AGNARD,59178000BZ0450,Appartement,66,3.08147,50.365191
2025-743924,2025-12-29,Vente,93500,210,AV DES ALIZES,59178000BR0131,Maison,82,3.091572,50.388417
2025-743947,2025-12-17,Vente,980815.44,118,QUAI DES HOUILLERES,59178000BT0096,Appartement,63,3.086945,50.379295
2025-743947,2025-12-17,Vente,980815.44,102,QUAI DES HOUILLERES,59178000BT0096,Appartement,80,3.086945,50.379295
2025-743947,2025-12-17,Vente,980815.44,118,QUAI DES HOUILLERES,59178000BT0096,Appartement,76,3.086945,50.379295
2025-743947,2025-12-17,Vente,980815.44,118,QUAI DES HOUILLERES,59178000BT0096,Appartement,64,3.086945,50.379295
2025-743947,2025-12-17,Vente,980815.44,118,QUAI DES HOUILLERES,59178000BT0096,Appartement,66,3.086945,50.379295
2025-743947,2025-12-17,Vente,980815.44,102,QUAI DES HOUILLERES,59178000BT0096,Appartement,80,3.086945,50.379295
2025-743948,2025-12-19,Vente,211400,83,PL MAUGIN,59178000CR0552,Maison,111,3.076509,50.372733
2025-743968,2025-12-23,Vente,137200,85,RUE D ARRAS,59178000CE0463,Appartement,73,3.074068,50.368628
2025-743985,2025-12-26,Vente,287500,338,RUE DE CUINCY,59178000BI0135,Maison,100,3.06244,50.376191
2025-744068,2025-12-31,Vente,95000,322,BD ALBERT 1ER,59178000CP0115,Appartement,56,3.072616,50.375184
2025-744107,2025-12-23,Vente,109500,95,RUE DES MALVAUX,59178000BW0590,Appartement,73,3.081353,50.373107
2025-744111,2025-12-29,Vente,404250,80,RUE FERDINAND DUTERT,59178000BW0197,Appartement,195,3.087179,50.37075
2025-744111,2025-12-29,Vente,404250,80,RUE FERDINAND DUTERT,59178000BW0197,Appartement,78,3.087179,50.37075
2025-744111,2025-12-29,Vente,404250,80,RUE FERDINAND DUTERT,59178000BW0197,Appartement,78,3.087179,50.37075
2025-744111,2025-12-29,Vente,404250,80,RUE FERDINAND DUTERT,59178000BW0197,Appartement,195,3.087179,50.37075
2025-744116,2025-12-26,Vente en l'état futur d'achèvement,144900,425,AV DE TWICKENHAM,59178000AY0872,Appartement,63,3.081653,50.360221
2025-744148,2025-12-30,Vente,34000,141,RUE DU PONT DU RIVAGE,59178000CR0667,Appartement,22,3.075736,50.370693
2025-744169,2025-12-26,Vente,58500,18,RUE DE LA HERSE,59178000CR0096,Maison,50,3.073396,50.372182
2025-744253,2025-11-04,Vente,87000,66,RUE TOUSSAINT LOUVERTURE,59178000CM0433,Maison,76,3.079353,50.385881
2024-680286,2024-01-08,Vente,165000,210,RUE CONSTANT DUTILLEUX,59178000AY0581,Maison,100,3.088854,50.360854
2024-680360,2024-01-11,Vente,150000,278,RUE GIROUD,59178000CS0608,Appartement,66,3.081006,50.377345
2024-680363,2024-01-12,Vente,254510,1,RUE DES RECOLLETS ANGLAIS,59178000CR0714,Maison,134,3.074363,50.370428
2024-680412,2024-01-08,Vente,48000,29,RUE DES DOMINICAINS,59178000CD0785,Appartement,28,3.077376,50.368274
2024-680557,2024-01-12,Vente,167200,75,RUE DE SAINT AMAND,59178000AK0931,Maison,115,3.13065,50.395066
2024-680628,2024-01-19,Vente en l'état futur d'achèvement,93500,824,AV DU QUATRE SEPTEMBRE,59178000AY0872,Appartement,44,3.081653,50.360221
2024-680691,2024-01-22,Vente,156000,662,RUE GUYNEMER,59178000BH0559,Maison,114,3.057134,50.372193
2024-680713,2024-01-11,Vente,308000,84,RUE DES VIERGES,59178000CR0719,Maison,128,3.07371,50.370532
2024-680765,2024-01-19,Vente en l'état futur d'achèvement,143900,824,AV DU QUATRE SEPTEMBRE,59178000AY0872,Appartement,64,3.081653,50.360221
2024-680849,2024-01-29,Vente,159000,91,RUE PIERRE DE RONSARD,59178000BK0557,Maison,76,3.061686,50.385651
2024-680851,2024-01-22,Vente,140000,75,RUE CAMILLE COROT,59178000AX0206,Maison,70,3.085155,50.350617
2024-680864,2024-01-25,Vente,245700,56,RUE DU PONT DES PIERRES,59178000CR0561,Appartement,39,3.076244,50.371813
2024-680864,2024-01-25,Vente,245700,56,RUE DU PONT DES PIERRES,59178000CR0561,Appartement,30,3.076244,50.371813
2024-680864,2024-01-25,Vente,245700,56,RUE DU PONT DES PIERRES,59178000CR0561,Appartement,18,3.076244,50.371813
2024-680864,2024-01-25,Vente,245700,56,RUE DU PONT DES PIERRES,59178000CR0561,Appartement,23,3.076244,50.371813
2024-680864,2024-01-25,Vente,245700,56,RUE DU PONT DES PIERRES,59178000CR0561,Appartement,20,3.076244,50.371813
2024-680864,2024-01-25,Vente,245700,56,RUE DU PONT DES PIERRES,59178000CR0561,Appartement,29,3.076244,50.371813
2024-680878,2024-01-08,Vente,95000,463,RUE DE PARIS,59178000BZ0009,Appartement,42,3.079449,50.363751
2024-680889,2024-01-25,Vente,118000,43,RUE CONSTANT DUTILLEUX,59178000AY0257,Maison,62,3.087273,50.361953
2024-680896,2024-01-09,Vente,112500,593,BD JEANNE D ARC,59178000BD0342,Appartement,95,3.063613,50.36872
2024-680958,2024-01-15,Vente,174800,6,AV DES GERANIUMS,59178000CI0255,Maison,84,3.060259,50.372954
2024-681034,2024-01-10,Vente,130000,272,BD ALBERT 1ER,59178000CP0081,Appartement,89,3.071266,50.374413
2024-681052,2024-01-18,Vente,102000,109,AV DES MARRONNIERS,59178000CK0238,Maison,80,3.066459,50.378453
2024-681074,2024-01-12,Vente,215000,344,AV DE TWICKENHAM,59178000BZ0135,Maison,132,3.080388,50.361095
2024-681074,2024-01-12,Vente,215000,344,AV DE TWICKENHAM,59178000BZ0135,Maison,132,3.080388,50.361095
2024-681121,2024-01-26,Vente en l'état futur d'achèvement,110600,824,AV DU QUATRE SEPTEMBRE,59178000AY0872,Appartement,45,3.081653,50.360221
2024-681141,2024-01-12,Vente,199000,97,RUE D ORCHIES,59178000BT0199,Appartement,122,3.087803,50.377804
2024-681173,2024-01-09,Vente,80000,478,BD JEANNE D ARC,59178000CH0136,Maison,85,3.064679,50.36791
2024-681184,2024-01-10,Vente,150000,73,RUE NOTRE DAME DES WETZ,59178000BX0715,Appartement,96,3.078931,50.372064
2024-681239,2024-01-26,Vente,119900,162,BD VAUBAN,59178000CS0344,Appartement,28,3.087092,50.380406
2024-681239,2024-01-26,Vente,119900,162,BD VAUBAN,59178000CS0344,Appartement,30,3.087092,50.380406
2024-681239,2024-01-26,Vente,119900,162,BD VAUBAN,59178000CS0344,Appartement,23,3.087092,50.380406
2024-681302,2024-01-05,Vente,85000,136,RUE GIROUD,59178000CR0337,Maison,65,3.07896,50.377078
2024-681322,2024-01-31,Vente,85875,1030,BD JEANNE D ARC,59178000CH0064,Appartement,80,3.067905,50.372151
2024-681359,2024-01-31,Vente en l'état futur d'achèvement,121200,824,AV DU QUATRE SEPTEMBRE,59178000AY0872,Appartement,63,3.081653,50.360221
2024-681453,2024-01-25,Vente,94000,1090,BD JEANNE D ARC,59178000CH0159,Appartement,83,3.068438,50.372442
2024-681454,2024-01-29,Vente,132000,189,RUE SERVAL,59178000CR0868,Appartement,91,3.072285,50.37344
2024-681510,2024-02-08,Vente,103000,83,RUE DE SEDAN,59178000CN0415,Maison,82,3.07128,50.380608
2024-681553,2024-01-31,Vente,122000,16,RUE DE LA CLORIS,59178000BX0573,Maison,40,3.078464,50.368935
2024-681563,2024-01-19,Vente,109900,361,RUE MOREL,59178000BV0122,Appartement,89,3.087528,50.374531
2024-681676,2024-01-26,Vente,180000,255,RUE BERTHE GARNIER,59178000CL0095,Maison,86,3.075794,50.386181
2024-681719,2024-02-02,Vente en l'état futur d'achèvement,115400,824,AV DU QUATRE SEPTEMBRE,59178000AY0872,Appartement,53,3.081653,50.360221
2024-681764,2024-01-24,Vente,154000,316,RUE SERVAL,59178000CR1018,Appartement,68,3.073966,50.37414
2024-681765,2024-01-22,Vente,225000,45,RUE DU PONT DU RIVAGE,59178000CR0631,Appartement,25,3.077011,50.370356
2024-681765,2024-01-22,Vente,225000,45,RUE DU PONT DU RIVAGE,59178000CR0631,Appartement,34,3.077011,50.370356
2024-681765,2024-01-22,Vente,225000,45,RUE DU PONT DU RIVAGE,59178000CR0631,Appartement,30,3.077011,50.370356
2024-681765,2024-01-22,Vente,225000,45,RUE DU PONT DU RIVAGE,59178000CR0631,Appartement,85,3.077011,50.370356
2024-681765,2024-01-22,Vente,225000,45,RUE DU PONT DU RIVAGE,59178000CR0631,Appartement,53,3.077011,50.370356
2024-681902,2024-02-19,Vente,70000,80,RUE HENRI LAJUS,59178000CN0095,Maison,67,3.079389,50.382927
2024-681937,2024-02-14,Vente en l'état futur d'achèvement,102900,824,AV DU QUATRE SEPTEMBRE,59178000AY0872,Appartement,45,3.081653,50.360221
2024-681977,2024-01-26,Vente,245000,137,RUE DE BELLAIN,59178000BX0348,Appartement,46,3.082125,50.369225
2024-681977,2024-01-26,Vente,245000,137,RUE DE BELLAIN,59178000BX0348,Appartement,70,3.082125,50.369225
2024-681978,2024-01-26,Vente,190000,90,RUE DE BELLAIN,59178000BX0309,Appartement,82,3.082741,50.368732
2024-681982,2024-01-29,Vente,95000,87,AV DETRAIN,59178000AV0369,Maison,81,3.090917,50.363735
2024-681996,2024-01-22,Vente,85210,363,PL CARNOT,59178000BW0188,Appartement,80,3.088335,50.371071
2024-681999,2024-01-24,Vente,108000,134,RUE MARGUERITE DE FLANDRE,59178000AM0015,Maison,83,3.122836,50.402026
2024-682000,2024-02-19,Vente,75000,73,RUE DURUTTE,59178000BW0148,Appartement,26,3.087934,50.372025
2024-682002,2024-01-24,Vente,120000,661,RUE DU FBG DE BETHUNE,59178000BI0450,Maison,120,3.061562,50.380938
2024-682030,2024-02-16,Vente en l'état futur d'achèvement,120500,824,AV DU QUATRE SEPTEMBRE,59178000AY0872,Appartement,53,3.081653,50.360221
2024-682036,2024-02-16,Vente en l'état futur d'achèvement,107300,824,AV DU QUATRE SEPTEMBRE,59178000AY0872,Appartement,45,3.081653,50.360221
2024-682038,2024-02-15,Vente en l'état futur d'achèvement,124900,824,AV DU QUATRE SEPTEMBRE,59178000AY0872,Appartement,63,3.081653,50.360221
2024-682040,2024-02-15,Vente en l'état futur d'achèvement,108000,824,AV DU QUATRE SEPTEMBRE,59178000AY0872,Appartement,45,3.081653,50.360221
2024-682050,2024-02-14,Vente,103000,650,RUE DE CAMBRAI,59178000AZ0307,Appartement,47,3.080069,50.356863
2024-682146,2024-02-09,Vente,228000,201,RUE DE LA MAIRIE,59178000CD0364,Appartement,60,3.079018,50.368208
2024-682146,2024-02-09,Vente,228000,201,RUE DE LA MAIRIE,59178000CD0364,Appartement,15,3.079018,50.368208
2024-682146,2024-02-09,Vente,228000,201,RUE DE LA MAIRIE,59178000CD0364,Appartement,60,3.079018,50.368208
2024-682198,2024-02-16,Vente,115000,240,RUE DES FERRONNIERS,59178000BX0528,Appartement,27,3.079011,50.369606
2024-682198,2024-02-16,Vente,115000,240,RUE DES FERRONNIERS,59178000BX0528,Appartement,26,3.079011,50.369606
2024-682198,2024-02-16,Vente,115000,240,RUE DES FERRONNIERS,59178000BX0528,Appartement,26,3.079011,50.369606
2024-682331,2024-02-26,Vente,54000,351,BD PASTEUR,59178000BC0647,Appartement,46,3.072534,50.363212
2024-682482,2024-01-10,Vente,255000,222,RUE VICTOR HUGO,59178000BW0248,Maison,195,3.086863,50.36996
2024-682545,2024-02-14,Vente,171000,301,AV D ALSACE LORRAINE,59178000CN0021,Maison,99,3.076401,50.383314
2024-682558,2024-02-20,Vente,85000,150,RUE MARGUERITE DE FLANDRE,59178000AM0124,Appartement,35,3.121682,50.401879
2024-682602,2024-02-29,Vente,92000,38,QUAI DU MARIAGE,59178000CS0389,Maison,80,3.087068,50.38031
2024-682642,2024-03-01,Vente en l'état futur d'achèvement,104077.39,824,AV DU QUATRE SEPTEMBRE,59178000AY0872,Appartement,45,3.081653,50.360221
2024-682670,2024-02-29,Vente en l'état futur d'achèvement,95300,824,AV DU QUATRE SEPTEMBRE,59178000AY0872,Appartement,45,3.081653,50.360221
2024-682677,2024-02-26,Vente,70000,456,BD ALBERT 1ER,59178000CP0116,Appartement,82,3.073704,50.376161
2024-682703,2024-03-06,Vente,82000,1090,BD JEANNE D ARC,59178000CH0159,Appartement,82,3.068438,50.372442
2024-682844,2024-03-08,Vente,159500,172,AV GOUNOD,59178000AR0549,Maison,74,3.095157,50.37876
2024-682891,2024-02-15,Vente,89950,123,RUE EDITH PIAF,59178000BN0690,Maison,65,3.090566,50.389961
2024-683010,2024-03-08,Vente,164500,362,RUE SERVAL,59178000CR1018,Appartement,70,3.073966,50.37414
2024-683064,2024-03-01,Vente,165000,249,RUE DE FLANDRE,59178000BT0096,Appartement,45,3.086945,50.379295
2024-683096,2024-02-28,Vente,55000,283,RUE MOREL,59178000BV0122,Appartement,62,3.087528,50.374531
2024-683097,2024-02-23,Vente,326200,98,AV DU QUATRE SEPTEMBRE,59178000BZ0691,Appartement,30,3.089454,50.364231
2024-683097,2024-02-23,Vente,326200,98,AV DU QUATRE SEPTEMBRE,59178000BZ0691,Appartement,36,3.089454,50.364231
2024-683160,2024-02-28,Vente,185000,100,RUE DE FERIN,59178000BC0292,Maison,98,3.07746,50.360391
2024-683226,2024-02-28,Vente,204500,371,RUE DES WETZ,59178000BW0622,Appartement,109,3.082721,50.375341
2024-683242,2024-03-04,Vente,77100,85,RUE D ARRAS,59178000CE0463,Appartement,49,3.074068,50.368628
2024-683254,2024-03-01,Vente,50000,293,QUAI DEVIGNE,59178000BC0647,Appartement,33,3.072534,50.363212
2024-683295,2024-02-07,Vente,106500,154,RUE DE PARIS,59178000CD0430,Maison,110,3.080645,50.366383
2024-683311,2024-03-15,Vente en l'état futur d'achèvement,139200,824,AV DU QUATRE SEPTEMBRE,59178000AY0872,Appartement,63,3.081653,50.360221
2024-683349,2024-03-15,Vente,86780,318,RUE DU POLYGONE,59178000CN0121,Appartement,62,3.078962,50.381485
2024-683407,2024-02-21,Vente,107000,51,AV DES LILAS,59178000BH0071,Maison,111,3.060387,50.372237
2024-683474,2024-03-15,Vente,96000,318,RUE DU POLYGONE,59178000CN0121,Appartement,41,3.078962,50.381485
2024-683600,2024-03-04,Vente,55000,69,RUE DE LA CUVE D OR,59178000BZ0927,Appartement,65,3.084069,50.366545
2024-683682,2024-03-11,Vente,110000,105,RUE D ARRAS,59178000CE0463,Appartement,75,3.074068,50.368628
2024-683717,2024-03-14,Vente,85000,318,RUE DU POLYGONE,59178000CN0121,Appartement,41,3.078962,50.381485
2024-683721,2024-03-14,Vente,92000,175,RUE CHARLES BOURSEUL,59178000CN0158,Maison,69,3.075437,50.379987
2024-683722,2024-03-20,Vente,143000,51,RUE JEAN BELLEGAMBE,59178000BX0490,Maison,110,3.081047,50.369629
2024-683723,2024-03-14,Vente,78010,318,RUE DU POLYGONE,59178000CN0121,Appartement,41,3.078962,50.381485
2024-683771,2024-03-22,Vente,186010,457,RUE DE LAMBRES,59178000BC0368,Maison,80,3.074049,50.358953
2024-683790,2024-02-29,Vente,70000,107,PL ROBERT SCHUMAN,59178000BX0781,Appartement,59,3.083562,50.368381
2024-683826,2024-03-22,Vente,94900,29,RUE DE LA MASSUE,59178000CE0314,Maison,100,3.076991,50.369423
2024-683929,2024-03-29,Vente,97000,85,RUE DU CAPITAINE LOUIS MADIOT,59178000BH0539,Appartement,42,3.0582,50.37329
2024-683933,2024-03-27,Vente,83000,351,BD PASTEUR,59178000BC0647,Appartement,76,3.072534,50.363212
2024-684035,2024-03-21,Vente,172800,113,RUE DE MULHOUSE,59178000AE0127,Maison,83,3.136479,50.396266
2024-684243,2024-03-13,Vente,183510,355,RUE DE FERIN,59178000AZ0184,Maison,112,3.07696,50.357916
2024-684338,2024-03-22,Vente,94800,1009,RUE DU FBG DE BETHUNE,59178000BI0440,Maison,73,3.058786,50.383617
2024-684345,2024-03-21,Vente,130000,41,PL CHARLES DE GAULLE,59178000BX0262,Appartement,98,3.084099,50.367878
2024-684377,2024-04-09,Vente,135974,370,RUE D ANICHE,59178000AV0053,Appartement,60,3.091652,50.364213
2024-684377,2024-04-09,Vente,135974,370,RUE D ANICHE,59178000AV0053,Appartement,52,3.091652,50.364213
2024-684377,2024-04-09,Vente,135974,370,RUE D ANICHE,59178000AV0053,Appartement,60,3.091652,50.364213
2024-684395,2024-04-03,Vente,177650,242,RUE DE FLERS,59178000BK0953,Maison,80,3.063447,50.384381
2024-684413,2024-04-02,Vente,45000,220,RUE DU GRAND BAIL,59178000CD0130,Appartement,18,3.074688,50.365829
2024-684476,2024-03-14,Vente,226200,179,RUE DES GLACIS,59178000BZ0605,Maison,130,3.084726,50.362777
2024-684607,2024-03-22,Vente,107500,323,PL CARNOT,59178000BW0188,Appartement,86,3.088335,50.371071
2024-684614,2024-04-15,Vente,113250,95,RUE DE LA HERSE,59178000CR0028,Appartement,43,3.072046,50.37229
2024-684761,2024-04-11,Vente,73500,70,RUE DU TEMPLE,59178000BT0177,Appartement,20,3.087466,50.377786
2024-684761,2024-04-11,Vente,73500,70,RUE DU TEMPLE,59178000BT0177,Appartement,20,3.087466,50.377786
2024-684803,2024-04-09,Vente,60000,13,RUE NOTRE DAME DES WETZ,59178000BX0715,Appartement,32,3.078931,50.372064
2024-684821,2024-03-27,Vente,230000,60,RUE DE CAMBRAI,59178000BC0205,Maison,76,3.077923,50.362155
2024-684830,2024-03-20,Vente,50000,102,RUE LEON GAMBETTA,59178000BX0371,Appartement,32,3.08124,50.368859
2024-684852,2024-03-27,Vente,256000,124,RUE DE BELLAIN,59178000BX0315,Appartement,96,3.082747,50.369112
2024-684862,2024-03-29,Vente,375000,58,RUE DE L UNIVERSITE,59178000CD0328,Appartement,28,3.07967,50.367059
2024-684862,2024-03-29,Vente,375000,58,RUE DE L UNIVERSITE,59178000CD0328,Appartement,25,3.07967,50.367059
2024-684862,2024-03-29,Vente,375000,58,RUE DE L UNIVERSITE,59178000CD0328,Appartement,25,3.07967,50.367059
2024-684862,2024-03-29,Vente,375000,58,RUE DE L UNIVERSITE,59178000CD0328,Appartement,25,3.07967,50.367059
2024-684862,2024-03-29,Vente,375000,58,RUE DE L UNIVERSITE,59178000CD0328,Appartement,40,3.07967,50.367059
2024-684862,2024-03-29,Vente,375000,58,RUE DE L UNIVERSITE,59178000CD0328,Appartement,25,3.07967,50.367059
2024-684862,2024-03-29,Vente,375000,58,RUE DE L UNIVERSITE,59178000CD0328,Appartement,30,3.07967,50.367059
2024-684862,2024-03-29,Vente,375000,58,RUE DE L UNIVERSITE,59178000CD0328,Appartement,25,3.07967,50.367059
2024-684866,2024-04-17,Vente,99500,18,SQ CHARLES GONIAUX,59178000BM1162,Maison,76,3.085015,50.390453
2024-684904,2024-03-22,Vente,76000,205,RUE ALEXANDRE DESCATOIRE,59178000AV0149,Appartement,55,3.090424,50.361831
2024-684943,2024-04-15,Vente,250000,83,RUE D ARLEUX,59178000BZ0151,Maison,86,3.0817,50.362518
2024-684983,2024-04-02,Vente,56000,61,RUE JEAN BELLEGAMBE,59178000BX0492,Maison,85,3.081064,50.369701
2024-685001,2024-04-16,Vente,155000,117,RUE DU HUIT MAI 1945,59178000BM0246,Maison,91,3.081142,50.394173
2024-685016,2024-04-15,Vente,80000,79,RUE VITAL BACHELET,59178000BC0619,Maison,103,3.073216,50.360171
2024-685091,2024-04-18,Vente,104500,64,AV DES TILLEULS,59178000CK0289,Maison,66,3.064287,50.37863
2024-685096,2024-03-26,Vente,108000,133,AV DES LILAS,59178000BH0338,Maison,82,3.059384,50.373029
2024-685099,2024-04-18,Vente,164500,1140,RUE DU FBG DE BETHUNE,59178000BK0370,Maison,77,3.060715,50.385033
2024-685123,2024-04-23,Vente,105800,95,RUE DE LA HERSE,59178000CR0028,Appartement,43,3.072046,50.37229
2024-685154,2024-03-25,Vente,102000,593,BD JEANNE D ARC,59178000BD0342,Appartement,82,3.063613,50.36872
2024-685240,2024-03-29,Vente,265000,98,RUE JEAN DE BOLOGNE,59178000CR0179,Maison,129,3.074489,50.372437
2024-685282,2024-03-28,Vente,112000,1153,BD DE LA REPUBLIQUE,59178000CS0606,Appartement,89,3.080487,50.379681
2024-685306,2024-04-15,Vente,184500,183,RUE DES FOULONS,59178000CD0310,Maison,218,3.078179,50.366825
2024-685315,2024-03-29,Vente,148000,80,RUE DU CANTELEU,59178000BX0319,Appartement,43,3.083507,50.369073
2024-685315,2024-03-29,Vente,148000,80,RUE DU CANTELEU,59178000BX0319,Appartement,14,3.083507,50.369073
2024-685315,2024-03-29,Vente,148000,80,RUE DU CANTELEU,59178000BX0319,Appartement,15,3.083507,50.369073
2024-685327,2024-04-24,Vente,38325,150,RUE MARGUERITE DE FLANDRE,59178000AM0124,Appartement,34,3.121682,50.401879
2024-685373,2024-04-15,Vente,67000,201,ALL ALBERT CAMUS,59178000CK0586,Appartement,50,3.071813,50.379164
2024-685456,2024-04-05,Vente,111000,455,BD DE LA REPUBLIQUE,59178000CP0085,Appartement,82,3.074179,50.375581
2024-685540,2024-04-24,Vente,36000,23,CR LABIAU,59178000BM0056,Maison,46,3.083381,50.392674
2024-685562,2024-04-17,Vente,85000,127,RUE DES BLANCS MOUCHONS,59178000BX0080,Maison,59,3.08067,50.37142
2024-685574,2024-04-26,Vente,220000,93,PL MAUGIN,59178000CR0553,Appartement,16,3.076418,50.372725
2024-685574,2024-04-26,Vente,220000,93,PL MAUGIN,59178000CR0553,Appartement,48,3.076418,50.372725
2024-685574,2024-04-26,Vente,220000,93,PL MAUGIN,59178000CR0553,Appartement,16,3.076418,50.372725
2024-685574,2024-04-26,Vente,220000,93,PL MAUGIN,59178000CR0553,Appartement,16,3.076418,50.372725
2024-685574,2024-04-26,Vente,220000,93,PL MAUGIN,59178000CR0553,Appartement,16,3.076418,50.372725
2024-685574,2024-04-26,Vente,220000,93,PL MAUGIN,59178000CR0553,Appartement,16,3.076418,50.372725
2024-685574,2024-04-26,Vente,220000,93,PL MAUGIN,59178000CR0553,Appartement,16,3.076418,50.372725
2024-685574,2024-04-26,Vente,220000,93,PL MAUGIN,59178000CR0553,Appartement,22,3.076418,50.372725
2024-685574,2024-04-26,Vente,220000,93,PL MAUGIN,59178000CR0553,Appartement,24,3.076418,50.372725
2024-685574,2024-04-26,Vente,220000,93,PL MAUGIN,59178000CR0553,Appartement,16,3.076418,50.372725
2024-685582,2024-04-22,Vente,100000,245,RUE DE PARIS,59178000BZ0953,Appartement,92,3.080889,50.365512
2024-685636,2024-04-17,Vente,100000,150,RUE MARGUERITE DE FLANDRE,59178000AM0124,Appartement,41,3.121682,50.401879
2024-685643,2024-04-30,Vente,205000,75,RUE DE LA FOSSE BERNARD,59178000AK0869,Maison,96,3.131433,50.39781
2024-685676,2024-04-26,Vente,240000,180,RUE LENAIN,59178000CM0507,Appartement,34,3.080705,50.384603
2024-685676,2024-04-26,Vente,240000,180,RUE LENAIN,59178000CM0507,Appartement,45,3.080705,50.384603
2024-685676,2024-04-26,Vente,240000,180,RUE LENAIN,59178000CM0507,Appartement,33,3.080705,50.384603
2024-685676,2024-04-26,Vente,240000,180,RUE LENAIN,59178000CM0507,Appartement,25,3.080705,50.384603
2024-685676,2024-04-26,Vente,240000,180,RUE LENAIN,59178000CM0507,Appartement,36,3.080705,50.384603
2024-685873,2024-04-25,Vente,145000,650,RUE DE CAMBRAI,59178000AZ0307,Appartement,60,3.080069,50.356863
2024-685897,2024-04-11,Vente,60000,82,BD PAUL HAYEZ,59178000BZ0275,Appartement,60,3.083544,50.363979
2024-685900,2024-04-11,Vente,100000,229,BD DE LIEGE,59178000BW0096,Appartement,66,3.089007,50.3743
2024-685912,2024-04-16,Vente,105400,133,RUE DE L ABBAYE DES PRES,59178000CR0410,Appartement,46,3.080178,50.375688
2024-686034,2024-04-29,Vente,229995,383,BD JEANNE D ARC,59178000BD0292,Maison,171,3.063874,50.366739
2024-686034,2024-04-29,Vente,229995,383,BD JEANNE D ARC,59178000BD0292,Maison,171,3.063874,50.366739
2024-686045,2024-05-02,Vente,250000,794,RUE CHARLES BOURSEUL,59178000CK0144,Maison,159,3.068451,50.376703
2024-686091,2024-04-30,Vente,65000,98,RUE DE FERIN,59178000BC0291,Maison,82,3.077497,50.360429
2024-686152,2024-04-26,Vente,94900,10,RUE DE L ABBAYE DE PAIX,59178000BW0096,Appartement,76,3.089007,50.3743
2024-686153,2024-04-23,Vente,102250,113,RUE ARTHUR RIMBAUD,59178000BD0480,Appartement,56,3.063845,50.366208
2024-686161,2024-04-29,Vente,100000,258,BD ALBERT 1ER,59178000CP0081,Appartement,70,3.071266,50.374413
2024-686187,2024-05-03,Vente,85000,56,RUE RENE CAILLIE,59178000BN0271,Maison,80,3.089078,50.396931
2024-686238,2024-04-30,Vente,102000,650,RUE DE CAMBRAI,59178000AZ0307,Appartement,44,3.080069,50.356863
2024-686266,2024-05-07,Vente en l'état futur d'achèvement,124500,824,AV DU QUATRE SEPTEMBRE,59178000AY0872,Appartement,53,3.081653,50.360221
2024-686361,2024-05-03,Vente,139900,1030,BD JEANNE D ARC,59178000CH0064,Appartement,83,3.067905,50.372151
2024-686406,2024-05-17,Vente,86000,388,RUE DE LAMBRES,59178000BC0158,Maison,96,3.073911,50.359748
2024-686413,2024-04-25,Vente,134900,53,RUE JEAN JAURES,59178000BM0026,Maison,76,3.082351,50.391506
2024-686503,2024-04-30,Vente,165000,251,BD PASTEUR,59178000BC0660,Appartement,108,3.074089,50.363101
2024-686513,2024-05-03,Vente,102420,593,BD JEANNE D ARC,59178000BD0342,Appartement,82,3.063613,50.36872
2024-686547,2024-05-16,Vente,81500,77,PL ROBERT SCHUMAN,59178000BX0781,Appartement,80,3.083562,50.368381
2024-686566,2024-05-02,Vente,147400,85,RUE JULES BRABANT,59178000BM0229,Maison,105,3.083076,50.394798
2024-686574,2024-04-25,Vente,299010,98,RUE DU CHAMP FLEURI,59178000CR0386,Maison,90,3.079652,50.376895
2024-686579,2024-05-22,Vente,68900,113,RUE SAINT ALBIN,59178000CR0239,Appartement,38,3.076047,50.373558
2024-686581,2024-05-03,Vente,68500,21,BD DE LIEGE,59178000BW0488,Appartement,72,3.088917,50.372069
2024-686629,2024-05-21,Vente,94900,38,RUE DE L ABBAYE DE PAIX,59178000BW0096,Appartement,54,3.089007,50.3743
2024-686673,2024-05-17,Vente,90000,136,RUE MOREL,59178000BW0116,Appartement,77,3.087128,50.373195
2024-686675,2024-04-29,Vente,115000,70,VC NOTRE DAME,59178000BZ0517,Appartement,57,3.085284,50.366363
2024-686703,2024-05-16,Vente,157500,150,RUE SAINT JULIEN,59178000CR0588,Appartement,24,3.076954,50.371738
2024-686703,2024-05-16,Vente,157500,150,RUE SAINT JULIEN,59178000CR0588,Appartement,32,3.076954,50.371738
2024-686703,2024-05-16,Vente,157500,150,RUE SAINT JULIEN,59178000CR0588,Appartement,32,3.076954,50.371738
2024-686759,2024-05-23,Vente,191030,66,AV DES ROSIERS,59178000CI0185,Maison,93,3.062509,50.37298
2024-686777,2024-05-22,Vente,77000,131,RUE ARTHUR RIMBAUD,59178000BD0480,Appartement,56,3.063845,50.366208
2024-686788,2024-05-06,Vente,181000,96,AV DES BOULEAUX,59178000BC0596,Maison,92,3.076152,50.359593
2024-686903,2024-05-23,Vente en l'état futur d'achèvement,154100,824,AV DU QUATRE SEPTEMBRE,59178000AY0872,Appartement,74,3.081653,50.360221
2024-686912,2024-05-23,Vente en l'état futur d'achèvement,140300,824,AV DU QUATRE SEPTEMBRE,59178000AY0872,Appartement,62,3.081653,50.360221
2024-686917,2024-05-23,Vente en l'état futur d'achèvement,133100,824,AV DU QUATRE SEPTEMBRE,59178000AY0872,Appartement,63,3.081653,50.360221
2024-686940,2024-05-24,Vente,105000,156,RUE MOREL,59178000BW0109,Maison,97,3.087393,50.373345
2024-687106,2024-05-29,Vente,90000,3,RUE DE VALENCIENNES,59178000BX0262,Appartement,86,3.084099,50.367878
2024-687111,2024-05-22,Vente,133000,150,RUE MARGUERITE DE FLANDRE,59178000AM0124,Appartement,55,3.121682,50.401879
2024-687142,2024-05-29,Vente,62000,93,RUE DU PONT DU RIVAGE,59178000CR0675,Appartement,40,3.076388,50.37052
2024-687154,2024-05-28,Vente,129900,74,RUE FRANCOIS CUVELLE,59178000BY0111,Appartement,73,3.085651,50.367758
2024-687164,2024-05-23,Vente en l'état futur d'achèvement,140300,824,AV DU QUATRE SEPTEMBRE,59178000AY0872,Appartement,74,3.081653,50.360221
2024-687176,2024-05-23,Vente en l'état futur d'achèvement,137000,824,AV DU QUATRE SEPTEMBRE,59178000AY0872,Appartement,64,3.081653,50.360221
2024-687179,2024-05-16,Vente,107500,27,RUE DE BREBIERES,59178000BD0107,Maison,120,3.06904,50.364604
2024-687197,2024-05-28,Vente,112000,251,BD PASTEUR,59178000BC0660,Appartement,93,3.074089,50.363101
2024-687203,2024-05-28,Vente,144900,461,RUE DE CAMBRAI,59178000AY0009,Maison,78,3.080652,50.358908
2024-687313,2024-05-17,Vente,262500,72,QUAI DE DE L'ENTREE DES EAUX,59178000BD0041,Maison,174,3.071695,50.365079
2024-687427,2024-06-03,Vente,89000,456,BD ALBERT 1ER,59178000CP0116,Appartement,58,3.073704,50.376161
2024-687595,2024-06-05,Vente,71000,34,RUE DE LAUWIN PLANQUE,59178000BK0297,Appartement,54,3.064362,50.381044
2024-687669,2024-06-10,Vente,135000,88,RUE LOUIS PAULHAN,59178000BH0163,Maison,85,3.060556,50.37152
2024-687727,2024-06-03,Vente,199040,32,RUE DES MINIMES,59178000CD0376,Appartement,40,3.079431,50.367863
2024-687727,2024-06-03,Vente,199040,32,RUE DES MINIMES,59178000CD0376,Appartement,95,3.079431,50.367863
2024-687790,2024-05-31,Vente en l'état futur d'achèvement,111300,824,AV DU QUATRE SEPTEMBRE,59178000AY0872,Appartement,45,3.081653,50.360221
2024-687838,2024-05-14,Vente,55000,118,RUE DE SAINT AMAND,59178000AH0854,Appartement,132,3.131051,50.39441
2024-687838,2024-05-14,Vente,55000,118,RUE DE SAINT AMAND,59178000AH0854,Appartement,119,3.131051,50.39441
2024-687905,2024-05-22,Vente,114900,345,PL CARNOT,59178000BW0188,Appartement,85,3.088335,50.371071
2024-687951,2024-05-17,Vente,412800,157,RUE SAINT ELOI,59178000BZ0362,Maison,235,3.081199,50.363777
2024-687952,2024-05-30,Vente,105000,107,PL ROBERT SCHUMAN,59178000BX0781,Appartement,59,3.083562,50.368381
2024-688077,2024-06-11,Vente,121900,39,RUE PIERRE DUBOIS,59178000BW0085,Appartement,72,3.086857,50.373692
2024-688087,2024-05-21,Vente,86000,64,RUE DES MINIMES,59178000CD0882,Appartement,40,3.079085,50.367136
2024-688092,2024-06-11,Vente,72900,6,RUE D OCRE,59178000CR0304,Maison,41,3.078028,50.37552
2024-688163,2024-05-30,Vente,66400,224,BD ALBERT 1ER,59178000CP0081,Appartement,37,3.071266,50.374413
2024-688199,2024-06-06,Vente,75000,8,RUE DU FORT DE KEHL,59178000BX0562,Maison,18,3.079,50.368874
2024-688247,2024-06-07,Vente,50000,330,RUE LEFEBVRE D ORVAL,59178000BE0077,Appartement,35,3.061729,50.365414
2024-688308,2024-06-07,Vente,53000,134,RUE DES VIERGES,59178000CR1054,Appartement,22,3.07298,50.37035
2024-688332,2024-05-30,Vente,61000,24,RLE VERJUS,59178000CD0348,Appartement,24,3.079013,50.367823
2024-688332,2024-05-30,Vente,61000,24,RLE VERJUS,59178000CD0348,Appartement,26,3.079013,50.367823
2024-688332,2024-05-30,Vente,61000,24,RLE VERJUS,59178000CD0348,Appartement,30,3.079013,50.367823
2024-688332,2024-05-30,Vente,61000,24,RLE VERJUS,59178000CD0348,Appartement,26,3.079013,50.367823
2024-688337,2024-06-14,Vente en l'état futur d'achèvement,146000,,RUE GUYNEMER,59178000BH0609,Appartement,39,3.056556,50.372822
2024-688413,2024-05-31,Vente,181400,449,BD JEANNE D ARC,59178000BD0516,Maison,80,3.063999,50.367411
2024-688468,2024-06-11,Vente,142000,316,RUE SERVAL,59178000CR1018,Appartement,54,3.073966,50.37414
2024-688516,2024-06-19,Vente en l'état futur d'achèvement,94400,,AV DE TWICKENHAM,59178000AY0874,Appartement,46,3.08124,50.360514
2024-688569,2024-05-31,Vente,190600,229,AV D ALSACE LORRAINE,59178000CN0246,Maison,79,3.076349,50.38268
2024-688640,2024-06-14,Vente,192000,55,RUE D INFROY,59178000CE0368,Maison,115,3.075914,50.368084
2024-688662,2024-05-30,Vente,500000,47,RUE SAINT CHRISTOPHE,59178000BX0335,Maison,74,3.081901,50.369629
2024-688686,2024-06-12,Vente,212000,66,RUE SAINT JACQUES,59178000BX0216,Maison,122,3.083866,50.3707
2024-688689,2024-06-17,Vente,106700,189,RUE SERVAL,59178000CR0868,Appartement,89,3.072285,50.37344
2024-688754,2024-06-17,Vente,70000,2,RUE SAINT MICHEL,59178000BT0111,Appartement,34,3.087327,50.377414
2024-688755,2024-06-24,Vente,190000,483,RUE DE LAMBRES,59178000BC0380,Maison,120,3.07414,50.358691
2024-688762,2024-06-19,Vente,125000,162,RUE SAINT MICHEL,59178000BV0084,Maison,74,3.089064,50.377446
2024-688849,2024-05-31,Vente,97000,56,RUE LEFEBVRE D ORVAL,59178000BD0271,Maison,62,3.065272,50.365942
2024-688897,2024-06-20,Vente,97050,306,BD ALBERT 1ER,59178000CP0115,Appartement,68,3.072616,50.375184
2024-688899,2024-06-20,Vente,72000,85,RUE D ARRAS,59178000CE0463,Appartement,48,3.074068,50.368628
2024-688945,2024-06-18,Vente,110000,475,AV D ALSACE LORRAINE,59178000CL0116,Maison,70,3.076592,50.384857
2024-688946,2024-06-05,Vente,209510,55,RUE DE LA COMEDIE,59178000CD0860,Appartement,122,3.078097,50.366139
2024-688958,2024-06-20,Vente,100040,38,RUE DE L ABBAYE DE PAIX,59178000BW0096,Appartement,66,3.089007,50.3743
2024-689003,2024-06-05,Vente,100000,109,RUE LEFEBVRE D ORVAL,59178000BD0247,Appartement,70,3.065892,50.36447
2024-689180,2024-06-14,Vente,174000,221,AV D ALSACE LORRAINE,59178000CN0245,Maison,85,3.076364,50.382608
2024-689202,2024-06-26,Vente,140000,902,RUE DU POLYGONE,59178000CM0065,Maison,218,3.079387,50.386705
2024-689229,2024-06-28,Vente en l'état futur d'achèvement,147600,,AV DE TWICKENHAM,59178000AY0874,Appartement,62,3.08124,50.360514
2024-689317,2024-06-28,Vente,152000,392,RUE GUYNEMER,59178000CI0221,Maison,68,3.060964,50.372206
2024-689360,2024-06-14,Vente,90000,480,RUE DU POLYGONE,59178000CN0103,Maison,80,3.078554,50.383114
2024-689372,2024-06-12,Vente,170000,127,RUE DE LAMBRES,59178000BC0252,Maison,71,3.076875,50.361014
2024-689404,2024-06-13,Vente,33000,70,RUE DU TEMPLE,59178000BT0177,Appartement,21,3.087466,50.377786
2024-689432,2024-06-14,Vente,97000,132,RUE CHARLES MERLIN,59178000BY0130,Appartement,65,3.088309,50.368294
2024-689445,2024-07-03,Vente,122000,211,RUE D OCRE,59178000CP0013,Appartement,40,3.076587,50.377136
2024-689445,2024-07-03,Vente,122000,211,RUE D OCRE,59178000CP0013,Appartement,56,3.076587,50.377136
2024-689450,2024-06-07,Vente,162000,65,RUE DU GOUVERNEMENT,59178000BX0005,Appartement,268,3.078513,50.371084
2024-689453,2024-07-03,Vente,98500,102,RUE LEON GAMBETTA,59178000BX0371,Appartement,51,3.08124,50.368859
2024-689459,2024-06-27,Vente,67000,98,RUE DE ROUBAIX,59178000BV0049,Appartement,46,3.088183,50.376721
2024-689466,2024-06-07,Vente,180000,32,RUE DES HUIT PRETRES,59178000BX0486,Appartement,91,3.080589,50.369583
2024-689466,2024-06-07,Vente,180000,32,RUE DES HUIT PRETRES,59178000BX0486,Appartement,72,3.080589,50.369583
2024-689466,2024-06-07,Vente,180000,32,RUE DES HUIT PRETRES,59178000BX0486,Appartement,46,3.080589,50.369583
2024-689468,2024-06-18,Vente,430000,51,BD PASTEUR,59178000BC0186,Maison,297,3.076987,50.362889
2024-689470,2024-06-24,Vente,488000,147,PL DU BARLET,59178000BZ0588,Maison,323,3.085334,50.365634
2024-689476,2024-07-04,Vente,194500,59,RUE DE LA TOUR DES DAMES,59178000CS0134,Maison,75,3.082629,50.378906
2024-689513,2024-07-03,Vente en l'état futur d'achèvement,91800,,AV DE TWICKENHAM,59178000AY0874,Appartement,46,3.08124,50.360514
2024-689552,2024-06-12,Vente,70000,189,RUE SERVAL,59178000CR0868,Appartement,47,3.072285,50.37344
2024-689552,2024-06-12,Vente,70000,189,RUE SERVAL,59178000CR0868,Appartement,47,3.072285,50.37344
2024-689697,2024-07-03,Vente,64500,201,ALL ALBERT CAMUS,59178000CK0586,Appartement,50,3.071813,50.379164
2024-689841,2024-07-05,Vente en l'état futur d'achèvement,98100,,AV DE TWICKENHAM,59178000AY0874,Appartement,48,3.08124,50.360514
2024-689858,2024-07-10,Vente,153000,398,RUE DE FERIN,59178000BC0414,Maison,84,3.076014,50.357851
2024-689871,2024-06-27,Vente,220000,37,RUE SAINT ALBIN,59178000CR0217,Appartement,31,3.075539,50.372977
2024-689871,2024-06-27,Vente,220000,37,RUE SAINT ALBIN,59178000CR0217,Appartement,30,3.075539,50.372977
2024-689871,2024-06-27,Vente,220000,37,RUE SAINT ALBIN,59178000CR0217,Appartement,30,3.075539,50.372977
2024-689871,2024-06-27,Vente,220000,37,RUE SAINT ALBIN,59178000CR0217,Appartement,29,3.075539,50.372977
2024-689871,2024-06-27,Vente,220000,37,RUE SAINT ALBIN,59178000CR0217,Appartement,36,3.075539,50.372977
2024-689871,2024-06-27,Vente,220000,37,RUE SAINT ALBIN,59178000CR0217,Appartement,66,3.075539,50.372977
2024-689886,2024-06-17,Vente,105000,71,AV DES CAPUCINES,59178000CI0239,Maison,65,3.061001,50.372975
2024-689906,2024-06-28,Vente,120000,99,RUE THEOPHILE BRA,59178000CD0678,Maison,107,3.077851,50.364841
2024-689946,2024-07-10,Vente,200000,46,RUE PIERRE DE RONSARD,59178000BK0568,Maison,75,3.061152,50.385976
2024-690060,2024-06-28,Vente,35000,87,RUE DE LA CLOCHE,59178000CE0242,Appartement,12,3.075227,50.370072
2024-690060,2024-06-28,Vente,35000,87,RUE DE LA CLOCHE,59178000CE0242,Appartement,16,3.075227,50.370072
2024-690064,2024-06-24,Vente,204000,367,RUE DU FBG DE BETHUNE,59178000BI0390,Maison,96,3.062988,50.378445
2024-690064,2024-06-24,Vente,204000,367,RUE DU FBG DE BETHUNE,59178000BI0390,Maison,96,3.062988,50.378445
2024-690147,2024-07-11,Vente,98400,318,RUE DU POLYGONE,59178000CN0121,Appartement,56,3.078962,50.381485
2024-690352,2024-06-25,Vente,92000,351,BD PASTEUR,59178000BC0647,Appartement,88,3.072534,50.363212
2024-690417,2024-07-17,Vente en l'état futur d'achèvement,122000,,AV DE TWICKENHAM,59178000AY0874,Appartement,62,3.08124,50.360514
2024-690447,2024-07-15,Vente,90000,604,RUE DES TRANNOIS,59178000BR0029,Maison,56,3.088382,50.388114
2024-690450,2024-07-11,Vente,226000,140,RUE CONSTANT DUTILLEUX,59178000AY0272,Maison,125,3.088069,50.361126
2024-690484,2024-07-12,Vente,35000,39,RUE DELFOSSE,59178000BM0048,Maison,50,3.084007,50.392458
2024-690525,2024-07-19,Vente,168000,132,RUE CAMILLE COROT,59178000AX0244,Maison,70,3.086149,50.350407
2024-690552,2024-06-25,Vente,183600,760,RUE BERTHE GARNIER,59178000BL0091,Maison,70,3.069844,50.386703
2024-690637,2024-06-24,Vente,190000,596,AV DU QUATRE SEPTEMBRE,59178000AY0117,Maison,110,3.084374,50.361215
2024-690697,2024-07-17,Vente en l'état futur d'achèvement,98100,,AV DE TWICKENHAM,59178000AY0874,Appartement,46,3.08124,50.360514
2024-690750,2024-07-01,Vente,230000,166,AV DE TWICKENHAM,59178000BZ0143,Maison,129,3.082131,50.362021
2024-690824,2024-07-12,Vente,115000,36,RUE DE LA CROIX D OR,59178000CR1046,Appartement,91,,
2024-690824,2024-07-12,Vente,115000,36,RUE DE LA CROIX D OR,59178000CR1046,Appartement,68,,
2024-690824,2024-07-12,Vente,115000,36,RUE DE LA CROIX D OR,59178000CR1046,Appartement,13,,
2024-690824,2024-07-12,Vente,115000,36,RUE DE LA CROIX D OR,59178000CR1046,Appartement,13,,
2024-690824,2024-07-12,Vente,115000,36,RUE DE LA CROIX D OR,59178000CR1046,Appartement,40,,
2024-690850,2024-07-22,Vente,136825,117,RUE ALEXANDRE RIBOT,59178000CK0184,Maison,94,3.066812,50.37694
2024-690852,2024-07-24,Vente,200000,130,RUE DES FERRONNIERS,59178000BX0478,Appartement,35,3.08057,50.369383
2024-690852,2024-07-24,Vente,200000,130,RUE DES FERRONNIERS,59178000BX0478,Appartement,16,3.08057,50.369383
2024-690852,2024-07-24,Vente,200000,130,RUE DES FERRONNIERS,59178000BX0478,Appartement,35,3.08057,50.369383
2024-690856,2024-07-23,Vente,154000,367,RUE CONSTANT DUTILLEUX,59178000AV0219,Maison,75,3.090639,50.360663
2024-690941,2024-07-26,Vente,214000,45,BD DE LA REPUBLIQUE,59178000CH0043,Appartement,33,3.070189,50.372859
2024-690941,2024-07-26,Vente,214000,45,BD DE LA REPUBLIQUE,59178000CH0043,Appartement,16,3.070189,50.372859
2024-690941,2024-07-26,Vente,214000,45,BD DE LA REPUBLIQUE,59178000CH0043,Appartement,20,3.070189,50.372859
2024-690941,2024-07-26,Vente,214000,45,BD DE LA REPUBLIQUE,59178000CH0043,Appartement,86,3.070189,50.372859
2024-690941,2024-07-26,Vente,214000,45,BD DE LA REPUBLIQUE,59178000CH0043,Appartement,16,3.070189,50.372859
2024-690941,2024-07-26,Vente,214000,45,BD DE LA REPUBLIQUE,59178000CH0043,Appartement,20,3.070189,50.372859
2024-691041,2024-07-01,Vente,108000,897,QUAI DEVIGNE,59178000BC0012,Maison,75,3.069647,50.357666
2024-691131,2024-07-01,Vente,137000,150,RUE MARGUERITE DE FLANDRE,59178000AM0124,Appartement,55,3.121682,50.401879
2024-691261,2024-06-21,Vente,86773,167,RUE DES FERRONNIERS,59178000BX0464,Appartement,26,3.079918,50.369155
2024-691269,2024-07-25,Vente,79500,118,RUE SAINT MICHEL,59178000BV0003,Appartement,48,3.088619,50.377335
2024-691280,2024-07-25,Vente,131600,146,RUE HENRI LAJUS,59178000CN0088,Maison,68,3.080247,50.383059
2024-691290,2024-07-26,Vente,128000,383,AV D ALSACE LORRAINE,59178000CN0035,Maison,83,3.076562,50.384066
2024-691292,2024-07-25,Vente,70000,126,RUE DE ROUBAIX,59178000BV0049,Appartement,45,3.088183,50.376721
2024-691293,2024-07-26,Vente,198380,117,RUE DE LILLE,59178000BV0013,Appartement,50,3.089118,50.376841
2024-691293,2024-07-26,Vente,198380,117,RUE DE LILLE,59178000BV0013,Appartement,64,3.089118,50.376841
2024-691293,2024-07-26,Vente,198380,117,RUE DE LILLE,59178000BV0013,Appartement,28,3.089118,50.376841
2024-691293,2024-07-26,Vente,198380,117,RUE DE LILLE,59178000BV0013,Appartement,28,3.089118,50.376841
2024-691318,2024-07-15,Vente,271200,103,RUE DES GLACIS,59178000BZ0257,Maison,68,3.083753,50.363032
2024-691328,2024-07-29,Vente,420000,151,RUE FORTIER,59178000BW0361,Maison,250,3.083129,50.372349
2024-691328,2024-07-29,Vente,420000,151,RUE FORTIER,59178000BW0361,Maison,250,3.083129,50.372349
2024-691343,2024-07-18,Vente,63500,251,BD PASTEUR,59178000BC0660,Appartement,42,3.074089,50.363101
2024-691356,2024-07-23,Vente,503500,173,RUE SAINT JEAN,59178000BW0271,Maison,164,3.085938,50.369981
2024-691411,2024-07-31,Vente,110000,306,RUE GIROUD,59178000CS0608,Appartement,48,3.081006,50.377345
2024-691416,2024-07-17,Vente,140000,1090,BD JEANNE D ARC,59178000CH0159,Appartement,96,3.068438,50.372442
2024-691454,2024-07-11,Vente,114000,272,BD ALBERT 1ER,59178000CP0081,Appartement,70,3.071266,50.374413
2024-691457,2024-07-17,Vente,150000,175,RUE DEFOREST,59178000CR0427,Appartement,16,3.080785,50.376755
2024-691457,2024-07-17,Vente,150000,175,RUE DEFOREST,59178000CR0427,Appartement,46,3.080785,50.376755
2024-691457,2024-07-17,Vente,150000,175,RUE DEFOREST,59178000CR0427,Appartement,15,3.080785,50.376755
2024-691457,2024-07-17,Vente,150000,175,RUE DEFOREST,59178000CR0427,Appartement,16,3.080785,50.376755
2024-691457,2024-07-17,Vente,150000,175,RUE DEFOREST,59178000CR0427,Appartement,16,3.080785,50.376755
2024-691529,2024-07-31,Vente,130000,87,RUE SAINT NICOLAS,59178000CD0637,Maison,161,3.077569,50.365707
2024-691641,2024-08-01,Vente,86000,18,RUE SAINT THOMAS,59178000BW0619,Appartement,68,3.084342,50.371586
2024-691643,2024-07-31,Vente,23800,944,BD DE LA REPUBLIQUE,59178000CS0334,Appartement,18,3.07947,50.378063
2024-691683,2024-08-02,Vente,156505,21,RUE JEAN DE GOUY,59178000BX0123,Maison,92,3.083337,50.370872
2024-691779,2024-07-17,Vente,100000,37,RUE SAINT AME,59178000CE0377,Appartement,20,3.076248,50.369454
2024-691779,2024-07-17,Vente,100000,37,RUE SAINT AME,59178000CE0377,Appartement,24,3.076248,50.369454
2024-691779,2024-07-17,Vente,100000,37,RUE SAINT AME,59178000CE0377,Appartement,18,3.076248,50.369454
2024-691779,2024-07-17,Vente,100000,37,RUE SAINT AME,59178000CE0377,Appartement,62,3.076248,50.369454
2024-691779,2024-07-17,Vente,100000,37,RUE SAINT AME,59178000CE0377,Appartement,64,3.076248,50.369454
2024-691803,2024-08-05,Vente,68000,150,RUE MARGUERITE DE FLANDRE,59178000AM0124,Appartement,35,3.121682,50.401879
2024-691983,2024-08-02,Vente,114000,120,RUE ALEXANDRE DESCATOIRE,59178000AY0222,Maison,80,3.089172,50.361991
2024-692020,2024-07-31,Vente,400000,115,RUE SAINT JEAN,59178000BW0274,Appartement,50,3.085194,50.370236
2024-692020,2024-07-31,Vente,400000,115,RUE SAINT JEAN,59178000BW0274,Appartement,41,3.085194,50.370236
2024-692020,2024-07-31,Vente,400000,115,RUE SAINT JEAN,59178000BW0274,Appartement,44,3.085194,50.370236
2024-692020,2024-07-31,Vente,400000,115,RUE SAINT JEAN,59178000BW0274,Appartement,52,3.085194,50.370236
2024-692020,2024-07-31,Vente,400000,115,RUE SAINT JEAN,59178000BW0274,Appartement,53,3.085194,50.370236
2024-692020,2024-07-31,Vente,400000,115,RUE SAINT JEAN,59178000BW0274,Appartement,27,3.085194,50.370236
2024-692037,2024-08-05,Vente,116000,22,RUE DE L ABBAYE DE PAIX,59178000BW0096,Appartement,66,3.089007,50.3743
2024-692039,2024-08-05,Vente,80000,590,RUE DES TRANNOIS,59178000BR0030,Maison,61,3.088369,50.388221
2024-692182,2024-07-18,Vente,62000,29,RUE ARTHUR RIMBAUD,59178000BD0480,Appartement,56,3.063845,50.366208
2024-692279,2024-08-02,Vente,156300,18,RUE D OCRE,59178000CR0302,Maison,100,3.077994,50.375618
2024-692328,2024-07-16,Vente,84000,185,RUE ARTHUR RIMBAUD,59178000BD0477,Appartement,56,3.063152,50.366244
2024-692515,2024-08-09,Vente,109900,348,BD JEANNE D ARC,59178000BD0369,Appartement,70,3.065665,50.36709
2024-692523,2024-07-23,Vente,98800,10,RUE DE L EGLISE DORIGNIES,59178000BM0095,Maison,50,3.081039,50.392801
2024-692707,2024-08-08,Vente,157000,320,AV DE METZ,59178000CL0029,Maison,99,3.070231,50.382162
2024-692756,2024-08-07,Vente,74101,197,RUE DE GOEULZIN,59178000AW0286,Maison,103,3.08246,50.352643
2024-692774,2024-08-06,Vente,276140.88,211,QUAI DU MARECHAL FOCH,59178000CD0120,Appartement,42,3.074288,50.365769
2024-692774,2024-08-06,Vente,276140.88,211,QUAI DU MARECHAL FOCH,59178000CD0120,Appartement,43,3.074288,50.365769
2024-692774,2024-08-06,Vente,276140.88,211,QUAI DU MARECHAL FOCH,59178000CD0120,Appartement,42,3.074288,50.365769
2024-692774,2024-08-06,Vente,276140.88,211,QUAI DU MARECHAL FOCH,59178000CD0120,Appartement,63,3.074288,50.365769
2024-692812,2024-07-31,Vente,250000,85,RUE DES FERRONNIERS,59178000BX0366,Appartement,43,3.081006,50.369043
2024-692812,2024-07-31,Vente,250000,85,RUE DES FERRONNIERS,59178000BX0366,Appartement,31,3.081006,50.369043
2024-692812,2024-07-31,Vente,250000,85,RUE DES FERRONNIERS,59178000BX0366,Appartement,43,3.081006,50.369043
2024-692812,2024-07-31,Vente,250000,85,RUE DES FERRONNIERS,59178000BX0366,Appartement,31,3.081006,50.369043
2024-693022,2024-08-27,Vente,275000,261,RUE JEAN DE BOLOGNE,59178000CR0150,Maison,140,3.075266,50.373899
2024-693057,2024-08-07,Vente,117000,358,RUE ALEXANDRE DESCATOIRE,59178000AV0222,Maison,91,3.090858,50.360804
2024-693136,2024-08-28,Vente,159000,43,PL CARNOT,59178000BW0054,Maison,139,3.085108,50.372189
2024-693158,2024-08-30,Vente,104900,85,RUE DU CAPITAINE LOUIS MADIOT,59178000BH0539,Appartement,63,3.0582,50.37329
2024-693201,2024-08-28,Vente,84000,1090,BD JEANNE D ARC,59178000CH0159,Appartement,82,3.068438,50.372442
2024-693270,2024-08-20,Vente,70000,109,RUE LEFEBVRE D ORVAL,59178000BD0247,Appartement,82,3.065892,50.36447
2024-693347,2024-08-29,Vente,140000,40,RUE SAINT AME,59178000CE0234,Maison,124,3.075848,50.369632
2024-693477,2024-08-27,Vente,138900,57,IMP DECOOMAN,59178000CK0024,Maison,131,3.063956,50.379471
2024-693515,2024-08-22,Vente,300840,1342,RUE DU FBG DE BETHUNE,59178000BL0071,Maison,84,3.059987,50.38692
2024-693540,2024-09-04,Vente,213000,32,RUE ALFRED TRANNIN,59178000CD0540,Appartement,55,3.079693,50.366046
2024-693540,2024-09-04,Vente,213000,32,RUE ALFRED TRANNIN,59178000CD0540,Appartement,40,3.079693,50.366046
2024-693540,2024-09-04,Vente,213000,32,RUE ALFRED TRANNIN,59178000CD0540,Appartement,45,3.079693,50.366046
2024-693540,2024-09-04,Vente,213000,32,RUE ALFRED TRANNIN,59178000CD0540,Appartement,24,3.079693,50.366046
2024-693540,2024-09-04,Vente,213000,32,RUE ALFRED TRANNIN,59178000CD0540,Appartement,38,3.079693,50.366046
2024-693571,2024-08-23,Vente,235000,540,AV DU QUATRE SEPTEMBRE,59178000AY0417,Maison,220,3.084603,50.361571
2024-693609,2024-08-14,Vente,259200,13,BD PASTEUR,59178000BC0192,Maison,187,3.077347,50.362856
2024-693609,2024-08-14,Vente,259200,13,BD PASTEUR,59178000BC0192,Maison,187,3.077347,50.362856
2024-693646,2024-08-30,Vente,155000,463,RUE DE PARIS,59178000BZ0009,Appartement,84,3.079449,50.363751
2024-693759,2024-09-03,Vente,215500,212,RUE FRANCOIS LEMAIRE,59178000CR0956,Appartement,95,3.080669,50.376432
2024-693767,2024-09-06,Vente,183000,102,RUE LEON GAMBETTA,59178000BX0371,Appartement,130,3.08124,50.368859
2024-693783,2024-08-26,Vente,110000,463,RUE DE PARIS,59178000BZ0009,Appartement,84,3.079449,50.363751
2024-693873,2024-09-09,Vente,70000,17,RUE DURUTTE,59178000BW0187,Appartement,80,3.08739,50.371698
2024-693914,2024-09-10,Vente,155000,4320,RTE DE TOURNAI,59178000AC0015,Maison,75,3.129403,50.408099
2024-693914,2024-09-10,Vente,155000,4320,RTE DE TOURNAI,59178000AC0015,Maison,75,3.129403,50.408099
2024-693979,2024-09-03,Vente,225400,660,RUE DU FBG DE BETHUNE,59178000BK0315,Maison,120,3.062277,50.381171
2024-694006,2024-09-11,Vente,75000,179,RUE DU CLOCHER ST PIERRE,59178000BX0512,Appartement,28,3.078959,50.370285
2024-694071,2024-08-29,Vente,75500,21,RUE SAINT AME,59178000CE0221,Appartement,56,3.076278,50.369705
2024-694160,2024-09-12,Vente,161910,16,RUE JACQUES BREL,59178000CK0545,Maison,94,3.067939,50.379873
2024-694215,2024-09-06,Vente,195800,209,RUE VICTOR HUGO,59178000BW0193,Maison,93,3.086984,50.370249
2024-694244,2024-09-11,Vente,170000,9060,RUE DU PARC,59178000BN0325,Maison,142,3.089927,50.397778
2024-694332,2024-08-30,Vente,73500,223,BD JEANNE D ARC,59178000BD0530,Maison,51,3.066209,50.365879
2024-694377,2024-09-13,Vente en l'état futur d'achèvement,105700,,AV DE TWICKENHAM,59178000AY0874,Appartement,45,3.08124,50.360514
2024-694464,2024-09-09,Vente,128000,593,BD JEANNE D ARC,59178000BD0342,Appartement,82,3.063613,50.36872
2024-694492,2024-09-17,Vente,144510,110,RUE DES VIERGES,59178000CR0721,Appartement,62,3.073282,50.37046
2024-694492,2024-09-17,Vente,144510,110,RUE DES VIERGES,59178000CR0721,Appartement,70,3.073282,50.37046
2024-694495,2024-09-05,Vente,40000,658,RUE BERTHE GARNIER,59178000BL0100,Maison,100,3.071181,50.386972
2024-694624,2024-09-16,Vente,76000,295,QUAI DEVIGNE,59178000BC0647,Appartement,50,3.072534,50.363212
2024-694632,2024-08-30,Vente,307000,57,RUE LAMBRECHT,59178000BX0622,Maison,311,3.080334,50.371993
2024-694670,2024-08-30,Vente,131900,2303,RTE DE TOURNAI,59178000AO0083,Maison,143,3.110149,50.396047
2024-694673,2024-09-17,Vente,45000,14,RUE NOTRE DAME DES WETZ,59178000BX0068,Maison,125,3.07931,50.371827
2024-694694,2024-09-05,Vente,48000,147,RUE LEONIE MAIAUX,59178000CI0352,Maison,25,3.061608,50.3745
2024-694749,2024-09-13,Vente,430325,125,RUE THEOPHILE BRA,59178000CD0675,Maison,96,3.077606,50.364859
2024-694749,2024-09-13,Vente,430325,115,RUE THEOPHILE BRA,59178000CD0676,Maison,145,3.077654,50.364894
2024-694869,2024-09-20,Vente,195000,54,RUE DE LA BOUCHERIE,59178000BX0456,Maison,146,3.079593,50.369015
2024-694871,2024-08-30,Vente,110000,450,RUE DE LAMBRES,59178000BC0134,Maison,156,3.073501,50.359225
2024-694950,2024-09-25,Vente,58000,383,RUE D ESQUERCHIN,59178000CE0002,Appartement,34,3.070059,50.37169
2024-694970,2024-09-13,Vente,80000,1153,BD DE LA REPUBLIQUE,59178000CS0606,Appartement,72,3.080487,50.379681
2024-694977,2024-09-18,Vente,78000,29,PL ROBERT SCHUMAN,59178000BX0782,Appartement,62,3.083303,50.368014
2024-695080,2024-09-27,Vente,70000,82,BD PAUL HAYEZ,59178000BZ0275,Appartement,60,3.083544,50.363979
2024-695180,2024-09-10,Vente,119000,192,RUE D'ARCY,59178000AL0124,Maison,46,3.124973,50.404013
2024-695212,2024-09-12,Vente,143285,251,BD PASTEUR,59178000BC0660,Appartement,97,3.074089,50.363101
2024-695351,2024-09-23,Vente,60000,627,RUE DU FBG DE PARIS,59178000AX0051,Maison,76,3.086991,50.351245
2024-695511,2024-10-04,Vente,47000,171,RUE DE LA MAIRIE,59178000CD0356,Appartement,30,3.079247,50.367985
2024-695528,2024-09-23,Vente,122500,177,RUE ALEXANDRE DESCATOIRE,59178000AV0144,Maison,80,3.090209,50.362041
2024-695701,2024-09-19,Vente,218000,51,AV DU QUATRE SEPTEMBRE,59178000AV0041,Appartement,110,3.090616,50.3641
2024-695701,2024-09-19,Vente,218000,51,AV DU QUATRE SEPTEMBRE,59178000AV0041,Appartement,43,3.090616,50.3641
2024-695701,2024-09-19,Vente,218000,51,AV DU QUATRE SEPTEMBRE,59178000AV0041,Appartement,110,3.090616,50.3641
2024-695701,2024-09-19,Vente,218000,51,AV DU QUATRE SEPTEMBRE,59178000AV0041,Appartement,43,3.090616,50.3641
2024-695858,2024-09-20,Vente,95000,44,RUE ROBERT DE DOUAI,59178000BI0212,Maison,58,3.059395,50.380442
2024-695875,2024-10-03,Vente,42315,57,RUE DES CLARISSES,59178000CD0521,Appartement,43,3.081721,50.365572
2024-695921,2024-09-26,Vente,45000,215,PL CARNOT,59178000BW0187,Appartement,70,3.08739,50.371698
2024-695956,2024-10-02,Vente,42000,212,RUE FRANCOIS LEMAIRE,59178000CR0956,Appartement,29,3.080669,50.376432
2024-695974,2024-09-30,Vente,149000,325,RUE DE LAMBRES,59178000BC0325,Maison,106,3.075123,50.359836
2024-696101,2024-09-30,Vente,135000,1680,RUE DU FBG DE BETHUNE,59178000BL0043,Maison,83,3.057245,50.389419
2024-696101,2024-09-30,Vente,135000,1680,RUE DU FBG DE BETHUNE,59178000BL0043,Maison,83,3.057245,50.389419
2024-696111,2024-09-27,Vente,73650,47,RUE ARTHUR RIMBAUD,59178000BD0480,Appartement,56,3.063845,50.366208
2024-696133,2024-10-01,Vente,80000,530,RUE DU POLYGONE,59178000CN0067,Maison,87,3.079403,50.383494
2024-696133,2024-10-01,Vente,80000,530,RUE DU POLYGONE,59178000CN0067,Maison,87,3.079403,50.383494
2024-696304,2024-10-07,Vente,27582,57,RUE DES CLARISSES,59178000CD0521,Appartement,76,3.081721,50.365572
2024-696349,2024-10-11,Vente,110000,85,RUE DU CAPITAINE LOUIS MADIOT,59178000BH0539,Appartement,49,3.0582,50.37329
2024-696372,2024-10-01,Vente,331500,100,RUE CHARLES MONTSARRAT,59178000BZ0661,Maison,193,3.086434,50.363284
2024-696400,2024-10-15,Vente,23000,944,BD DE LA REPUBLIQUE,59178000CS0334,Appartement,18,3.07947,50.378063
2024-696403,2024-09-30,Vente,25500,944,BD DE LA REPUBLIQUE,59178000CS0334,Appartement,18,3.07947,50.378063
2024-696496,2024-10-18,Vente,38000,126,RUE DE ROUBAIX,59178000BV0049,Appartement,38,3.088183,50.376721
2024-696549,2024-09-27,Vente,160000,471,RUE DE PARIS,59178000BZ0009,Appartement,100,3.079449,50.363751
2024-696664,2024-10-15,Vente,135000,251,BD PASTEUR,59178000BC0660,Appartement,94,3.074089,50.363101
2024-696686,2024-10-14,Vente,89000,200,RUE DE WAREMME,59178000BK0188,Maison,120,3.063858,50.383558
2024-696690,2024-10-22,Vente,227750,58,SQ PAUL VALERY,59178000BL0313,Maison,99,3.057999,50.38944
2024-696738,2024-10-21,Vente,93200,69,RUE DE LA CUVE D OR,59178000BZ0927,Appartement,88,3.084069,50.366545
2024-696739,2024-10-21,Vente,139000,514,RUE DE CAMBRAI,59178000AZ0098,Maison,88,3.08034,50.358212
2024-696760,2024-10-22,Vente,186150,174,RUE DE VERDUN,59178000CN0311,Maison,77,3.072601,50.380857
2024-696850,2024-10-09,Vente,166000,76,RUE DE FERIN,59178000BC0287,Maison,92,3.077561,50.360656
2024-696914,2024-10-25,Vente,189000,1154,RUE DU FBG DE BETHUNE,59178000BK1061,Maison,86,3.060499,50.385142
2024-696934,2024-10-03,Vente,103000,29,PL ROBERT SCHUMAN,59178000BX0782,Appartement,70,3.083303,50.368014
2024-697070,2024-10-24,Vente,379500,310,RUE DE PARIS,59178000CD0596,Maison,215,3.079687,50.365328
2024-697090,2024-10-29,Vente,161570,528,BD LAHURE,59178000BS0034,Maison,92,3.082475,50.384608
2024-697177,2024-10-11,Vente,84500,85,RUE DU CAPITAINE LOUIS MADIOT,59178000BH0539,Appartement,44,3.0582,50.37329
2024-697220,2024-10-30,Vente,139000,293,RUE DES GLACIS,59178000BZ0626,Maison,153,3.086084,50.362276
2024-697223,2024-10-25,Vente,54600,229,BD DE LIEGE,59178000BW0096,Appartement,46,3.089007,50.3743
2024-697236,2024-10-10,Vente,52000,3,VC MONSEIGNEUR GENIE,59178000CR0699,Maison,75,3.075427,50.370951
2024-697272,2024-10-24,Vente,155000,197,RUE DE VERDUN,59178000CN0437,Maison,71,3.071809,50.380819
2024-697290,2024-10-10,Vente,72000,471,RUE DE PARIS,59178000BZ0009,Appartement,75,3.079449,50.363751
2024-697304,2024-10-30,Vente,153700,211,BD JEANNE D ARC,59178000BD0241,Maison,73,3.066313,50.365713
2024-697327,2024-10-08,Vente,187000,150,RUE DE PARIS,59178000CD0429,Maison,70,3.080705,50.366437
2024-697447,2024-10-11,Vente,80000,91,RUE DE VALENCIENNES,59178000BY0001,Appartement,75,3.085184,50.367349
2024-697447,2024-10-11,Vente,80000,91,RUE DE VALENCIENNES,59178000BY0001,Appartement,45,3.085184,50.367349
2024-697492,2024-10-18,Vente,250000,178,RUE GIROUD,59178000CR0376,Appartement,30,3.079339,50.377251
2024-697492,2024-10-18,Vente,250000,178,RUE GIROUD,59178000CR0376,Appartement,45,3.079339,50.377251
2024-697492,2024-10-18,Vente,250000,178,RUE GIROUD,59178000CR0376,Appartement,35,3.079339,50.377251
2024-697504,2024-10-31,Vente,135000,117,RUE MARTIN DU NORD,59178000CR0955,Appartement,78,3.079416,50.375411
2024-697680,2024-10-28,Vente,173000,248,RUE DE LA MOUCHONNIERE,59178000BO0106,Maison,87,3.089936,50.39573
2024-697706,2024-10-22,Vente,277300,316,RUE DE LAMBRES,59178000BC0169,Maison,135,3.074449,50.360363
2024-697741,2024-10-15,Vente,150000,85,RUE D ARRAS,59178000CE0463,Appartement,103,3.074068,50.368628
2024-698008,2024-10-31,Vente,215000,149,RUE SAINT ALBIN,59178000CR0256,Maison,204,3.076293,50.373828
2024-698018,2024-11-14,Vente,150188,115,AV DES TILLEULS,59178000CK0045,Maison,64,3.064533,50.379345
2024-698036,2024-11-08,Vente,92750,351,BD PASTEUR,59178000BC0647,Appartement,88,3.072534,50.363212
2024-698065,2024-10-30,Vente,154900,251,BD PASTEUR,59178000BC0660,Appartement,90,3.074089,50.363101
2024-698122,2024-10-31,Vente,254510,79,RUE JEAN DE BOLOGNE,59178000CR1109,Maison,131,3.07364,50.372483
2024-698129,2024-11-06,Vente,206000,38,RUE DU BEGUINAGE,59178000BX0075,Appartement,100,3.080243,50.371584
2024-698129,2024-11-06,Vente,206000,38,RUE DU BEGUINAGE,59178000BX0075,Appartement,90,3.080243,50.371584
2024-698129,2024-11-06,Vente,206000,38,RUE DU BEGUINAGE,59178000BX0075,Appartement,90,3.080243,50.371584
2024-698162,2024-11-06,Vente,143700,444,RUE DU POLYGONE,59178000CN0509,Maison,93,3.078823,50.382806
2024-698203,2024-10-31,Vente,83000,150,BD LOUIS BREGUET,59178000CS0577,Appartement,48,3.081407,50.380134
2024-698205,2024-10-25,Vente,65000,87,RUE JEAN JAURES,59178000BM1736,Maison,130,3.08279,50.391607
2024-698239,2024-11-04,Vente,63980,35,RUE NOTRE DAME DES WETZ,59178000BX0715,Appartement,32,3.078931,50.372064
2024-698315,2024-11-18,Vente,191000,174,RUE DE LAMBRES,59178000BC0222,Maison,131,3.075816,50.361344
2024-698318,2024-11-18,Vente,29000,944,BD DE LA REPUBLIQUE,59178000CS0334,Appartement,18,3.07947,50.378063
2024-698411,2024-11-08,Vente,420000,28,RUE TOUR DE BOURGOGNE,59178000BZ0448,Maison,120,3.08144,50.364959
2024-698411,2024-11-08,Vente,420000,9012,VC AGNARD,59178000BZ0450,Appartement,49,3.08147,50.365191
2024-698411,2024-11-08,Vente,420000,9012,VC AGNARD,59178000BZ0450,Appartement,66,3.08147,50.365191
2024-698627,2024-11-26,Vente,168000,24,RLE VERJUS,59178000CD0348,Appartement,26,3.079013,50.367823
2024-698627,2024-11-26,Vente,168000,24,RLE VERJUS,59178000CD0348,Appartement,24,3.079013,50.367823
2024-698627,2024-11-26,Vente,168000,24,RLE VERJUS,59178000CD0348,Appartement,30,3.079013,50.367823
2024-698627,2024-11-26,Vente,168000,24,RLE VERJUS,59178000CD0348,Appartement,26,3.079013,50.367823
2024-698635,2024-11-07,Vente,118000,88,RUE MARTIN DU NORD,59178000CR0410,Appartement,56,3.080178,50.375688
2024-698700,2024-11-20,Vente,78000,118,RUE SAINT MICHEL,59178000BV0003,Appartement,48,3.088619,50.377335
2024-698701,2024-11-21,Vente,147500,86,RUE DU CHEMIN VERT,59178000BD0325,Maison,120,3.062824,50.367594
2024-698725,2024-11-06,Vente,113000,364,RUE DE PARIS,59178000CD0605,Appartement,83,3.079144,50.364891
2024-698794,2024-11-28,Vente,78000,171,RUE DE LA MAIRIE,59178000CD0356,Appartement,48,3.079247,50.367985
2024-698953,2024-11-29,Vente en l'état futur d'achèvement,159080,,RUE GUYNEMER,59178000BH0609,Appartement,39,3.056556,50.372822
2024-698977,2024-11-19,Vente,77000,185,RUE ARTHUR RIMBAUD,59178000BD0477,Appartement,69,3.063152,50.366244
2024-699106,2024-11-21,Vente en l'état futur d'achèvement,226000,249,RUE DE FLANDRE,59178000BT0096,Appartement,64,3.086945,50.379295
2024-699138,2024-11-22,Vente,65000,126,RUE DE ROUBAIX,59178000BV0049,Appartement,45,3.088183,50.376721
2024-699188,2024-11-21,Vente,113740,14,RUE SAINT JACQUES,59178000BX0662,Appartement,104,3.083479,50.37043
2024-699212,2024-11-25,Vente,133000,69,PL D ARMES,59178000BX0788,Appartement,85,3.082889,50.368235
2024-699256,2024-11-29,Vente en l'état futur d'achèvement,100300,,AV DE TWICKENHAM,59178000AY0874,Appartement,46,3.08124,50.360514
2024-699281,2024-11-26,Vente,219900,119,RUE HYACINTHE CORNE,59178000BW0414,Maison,109,3.080353,50.3729
2024-699346,2024-11-29,Vente,145000,76,AV D ALSACE LORRAINE,59178000CN0456,Maison,111,3.076906,50.381269
2024-699372,2024-12-04,Vente en l'état futur d'achèvement,104000,,AV DE TWICKENHAM,59178000AY0874,Appartement,46,3.08124,50.360514
2024-699442,2024-11-29,Vente,45000,221,RUE DELCAMBRE,59178000CS0317,Maison,93,3.081455,50.378495
2024-699593,2024-11-28,Vente,172000,371,RUE DES WETZ,59178000BW0622,Appartement,106,3.082721,50.375341
2024-699635,2024-12-05,Vente,180000,59,RUE DU BOUCHARD,59178000AB0087,Maison,93,3.133894,50.409486
2024-699669,2024-11-22,Vente,119000,513,RUE DE LAMBRES,59178000BC0384,Maison,75,3.073866,50.358495
2024-699698,2024-11-21,Vente,295000,128,AV DE TWICKENHAM,59178000BZ0146,Maison,155,3.082723,50.362107
2024-699702,2024-12-02,Vente,140720,120,AV DES TILLEULS,59178000CK0286,Maison,67,3.064506,50.379017
2024-699726,2024-11-19,Vente,94000,18,RUE DU TAON,59178000BR0178,Maison,68,3.091198,50.389004
2024-699797,2024-12-09,Vente,166300,251,BD PASTEUR,59178000BC0660,Appartement,108,3.074089,50.363101
2024-699815,2024-11-28,Vente,133000,288,RUE ROBERT DE DOUAI,59178000BI0262,Maison,106,3.060978,50.378221
2024-699815,2024-11-28,Vente,133000,288,RUE ROBERT DE DOUAI,59178000BI0262,Maison,106,3.060978,50.378221
2024-699935,2024-12-04,Vente,88000,45,RUE MARTIN LUTHER KING,59178000CM0051,Appartement,44,3.080653,50.386696
2024-699966,2024-12-11,Vente,115000,219,RUE SAINT JEAN,59178000BW0265,Maison,86,3.086393,50.369644
2024-700019,2024-12-11,Vente,74900,24,RUE DE LA HERSE,59178000CR0101,Maison,83,3.073451,50.372281
2024-700053,2024-12-18,Vente,89000,77,RUE DE FERIN,59178000AZ0295,Maison,102,3.078068,50.360229
2024-700055,2024-12-11,Vente,151500,35,RUE GUYNEMER,59178000CH0023,Maison,126,3.065639,50.373048
2024-700061,2024-12-13,Vente,170000,171,RUE FRANCOIS LEMAIRE,59178000CR0399,Maison,146,3.079665,50.376518
2024-700087,2024-12-13,Vente,107000,270,RUE SERVAL,59178000CR1018,Appartement,73,3.073966,50.37414
2024-700097,2024-12-16,Vente,279000,92,AV DE LA RESISTANCE,59178000AY0233,Maison,117,3.088941,50.361295
2024-700129,2024-11-20,Vente,130100,656,RUE DE LAMBRES,59178000BC0051,Maison,65,3.072458,50.357574
2024-700281,2024-12-16,Vente,66000,76,RUE EUGENE ROGE,59178000BK0253,Maison,48,3.062274,50.382803
2024-700285,2024-12-16,Vente,234500,194,RUE DE LA TOUR DES DAMES,59178000CS0183,Appartement,110,3.084293,50.37855
2024-700316,2024-12-09,Vente,83000,468,BD ALBERT 1ER,59178000CP0116,Appartement,70,3.073704,50.376161
2024-700318,2024-12-09,Vente,150000,56,RUE DE LA BOUCHERIE,59178000BX0457,Appartement,56,3.079647,50.369046
2024-700318,2024-12-09,Vente,150000,56,RUE DE LA BOUCHERIE,59178000BX0457,Appartement,44,3.079647,50.369046
2024-700318,2024-12-09,Vente,150000,56,RUE DE LA BOUCHERIE,59178000BX0457,Appartement,31,3.079647,50.369046
2024-700340,2024-12-11,Vente,63000,73,RUE NOTRE DAME DES WETZ,59178000BX0715,Appartement,38,3.078931,50.372064
2024-700342,2024-12-18,Vente,57000,60,RUE DU GOUVERNEMENT,59178000BX0040,Appartement,34,3.079163,50.370851
2024-700369,2024-12-16,Vente,390000,75,RUE DU FBG DE BETHUNE,59178000CI0064,Maison,118,3.065095,50.376167
2024-700447,2024-12-11,Vente,109900,474,AV D ALSACE LORRAINE,59178000CM0202,Maison,85,3.077325,50.384839
2024-700533,2024-12-13,Vente,140125,103,RUE DE LA CUVE D OR,59178000BZ0476,Appartement,40,3.083723,50.366333
2024-700533,2024-12-13,Vente,140125,103,RUE DE LA CUVE D OR,59178000BZ0476,Appartement,40,3.083723,50.366333
2024-700541,2024-12-18,Vente,108000,189,RUE SERVAL,59178000CR0868,Appartement,89,3.072285,50.37344
2024-700576,2024-12-02,Vente,166300,103,RUE DES BLANCS MOUCHONS,59178000BX0051,Maison,107,3.080465,50.371206
2024-700591,2024-12-23,Vente,95100,385,RUE DU POLYGONE,59178000CN0221,Maison,80,3.077651,50.38233
2024-700676,2024-12-13,Vente,112000,276,AV DES TILLEULS,59178000CK0215,Maison,57,3.066681,50.379075
2024-700685,2024-12-16,Vente,172000,351,BD PASTEUR,59178000BC0647,Appartement,88,3.072534,50.363212
2024-700703,2024-12-18,Vente,55000,135,RUE EMILE BASLY,59178000BR0094,Maison,103,3.090302,50.386683
2024-700721,2024-12-11,Vente,176000,60,RUE THEOPHILE BRA,59178000CD0618,Appartement,78,3.078523,50.365041
2024-700721,2024-12-11,Vente,176000,60,RUE THEOPHILE BRA,59178000CD0618,Appartement,33,3.078523,50.365041
2024-700732,2024-12-17,Vente,168750,153,RUE DE LAMBRES,59178000BC0248,Maison,93,3.07664,50.360923
2024-700776,2024-07-31,Vente,125500,186,RUE DU FBG DE BETHUNE,59178000CK0305,Maison,68,3.064881,50.377358
2024-700896,2024-12-27,Vente,112000,139,AV GEORGES CLEMENCEAU,59178000BW0181,Appartement,92,3.088494,50.37209
2024-700905,2024-12-20,Vente,80000,26,RUE DU PONT DES PIERRES,59178000CR0565,Maison,210,3.076263,50.371664
2024-700920,2024-12-20,Vente,98000,242,RUE D ANICHE,59178000BZ0707,Appartement,89,3.090023,50.36472
2024-700935,2024-12-19,Vente,265000,11,RUE DU CHAMP FLEURI,59178000CR0315,Appartement,38,3.078862,50.376271
2024-700935,2024-12-19,Vente,265000,11,RUE DU CHAMP FLEURI,59178000CR0315,Appartement,35,3.078862,50.376271
2024-700935,2024-12-19,Vente,265000,11,RUE DU CHAMP FLEURI,59178000CR0315,Appartement,40,3.078862,50.376271
2024-700935,2024-12-19,Vente,265000,11,RUE DU CHAMP FLEURI,59178000CR0315,Appartement,32,3.078862,50.376271
2024-700935,2024-12-19,Vente,265000,11,RUE DU CHAMP FLEURI,59178000CR0315,Appartement,34,3.078862,50.376271
2024-700935,2024-12-19,Vente,265000,11,RUE DU CHAMP FLEURI,59178000CR0315,Appartement,38,3.078862,50.376271
2024-700992,2024-12-16,Vente,55334,57,RUE DES CLARISSES,59178000CD0521,Appartement,37,3.081721,50.365572
2024-701031,2024-12-20,Vente,265000,119,SQ BREGUET,59178000CH0173,Maison,140,3.068043,50.371593
2024-701063,2024-12-03,Vente,103000,17,RUE SAINT ALBIN,59178000CR0214,Appartement,100,3.075529,50.372785
2024-701104,2024-12-27,Vente,23850,944,BD DE LA REPUBLIQUE,59178000CS0334,Appartement,18,3.07947,50.378063
2024-701162,2024-12-16,Vente,115000,142,PL D ARMES,59178000CD0458,Appartement,92,3.083222,50.367286
2024-701196,2024-12-13,Vente,162000,139,RUE DU FBG DE BETHUNE,59178000CI0049,Maison,126,3.064766,50.376713
2024-701406,2024-12-30,Vente,408900,62,RUE FERDINAND DUTERT,59178000BW0207,Maison,170,3.086975,50.371012
2024-701415,2024-12-30,Vente,155000,33,RUE DU PIED D ARGENT,59178000CE0207,Appartement,50,3.077186,50.369747
2024-701415,2024-12-30,Vente,155000,33,RUE DU PIED D ARGENT,59178000CE0207,Appartement,53,3.077186,50.369747
2024-701507,2024-12-30,Vente,116510,294,AV DE STRASBOURG,59178000CN0264,Maison,102,3.075666,50.382109
2024-701515,2024-12-16,Vente,45000,10,RUE DE L EGLISE DORIGNIES,59178000BM0095,Maison,50,3.081039,50.392801
2024-701526,2024-12-27,Vente,158000,115,SQ PAUL VALERY,59178000BL0282,Maison,99,3.057223,50.389787
2024-701632,2024-12-20,Vente,390000,120,RUE VICTOR HUGO,59178000BW0531,Appartement,1,3.08559,50.370446
2024-701636,2024-12-20,Vente,94000,531,BD DE LA REPUBLIQUE,59178000CP0085,Appartement,82,3.074179,50.375581
2024-701656,2024-12-23,Vente,96600,1090,BD JEANNE D ARC,59178000CH0159,Appartement,79,3.068438,50.372442
2024-701664,2024-12-26,Vente,156510,73,RUE ALPHONSE HAYEZ,59178000CS0431,Maison,109,3.084344,50.379528
2024-701668,2024-12-23,Vente,200440,90,RUE SERVAL,59178000CR0013,Maison,91,3.071354,50.372505
2024-701682,2024-12-19,Vente,63000,54,RUE CHARLES MATHIEU,59178000CK0717,Maison,48,3.066428,50.376655
2024-701705,2024-12-23,Vente,87500,85,RUE DU CAPITAINE LOUIS MADIOT,59178000BH0539,Appartement,60,3.0582,50.37329
2024-701732,2024-12-30,Vente,109250,69,PL D ARMES,59178000BX0788,Appartement,72,3.082889,50.368235
2024-701741,2024-12-27,Vente,84000,158,RUE DES TRANNOIS,59178000BN0083,Maison,85,3.088085,50.391897
2024-701751,2024-12-27,Vente,91000,51,RUE GIROUD,59178000CR0364,Maison,88,3.077706,50.376893
2024-701752,2024-12-27,Vente,58000,318,RUE DU CANTELEU,59178000BY0011,Appartement,36,3.08605,50.367712
2024-701806,2024-12-20,Vente,199550,118,RUE DE FERIN,59178000BC0312,Maison,115,3.07732,50.360259
2024-701811,2024-12-27,Vente,176400,114,RUE SAINT JACQUES,59178000BW0236,Appartement,110,3.084631,50.371101
2024-701860,2024-12-27,Vente,165000,61,VC VALLEZ,59178000BC0311,Maison,113,3.076925,50.360574
2024-701866,2024-12-19,Vente en l'état futur d'achèvement,255000,249,RUE DE FLANDRE,59178000BT0096,Appartement,79,3.086945,50.379295
2024-701907,2024-12-27,Vente,168500,201,RUE AUGUSTE MALOTAU DE GUERNE,59178000BD0550,Maison,99,3.066928,50.364753
2024-701916,2024-12-30,Vente,110000,47,RUE DE FERIN,59178000AZ0053,Maison,94,3.078396,50.360449
2024-701931,2024-12-27,Vente,75000,51,PL ROBERT SCHUMAN,59178000BX0282,Appartement,60,3.083461,50.368196
2024-701941,2024-12-27,Vente,75000,33,RUE DU GOUVERNEMENT,59178000BX0009,Appartement,68,3.078256,50.370753
2024-701973,2024-12-17,Vente,119000,81,RUE DE PARIS,59178000CD0862,Appartement,81,3.08173,50.366845
2024-701988,2024-12-20,Vente,95000,12,RUE CAMILLE COROT,59178000AX0406,Maison,73,3.084386,50.350247
2024-702075,2024-12-26,Vente,208000,144,RUE SAINT JACQUES,59178000BW0230,Appartement,39,3.084563,50.371233
2024-702075,2024-12-26,Vente,208000,144,RUE SAINT JACQUES,59178000BW0230,Appartement,37,3.084563,50.371233
2024-702093,2024-12-27,Vente,240000,39,RUE ALEXANDRE DESCATOIRE,59178000AV0005,Maison,67,3.088767,50.362819
2024-702099,2024-12-30,Vente,40500,4664,RTE DE TOURNAI,59178000AB0067,Maison,32,3.133241,50.409876
2024-702108,2024-12-30,Vente,80200,110,RUE DE L ARBRE SEC,59178000CR0143,Maison,66,3.073466,50.373536
2024-702133,2024-12-31,Vente,54385,229,BD DE LIEGE,59178000BW0096,Appartement,46,3.089007,50.3743
2024-702191,2024-12-30,Vente,55700,171,RUE DE LA MAIRIE,59178000CD0356,Appartement,32,3.079247,50.367985
2024-702244,2024-12-30,Vente,36000,178,AV DES ACACIAS,59178000CK0257,Maison,92,3.065002,50.378827
2024-702283,2024-12-31,Vente,110000,44,RUE DU CANTELEU,59178000BX0324,Maison,150,3.083227,50.369261
2024-702296,2024-12-30,Vente en l'état futur d'achèvement,222000,249,RUE DE FLANDRE,59178000BT0096,Appartement,64,3.086945,50.379295
2024-702337,2024-12-30,Vente,100000,91,RUE DU CHEMIN VERT,59178000BD0306,Maison,92,3.063071,50.367101
2024-702387,2024-11-28,Vente,144750,19,RUE DU POLYGONE,59178000CO0092,Maison,105,3.076004,50.379125
2023-755190,2023-01-10,Vente,110000,86,RUE DU CHEMIN VERT,59178000BD0325,Maison,120,3.062824,50.367594
2023-755333,2023-01-04,Vente,84000,39,PL DU BARLET,59178000BZ0479,Maison,49,3.083943,50.366293
2023-755399,2023-01-12,Vente,78000,293,QUAI DEVIGNE,59178000BC0647,Appartement,45,3.072534,50.363212
2023-755490,2023-01-19,Vente,46850,18,RUE DE LA HERSE,59178000CR0096,Maison,50,3.073396,50.372182
2023-755549,2023-01-06,Vente,55000,59,RUE DE GOEULZIN,59178000AW0418,Maison,56,3.08221,50.353956
2023-755559,2023-01-09,Vente,130000,251,BD PASTEUR,59178000BC0660,Appartement,97,3.074089,50.363101
2023-755578,2023-01-18,Vente,92000,43,RUE MARTIN LUTHER KING,59178000CM0051,Appartement,48,3.080653,50.386696
2023-755638,2023-01-09,Vente,78500,51,RUE DU PONT DU RIVAGE,59178000CR0632,Maison,75,3.076927,50.37041
2023-755641,2023-01-05,Vente,190000,213,AV DE METZ,59178000CL0158,Maison,102,3.071844,50.382135
2023-755658,2023-01-05,Vente,66189,30,RUE DE LA CLORIS,59178000BX0575,Appartement,40,3.078404,50.368973
2023-755785,2023-01-13,Vente en l'état futur d'achèvement,594000,44,RUE DES GLACIS,59178000BZ0200,Appartement,42,3.082746,50.362999
2023-755785,2023-01-13,Vente en l'état futur d'achèvement,594000,44,RUE DES GLACIS,59178000BZ0200,Appartement,55,3.082746,50.362999
2023-755785,2023-01-13,Vente en l'état futur d'achèvement,594000,44,RUE DES GLACIS,59178000BZ0200,Appartement,59,3.082746,50.362999
2023-755785,2023-01-13,Vente en l'état futur d'achèvement,594000,44,RUE DES GLACIS,59178000BZ0200,Appartement,85,3.082746,50.362999
2023-755785,2023-01-13,Vente en l'état futur d'achèvement,594000,44,RUE DES GLACIS,59178000BZ0200,Appartement,85,3.082746,50.362999
2023-755942,2023-01-10,Vente,137000,293,QUAI DEVIGNE,59178000BC0647,Appartement,75,3.072534,50.363212
2023-756097,2023-01-23,Vente,136275,30,RUE TOUSSAINT LOUVERTURE,59178000CM0412,Maison,84,3.079843,50.386028
2023-756209,2023-01-25,Vente,154900,62,RUE DE BAILLIENCOURT,59178000BS0061,Maison,64,3.08477,50.383384
2023-756240,2023-01-30,Vente,118000,210,RUE DU DOCTEUR CHARCOT,59178000BN0181,Maison,81,3.088847,50.396015
2023-756258,2023-01-31,Vente,236730,52,RUE DU PONT DES PIERRES,59178000CR0562,Maison,107,3.07625,50.371774
2023-756286,2023-01-16,Vente,149000,23,PL JEAN ROSTAND,59178000CK0592,Maison,94,3.068107,50.379425
2023-756295,2023-01-30,Vente,116000,171,RUE DES FOULONS,59178000CD0309,Appartement,35,3.077954,50.366932
2023-756295,2023-01-30,Vente,116000,171,RUE DES FOULONS,59178000CD0309,Appartement,37,3.077954,50.366932
2023-756295,2023-01-30,Vente,116000,171,RUE DES FOULONS,59178000CD0309,Appartement,36,3.077954,50.366932
2023-756403,2023-01-26,Vente,310700,25,RUE DES MALVAUX,59178000BW0382,Maison,108,3.082115,50.372996
2023-756407,2023-01-24,Vente,165000,69,PL D ARMES,59178000BX0788,Appartement,85,3.082889,50.368235
2023-756418,2023-01-26,Vente,129200,170,RUE ALEXANDRE RIBOT,59178000CK0145,Maison,77,3.067721,50.377143
2023-756445,2023-01-31,Vente,119200,79,RUE PIERRE DUBOIS,59178000BW0061,Appartement,73,3.086063,50.373827
2023-756464,2023-01-30,Vente,186900,25,RUE PIERRE PLOUVAIN,59178000BK0671,Maison,83,3.064547,50.386089
2023-756555,2023-01-09,Vente,280000,47,RUE STOREZ,59178000BD0030,Appartement,29,3.071882,50.365623
2023-756555,2023-01-09,Vente,280000,47,RUE STOREZ,59178000BD0030,Appartement,35,3.071882,50.365623
2023-756555,2023-01-09,Vente,280000,47,RUE STOREZ,59178000BD0030,Appartement,50,3.071882,50.365623
2023-756555,2023-01-09,Vente,280000,57,RUE STOREZ,59178000BD0446,Appartement,53,3.071788,50.365605
2023-756555,2023-01-09,Vente,280000,57,RUE STOREZ,59178000BD0446,Appartement,36,3.071788,50.365605
2023-756555,2023-01-09,Vente,280000,57,RUE STOREZ,59178000BD0446,Appartement,38,3.071788,50.365605
2023-756555,2023-01-09,Vente,280000,57,RUE STOREZ,59178000BD0446,Appartement,28,3.071788,50.365605
2023-756555,2023-01-09,Vente,280000,57,RUE STOREZ,59178000BD0446,Appartement,29,3.071788,50.365605
2023-756558,2023-01-18,Vente,218000,399,RUE DE PARIS,59178000BZ0379,Maison,75,3.079642,50.364369
2023-756604,2023-01-31,Vente,262000,2917,RTE DE TOURNAI,59178000AN0126,Maison,118,3.116496,50.399837
2023-756615,2023-01-24,Vente,367200,119,RUE TOUR DE BOURGOGNE,59178000BZ0356,Maison,152,3.081389,50.364049
2023-756636,2023-01-30,Vente,130000,27,AV D ALSACE LORRAINE,59178000CN0283,Maison,59,3.076197,50.380856
2023-756660,2023-01-31,Vente,152000,23,RUE THEOPHILE BRA,59178000CD0689,Maison,76,3.078948,50.364687
2023-756668,2023-02-07,Vente,158000,373,RUE DE LAMBRES,59178000BC0339,Maison,128,3.074826,50.359494
2023-756693,2023-01-23,Vente,112500,650,RUE DE CAMBRAI,59178000AZ0307,Appartement,43,3.080069,50.356863
2023-756787,2023-01-23,Vente,268000,148,RUE DELCAMBRE,59178000CS0163,Maison,146,3.082551,50.378374
2023-756815,2023-01-23,Vente,135500,17,RUE FOUCQUES,59178000CD0162,Appartement,58,3.077099,50.366539
2023-756913,2023-02-08,Vente,169100,135,RUE FRANCOIS LEMAIRE,59178000CR0405,Appartement,30,3.079307,50.376344
2023-756913,2023-02-08,Vente,169100,135,RUE FRANCOIS LEMAIRE,59178000CR0405,Appartement,45,3.079307,50.376344
2023-756913,2023-02-08,Vente,169100,135,RUE FRANCOIS LEMAIRE,59178000CR0405,Appartement,33,3.079307,50.376344
2023-756917,2023-01-26,Vente,129000,78,RUE DE BAILLIENCOURT,59178000BS0059,Maison,70,3.084636,50.383462
2023-756928,2023-01-19,Vente,500000,99,RUE SAINT JEAN,59178000BW0275,Appartement,250,3.085144,50.370359
2023-757048,2023-02-03,Vente,66650,1090,BD JEANNE D ARC,59178000CH0159,Appartement,65,3.068438,50.372442
2023-757231,2023-02-15,Vente,111650,623,RUE DU FBG DE BETHUNE,59178000BI0059,Maison,93,3.061911,50.380718
2023-757256,2023-01-27,Vente,196000,79,RUE DES BLANCS MOUCHONS,59178000BX0047,Appartement,48,3.080281,50.371086
2023-757256,2023-01-27,Vente,196000,79,RUE DES BLANCS MOUCHONS,59178000BX0047,Appartement,52,3.080281,50.371086
2023-757256,2023-01-27,Vente,196000,79,RUE DES BLANCS MOUCHONS,59178000BX0047,Appartement,51,3.080281,50.371086
2023-757256,2023-01-27,Vente,196000,79,RUE DES BLANCS MOUCHONS,59178000BX0047,Appartement,50,3.080281,50.371086
2023-757301,2023-02-08,Vente,149000,124,RUE DU GOUVERNEMENT,59178000BX0062,Maison,90,3.07916,50.371448
2023-757324,2023-02-03,Vente,103000,362,RUE SERVAL,59178000CR1018,Appartement,49,3.073966,50.37414
2023-757356,2023-02-06,Vente,141200,2279,RTE DE TOURNAI,59178000AO0085,Maison,108,3.109947,50.395857
2023-757363,2023-01-05,Vente,110000,362,RUE SERVAL,59178000CR1018,Appartement,71,3.073966,50.37414
2023-757373,2023-02-09,Vente,100000,78,RUE DE LA FERME,59178000BN0284,Maison,70,3.088333,50.393826
2023-757464,2023-02-16,Vente,70000,57,RUE SAINT CHRISTOPHE,59178000BX0787,Appartement,51,3.08176,50.369621
2023-757489,2023-01-25,Vente,148800,650,RUE DE CAMBRAI,59178000AZ0307,Appartement,63,3.080069,50.356863
2023-757741,2023-02-22,Vente,360000,49,RUE SAINT MICHEL,59178000BT0109,Appartement,18,,
2023-757741,2023-02-22,Vente,360000,49,RUE SAINT MICHEL,59178000BT0109,Appartement,18,,
2023-757741,2023-02-22,Vente,360000,49,RUE SAINT MICHEL,59178000BT0109,Appartement,18,,
2023-757741,2023-02-22,Vente,360000,49,RUE SAINT MICHEL,59178000BT0109,Appartement,18,,
2023-757741,2023-02-22,Vente,360000,49,RUE SAINT MICHEL,59178000BT0109,Appartement,18,,
2023-757741,2023-02-22,Vente,360000,49,RUE SAINT MICHEL,59178000BT0109,Appartement,18,,
2023-757741,2023-02-22,Vente,360000,49,RUE SAINT MICHEL,59178000BT0109,Maison,86,,
2023-757768,2023-02-08,Vente,197500,244,RUE DEFOREST,59178000CS0302,Appartement,52,3.080261,50.377384
2023-757768,2023-02-08,Vente,197500,244,RUE DEFOREST,59178000CS0302,Appartement,41,3.080261,50.377384
2023-757768,2023-02-08,Vente,197500,244,RUE DEFOREST,59178000CS0302,Appartement,35,3.080261,50.377384
2023-757789,2023-02-07,Vente,44400,161,RUE DE LA HERSE,59178000CH0044,Appartement,19,3.071674,50.373091
2023-758013,2023-02-27,Vente,90000,12,RUE D OCRE,59178000CR0303,Maison,59,3.077973,50.375541
2023-758023,2023-02-27,Vente,210000,400,AV DU MARECHAL LECLERC,59178000BY0077,Maison,154,3.08848,50.370062
2023-758050,2023-02-13,Vente,112000,180,RUE DEFOREST,59178000CS0290,Maison,93,3.081034,50.377028
2023-758082,2023-02-23,Vente,46000,29,RUE DES DOMINICAINS,59178000CD0785,Appartement,40,3.077376,50.368274
2023-758199,2023-02-08,Vente,22073,57,RUE DES CLARISSES,59178000CD0521,Appartement,29,3.081721,50.365572
2023-758204,2023-02-27,Vente,160400,14,RUE PIERRE DE RONSARD,59178000BK0570,Maison,75,3.061008,50.386263
2023-758375,2023-03-02,Vente,70000,418,RUE DE PARIS,59178000CD0696,Appartement,60,3.078893,50.364434
2023-758467,2023-03-03,Vente,224680,88,RUE DES JARDINS,59178000BD0117,Maison,116,3.068989,50.364083
2023-758505,2023-02-10,Vente,138400,39,RUE PIERRE DUBOIS,59178000BW0085,Appartement,85,3.086857,50.373692
2023-758624,2023-03-02,Vente,120000,306,BD ALBERT 1ER,59178000CP0115,Appartement,68,3.072616,50.375184
2023-758685,2023-02-15,Vente,90000,251,BD PASTEUR,59178000BC0660,Appartement,83,3.074089,50.363101
2023-758696,2023-03-03,Vente,250000,35,RUE NOTRE DAME DES WETZ,59178000BX0715,Appartement,104,3.078931,50.372064
2023-758780,2023-02-23,Vente,110000,36,RUE CAMILLE COROT,59178000AX0409,Maison,70,3.084693,50.350216
2023-758786,2023-02-15,Vente,82000,201,RUE FRANCOIS LEMAIRE,59178000CR0389,Maison,103,3.079887,50.376722
2023-758790,2023-03-04,Vente,386000,171,PL DU BARLET,59178000BZ0585,Maison,224,3.0856,50.365542
2023-758796,2023-03-06,Vente,121800,77,PL ROBERT SCHUMAN,59178000BX0781,Appartement,82,3.083562,50.368381
2023-758860,2023-03-01,Vente,51500,25,PL CHARLES DE GAULLE,59178000BX0262,Appartement,48,3.084099,50.367878
2023-758873,2023-03-10,Vente,99000,1090,BD JEANNE D ARC,59178000CH0159,Appartement,83,3.068438,50.372442
2023-758882,2023-02-24,Vente,188400,485,AV D ALSACE LORRAINE,59178000CL0114,Maison,82,3.076664,50.384978
2023-758890,2023-02-06,Vente,118000,3549,RTE DE TOURNAI,59178000AL0540,Maison,126,3.122242,50.403961
2023-758942,2023-02-24,Vente,26387,57,RUE DES CLARISSES,59178000CD0521,Appartement,38,3.081721,50.365572
2023-759064,2023-03-01,Vente,225600,187,AV DE METZ,59178000CL0156,Maison,116,3.072192,50.382255
2023-759100,2023-02-28,Vente,95000,650,RUE DE CAMBRAI,59178000AZ0307,Appartement,47,3.080069,50.356863
2023-759168,2023-03-03,Vente,42500,160,RUE DU FBG DE BETHUNE,59178000CK0308,Maison,96,3.065129,50.377161
2023-759183,2023-03-03,Vente,70000,166,RUE DU FBG DE BETHUNE,59178000CK0307,Maison,60,3.065,50.377204
2023-759190,2023-03-06,Vente,209000,57,RUE DE CAMBRAI,59178000BZ0082,Appartement,26,3.078692,50.362129
2023-759190,2023-03-06,Vente,209000,57,RUE DE CAMBRAI,59178000BZ0082,Appartement,36,3.078692,50.362129
2023-759243,2023-03-16,Vente,173940,594,RUE DE LAMBRES,59178000BC0114,Maison,96,3.072728,50.358037
2023-759246,2023-03-03,Vente,85000,1,RUE DE PARIS,59178000CD0453,Appartement,62,3.08188,50.367507
2023-759262,2023-03-06,Vente,249510,132,AV DU QUATRE SEPTEMBRE,59178000BZ0687,Maison,148,3.089192,50.363893
2023-759353,2023-03-16,Vente,43000,98,RUE DE ROUBAIX,59178000BV0049,Appartement,33,3.088183,50.376721
2023-759418,2023-03-01,Vente,92000,1153,BD DE LA REPUBLIQUE,59178000CS0606,Appartement,89,3.080487,50.379681
2023-759423,2023-03-20,Vente,236000,122,RUE NEUVE NOTRE DAME,59178000BZ0517,Appartement,79,3.085284,50.366363
2023-759430,2023-02-27,Vente,140000,196,RUE LOUIS BLERIOT,59178000CH0241,Appartement,63,3.063621,50.370741
2023-759432,2023-02-28,Vente,88900,150,BD LOUIS BREGUET,59178000CS0577,Appartement,50,3.081407,50.380134
2023-759537,2023-03-20,Vente,124900,1030,BD JEANNE D ARC,59178000CH0064,Appartement,83,3.067905,50.372151
2023-759557,2023-03-01,Vente,199500,171,AV GEORGES CLEMENCEAU,59178000BW0488,Appartement,109,3.088917,50.372069
2023-759771,2023-03-14,Vente,114000,24,RUE MAURICE SCHUMANN,59178000CM0435,Maison,74,3.079334,50.386007
2023-759884,2023-03-23,Vente,75000,150,RUE MARGUERITE DE FLANDRE,59178000AM0124,Appartement,35,3.121682,50.401879
2023-760049,2023-03-31,Vente,192400,33,RUE DE FERIN,59178000AZ0055,Maison,75,3.078479,50.360517
2023-760115,2023-03-28,Vente,121450,109,RUE LEFEBVRE D ORVAL,59178000BD0247,Appartement,82,3.065892,50.36447
2023-760122,2023-03-30,Vente,213000,35,RUE NOTRE DAME DES WETZ,59178000BX0715,Appartement,101,3.078931,50.372064
2023-760157,2023-03-30,Vente,158760,38,RUE DES ECOLES,59178000BW0312,Maison,70,3.081757,50.372063
2023-760162,2023-03-31,Vente,75000,41,RUE DE LA BLANCHISSERIE,59178000CE0115,Maison,56,3.072397,50.366581
2023-760163,2023-04-03,Vente,217960,19,RUE PIERRE TERMIER,59178000BS0106,Maison,121,3.083758,50.382468
2023-760176,2023-03-30,Vente,139500,57,RUE DES FOULONS,59178000CD0986,Maison,153,,
2023-760181,2023-03-31,Vente,100000,259,RUE DES WETZ,59178000BW0021,Appartement,85,3.081248,50.374582
2023-760181,2023-03-31,Vente,100000,259,RUE DES WETZ,59178000BW0021,Appartement,25,3.081248,50.374582
2023-760181,2023-03-31,Vente,100000,259,RUE DES WETZ,59178000BW0021,Appartement,43,3.081248,50.374582
2023-760181,2023-03-31,Vente,100000,259,RUE DES WETZ,59178000BW0021,Appartement,32,3.081248,50.374582
2023-760181,2023-03-31,Vente,100000,259,RUE DES WETZ,59178000BW0021,Appartement,13,3.081248,50.374582
2023-760181,2023-03-31,Vente,100000,259,RUE DES WETZ,59178000BW0021,Appartement,35,3.081248,50.374582
2023-760197,2023-03-24,Vente,80500,125,RUE DELFOSSE,59178000BM0064,Maison,74,3.083128,50.392979
2023-760231,2023-03-13,Vente,84500,157,RUE MASSENET,59178000AR0137,Maison,61,3.096614,50.377449
2023-760259,2023-03-27,Vente,182900,137,RUE DE BELLAIN,59178000BX0348,Appartement,70,3.082125,50.369225
2023-760354,2023-03-24,Vente,165000,40,RUE FOUCQUES,59178000CD0780,Appartement,83,3.077108,50.367095
2023-760386,2023-03-08,Vente,90000,37,RUE DE FERIN,59178000AZ0054,Maison,75,3.078456,50.360462
2023-760466,2023-03-27,Vente,49000,66,RUE DE CUINCY,59178000CI0095,Maison,77,3.065307,50.37464
2023-760494,2023-03-29,Vente,45000,189,RUE SERVAL,59178000CR0868,Appartement,29,3.072285,50.37344
2023-760542,2023-03-16,Vente,690000,120,RUE MOREL,59178000BW0117,Appartement,67,3.087297,50.372974
2023-760574,2023-03-14,Vente,75100,61,PL DU MARCHE AUX POISSONS,59178000CD0248,Appartement,53,3.077742,50.368617
2023-760614,2023-03-14,Vente,57475,270,RUE DU BLOC,59178000CR0062,Maison,40,3.072965,50.370817
2023-760640,2023-03-24,Vente,248000,332,AV PAUL HENIN,59178000AY0576,Maison,162,3.085554,50.359261
2023-760647,2023-04-06,Vente,151200,2265,RTE DE TOURNAI,59178000AO0087,Maison,74,3.109794,50.395776
2023-760798,2023-04-06,Vente,163600,20,CHE DU MARAICHON FRAIS MARAIS,59178000AB0081,Maison,142,3.133546,50.409727
2023-760798,2023-04-06,Vente,163600,20,CHE DU MARAICHON FRAIS MARAIS,59178000AB0081,Maison,142,3.133546,50.409727
2023-760825,2023-03-30,Vente,115000,18,PL SAINT AME,59178000CE0190,Maison,89,3.076224,50.368805
2023-760847,2023-04-12,Vente,34000,167,RUE DES FERRONNIERS,59178000BX0464,Appartement,55,3.079918,50.369155
2023-760853,2023-04-07,Vente,55000,25,PL CHARLES DE GAULLE,59178000BX0262,Appartement,40,3.084099,50.367878
2023-760869,2023-03-31,Vente,51300,182,RUE GALLIENI,59178000AX0159,Maison,98,3.085391,50.349884
2023-760874,2023-04-03,Vente,298560,213,RUE DE LAMBRES,59178000BC0238,Maison,120,3.076178,50.360541
2023-760934,2023-03-30,Vente,287500,58,RUE DES WETZ,59178000BW0440,Appartement,83,3.080189,50.372832
2023-760934,2023-03-30,Vente,287500,58,RUE DES WETZ,59178000BW0440,Appartement,85,3.080189,50.372832
2023-760934,2023-03-30,Vente,287500,58,RUE DES WETZ,59178000BW0440,Appartement,107,3.080189,50.372832
2023-761143,2023-04-14,Vente,150100,67,VC VALLEZ,59178000BC0310,Maison,66,3.07699,50.360663
2023-761234,2023-03-27,Vente,190000,241,BD JEANNE D ARC,59178000BD0260,Appartement,69,3.06586,50.366009
2023-761249,2023-04-19,Vente,153080,106,RUE CUELENAERE,59178000AY0077,Maison,76,3.082425,50.361054
2023-761256,2023-04-13,Vente,74000,156,RUE MARCELINE,59178000BW0061,Appartement,51,3.086063,50.373827
2023-761352,2023-04-18,Vente,115820,69,PL D ARMES,59178000BX0788,Appartement,75,3.082889,50.368235
2023-761432,2023-03-27,Vente,49000,98,RUE DE ROUBAIX,59178000BV0049,Appartement,29,3.088183,50.376721
2023-761436,2023-03-31,Vente,154550,522,RUE DE CUINCY,59178000BI0172,Maison,75,3.059924,50.376866
2023-761500,2023-04-04,Vente,120000,258,BD ALBERT 1ER,59178000CP0081,Appartement,70,3.071266,50.374413
2023-761523,2023-03-31,Vente,166500,180,RUE PIERRE PLOUVAIN,59178000BK0690,Maison,76,3.065165,50.387012
2023-761552,2023-04-19,Vente,25666,57,RUE DES CLARISSES,59178000CD0521,Appartement,38,3.081721,50.365572
2023-761568,2023-04-12,Vente,97500,65,RUE PIERRE PLOUVAIN,59178000BK0715,Maison,74,3.06429,50.386419
2023-761651,2023-04-13,Vente,118000,28,RLE DES ARBALETRIERS,59178000CD0530,Appartement,33,3.080395,50.365966
2023-761769,2023-04-06,Vente,188000,471,RUE DE PARIS,59178000BZ0009,Appartement,127,3.079449,50.363751
2023-761774,2023-04-11,Vente,174310,382,BD ALBERT 1ER,59178000CP0115,Appartement,76,3.072616,50.375184
2023-761780,2023-04-05,Vente,600000,108,PL D ARMES,59178000CD0457,Appartement,117,3.082939,50.367326
2023-761780,2023-04-05,Vente,600000,108,PL D ARMES,59178000CD0457,Appartement,117,3.082939,50.367326
2023-761780,2023-04-05,Vente,600000,112,PL D ARMES,59178000CD0457,Appartement,96,3.082939,50.367326
2023-762149,2023-04-21,Vente,514100,87,RUE JEAN DE GOUY,59178000BX0118,Maison,219,3.08253,50.371116
2023-762154,2023-04-17,Vente,90000,64,RUE MARCELINE,59178000BW0072,Maison,78,3.085993,50.373086
2023-762167,2023-04-11,Vente,395000,363,RUE D ESQUERCHIN,59178000CE0010,Appartement,50,3.070344,50.371635
2023-762167,2023-04-11,Vente,395000,363,RUE D ESQUERCHIN,59178000CE0010,Appartement,40,3.070344,50.371635
2023-762167,2023-04-11,Vente,395000,363,RUE D ESQUERCHIN,59178000CE0010,Appartement,35,3.070344,50.371635
2023-762167,2023-04-11,Vente,395000,363,RUE D ESQUERCHIN,59178000CE0010,Appartement,40,3.070344,50.371635
2023-762167,2023-04-11,Vente,395000,363,RUE D ESQUERCHIN,59178000CE0010,Appartement,60,3.070344,50.371635
2023-762177,2023-04-21,Vente,127800,306,BD ALBERT 1ER,59178000CP0115,Appartement,77,3.072616,50.375184
2023-762186,2023-04-27,Vente,195000,135,RUE SAINT JACQUES,59178000BW0336,Maison,92,3.083997,50.371333
2023-762192,2023-05-03,Vente,15000,141,RUE DU PONT DU RIVAGE,59178000CR0667,Appartement,30,3.075736,50.370693
2023-762195,2023-05-02,Vente,82000,150,RUE MARGUERITE DE FLANDRE,59178000AM0124,Appartement,42,3.121682,50.401879
2023-762203,2023-04-13,Vente,129900,196,RUE LOUIS BLERIOT,59178000CH0241,Appartement,85,3.063621,50.370741
2023-762248,2023-04-28,Vente,86000,511,RUE EMILE BASLY,59178000BR0290,Maison,66,3.092396,50.389581
2023-762253,2023-04-25,Vente,95900,251,BD PASTEUR,59178000BC0660,Appartement,83,3.074089,50.363101
2023-762271,2023-04-17,Vente,96500,138,RUE LOUIS BLERIOT,59178000CH0245,Appartement,47,3.063719,50.371312
2023-762280,2023-04-21,Vente,175500,52,RUE DES GLACIS,59178000BZ0200,Appartement,58,3.082746,50.362999
2023-762377,2023-05-02,Vente,169500,302,RUE DU PARC,59178000BN0414,Maison,93,3.089681,50.39731
2023-762449,2023-04-24,Vente,50000,30,RUE DE LA CLORIS,59178000BX0575,Appartement,30,3.078404,50.368973
2023-762518,2023-04-25,Vente,82000,109,RUE LEFEBVRE D ORVAL,59178000BD0247,Appartement,70,3.065892,50.36447
2023-762524,2023-04-28,Vente,150000,351,BD PASTEUR,59178000BC0647,Appartement,88,3.072534,50.363212
2023-762590,2023-04-17,Vente,142000,1030,BD JEANNE D ARC,59178000CH0064,Appartement,83,3.067905,50.372151
2023-762597,2023-04-13,Vente,159900,584,RUE GUYNEMER,59178000BH0048,Maison,103,3.058162,50.372161
2023-762611,2023-04-26,Vente,54900,168,RUE DES BLANCS MOUCHONS,59178000BX0107,Maison,80,3.081212,50.371633
2023-762627,2023-05-09,Vente,130000,463,RUE DE PARIS,59178000BZ0009,Appartement,84,3.079449,50.363751
2023-762741,2023-05-05,Vente,340000,253,RUE D ARLEUX,59178000BZ0087,Maison,109,3.079394,50.361843
2023-762876,2023-05-17,Vente,110000,4240,RTE DE TOURNAI,59178000AC0003,Maison,87,3.128433,50.40766
2023-762883,2023-05-17,Vente,338000,106,AV DU QUATRE SEPTEMBRE,59178000BZ0689,Maison,118,3.089374,50.364103
2023-762976,2023-05-04,Vente,120000,114,RUE PIERRE BECQUET DE MEGILLE,59178000BC0089,Maison,103,3.07166,50.358418
2023-763003,2023-04-25,Vente,112900,57,RUE DES VIERGES,59178000CE0294,Maison,104,3.074038,50.370248
2023-763010,2023-05-03,Vente,60000,167,RUE ARTHUR RIMBAUD,59178000BD0477,Appartement,56,3.063152,50.366244
2023-763024,2023-04-25,Vente,266000,747,QUAI DEVIGNE,59178000BC0478,Maison,122,3.070475,50.359033
2023-763024,2023-04-25,Vente,266000,747,QUAI DEVIGNE,59178000BC0478,Maison,122,3.070475,50.359033
2023-763041,2023-05-10,Vente,165000,494,AV DE STRASBOURG,59178000CL0138,Maison,81,3.074527,50.383751
2023-763059,2023-05-12,Vente,210000,58,QUAI DES FONTAINETTES,59178000CO0065,Maison,78,3.075831,50.378888
2023-763076,2023-04-28,Vente,104900,14,VC DHAINAUT,59178000BM1732,Maison,79,3.081261,50.392499
2023-763085,2023-05-16,Vente,459660,470,RUE DE FERIN,59178000BC0421,Appartement,18,3.075574,50.357265
2023-763085,2023-05-16,Vente,459660,470,RUE DE FERIN,59178000BC0421,Appartement,18,3.075574,50.357265
2023-763085,2023-05-16,Vente,459660,470,RUE DE FERIN,59178000BC0421,Appartement,23,3.075574,50.357265
2023-763085,2023-05-16,Vente,459660,470,RUE DE FERIN,59178000BC0421,Appartement,23,3.075574,50.357265
2023-763085,2023-05-16,Vente,459660,470,RUE DE FERIN,59178000BC0421,Appartement,24,3.075574,50.357265
2023-763085,2023-05-16,Vente,459660,470,RUE DE FERIN,59178000BC0421,Maison,70,3.075574,50.357265
2023-763085,2023-05-16,Vente,459660,470,RUE DE FERIN,59178000BC0421,Appartement,18,3.075574,50.357265
2023-763085,2023-05-16,Vente,459660,470,RUE DE FERIN,59178000BC0421,Appartement,24,3.075574,50.357265
2023-763085,2023-05-16,Vente,459660,470,RUE DE FERIN,59178000BC0421,Appartement,18,3.075574,50.357265
2023-763085,2023-05-16,Vente,459660,470,RUE DE FERIN,59178000BC0421,Appartement,17,3.075574,50.357265
2023-763099,2023-04-28,Vente,172000,34,RUE COULOMB,59178000CO0030,Maison,109,3.075143,50.378659
2023-763287,2023-05-05,Vente,222000,583,RUE DE LAMBRES,59178000BC0629,Maison,93,3.073403,50.357944
2023-763296,2023-05-22,Vente,237900,2957,RTE DE TOURNAI,59178000AN0122,Maison,94,3.117,50.400087
2023-763388,2023-05-12,Vente,165700,90,AV CARDON,59178000AC0006,Maison,90,3.129796,50.407593
2023-763425,2023-05-17,Vente,95000,199,RUE BERTHE GARNIER,59178000CL0102,Maison,67,3.076208,50.385791
2023-763511,2023-05-24,Vente,347000,129,RUE DE LA HERSE,59178000CR0025,Maison,96,3.072072,50.372719
2023-763525,2023-05-26,Vente,70000,150,BD LOUIS BREGUET,59178000CS0577,Appartement,27,3.081407,50.380134
2023-763553,2023-05-23,Vente,93000,151,RUE DELFOSSE,59178000BM0067,Maison,74,3.082904,50.393151
2023-763612,2023-05-15,Vente,82125,251,BD PASTEUR,59178000BC0660,Appartement,97,3.074089,50.363101
2023-763620,2023-05-02,Vente,95000,18,RUE DU TAON,59178000BR0178,Maison,68,3.091198,50.389004
2023-763636,2023-05-04,Vente,71575,168,AV DES ALIZES,59178000BR0308,Maison,68,3.090982,50.388596
2023-763671,2023-05-30,Vente,178000,41,RUE DE L HIPPODROME,59178000BZ0295,Maison,60,3.082962,50.364165
2023-763683,2023-05-23,Vente,89000,51,RUE DELABY,59178000CO0045,Maison,89,3.075655,50.379376
2023-763749,2023-05-26,Vente,303620,540,AV DU QUATRE SEPTEMBRE,59178000AY0419,Maison,220,3.084824,50.361431
2023-763764,2023-05-30,Vente,110000,10,RUE REMY DUHEM,59178000AX0289,Maison,70,3.086036,50.350701
2023-763822,2023-06-02,Vente,36500,167,RUE DES FERRONNIERS,59178000BX0464,Appartement,26,3.079918,50.369155
2023-763883,2023-06-02,Vente,83000,150,RUE MARGUERITE DE FLANDRE,59178000AM0124,Appartement,41,3.121682,50.401879
2023-763911,2023-05-12,Vente,65000,53,RUE VICTOR HUGO,59178000BW0216,Appartement,79,3.085769,50.371101
2023-763915,2023-06-02,Vente,280000,49,PL D ARMES,59178000BX0296,Appartement,112,3.082595,50.368169
2023-763935,2023-05-22,Vente,107000,382,BD ALBERT 1ER,59178000CP0115,Appartement,78,3.072616,50.375184
2023-763949,2023-05-12,Vente,114000,1182,RUE DU FBG DE BETHUNE,59178000BK0373,Maison,82,3.060607,50.385376
2023-763951,2023-05-15,Vente,102300,146,RUE EDITH PIAF,59178000BR0320,Maison,81,3.089984,50.389707
2023-764058,2023-05-11,Vente,110000,508,BD ALBERT 1ER,59178000CP0116,Appartement,73,3.073704,50.376161
2023-764115,2023-05-17,Vente,196000,3031,RTE DE TOURNAI,59178000AN0018,Maison,198,3.117488,50.400597
2023-764207,2023-06-05,Vente,210010,59,RUE MOREL,59178000BW0075,Appartement,164,3.085968,50.372834
2023-764280,2023-05-17,Vente,80000,361,RUE MOREL,59178000BV0122,Appartement,73,3.087528,50.374531
2023-764282,2023-05-17,Vente,136700,293,QUAI DEVIGNE,59178000BC0647,Appartement,88,3.072534,50.363212
2023-764300,2023-05-24,Vente,214900,371,RUE DU FBG DE BETHUNE,59178000BI0388,Maison,93,3.062987,50.378518
2023-764300,2023-05-24,Vente,214900,371,RUE DU FBG DE BETHUNE,59178000BI0388,Maison,93,3.062987,50.378518
2023-764319,2023-05-16,Vente,151200,305,RUE SAINT ALBIN,59178000CR0271,Maison,93,3.077335,50.375043
2023-764346,2023-05-25,Vente,209400,102,RUE LEON GAMBETTA,59178000BX0371,Appartement,105,3.08124,50.368859
2023-764496,2023-06-13,Vente,787867.7,9046,RUE DES TRANNOIS,59178000BO0206,Appartement,32,3.090917,50.391083
2023-764496,2023-06-13,Vente,787867.7,9046,RUE DES TRANNOIS,59178000BO0206,Appartement,566,3.090917,50.391083
2023-764581,2023-06-07,Vente,101700,557,RUE DU FORT DE SCARPE,59178000BP0037,Maison,120,3.10265,50.395618
2023-764585,2023-06-06,Vente,201000,201,BD JEANNE D ARC,59178000BD0240,Maison,91,3.066399,50.365728
2023-764633,2023-06-12,Vente,170000,85,BD PAUL PHALEMPIN,59178000BY0087,Maison,132,3.088846,50.370048
2023-764634,2023-06-13,Vente,173500,395,RUE DES WETZ,59178000BW0622,Appartement,73,3.082721,50.375341
2023-764675,2023-05-17,Vente,86500,110,RUE VICTOR HUGO,59178000BW0531,Appartement,1,3.08559,50.370446
2023-764708,2023-05-16,Vente,150000,315,BD JEANNE D ARC,59178000BD0283,Maison,144,3.065022,50.366382
2023-764740,2023-05-31,Vente,25000,141,RUE DU PONT DU RIVAGE,59178000CR0667,Appartement,15,3.075736,50.370693
2023-764778,2023-06-08,Vente,73400,150,RUE MARGUERITE DE FLANDRE,59178000AM0124,Appartement,34,3.121682,50.401879
2023-764823,2023-05-31,Vente,61000,295,QUAI DEVIGNE,59178000BC0647,Appartement,50,3.072534,50.363212
2023-764839,2023-06-19,Vente,303038.03,80,RUE DU DOCTEUR LEQUIEN,59178000CS0043,Maison,103,3.085526,50.381779
2023-764839,2023-06-19,Vente,303038.03,94,RUE DU DOCTEUR LEQUIEN,59178000CS0406,Maison,71,3.085502,50.381876
2023-764931,2023-06-15,Vente,200000,204,AV DU QUATRE SEPTEMBRE,59178000BZ0807,Maison,130,3.088447,50.363494
2023-765012,2023-06-16,Vente,63200,47,RUE ARTHUR RIMBAUD,59178000BD0480,Appartement,69,3.063845,50.366208
2023-765052,2023-06-12,Vente,159000,7,RUE REMY DUHEM,59178000AX0398,Maison,87,3.08547,50.350529
2023-765114,2023-06-09,Vente,258340,282,BD DE LA REPUBLIQUE,59178000CR0132,Appartement,17,3.073093,50.374005
2023-765114,2023-06-09,Vente,258340,282,BD DE LA REPUBLIQUE,59178000CR0132,Appartement,18,3.073093,50.374005
2023-765114,2023-06-09,Vente,258340,282,BD DE LA REPUBLIQUE,59178000CR0132,Appartement,16,3.073093,50.374005
2023-765114,2023-06-09,Vente,258340,282,BD DE LA REPUBLIQUE,59178000CR0132,Appartement,16,3.073093,50.374005
2023-765114,2023-06-09,Vente,258340,282,BD DE LA REPUBLIQUE,59178000CR0132,Appartement,17,3.073093,50.374005
2023-765114,2023-06-09,Vente,258340,282,BD DE LA REPUBLIQUE,59178000CR0132,Appartement,14,3.073093,50.374005
2023-765205,2023-06-08,Vente,124000,88,RUE REMY DUHEM,59178000AX0388,Maison,71,3.085555,50.351363
2023-765213,2023-05-23,Vente,130000,69,PL D ARMES,59178000BX0788,Appartement,60,3.082889,50.368235
2023-765266,2023-06-16,Vente,134400,83,IMP LEBLOND,59178000BK0351,Maison,69,3.061671,50.38274
2023-765298,2023-06-25,Vente,200000,76,RUE DU TEMPLE,59178000BT0200,Appartement,79,3.087345,50.378189
2023-765298,2023-06-25,Vente,200000,76,RUE DU TEMPLE,59178000BT0200,Appartement,63,3.087345,50.378189
2023-765298,2023-06-25,Vente,200000,76,RUE DU TEMPLE,59178000BT0200,Appartement,63,3.087345,50.378189
2023-765325,2023-06-05,Vente,238360,143,RUE DES BLANCS MOUCHONS,59178000BX0082,Appartement,124,3.080694,50.37152
2023-765382,2023-06-05,Vente,222000,89,RUE CUELENAERE,59178000AY0042,Maison,125,3.082117,50.360652
2023-765441,2023-06-13,Vente,200440,146,RUE DU ONZE NOVEMBRE,59178000BW0164,Maison,100,3.088387,50.37299
2023-765469,2023-06-15,Vente,163000,189,RUE SERVAL,59178000CR0868,Appartement,89,3.072285,50.37344
2023-765541,2023-05-31,Vente,550000,70,RUE DE BELLAIN,59178000BX0306,Maison,125,3.082583,50.368626
2023-765663,2023-06-27,Vente,221500,254,RUE DE CAMBRAI,59178000AZ0062,Maison,85,3.078651,50.36038
2023-765664,2023-06-13,Vente,79950,49,RUE GEORGES MARONIER,59178000CN0626,Maison,72,3.073362,50.380629
2023-765673,2023-06-06,Vente,55000,20,VC DE L ESCREBIEUX,59178000BM1655,Maison,52,3.082636,50.39629
2023-765682,2023-06-23,Vente,36000,377,RUE DE L ABBAYE DES PRES,59178000CS0382,Appartement,15,3.082494,50.377528
2023-765686,2023-06-12,Vente,106000,191,RUE DU GENERAL HERMENT,59178000BK0111,Maison,49,3.066715,50.382922
2023-765745,2023-06-15,Vente,105000,2403,RTE DE TOURNAI,59178000AO0062,Maison,36,3.111398,50.396629
2023-765769,2023-06-01,Vente,92000,194,RUE LOUIS BLERIOT,59178000CH0241,Appartement,45,3.063621,50.370741
2023-765796,2023-06-26,Vente,194400,278,RUE GIROUD,59178000CS0608,Appartement,94,3.081006,50.377345
2023-765919,2023-06-30,Vente,135500,23,RUE MARGUERITE DE FLANDRE,59178000AL0200,Maison,57,3.121902,50.402925
2023-765947,2023-06-28,Vente,250000,273,RUE EMILE BASLY,59178000BR0114,Maison,108,3.090827,50.387771
2023-765947,2023-06-28,Vente,250000,273,RUE EMILE BASLY,59178000BR0114,Maison,108,3.090827,50.387771
2023-766004,2023-06-26,Vente,175000,98,RUE HENRI LAJUS,59178000CN0093,Maison,59,3.079658,50.382919
2023-766102,2023-06-19,Vente,70000,300,RUE DE BEAUTOR,59178000BO0045,Maison,34,3.092503,50.395795
2023-766115,2023-06-26,Vente,254000,305,RUE D'ARCY,59178000AL0450,Maison,95,3.125504,50.404963
2023-766124,2023-06-07,Vente,113000,1030,BD JEANNE D ARC,59178000CH0064,Appartement,77,3.067905,50.372151
2023-766132,2023-07-03,Vente,63800,56,RUE DES FOULONS,59178000CD0858,Appartement,38,3.078136,50.367971
2023-766159,2023-06-19,Vente,165400,225,RUE CONSTANT DUTILLEUX,59178000AV0202,Maison,80,3.089428,50.361088
2023-766165,2023-06-27,Vente,129900,201,RUE FRANCOIS LEMAIRE,59178000CR0389,Maison,103,3.079887,50.376722
2023-766360,2023-06-22,Vente,111700,71,RUE ALCIDE MOCHE,59178000BM0211,Maison,87,3.084028,50.394773
2023-766373,2023-06-28,Vente,274990,209,RUE JEAN DE BOLOGNE,59178000CR0153,Maison,194,3.074922,50.37347
2023-766413,2023-07-04,Vente,180000,99,RUE DE LILLE,59178000BV0033,Maison,146,3.088993,50.376695
2023-766580,2023-06-15,Vente,235900,538,BD JEANNE D ARC,59178000CH0124,Maison,115,3.064922,50.368535
2023-766580,2023-06-15,Vente,235900,538,BD JEANNE D ARC,59178000CH0124,Maison,115,3.064922,50.368535
2023-766589,2023-06-29,Vente,84900,15,RUE VICTOR HUGO,59178000BW0494,Appartement,82,3.084833,50.371364
2023-766590,2023-06-27,Vente,106000,116,RUE REMY DUHEM,59178000AX0272,Maison,70,3.085366,50.351581
2023-766599,2023-07-10,Vente,70000,4230,RTE DE TOURNAI,59178000AC0002,Maison,83,3.128287,50.407589
2023-766677,2023-06-21,Vente,50000,304,RUE JEAN DE BOLOGNE,59178000CR0247,Maison,58,3.075832,50.374084
2023-766769,2023-06-14,Vente,116000,110,RUE VICTOR HUGO,59178000BW0531,Appartement,1,3.08559,50.370446
2023-766775,2023-07-07,Vente,55000,631,CHE DU HALAGE,59178000CM0126,Maison,54,3.080513,50.384045
2023-766786,2023-06-21,Vente,130000,92,RUE DE LAMBRES,59178000BC0636,Maison,80,3.076917,50.361629
2023-766832,2023-07-07,Vente,130000,87,RUE DU PONT DU RIVAGE,59178000CR0739,Appartement,70,3.076447,50.370493
2023-766832,2023-07-07,Vente,130000,87,RUE DU PONT DU RIVAGE,59178000CR0739,Appartement,35,3.076447,50.370493
2023-766832,2023-07-07,Vente,130000,87,RUE DU PONT DU RIVAGE,59178000CR0739,Appartement,35,3.076447,50.370493
2023-766992,2023-06-30,Vente,167000,310,RUE DE FLERS,59178000BK0934,Maison,80,3.06446,50.384518
2023-767043,2023-07-11,Vente,88350,13,RUE LOUIS CHAPPUY,59178000AK0961,Maison,57,3.132652,50.39483
2023-767052,2023-07-06,Vente,61985,978,BD ALBERT 1ER,59178000CP0125,Maison,40,3.078598,50.379432
2023-767314,2023-06-30,Vente,75000,355,AV DE METZ,59178000CL0221,Maison,80,3.070039,50.381614
2023-767331,2023-07-03,Vente,119900,12,RUE THEOPHILE BRA,59178000CD0607,Maison,77,3.079132,50.364813
2023-767339,2023-06-30,Vente,60000,47,RUE DE LA TOUR DES DAMES,59178000CS0131,Maison,70,3.082439,50.378832
2023-767348,2023-07-10,Vente,94100,1090,BD JEANNE D ARC,59178000CH0159,Appartement,79,3.068438,50.372442
2023-767352,2023-07-06,Vente,199400,129,RUE SAINT JACQUES,59178000BW0335,Maison,105,3.083976,50.371283
2023-767543,2023-07-19,Vente,185100,130,RUE DU ONZE NOVEMBRE,59178000BW0161,Appartement,16,3.088251,50.372852
2023-767543,2023-07-19,Vente,185100,130,RUE DU ONZE NOVEMBRE,59178000BW0161,Appartement,28,3.088251,50.372852
2023-767543,2023-07-19,Vente,185100,130,RUE DU ONZE NOVEMBRE,59178000BW0161,Appartement,23,3.088251,50.372852
2023-767543,2023-07-19,Vente,185100,130,RUE DU ONZE NOVEMBRE,59178000BW0161,Appartement,29,3.088251,50.372852
2023-767543,2023-07-19,Vente,185100,130,RUE DU ONZE NOVEMBRE,59178000BW0161,Appartement,30,3.088251,50.372852
2023-767543,2023-07-19,Vente,185100,130,RUE DU ONZE NOVEMBRE,59178000BW0161,Appartement,17,3.088251,50.372852
2023-767543,2023-07-19,Vente,185100,130,RUE DU ONZE NOVEMBRE,59178000BW0161,Appartement,21,3.088251,50.372852
2023-767543,2023-07-19,Vente,185100,130,RUE DU ONZE NOVEMBRE,59178000BW0161,Appartement,20,3.088251,50.372852
2023-767680,2023-07-12,Vente,44398.02,12,RUE DES FRANSURES,59178000CR0625,Appartement,18,3.077136,50.369949
2023-767735,2023-06-30,Vente,332500,114,RUE SAINT THOMAS,59178000BW0357,Maison,177,3.083229,50.372056
2023-767738,2023-06-21,Vente,92000,4211,RTE DE TOURNAI,59178000AB0133,Maison,83,3.12779,50.407764
2023-767799,2023-07-10,Vente,192000,104,RUE GASTON DOUMERGUE,59178000BD0214,Maison,106,3.067222,50.364522
2023-767824,2023-07-20,Vente,151000,4248,RTE DE TOURNAI,59178000AC0039,Maison,95,3.128534,50.407753
2023-767825,2023-07-07,Vente,73000,391,RUE MOREL,59178000BV0122,Appartement,88,3.087528,50.374531
2023-767842,2023-06-30,Vente,150000,509,RUE ABEL DEPRET,59178000AM0027,Maison,101,3.128314,50.399257
2023-767927,2023-07-19,Vente,193700,48,RUE DU CHEMIN VERT,59178000BD0329,Maison,115,3.06328,50.367686
2023-768042,2023-07-13,Vente,320000,381,RUE DE PARIS,59178000BZ0399,Appartement,60,3.07981,50.364549
2023-768042,2023-07-13,Vente,320000,381,RUE DE PARIS,59178000BZ0399,Appartement,58,3.07981,50.364549
2023-768042,2023-07-13,Vente,320000,381,RUE DE PARIS,59178000BZ0399,Appartement,59,3.07981,50.364549
2023-768044,2023-07-13,Vente,56500,238,RUE DE BREBIERES,59178000BD0528,Appartement,103,3.066946,50.363182
2023-768175,2023-07-17,Vente,129000,455,BD DE LA REPUBLIQUE,59178000CP0085,Appartement,82,3.074179,50.375581
2023-768303,2023-07-20,Vente,168000,52,QUAI DE BOISSET,59178000BM0005,Appartement,12,3.08081,50.392329
2023-768303,2023-07-20,Vente,168000,52,QUAI DE BOISSET,59178000BM0005,Appartement,14,3.08081,50.392329
2023-768303,2023-07-20,Vente,168000,52,QUAI DE BOISSET,59178000BM0005,Appartement,12,3.08081,50.392329
2023-768303,2023-07-20,Vente,168000,52,QUAI DE BOISSET,59178000BM0005,Appartement,13,3.08081,50.392329
2023-768388,2023-07-21,Vente,147250,109,RUE LEFEBVRE D ORVAL,59178000BD0247,Appartement,82,3.065892,50.36447
2023-768525,2023-07-27,Vente,38000,322,BD ALBERT 1ER,59178000CP0115,Appartement,26,3.072616,50.375184
2023-768546,2023-07-26,Vente,75000,1030,BD JEANNE D ARC,59178000CH0064,Appartement,66,3.067905,50.372151
2023-768547,2023-07-20,Vente,156000,362,RUE SERVAL,59178000CR1018,Appartement,71,3.073966,50.37414
2023-768549,2023-07-07,Vente,155000,110,RUE VICTOR HUGO,59178000BW0531,Appartement,1,3.08559,50.370446
2023-768550,2023-07-07,Vente,95000,110,RUE VICTOR HUGO,59178000BW0531,Appartement,1,3.08559,50.370446
2023-768817,2023-07-24,Vente,88000,85,RUE DU CAPITAINE LOUIS MADIOT,59178000BH0539,Appartement,44,3.0582,50.37329
2023-768841,2023-07-26,Vente,215000,125,RUE D OCRE,59178000CR0288,Maison,93,3.076887,50.376273
2023-768920,2023-07-17,Vente,138000,110,RUE VICTOR HUGO,59178000BW0531,Appartement,1,3.08559,50.370446
2023-768949,2023-07-21,Vente,135000,117,RUE DE L EGLISE DORIGNIES,59178000BM0183,Maison,71,3.081696,50.393596
2023-768951,2023-07-27,Vente,168000,343,RUE DU FBG DE PARIS,59178000AW0258,Maison,65,3.085185,50.353411
2023-768982,2023-07-12,Vente,214700,10,RUE PIERRE DUBOIS,59178000BV0189,Maison,153,3.087167,50.373848
2023-769022,2023-07-12,Vente,96300,108,RUE DE LA FERME,59178000BN0313,Maison,85,3.088028,50.394139
2023-769110,2023-07-19,Vente,214751.8,540,AV DU QUATRE SEPTEMBRE,59178000AY0418,Maison,220,3.0847,50.361495
2023-769147,2023-07-21,Vente,199500,130,RUE LEO LAGRANGE,59178000AW0215,Maison,83,3.085816,50.355174
2023-769147,2023-07-21,Vente,199500,130,RUE LEO LAGRANGE,59178000AW0215,Maison,83,3.085816,50.355174
2023-769342,2023-08-10,Vente,95000,150,BD LOUIS BREGUET,59178000CS0577,Appartement,63,3.081407,50.380134
2023-769352,2023-08-08,Vente,228000,331,RUE DE FLERS,59178000BK0518,Maison,91,3.064443,50.385076
2023-769352,2023-08-08,Vente,228000,331,RUE DE FLERS,59178000BK0518,Maison,91,3.064443,50.385076
2023-769354,2023-07-17,Vente,248500,295,QUAI DEVIGNE,59178000BC0647,Appartement,114,3.072534,50.363212
2023-769357,2023-07-20,Vente,124900,39,RUE PIERRE DUBOIS,59178000BW0085,Appartement,72,3.086857,50.373692
2023-769481,2023-07-26,Vente,57500,63,AV DES ERABLES,59178000CK0056,Maison,55,3.065018,50.379977
2023-769501,2023-07-24,Vente,136500,212,RUE FRANCOIS LEMAIRE,59178000CR0956,Appartement,95,3.080669,50.376432
2023-769506,2023-07-31,Vente,90700,229,BD DE LIEGE,59178000BW0096,Appartement,57,3.089007,50.3743
2023-769600,2023-07-27,Vente,25000,14,VC DHAINAUT,59178000BM0122,Maison,38,3.080946,50.392546
2023-769648,2023-07-28,Vente,107000,304,RUE DU FBG DE BETHUNE,59178000CK0294,Maison,62,3.064056,50.378193
2023-769673,2023-07-28,Vente,80000,150,BD LOUIS BREGUET,59178000CS0577,Appartement,48,3.081407,50.380134
2023-769699,2023-08-23,Vente,420000,173,RUE DE BREBIERES,59178000BD0133,Maison,166,3.06793,50.363566
2023-769705,2023-08-01,Vente,30000,98,RUE DE ROUBAIX,59178000BV0049,Appartement,23,3.088183,50.376721
2023-769727,2023-08-22,Vente,53140,102,RUE LEON GAMBETTA,59178000BX0371,Appartement,34,3.08124,50.368859
2023-769728,2023-08-11,Vente,200310,237,RUE DE FERIN,59178000AZ0031,Maison,98,3.077118,50.358972
2023-769957,2023-08-24,Vente,60000,394,AV DU QUATRE SEPTEMBRE,59178000BZ0846,Appartement,40,3.086646,50.362477
2023-770016,2023-08-04,Vente,180000,40,RUE DE L ARBRE SEC,59178000CR0167,Appartement,30,3.074121,50.373062
2023-770016,2023-08-04,Vente,180000,40,RUE DE L ARBRE SEC,59178000CR0167,Appartement,26,3.074121,50.373062
2023-770016,2023-08-04,Vente,180000,40,RUE DE L ARBRE SEC,59178000CR0167,Appartement,60,3.074121,50.373062
2023-770128,2023-08-23,Vente,189500,25,RUE FORTIER,59178000BW0350,Maison,120,3.084718,50.371997
2023-770511,2023-08-28,Vente,177000,31,RUE LEFEBVRE D ORVAL,59178000BD0258,Maison,89,3.065866,50.365669
2023-770608,2023-08-30,Vente,164000,249,RUE DE FLANDRE,59178000BT0096,Appartement,45,3.086945,50.379295
2023-770666,2023-08-29,Vente,142500,323,AV DE STRASBOURG,59178000CN0300,Maison,164,3.074243,50.38201
2023-770666,2023-08-29,Vente,142500,323,AV DE STRASBOURG,59178000CN0300,Maison,164,3.074243,50.38201
2023-770670,2023-08-31,Vente,172000,65,RUE DU GOUVERNEMENT,59178000BX0005,Appartement,95,3.078513,50.371084
2023-770754,2023-09-06,Vente,188690,133,RUE DES VIERGES,59178000CE0305,Appartement,25,3.073077,50.370213
2023-770754,2023-09-06,Vente,188690,133,RUE DES VIERGES,59178000CE0305,Appartement,35,3.073077,50.370213
2023-770754,2023-09-06,Vente,188690,133,RUE DES VIERGES,59178000CE0305,Appartement,35,3.073077,50.370213
2023-770754,2023-09-06,Vente,188690,133,RUE DES VIERGES,59178000CE0305,Appartement,40,3.073077,50.370213
2023-770886,2023-09-05,Vente,145470,88,RUE NUNGESSER ET COLI,59178000BH0112,Maison,102,3.057425,50.370656
2023-770901,2023-08-24,Vente,157700,960,BD JEANNE D ARC,59178000CH0079,Maison,94,3.066893,50.371759
2023-771034,2023-08-29,Vente,51900,318,RUE DU CANTELEU,59178000BY0011,Appartement,36,3.08605,50.367712
2023-771069,2023-09-06,Vente,104900,136,RUE MARCELINE,59178000BW0061,Appartement,73,3.086063,50.373827
2023-771077,2023-08-30,Vente,106000,41,RUE SAINT SAMSON,59178000CE0254,Maison,128,3.074718,50.369698
2023-771078,2023-08-24,Vente,150000,27,RUE SAINT THOMAS,59178000BW0626,Appartement,162,3.084124,50.371406
2023-771080,2023-08-29,Vente,121000,234,QUAI DE LA BARQUE,59178000BV0115,Appartement,62,3.085102,50.377432
2023-771163,2023-09-07,Vente,288750,106,RUE CHARLES MONTSARRAT,59178000BZ0662,Maison,150,3.086531,50.36327
2023-771168,2023-09-06,Vente,239000,249,RUE DE FLANDRE,59178000BT0096,Appartement,64,3.086945,50.379295
2023-771174,2023-08-23,Vente,47500,35,RUE NOTRE DAME DES WETZ,59178000BX0715,Appartement,32,3.078931,50.372064
2023-771180,2023-07-24,Vente,140510,503,RUE DE LAMBRES,59178000BC0383,Maison,90,3.07392,50.358548
2023-771182,2023-09-08,Vente,100000,20,RUE DE LA CUVE D OR,59178000CD0462,Appartement,83,3.08361,50.366944
2023-771183,2023-08-28,Vente,91000,16,BD LAHURE,59178000CS0016,Appartement,111,3.079686,50.380373
2023-771276,2023-09-14,Vente,168000,249,RUE DE FLANDRE,59178000BT0096,Appartement,45,3.086945,50.379295
2023-771279,2023-08-31,Vente,83000,102,RUE LEON GAMBETTA,59178000BX0371,Appartement,62,3.08124,50.368859
2023-771284,2023-09-11,Vente,33000,35,RUE NOTRE DAME DES WETZ,59178000BX0715,Appartement,30,3.078931,50.372064
2023-771285,2023-09-13,Vente,95000,370,AV D ALSACE LORRAINE,59178000CN0048,Maison,106,3.077161,50.383902
2023-771287,2023-09-07,Vente,37500,134,RUE DES VIERGES,59178000CR1054,Appartement,34,3.07298,50.37035
2023-771287,2023-09-07,Vente,37500,134,RUE DES VIERGES,59178000CR1054,Appartement,22,3.07298,50.37035
2023-771287,2023-09-07,Vente,37500,134,RUE DES VIERGES,59178000CR1054,Appartement,38,3.07298,50.37035
2023-771292,2023-09-13,Vente,178650,69,RUE PAUL FORT,59178000BL0389,Maison,97,3.061009,50.386984
2023-771294,2023-09-13,Vente,215000,156,RUE DE FERIN,59178000BC0318,Maison,152,3.076937,50.359956
2023-771367,2023-09-01,Vente,220000,79,RUE JACQUES BREL,59178000CK0605,Maison,105,3.069067,50.379984
2023-771396,2023-09-06,Vente,345000,40,RUE MERLIN DE DOUAI,59178000BX0589,Appartement,21,3.078516,50.369324
2023-771396,2023-09-06,Vente,345000,40,RUE MERLIN DE DOUAI,59178000BX0589,Appartement,38,3.078516,50.369324
2023-771396,2023-09-06,Vente,345000,40,RUE MERLIN DE DOUAI,59178000BX0589,Appartement,38,3.078516,50.369324
2023-771396,2023-09-06,Vente,345000,40,RUE MERLIN DE DOUAI,59178000BX0589,Appartement,38,3.078516,50.369324
2023-771396,2023-09-06,Vente,345000,40,RUE MERLIN DE DOUAI,59178000BX0589,Appartement,38,3.078516,50.369324
2023-771396,2023-09-06,Vente,345000,40,RUE MERLIN DE DOUAI,59178000BX0589,Appartement,38,3.078516,50.369324
2023-771396,2023-09-06,Vente,345000,40,RUE MERLIN DE DOUAI,59178000BX0589,Appartement,38,3.078516,50.369324
2023-771396,2023-09-06,Vente,345000,40,RUE MERLIN DE DOUAI,59178000BX0589,Appartement,38,3.078516,50.369324
2023-771479,2023-09-20,Vente,158202,39,RUE DU ONZE NOVEMBRE,59178000BW0641,Appartement,73,3.086991,50.372371
2023-771695,2023-09-08,Vente,56900,318,RUE DU CANTELEU,59178000BY0011,Appartement,36,3.08605,50.367712
2023-771779,2023-09-18,Vente,76000,201,ALL ALBERT CAMUS,59178000CK0586,Appartement,50,3.071813,50.379164
2023-771807,2023-09-08,Vente,100000,272,BD ALBERT 1ER,59178000CP0081,Appartement,80,3.071266,50.374413
2023-771826,2023-09-14,Vente,144900,428,RUE DU POLYGONE,59178000CN0109,Appartement,61,3.080055,50.382702
2023-771923,2023-08-31,Vente,52900,17,COUR VANESSE,59178000BM0844,Maison,70,3.083757,50.392482
2023-771943,2023-08-31,Vente,100000,775,BD DE LA REPUBLIQUE,59178000CP0118,Maison,63,3.077444,50.377396
2023-771988,2023-09-15,Vente,165000,81,PL D ARMES,59178000BX0289,Appartement,82,3.083193,50.368057
2023-771996,2023-09-15,Vente,75000,273,RUE D OCRE,59178000CP0073,Appartement,68,3.076308,50.377628
2023-772006,2023-09-13,Vente,119300,330,RUE LEFEBVRE D ORVAL,59178000BE0077,Appartement,67,3.061729,50.365414
2023-772007,2023-09-20,Vente,146000,272,RUE DE BAILLIENCOURT,59178000BS0037,Maison,81,3.082486,50.384405
2023-772114,2023-09-06,Vente,110000,508,BD ALBERT 1ER,59178000CP0116,Appartement,90,3.073704,50.376161
2023-772132,2023-09-19,Vente,97400,229,BD DE LIEGE,59178000BW0096,Appartement,66,3.089007,50.3743
2023-772139,2023-09-18,Vente,221000,122,RUE CUELENAERE,59178000AY0075,Maison,93,3.082349,50.361157
2023-772167,2023-09-07,Vente,129900,70,RUE MARGUERITE DE FLANDRE,59178000AM0009,Maison,97,3.122067,50.402355
2023-772175,2023-09-07,Vente,260000,110,RUE VICTOR HUGO,59178000BW0531,Appartement,1,3.08559,50.370446
2023-772196,2023-09-20,Vente,233600,179,RUE DES GLACIS,59178000BZ0605,Maison,130,3.084726,50.362777
2023-772197,2023-09-05,Vente,293990,210,AV DE METZ,59178000CL0040,Maison,183,3.071623,50.382451
2023-772205,2023-09-21,Vente,95000,10,RUE LOUIS DELSAUX,59178000BK0090,Maison,49,3.06591,50.381561
2023-772452,2023-09-12,Vente,97000,278,RUE GIROUD,59178000CS0608,Appartement,44,3.081006,50.377345
2023-772464,2023-09-12,Vente,244100,310,RUE SERVAL,59178000CR1018,Appartement,92,3.073966,50.37414
2023-772520,2023-09-21,Vente,270000,139,RUE SAINT JEAN,59178000BW0495,Appartement,271,3.085498,50.3702
2023-772723,2023-10-05,Vente,526656.7,9,RUE DU PONT DE LA DEULE,59178000BM0350,Maison,88,3.086563,50.39488
2023-772723,2023-10-05,Vente,526656.7,270,RUE DE LA FERME,59178000BM0354,Appartement,198,3.086109,50.394805
2023-772723,2023-10-05,Vente,526656.7,270,RUE DE LA FERME,59178000BM0354,Appartement,16,3.086109,50.394805
2023-772755,2023-09-15,Vente,75000,70,RUE DU TEMPLE,59178000BT0177,Appartement,58,3.087466,50.377786
2023-772951,2023-10-09,Vente,200000,22,RUE DU FOUR ST AME,59178000CE0187,Maison,122,3.075903,50.368534
2023-772951,2023-10-09,Vente,200000,22,RUE DU FOUR ST AME,59178000CE0187,Maison,23,3.075903,50.368534
2023-772962,2023-09-18,Vente,165000,36,PL CARNOT,59178000BW0216,Appartement,113,3.085769,50.371101
2023-773019,2023-10-04,Vente,80000,79,RUE DES MALVAUX,59178000BW0590,Appartement,34,3.081353,50.373107
2023-773051,2023-10-11,Vente,129900,13,RUE NOTRE DAME DES WETZ,59178000BX0715,Appartement,66,3.078931,50.372064
2023-773079,2023-09-26,Vente,81000,290,RUE GUYNEMER,59178000CI0301,Maison,53,3.061932,50.372401
2023-773096,2023-10-05,Vente,86800,261,RUE DE LUNEVILLE,59178000AK0905,Maison,56,3.132852,50.39597
2023-773146,2023-10-06,Vente,69000,28,AV DES SORBIERS,59178000CK0074,Maison,75,3.066052,50.379987
2023-773158,2023-10-04,Vente,100000,249,RUE DE FLANDRE,59178000BT0096,Appartement,29,3.086945,50.379295
2023-773294,2023-10-10,Vente,110000,148,RUE DES FERRONNIERS,59178000BX0481,Maison,111,3.080345,50.369429
2023-773302,2023-09-22,Vente,104000,508,RUE DE CAMBRAI,59178000AZ0333,Maison,122,3.080289,50.358278
2023-773351,2023-10-11,Vente,870000,809,AV DU QUATRE SEPTEMBRE,59178000AY0333,Maison,308,3.083062,50.359031
2023-773351,2023-10-11,Vente,870000,809,AV DU QUATRE SEPTEMBRE,59178000AY0333,Maison,308,3.083062,50.359031
2023-773394,2023-09-22,Vente,60000,15,RUE VICTOR HUGO,59178000BW0494,Appartement,82,3.084833,50.371364
2023-773399,2023-09-30,Vente,176300,11,RUE SAINT ALBIN,59178000CR0212,Maison,86,3.07552,50.372698
2023-773415,2023-09-19,Vente,50000,792,RUE DES TRANNOIS,59178000BR0239,Maison,53,3.088946,50.386527
2023-773525,2023-09-28,Vente,70000,387,RUE DE LAMBRES,59178000BC0341,Maison,85,3.074901,50.35934
2023-773534,2023-09-29,Vente,130000,189,RUE SERVAL,59178000CR0868,Appartement,91,3.072285,50.37344
2023-773537,2023-10-02,Vente,92000,22,RUE LEONIE MAIAUX,59178000CI0033,Maison,88,3.062504,50.375552
2023-773584,2023-10-10,Vente,171000,249,RUE DE FLANDRE,59178000BT0096,Appartement,47,3.086945,50.379295
2023-773599,2023-10-16,Vente,187200,678,RUE DU FBG DE PARIS,59178000AX0384,Maison,84,3.086642,50.350514
2023-773616,2023-10-16,Vente,80000,306,BD ALBERT 1ER,59178000CP0115,Appartement,55,3.072616,50.375184
2023-773630,2023-09-29,Vente,69500,383,RUE D ESQUERCHIN,59178000CE0002,Appartement,41,3.070059,50.37169
2023-773740,2023-09-27,Vente,138000,18,RUE DU KIOSQUE,59178000CD0706,Maison,93,3.078757,50.364365
2023-773751,2023-09-27,Vente,39400,581,CHE DU HALAGE,59178000CN0460,Maison,48,3.080536,50.383533
2023-773875,2023-09-28,Vente,125000,204,QUAI DES HOUILLERES,59178000BT0004,Maison,92,3.087753,50.379749
2023-773951,2023-10-13,Vente,59010,46,RUE VICTOR PECQUEUR,59178000BM1746,Maison,68,3.08448,50.391692
2023-774016,2023-10-12,Vente,142900,60,IMP CHARLES BOURSEUL,59178000CN0398,Maison,96,3.072444,50.379623
2023-774104,2023-10-03,Vente,107524.15,1090,BD JEANNE D ARC,59178000CH0159,Appartement,82,3.068438,50.372442
2023-774189,2023-10-20,Vente,180000,18,PL CARNOT,59178000BW0220,Appartement,19,3.085251,50.371616
2023-774189,2023-10-20,Vente,180000,18,PL CARNOT,59178000BW0220,Appartement,18,3.085251,50.371616
2023-774360,2023-10-24,Vente,96000,20,AV DES ROSIERS,59178000CI0192,Maison,68,3.062879,50.372614
2023-774386,2023-10-27,Vente,43000,944,BD DE LA REPUBLIQUE,59178000CS0334,Appartement,24,3.07947,50.378063
2023-774405,2023-10-17,Vente,150000,251,BD PASTEUR,59178000BC0660,Appartement,90,3.074089,50.363101
2023-774418,2023-10-17,Vente,281271,212,RUE FRANCOIS LEMAIRE,59178000CR0956,Appartement,122,3.080669,50.376432
2023-774422,2023-10-30,Vente,130000,132,RUE SERVAL,59178000CR0020,Maison,80,3.071845,50.37271
2023-774443,2023-10-19,Vente,77000,224,BD ALBERT 1ER,59178000CP0081,Appartement,70,3.071266,50.374413
2023-774455,2023-10-06,Vente,90000,73,RUE DE FERIN,59178000AZ0049,Maison,92,3.078225,50.360111
2023-774463,2023-10-24,Vente,75000,150,RUE MARGUERITE DE FLANDRE,59178000AM0124,Appartement,38,3.121682,50.401879
2023-774485,2023-10-16,Vente,85000,70,RUE DU FBG DE BETHUNE,59178000CK0683,Maison,73,3.065839,50.376541
2023-774495,2023-10-16,Vente,215000,755,RUE DU POLYGONE,59178000CM0164,Maison,50,3.078267,50.385677
2023-774495,2023-10-16,Vente,215000,755,RUE DU POLYGONE,59178000CM0164,Maison,30,3.078267,50.385677
2023-774495,2023-10-16,Vente,215000,755,RUE DU POLYGONE,59178000CM0164,Maison,64,3.078267,50.385677
2023-774495,2023-10-16,Vente,215000,755,RUE DU POLYGONE,59178000CM0165,Maison,85,3.078432,50.385607
2023-774554,2023-10-30,Vente,105000,127,RUE DE L ABBE DE L EPEE,59178000BC0352,Maison,105,3.07558,50.358689
2023-774555,2023-10-30,Vente,124651,128,RUE JEAN JAURES,59178000BM0659,Maison,75,3.08349,50.391623
2023-774630,2023-10-20,Vente,122300,762,RUE DU GRAND MARAIS,59178000AE0009,Maison,73,3.138559,50.401565
2023-774671,2023-10-12,Vente,235500,95,AV DU QUATRE SEPTEMBRE,59178000AV0036,Maison,112,3.090125,50.363826
2023-774677,2023-10-13,Vente,88000,138,AV GEORGES CLEMENCEAU,59178000BW0186,Appartement,83,3.088147,50.371697
2023-774702,2023-11-03,Vente,309580,83,RUE JEAN DE BOLOGNE,59178000CR0110,Maison,127,3.073887,50.37258
2023-774710,2023-10-13,Vente,215000,249,RUE DE FLANDRE,59178000BT0096,Appartement,62,3.086945,50.379295
2023-774729,2023-10-13,Vente,77000,131,RUE ARTHUR RIMBAUD,59178000BD0480,Appartement,69,3.063845,50.366208
2023-774733,2023-10-16,Vente,56000,1090,BD JEANNE D ARC,59178000CH0159,Appartement,82,3.068438,50.372442
2023-774744,2023-10-13,Vente,170180,249,RUE DE FLANDRE,59178000BT0096,Appartement,45,3.086945,50.379295
2023-774745,2023-10-26,Vente,135000,593,RUE DE CAMBRAI,59178000AY0450,Maison,95,3.081541,50.357984
2023-774897,2023-11-03,Vente,141000,234,QUAI DE LA BARQUE,59178000BV0115,Appartement,73,3.085102,50.377432
2023-774944,2023-10-16,Vente,243000,306,RUE DU FORT DE SCARPE,59178000AO0007,Maison,59,3.104067,50.393785
2023-774980,2023-10-16,Vente,81000,203,AV DES ALIZES,59178000BR0183,Maison,68,3.09164,50.388835
2023-775003,2023-10-20,Vente,109250,66,RUE DE SERAING,59178000CN0679,Maison,75,3.074584,50.381562
2023-775034,2023-10-30,Vente,373500,73,QUAI DU MARECHAL JOFFRE,59178000CD0190,Maison,224,3.076642,50.367556
2023-775089,2023-10-31,Vente,30000,73,RUE NOTRE DAME DES WETZ,59178000BX0715,Appartement,31,3.078931,50.372064
2023-775121,2023-10-26,Vente,117466.2,323,RUE DEFOREST,59178000CR0372,Maison,110,3.079049,50.37751
2023-775160,2023-10-26,Vente,82900,93,RUE JEAN JAURES,59178000BM1739,Maison,85,3.082826,50.391661
2023-775223,2023-10-27,Vente,110000,196,IMP LAHURE,59178000CM0021,Maison,97,3.081826,50.38864
2023-775224,2023-11-03,Vente,334800,19,RUE D ESQUERCHIN,59178000CE0498,Appartement,30,3.073491,50.369279
2023-775224,2023-11-03,Vente,334800,19,RUE D ESQUERCHIN,59178000CE0498,Appartement,55,3.073491,50.369279
2023-775224,2023-11-03,Vente,334800,19,RUE D ESQUERCHIN,59178000CE0498,Appartement,27,3.073491,50.369279
2023-775224,2023-11-03,Vente,334800,19,RUE D ESQUERCHIN,59178000CE0498,Appartement,62,3.073491,50.369279
2023-775224,2023-11-03,Vente,334800,19,RUE D ESQUERCHIN,59178000CE0498,Appartement,18,3.073491,50.369279
2023-775224,2023-11-03,Vente,334800,19,RUE D ESQUERCHIN,59178000CE0498,Appartement,29,3.073491,50.369279
2023-775224,2023-11-03,Vente,334800,19,RUE D ESQUERCHIN,59178000CE0498,Appartement,25,3.073491,50.369279
2023-775437,2023-10-24,Vente,172000,249,RUE DE FLANDRE,59178000BT0096,Appartement,47,3.086945,50.379295
2023-775455,2023-10-27,Vente,83900,109,RUE LEFEBVRE D ORVAL,59178000BD0247,Appartement,82,3.065892,50.36447
2023-775491,2023-11-06,Vente,95300,508,BD ALBERT 1ER,59178000CP0116,Appartement,73,3.073704,50.376161
2023-775548,2023-10-17,Vente,167810,77,RUE DE L HIPPODROME,59178000BZ0302,Appartement,45,3.082639,50.363906
2023-775548,2023-10-17,Vente,167810,77,RUE DE L HIPPODROME,59178000BZ0302,Appartement,35,3.082639,50.363906
2023-775548,2023-10-17,Vente,167810,77,RUE DE L HIPPODROME,59178000BZ0302,Appartement,30,3.082639,50.363906
2023-775557,2023-10-26,Vente,184200,447,RUE GUYNEMER,59178000BH0076,Maison,88,3.060133,50.371713
2023-775603,2023-11-13,Vente,189000,382,BD ALBERT 1ER,59178000CP0115,Appartement,94,3.072616,50.375184
2023-775636,2023-10-31,Vente,166000,306,BD ALBERT 1ER,59178000CP0115,Appartement,80,3.072616,50.375184
2023-775733,2023-11-10,Vente,215000,36,RUE ALEXANDRE DESCATOIRE,59178000AY0206,Maison,93,3.08828,50.36254
2023-775770,2023-10-26,Vente,109900,189,RUE SERVAL,59178000CR0868,Appartement,77,3.072285,50.37344
2023-775771,2023-10-27,Vente,85000,900,RUE CHARLES BOURSEUL,59178000CK0168,Maison,77,3.06731,50.376106
2023-775823,2023-11-20,Vente,150000,3416,RTE DE TOURNAI,59178000AL0201,Maison,68,3.121745,50.402922
2023-775830,2023-09-25,Vente,96000,99,RUE SAINT JEAN,59178000BW0275,Appartement,37,3.085144,50.370359
2023-775834,2023-09-29,Vente,89000,99,RUE SAINT JEAN,59178000BW0275,Appartement,37,3.085144,50.370359
2023-775847,2023-11-03,Vente,97000,179,RUE DELFOSSE,59178000BM0071,Maison,77,3.082701,50.393355
2023-775851,2023-11-06,Vente,100000,425,RUE DU POLYGONE,59178000CN0226,Maison,102,3.077773,50.382709
2023-775997,2023-11-20,Vente,110000,97,RUE CHARLES MATHIEU,59178000CK0718,Maison,60,3.065824,50.376942
2023-776081,2023-10-31,Vente,86000,59,AV DETRAIN,59178000AV0062,Maison,61,3.091089,50.363909
2023-776100,2023-04-14,Adjudication,44000,73,RUE DURUTTE,59178000BW0148,Appartement,56,3.087934,50.372025
2023-776166,2023-11-15,Vente,128000,133,RUE DE LAMBRES,59178000BC0251,Maison,141,3.076817,50.36099
2023-776168,2023-11-20,Vente,107400,22,RUE DE L ABBAYE DE PAIX,59178000BW0096,Appartement,66,3.089007,50.3743
2023-776284,2023-11-17,Vente,83500,273,RUE D OCRE,59178000CP0073,Appartement,69,3.076308,50.377628
2023-776286,2023-11-06,Vente,212510,187,RUE SAINT THOMAS,59178000BW0317,Maison,89,3.082101,50.372187
2023-776360,2023-11-20,Vente,28766,57,RUE DES CLARISSES,59178000CD0521,Appartement,62,3.081721,50.365572
2023-776390,2023-11-29,Vente,33400,944,BD DE LA REPUBLIQUE,59178000CS0334,Appartement,18,3.07947,50.378063
2023-776400,2023-11-29,Vente,161000,362,RUE SERVAL,59178000CR1018,Appartement,70,3.073966,50.37414
2023-776404,2023-11-29,Vente,51900,44,COUR PECQUEUR,59178000BM0631,Maison,36,3.085396,50.391549
2023-776408,2023-11-30,Vente,115000,224,BD ALBERT 1ER,59178000CP0081,Appartement,89,3.071266,50.374413
2023-776443,2023-11-21,Vente,200000,40,AV D ALSACE LORRAINE,59178000CN0583,Appartement,33,3.076818,50.380909
2023-776443,2023-11-21,Vente,200000,40,AV D ALSACE LORRAINE,59178000CN0583,Appartement,33,3.076818,50.380909
2023-776443,2023-11-21,Vente,200000,40,AV D ALSACE LORRAINE,59178000CN0583,Appartement,33,3.076818,50.380909
2023-776443,2023-11-21,Vente,200000,40,AV D ALSACE LORRAINE,59178000CN0583,Appartement,33,3.076818,50.380909
2023-776443,2023-11-21,Vente,200000,40,AV D ALSACE LORRAINE,59178000CN0583,Appartement,33,3.076818,50.380909
2023-776443,2023-11-21,Vente,200000,40,AV D ALSACE LORRAINE,59178000CN0583,Appartement,33,3.076818,50.380909
2023-776443,2023-11-21,Vente,200000,40,AV D ALSACE LORRAINE,59178000CN0583,Maison,193,3.076818,50.380909
2023-776443,2023-11-21,Vente,200000,40,AV D ALSACE LORRAINE,59178000CN0583,Appartement,33,3.076818,50.380909
2023-776443,2023-11-21,Vente,200000,40,AV D ALSACE LORRAINE,59178000CN0583,Appartement,33,3.076818,50.380909
2023-776443,2023-11-21,Vente,200000,40,AV D ALSACE LORRAINE,59178000CN0583,Appartement,33,3.076818,50.380909
2023-776443,2023-11-21,Vente,200000,40,AV D ALSACE LORRAINE,59178000CN0583,Appartement,33,3.076818,50.380909
2023-776607,2023-11-13,Vente,110900,59,RUE DE GOEULZIN,59178000AW0418,Maison,56,3.08221,50.353956
2023-776660,2023-12-05,Vente,113000,159,RUE DE L EGLISE DORIGNIES,59178000BM0195,Maison,100,3.082176,50.393653
2023-776766,2023-11-13,Vente,142000,51,RUE DES FOULONS,59178000CD0982,Appartement,55,3.078824,50.36784
2023-776766,2023-11-13,Vente,142000,51,RUE DES FOULONS,59178000CD0982,Appartement,44,3.078824,50.36784
2023-776766,2023-11-13,Vente,142000,51,RUE DES FOULONS,59178000CD0982,Appartement,41,3.078824,50.36784
2023-776818,2023-12-01,Vente,175000,590,RUE DU FBG DE BETHUNE,59178000BK0305,Maison,94,3.062841,50.380727
2023-776827,2023-11-24,Vente,67900,70,IMP DASSONVILLE,59178000BI0106,Maison,65,3.063294,50.377143
2023-776847,2023-11-30,Vente,76000,105,RUE D ARRAS,59178000CE0463,Appartement,43,3.074068,50.368628
2023-777069,2023-11-27,Vente,175000,650,RUE DE CAMBRAI,59178000AZ0307,Appartement,63,3.080069,50.356863
2023-777071,2023-12-02,Vente,100000,150,RUE MARGUERITE DE FLANDRE,59178000AM0124,Appartement,41,3.121682,50.401879
2023-777077,2023-12-12,Vente,50300.2,39,RUE MAURICE WAGON,59178000BY0073,Maison,77,3.087621,50.369147
2023-777081,2023-12-08,Vente,73000,73,RUE NOTRE DAME DES WETZ,59178000BX0715,Appartement,47,3.078931,50.372064
2023-777134,2023-12-12,Vente,259895.4,9046,RUE DES TRANNOIS,59178000BO0206,Appartement,32,3.090917,50.391083
2023-777134,2023-12-12,Vente,259895.4,9046,RUE DES TRANNOIS,59178000BO0206,Appartement,566,3.090917,50.391083
2023-777181,2023-11-30,Vente,141000,157,RUE DES BLANCS MOUCHONS,59178000BX0634,Appartement,45,3.080877,50.371677
2023-777181,2023-11-30,Vente,141000,157,RUE DES BLANCS MOUCHONS,59178000BX0634,Appartement,45,3.080877,50.371677
2023-777181,2023-11-30,Vente,141000,157,RUE DES BLANCS MOUCHONS,59178000BX0634,Appartement,45,3.080877,50.371677
2023-777198,2023-12-07,Vente,24000,48,RUE VICTOR PECQUEUR,59178000BM1745,Maison,92,3.084485,50.391672
2023-777204,2023-12-01,Vente,52000,32,RUE VICTOR PECQUEUR,59178000BM0800,Maison,52,3.0845,50.391864
2023-777207,2023-11-20,Vente,97250,17,SQ CHARLES GONIAUX,59178000BM1158,Maison,73,3.084726,50.390706
2023-777217,2023-12-11,Vente,146500,55,RUE PIERRE BROSSOLETTE,59178000CI0056,Maison,78,3.064661,50.376246
2023-777256,2023-12-13,Vente,84000,245,RUE MOREL,59178000BV0122,Appartement,73,3.087528,50.374531
2023-777351,2023-12-14,Vente,122900,109,RUE LEFEBVRE D ORVAL,59178000BD0247,Appartement,70,3.065892,50.36447
2023-777390,2023-12-06,Vente,28910,57,RUE DES CLARISSES,59178000CD0521,Appartement,74,3.081721,50.365572
2023-777443,2023-12-08,Vente,128000,650,RUE DE CAMBRAI,59178000AZ0307,Appartement,58,3.080069,50.356863
2023-777453,2023-12-15,Vente,520000,48,RUE DE L HIPPODROME,59178000BZ1000,Appartement,54,3.082311,50.364442
2023-777453,2023-12-15,Vente,520000,48,RUE DE L HIPPODROME,59178000BZ1000,Appartement,33,3.082311,50.364442
2023-777453,2023-12-15,Vente,520000,48,RUE DE L HIPPODROME,59178000BZ1000,Appartement,64,3.082311,50.364442
2023-777453,2023-12-15,Vente,520000,48,RUE DE L HIPPODROME,59178000BZ1000,Appartement,33,3.082311,50.364442
2023-777453,2023-12-15,Vente,520000,48,RUE DE L HIPPODROME,59178000BZ1000,Appartement,64,3.082311,50.364442
2023-777453,2023-12-15,Vente,520000,48,RUE DE L HIPPODROME,59178000BZ1000,Appartement,134,3.082311,50.364442
2023-777453,2023-12-15,Vente,520000,48,RUE DE L HIPPODROME,59178000BZ1000,Appartement,63,3.082311,50.364442
2023-777453,2023-12-15,Vente,520000,48,RUE DE L HIPPODROME,59178000BZ1000,Appartement,52,3.082311,50.364442
2023-777453,2023-12-15,Vente,520000,48,RUE DE L HIPPODROME,59178000BZ1000,Appartement,29,3.082311,50.364442
2023-777513,2023-12-08,Vente,176500,371,RUE DES WETZ,59178000BW0622,Appartement,106,3.082721,50.375341
2023-777517,2023-12-19,Vente,120000,156,IMP LAHURE,59178000CM0029,Maison,99,3.081873,50.388271
2023-777540,2023-12-19,Vente,144000,53,RUE DE SEDAN,59178000CN0419,Maison,72,3.071459,50.38038
2023-777618,2023-12-18,Vente,67990,139,RUE DES BLANCS MOUCHONS,59178000BX0082,Appartement,39,3.080694,50.37152
2023-777627,2023-12-18,Vente,73000,47,RUE THEOPHILE BRA,59178000CD0684,Appartement,24,3.078627,50.36473
2023-777627,2023-12-18,Vente,73000,47,RUE THEOPHILE BRA,59178000CD0684,Appartement,28,3.078627,50.36473
2023-777627,2023-12-18,Vente,73000,47,RUE THEOPHILE BRA,59178000CD0684,Appartement,17,3.078627,50.36473
2023-777627,2023-12-18,Vente,73000,47,RUE THEOPHILE BRA,59178000CD0684,Appartement,26,3.078627,50.36473
2023-777627,2023-12-18,Vente,73000,47,RUE THEOPHILE BRA,59178000CD0684,Appartement,17,3.078627,50.36473
2023-777661,2023-12-18,Vente,163000,48,RUE DE LA FERME,59178000BN0386,Maison,89,3.08808,50.393403
2023-777719,2023-12-15,Vente,130800,774,RUE DU FBG DE PARIS,59178000AX0332,Maison,82,3.087331,50.349766
2023-777797,2023-12-06,Vente,292900,160,RUE DU ONZE NOVEMBRE,59178000BW0166,Appartement,53,3.08844,50.373164
2023-777797,2023-12-06,Vente,292900,160,RUE DU ONZE NOVEMBRE,59178000BW0166,Appartement,48,3.08844,50.373164
2023-777797,2023-12-06,Vente,292900,160,RUE DU ONZE NOVEMBRE,59178000BW0166,Appartement,29,3.08844,50.373164
2023-777797,2023-12-06,Vente,292900,160,RUE DU ONZE NOVEMBRE,59178000BW0166,Appartement,53,3.08844,50.373164
2023-777806,2023-12-13,Vente,65000,73,RUE DURUTTE,59178000BW0148,Appartement,56,3.087934,50.372025
2023-777809,2023-12-21,Vente,146000,194,AV DE METZ,59178000CL0042,Maison,98,3.071841,50.382549
2023-777841,2023-12-05,Vente,227500,49,RUE SAINT MICHEL,59178000BT0215,Appartement,18,3.087538,50.377439
2023-777841,2023-12-05,Vente,227500,49,RUE SAINT MICHEL,59178000BT0215,Appartement,18,3.087538,50.377439
2023-777841,2023-12-05,Vente,227500,49,RUE SAINT MICHEL,59178000BT0215,Appartement,18,3.087538,50.377439
2023-777841,2023-12-05,Vente,227500,49,RUE SAINT MICHEL,59178000BT0215,Appartement,18,3.087538,50.377439
2023-777841,2023-12-05,Vente,227500,49,RUE SAINT MICHEL,59178000BT0215,Appartement,18,3.087538,50.377439
2023-777841,2023-12-05,Vente,227500,49,RUE SAINT MICHEL,59178000BT0215,Maison,86,3.087538,50.377439
2023-777841,2023-12-05,Vente,227500,49,RUE SAINT MICHEL,59178000BT0215,Appartement,18,3.087538,50.377439
2023-777843,2023-12-15,Vente,119900,351,BD PASTEUR,59178000BC0647,Appartement,76,3.072534,50.363212
2023-778047,2023-12-21,Vente,179600,3,RUE DU POLYGONE,59178000CO0090,Appartement,40,3.076336,50.379141
2023-778047,2023-12-21,Vente,179600,3,RUE DU POLYGONE,59178000CO0090,Appartement,23,3.076336,50.379141
2023-778047,2023-12-21,Vente,179600,3,RUE DU POLYGONE,59178000CO0090,Appartement,16,3.076336,50.379141
2023-778075,2023-12-26,Vente,100000,109,RUE LEFEBVRE D ORVAL,59178000BD0247,Appartement,70,3.065892,50.36447
2023-778257,2023-12-13,Vente,94000,45,PAS FONTELLAYE,59178000CD0959,Maison,66,3.076655,50.364875
2023-778287,2023-12-29,Vente,87800,155,RUE DE LA FERME,59178000BN0333,Maison,72,3.086918,50.3945
2023-778426,2023-12-19,Vente,128000,118,RUE DE SAINT AMAND,59178000AH0010,Appartement,132,,
2023-778426,2023-12-19,Vente,128000,118,RUE DE SAINT AMAND,59178000AH0010,Appartement,119,,
2023-778644,2023-12-15,Vente,92000,20,RUE JACQUES BREL,59178000CK0490,Maison,81,3.068113,50.379848
2023-778648,2023-12-21,Vente,111063,1030,BD JEANNE D ARC,59178000CH0064,Appartement,99,3.067905,50.372151
2023-778666,2023-12-28,Vente,194400,74,RUE FRANCOIS CUVELLE,59178000BY0111,Appartement,96,3.085651,50.367758
2023-778735,2023-12-22,Vente,107000,2,RUE SAINT MICHEL,59178000BT0111,Appartement,46,3.087327,50.377414
2023-778738,2023-12-14,Vente,26531,57,RUE DES CLARISSES,59178000CD0521,Appartement,36,3.081721,50.365572
2023-778741,2023-12-20,Vente,26675,57,RUE DES CLARISSES,59178000CD0521,Appartement,34,3.081721,50.365572
2023-778748,2023-12-19,Vente,60000,243,RUE D OCRE,59178000CP0073,Appartement,69,3.076308,50.377628
2023-778756,2023-12-13,Vente,26460,78,RUE DU BEGUINAGE,59178000BX0071,Appartement,36,3.079647,50.371734
2023-778769,2023-12-13,Vente,25301,78,RUE DU BEGUINAGE,59178000BX0071,Appartement,34,3.079647,50.371734
2023-778845,2023-12-28,Vente,80000,26,RUE DU PONT DES PIERRES,59178000CR0565,Maison,210,3.076263,50.371664
2023-778867,2023-12-29,Vente,33400,944,BD DE LA REPUBLIQUE,59178000CS0334,Appartement,18,3.07947,50.378063
2023-778872,2023-12-28,Vente,110000,13,RUE HENRI DUNANT,59178000BZ0811,Appartement,33,3.085087,50.366991
2023-778946,2023-12-20,Vente,1263667.9,824,AV DU QUATRE SEPTEMBRE,59178000AY0872,Appartement,45,3.081653,50.360221
2023-778946,2023-12-20,Vente,1263667.9,824,AV DU QUATRE SEPTEMBRE,59178000AY0872,Appartement,63,3.081653,50.360221
2023-778946,2023-12-20,Vente,1263667.9,824,AV DU QUATRE SEPTEMBRE,59178000AY0872,Appartement,45,3.081653,50.360221
2023-778946,2023-12-20,Vente,1263667.9,824,AV DU QUATRE SEPTEMBRE,59178000AY0872,Appartement,62,3.081653,50.360221
2023-778946,2023-12-20,Vente,1263667.9,824,AV DU QUATRE SEPTEMBRE,59178000AY0872,Appartement,53,3.081653,50.360221
2023-778946,2023-12-20,Vente,1263667.9,824,AV DU QUATRE SEPTEMBRE,59178000AY0872,Appartement,45,3.081653,50.360221
2023-778946,2023-12-20,Vente,1263667.9,824,AV DU QUATRE SEPTEMBRE,59178000AY0872,Appartement,63,3.081653,50.360221
2023-778946,2023-12-20,Vente,1263667.9,824,AV DU QUATRE SEPTEMBRE,59178000AY0872,Appartement,44,3.081653,50.360221
2023-778946,2023-12-20,Vente,1263667.9,824,AV DU QUATRE SEPTEMBRE,59178000AY0872,Appartement,53,3.081653,50.360221
2023-778946,2023-12-20,Vente,1263667.9,824,AV DU QUATRE SEPTEMBRE,59178000AY0872,Appartement,63,3.081653,50.360221
2023-778946,2023-12-20,Vente,1263667.9,824,AV DU QUATRE SEPTEMBRE,59178000AY0872,Appartement,45,3.081653,50.360221
2023-778946,2023-12-20,Vente,1263667.9,824,AV DU QUATRE SEPTEMBRE,59178000AY0872,Appartement,64,3.081653,50.360221
2023-778946,2023-12-20,Vente,1263667.9,824,AV DU QUATRE SEPTEMBRE,59178000AY0872,Appartement,74,3.081653,50.360221
2023-778946,2023-12-20,Vente,1263667.9,824,AV DU QUATRE SEPTEMBRE,59178000AY0872,Appartement,64,3.081653,50.360221
2023-778946,2023-12-20,Vente,1263667.9,824,AV DU QUATRE SEPTEMBRE,59178000AY0872,Appartement,45,3.081653,50.360221
2023-778946,2023-12-20,Vente,1263667.9,824,AV DU QUATRE SEPTEMBRE,59178000AY0872,Appartement,53,3.081653,50.360221
2023-778946,2023-12-20,Vente,1263667.9,824,AV DU QUATRE SEPTEMBRE,59178000AY0872,Appartement,45,3.081653,50.360221
2023-778946,2023-12-20,Vente,1263667.9,824,AV DU QUATRE SEPTEMBRE,59178000AY0872,Appartement,63,3.081653,50.360221
2023-778946,2023-12-20,Vente,1263667.9,824,AV DU QUATRE SEPTEMBRE,59178000AY0872,Appartement,63,3.081653,50.360221
2023-778946,2023-12-20,Vente,1263667.9,824,AV DU QUATRE SEPTEMBRE,59178000AY0872,Appartement,45,3.081653,50.360221
2023-778946,2023-12-20,Vente,1263667.9,824,AV DU QUATRE SEPTEMBRE,59178000AY0872,Appartement,74,3.081653,50.360221
2023-778946,2023-12-20,Vente,1263667.9,824,AV DU QUATRE SEPTEMBRE,59178000AY0872,Appartement,63,3.081653,50.360221
2023-778950,2023-12-22,Vente,97000,118,RUE SAINT MICHEL,59178000BV0003,Appartement,50,3.088619,50.377335
2023-778961,2023-12-29,Vente,60000,44,PL CHARLES DE POLLINCHOVE,59178000BX0011,Appartement,51,3.078113,50.370565
2023-778969,2023-12-20,Vente,1343681.4,,AV DE TWICKENHAM,59178000AY0874,Appartement,62,3.08124,50.360514
2023-778969,2023-12-20,Vente,1343681.4,,AV DE TWICKENHAM,59178000AY0874,Appartement,46,3.08124,50.360514
2023-778969,2023-12-20,Vente,1343681.4,,AV DE TWICKENHAM,59178000AY0874,Appartement,46,3.08124,50.360514
2023-778969,2023-12-20,Vente,1343681.4,,AV DE TWICKENHAM,59178000AY0874,Appartement,45,3.08124,50.360514
2023-778969,2023-12-20,Vente,1343681.4,,AV DE TWICKENHAM,59178000AY0874,Appartement,62,3.08124,50.360514
2023-778969,2023-12-20,Vente,1343681.4,,AV DE TWICKENHAM,59178000AY0874,Appartement,62,3.08124,50.360514
2023-778969,2023-12-20,Vente,1343681.4,,AV DE TWICKENHAM,59178000AY0874,Appartement,46,3.08124,50.360514
2023-778969,2023-12-20,Vente,1343681.4,,AV DE TWICKENHAM,59178000AY0874,Appartement,46,3.08124,50.360514
2023-778969,2023-12-20,Vente,1343681.4,,AV DE TWICKENHAM,59178000AY0874,Appartement,46,3.08124,50.360514
2023-778969,2023-12-20,Vente,1343681.4,,AV DE TWICKENHAM,59178000AY0874,Appartement,46,3.08124,50.360514
2023-778969,2023-12-20,Vente,1343681.4,,AV DE TWICKENHAM,59178000AY0874,Appartement,62,3.08124,50.360514
2023-778969,2023-12-20,Vente,1343681.4,,AV DE TWICKENHAM,59178000AY0874,Appartement,64,3.08124,50.360514
2023-778969,2023-12-20,Vente,1343681.4,,AV DE TWICKENHAM,59178000AY0874,Appartement,62,3.08124,50.360514
2023-778969,2023-12-20,Vente,1343681.4,,AV DE TWICKENHAM,59178000AY0874,Appartement,46,3.08124,50.360514
2023-778969,2023-12-20,Vente,1343681.4,,AV DE TWICKENHAM,59178000AY0874,Appartement,46,3.08124,50.360514
2023-778969,2023-12-20,Vente,1343681.4,,AV DE TWICKENHAM,59178000AY0874,Appartement,46,3.08124,50.360514
2023-778969,2023-12-20,Vente,1343681.4,,AV DE TWICKENHAM,59178000AY0874,Appartement,46,3.08124,50.360514
2023-778969,2023-12-20,Vente,1343681.4,,AV DE TWICKENHAM,59178000AY0874,Appartement,62,3.08124,50.360514
2023-778969,2023-12-20,Vente,1343681.4,,AV DE TWICKENHAM,59178000AY0874,Appartement,62,3.08124,50.360514
2023-778969,2023-12-20,Vente,1343681.4,,AV DE TWICKENHAM,59178000AY0874,Appartement,45,3.08124,50.360514
2023-778969,2023-12-20,Vente,1343681.4,,AV DE TWICKENHAM,59178000AY0874,Appartement,46,3.08124,50.360514
2023-778969,2023-12-20,Vente,1343681.4,,AV DE TWICKENHAM,59178000AY0874,Appartement,62,3.08124,50.360514
2023-778969,2023-12-20,Vente,1343681.4,,AV DE TWICKENHAM,59178000AY0874,Appartement,45,3.08124,50.360514
2023-778969,2023-12-20,Vente,1343681.4,,AV DE TWICKENHAM,59178000AY0874,Appartement,46,3.08124,50.360514
2023-778969,2023-12-20,Vente,1343681.4,,AV DE TWICKENHAM,59178000AY0874,Appartement,48,3.08124,50.360514
2023-778969,2023-12-20,Vente,1343681.4,,AV DE TWICKENHAM,59178000AY0874,Appartement,48,3.08124,50.360514
2023-778969,2023-12-20,Vente,1343681.4,,AV DE TWICKENHAM,59178000AY0874,Appartement,45,3.08124,50.360514
2023-778969,2023-12-20,Vente,1343681.4,,AV DE TWICKENHAM,59178000AY0874,Appartement,62,3.08124,50.360514
2023-778969,2023-12-20,Vente,1343681.4,,AV DE TWICKENHAM,59178000AY0874,Appartement,46,3.08124,50.360514
2023-778969,2023-12-20,Vente,1343681.4,,AV DE TWICKENHAM,59178000AY0874,Appartement,46,3.08124,50.360514
2023-778969,2023-12-20,Vente,1343681.4,,AV DE TWICKENHAM,59178000AY0874,Appartement,45,3.08124,50.360514
2023-778969,2023-12-20,Vente,1343681.4,,AV DE TWICKENHAM,59178000AY0874,Appartement,46,3.08124,50.360514
2023-778969,2023-12-20,Vente,1343681.4,,AV DE TWICKENHAM,59178000AY0874,Appartement,62,3.08124,50.360514
2023-778969,2023-12-20,Vente,1343681.4,,AV DE TWICKENHAM,59178000AY0874,Appartement,62,3.08124,50.360514
2023-778969,2023-12-20,Vente,1343681.4,,AV DE TWICKENHAM,59178000AY0874,Appartement,45,3.08124,50.360514
2023-778969,2023-12-20,Vente,1343681.4,,AV DE TWICKENHAM,59178000AY0874,Appartement,48,3.08124,50.360514
2023-778969,2023-12-20,Vente,1343681.4,,AV DE TWICKENHAM,59178000AY0874,Appartement,46,3.08124,50.360514
2023-778969,2023-12-20,Vente,1343681.4,,AV DE TWICKENHAM,59178000AY0874,Appartement,45,3.08124,50.360514
2023-778969,2023-12-20,Vente,1343681.4,,AV DE TWICKENHAM,59178000AY0874,Appartement,62,3.08124,50.360514
2023-778969,2023-12-20,Vente,1343681.4,,AV DE TWICKENHAM,59178000AY0874,Appartement,62,3.08124,50.360514
2023-778969,2023-12-20,Vente,1343681.4,,AV DE TWICKENHAM,59178000AY0874,Appartement,46,3.08124,50.360514
2023-778969,2023-12-20,Vente,1343681.4,,AV DE TWICKENHAM,59178000AY0874,Appartement,46,3.08124,50.360514
2023-778969,2023-12-20,Vente,1343681.4,,AV DE TWICKENHAM,59178000AY0874,Appartement,45,3.08124,50.360514
2023-778969,2023-12-20,Vente,1343681.4,,AV DE TWICKENHAM,59178000AY0874,Appartement,61,3.08124,50.360514
2023-778969,2023-12-20,Vente,1343681.4,,AV DE TWICKENHAM,59178000AY0874,Appartement,61,3.08124,50.360514
2023-778969,2023-12-20,Vente,1343681.4,,AV DE TWICKENHAM,59178000AY0874,Appartement,46,3.08124,50.360514
2023-778970,2023-12-20,Vente,120000,97,RUE GASTON DOUMERGUE,59178000BD0209,Maison,84,3.067987,50.364483
2023-779034,2023-12-21,Vente,79900,341,RUE DU PARC,59178000BN0254,Maison,87,3.090105,50.397798
2023-779104,2023-12-29,Vente,185000,33,AV DE TWICKENHAM,59178000AY0127,Maison,117,3.084153,50.362355
2023-779110,2023-12-22,Vente,168000,249,RUE DE FLANDRE,59178000BT0096,Appartement,45,3.086945,50.379295
2023-779148,2023-12-22,Vente,476150,249,RUE DE FLANDRE,59178000BT0096,Appartement,143,3.086945,50.379295
2023-779197,2023-12-23,Vente,55000,73,RUE NOTRE DAME DES WETZ,59178000BX0715,Appartement,31,3.078931,50.372064
2023-779198,2023-12-23,Vente,150000,73,RUE NOTRE DAME DES WETZ,59178000BX0715,Appartement,87,3.078931,50.372064
2023-779211,2023-12-29,Vente,129900,773,RUE DU POLYGONE,59178000CM0493,Maison,78,3.078567,50.385887
2023-779219,2023-12-27,Vente,175000,98,RUE LOUIS PAULHAN,59178000BH0162,Maison,93,3.060415,50.371471
2023-779279,2023-12-29,Vente,213500,249,RUE DE FLANDRE,59178000BT0096,Appartement,67,3.086945,50.379295
2023-779280,2023-12-29,Vente,168000,249,RUE DE FLANDRE,59178000BT0096,Appartement,45,3.086945,50.379295
2023-779313,2023-12-26,Vente,117000,214,RUE MARTIN DU NORD,59178000CR0318,Appartement,48,3.078758,50.37628
2023-779313,2023-12-26,Vente,117000,214,RUE MARTIN DU NORD,59178000CR0318,Appartement,35,3.078758,50.37628
2023-779313,2023-12-26,Vente,117000,214,RUE MARTIN DU NORD,59178000CR0318,Appartement,35,3.078758,50.37628
2022-928868,2022-01-03,Vente,206900,97,RUE LOUIS BLERIOT,59178000CH0156,Maison,97,3.064125,50.37158
2022-928953,2022-01-05,Vente,135000,756,RUE DU FBG DE BETHUNE,59178000BK0325,Maison,99,3.061452,50.381941
2022-929036,2022-01-10,Vente,84500,650,RUE DE CAMBRAI,59178000AZ0307,Appartement,42,3.080069,50.356863
2022-929152,2022-01-14,Vente,167000,407,RUE DE PARIS,59178000BZ0946,Appartement,109,3.079513,50.364363
2022-929277,2022-01-03,Vente,104900,1090,BD JEANNE D ARC,59178000CH0159,Appartement,96,3.068438,50.372442
2022-929277,2022-01-03,Vente,104900,1090,BD JEANNE D ARC,59178000CH0159,Appartement,85,3.068438,50.372442
2022-929282,2022-01-04,Vente,77000,113,RUE ARTHUR RIMBAUD,59178000BD0480,Appartement,56,3.063845,50.366208
2022-929286,2022-01-07,Vente,160000,54,RUE VICTOR PECQUEUR,59178000BM0642,Appartement,81,3.084531,50.391626
2022-929286,2022-01-07,Vente,160000,54,RUE VICTOR PECQUEUR,59178000BM0642,Appartement,33,3.084531,50.391626
2022-929292,2022-01-13,Vente,500000,54,RUE SAINT SAMSON,59178000CE0284,Maison,165,3.074063,50.369853
2022-929303,2022-01-03,Vente,122000,176,RUE DU FBG DE BETHUNE,59178000CK0306,Maison,85,3.064931,50.377288
2022-929428,2022-01-14,Vente,187800,64,RUE DES MINIMES,59178000CD0882,Appartement,88,3.079085,50.367136
2022-929447,2022-01-19,Vente,114900,146,RUE LENAIN,59178000CM0124,Maison,83,3.080149,50.384581
2022-929531,2022-01-07,Vente,220000,87,RUE TOUR DE BOURGOGNE,59178000BZ0350,Maison,242,3.081756,50.364304
2022-929537,2022-01-17,Vente,150000,188,RUE RAOUL FOLLEREAU,59178000BH0375,Maison,97,3.056438,50.374077
2022-929539,2022-01-20,Vente,55000,98,RUE DE ROUBAIX,59178000BV0049,Appartement,46,3.088183,50.376721
2022-929567,2022-01-18,Vente,54000,79,RUE DU PONT DES PIERRES,59178000CR0682,Appartement,41,3.075731,50.372001
2022-929626,2022-01-19,Vente,162000,356,RUE D ANICHE,59178000AV0051,Appartement,36,3.091518,50.364272
2022-929626,2022-01-19,Vente,162000,356,RUE D ANICHE,59178000AV0051,Appartement,36,3.091518,50.364272
2022-929729,2022-01-14,Vente,155000,293,QUAI DEVIGNE,59178000BC0647,Appartement,88,3.072534,50.363212
2022-929736,2022-01-06,Vente,121000,1153,BD DE LA REPUBLIQUE,59178000CS0606,Appartement,104,3.080487,50.379681
2022-929766,2022-01-12,Vente,114600,25,RUE AUGUSTIN BOUTIQUE,59178000BT0091,Maison,56,3.087757,50.378878
2022-929768,2022-01-13,Echange,195000,199,AV DES ROSIERS,59178000CI0260,Maison,95,,
2022-929923,2022-01-21,Vente,168950,107,RUE LAMBRECHT,59178000BX0856,Appartement,40,3.079756,50.372189
2022-929923,2022-01-21,Vente,168950,107,RUE LAMBRECHT,59178000BX0856,Appartement,14,3.079756,50.372189
2022-929923,2022-01-21,Vente,168950,107,RUE LAMBRECHT,59178000BX0856,Appartement,40,3.079756,50.372189
2022-929923,2022-01-21,Vente,168950,107,RUE LAMBRECHT,59178000BX0856,Appartement,23,3.079756,50.372189
2022-929976,2022-01-27,Vente,119000,60,IMP CHARLES BOURSEUL,59178000CN0398,Maison,96,3.072444,50.379623
2022-929986,2022-01-31,Vente,83000,200,RUE LOUIS BLERIOT,59178000CH0241,Appartement,46,3.063621,50.370741
2022-929998,2022-01-31,Vente,190000,588,RUE DE FERIN,59178000BC0458,Maison,99,3.074664,50.356471
2022-930079,2022-01-21,Vente,73000,15,RUE VICTOR HUGO,59178000BW0494,Appartement,50,3.084833,50.371364
2022-930105,2022-01-21,Vente,161000,306,BD ALBERT 1ER,59178000CP0115,Appartement,80,3.072616,50.375184
2022-930112,2022-01-03,Vente,168000,452,RUE GEORGES SARAZIN,59178000AY0531,Maison,106,3.087243,50.359271
2022-930178,2022-01-25,Vente,268000,98,RUE LEON ESCOFFIER,59178000BW0167,Appartement,72,3.088558,50.3731
2022-930178,2022-01-25,Vente,268000,98,RUE LEON ESCOFFIER,59178000BW0167,Appartement,57,3.088558,50.3731
2022-930302,2022-01-21,Vente,164700,13,RUE LEFEBVRE D ORVAL,59178000BD0244,Maison,74,3.06613,50.365718
2022-930307,2022-01-31,Vente,875000,40,RUE DE LILLE,59178000AT0019,Appartement,75,3.089828,50.37618
2022-930307,2022-01-31,Vente,875000,40,RUE DE LILLE,59178000AT0019,Appartement,64,3.089828,50.37618
2022-930307,2022-01-31,Vente,875000,40,RUE DE LILLE,59178000AT0019,Appartement,75,3.089828,50.37618
2022-930307,2022-01-31,Vente,875000,40,RUE DE LILLE,59178000AT0019,Appartement,72,3.089828,50.37618
2022-930307,2022-01-31,Vente,875000,40,RUE DE LILLE,59178000AT0019,Appartement,72,3.089828,50.37618
2022-930307,2022-01-31,Vente,875000,40,RUE DE LILLE,59178000AT0019,Appartement,64,3.089828,50.37618
2022-930307,2022-01-31,Vente,875000,40,RUE DE LILLE,59178000AT0019,Appartement,75,3.089828,50.37618
2022-930307,2022-01-31,Vente,875000,40,RUE DE LILLE,59178000AT0019,Appartement,63,3.089828,50.37618
2022-930307,2022-01-31,Vente,875000,40,RUE DE LILLE,59178000AT0019,Appartement,72,3.089828,50.37618
2022-930440,2022-02-03,Vente,130000,19,SQ CHARLES GONIAUX,59178000BM1139,Maison,73,3.08517,50.390324
2022-930472,2022-01-18,Vente,138000,239,RUE D OCRE,59178000CP0017,Maison,114,3.076508,50.377406
2022-930545,2022-02-04,Vente,169000,68,AV MAL DE LATTRE DE TASSIGNY,59178000CK0010,Maison,80,3.063737,50.380247
2022-930621,2022-01-28,Vente,106200,335,RUE DE LAMBRES,59178000BC0326,Maison,90,3.074822,50.359947
2022-930641,2022-01-28,Vente,88500,138,AV GEORGES CLEMENCEAU,59178000BW0186,Appartement,83,3.088147,50.371697
2022-930703,2022-02-04,Vente,124130,187,RUE JACQUES BREGUET,59178000BH0144,Maison,9,3.056774,50.370764
2022-930703,2022-02-04,Vente,124130,187,RUE JACQUES BREGUET,59178000BH0144,Maison,77,3.056774,50.370764
2022-930750,2022-01-27,Vente,225600,7,RLE DE L EVEQUE,59178000CD0363,Maison,176,3.078926,50.368213
2022-930790,2022-01-31,Vente,113000,251,BD PASTEUR,59178000BC0660,Appartement,97,3.074089,50.363101
2022-930793,2022-01-26,Vente,210000,75,RUE DE LA FOSSE BERNARD,59178000AK0869,Maison,96,3.131433,50.39781
2022-930873,2022-02-04,Vente,271800,69,BD PASTEUR,59178000BC0184,Maison,112,3.076841,50.36299
2022-930894,2022-02-01,Vente en l'état futur d'achèvement,183000,85,RUE DE LA HERSE,59178000CR0028,Appartement,61,3.072046,50.37229
2022-930919,2022-01-14,Vente,156000,46,RUE DURUTTE,59178000BW0186,Appartement,100,3.088147,50.371697
2022-931066,2022-02-02,Vente,104000,194,RUE LOUIS BLERIOT,59178000CH0241,Appartement,82,3.063621,50.370741
2022-931093,2022-01-24,Vente,310000,328,RUE D ESQUERCHIN,59178000CR0787,Appartement,22,3.0712,50.371663
2022-931093,2022-01-24,Vente,310000,328,RUE D ESQUERCHIN,59178000CR0787,Appartement,20,3.0712,50.371663
2022-931093,2022-01-24,Vente,310000,328,RUE D ESQUERCHIN,59178000CR0787,Appartement,16,3.0712,50.371663
2022-931093,2022-01-24,Vente,310000,328,RUE D ESQUERCHIN,59178000CR0787,Appartement,20,3.0712,50.371663
2022-931093,2022-01-24,Vente,310000,328,RUE D ESQUERCHIN,59178000CR0787,Appartement,22,3.0712,50.371663
2022-931093,2022-01-24,Vente,310000,328,RUE D ESQUERCHIN,59178000CR0787,Appartement,15,3.0712,50.371663
2022-931093,2022-01-24,Vente,310000,328,RUE D ESQUERCHIN,59178000CR0787,Appartement,40,3.0712,50.371663
2022-931122,2022-02-07,Vente,55900,91,RUE DELCAMBRE,59178000CS0262,Maison,54,3.082952,50.377867
2022-931150,2022-01-20,Vente,82000,251,BD PASTEUR,59178000BC0660,Appartement,94,3.074089,50.363101
2022-931337,2022-01-29,Vente,285000,402,RUE DE L ABBAYE DES PRES,59178000CS0248,Appartement,60,3.083279,50.377336
2022-931337,2022-01-29,Vente,285000,402,RUE DE L ABBAYE DES PRES,59178000CS0248,Appartement,66,3.083279,50.377336
2022-931337,2022-01-29,Vente,285000,402,RUE DE L ABBAYE DES PRES,59178000CS0248,Appartement,47,3.083279,50.377336
2022-931367,2022-01-24,Vente,101200,1153,BD DE LA REPUBLIQUE,59178000CS0606,Appartement,72,3.080487,50.379681
2022-931448,2022-02-10,Vente,65500,109,RUE LEFEBVRE D ORVAL,59178000BD0247,Appartement,70,3.065892,50.36447
2022-931542,2022-02-07,Vente,133000,119,BD PAUL PHALEMPIN,59178000BY0090,Appartement,70,3.088706,50.370326
2022-931562,2022-01-29,Vente,55000,782,RUE DU GRAND MARAIS,59178000AE0011,Maison,49,3.138906,50.401583
2022-931566,2022-02-14,Vente,53500,90,RUE JEAN MERMOZ,59178000BH0200,Maison,85,3.056509,50.371549
2022-931637,2022-01-26,Vente,79500,330,RUE LEFEBVRE D ORVAL,59178000BE0077,Appartement,42,3.061729,50.365414
2022-931742,2022-02-09,Vente,59500,383,RUE D ESQUERCHIN,59178000CE0002,Appartement,67,3.070059,50.37169
2022-931761,2022-02-10,Vente,96000,201,ALL ALBERT CAMUS,59178000CK0586,Appartement,74,3.071813,50.379164
2022-931945,2022-01-25,Vente,42500,60,RUE ANTOINE JOSEPH MELLEZ,59178000AW0746,Maison,32,3.087053,50.355065
2022-931995,2022-02-10,Vente,116500,34,RUE MERLIN DE DOUAI,59178000BX0591,Maison,111,3.078532,50.369237
2022-932088,2022-02-03,Vente,200000,10,RUE GUSTAVE BEGUE,59178000CN0466,Appartement,38,,
2022-932088,2022-02-03,Vente,200000,10,RUE GUSTAVE BEGUE,59178000CN0466,Appartement,38,,
2022-932088,2022-02-03,Vente,200000,10,RUE GUSTAVE BEGUE,59178000CN0466,Appartement,38,,
2022-932161,2022-02-23,Vente,75850,383,RUE D ESQUERCHIN,59178000CE0002,Appartement,51,3.070059,50.37169
2022-932183,2022-02-02,Vente,110000,155,RUE DU GRAND BAIL,59178000CD0105,Maison,103,3.075672,50.365586
2022-932183,2022-02-02,Vente,110000,155,RUE DU GRAND BAIL,59178000CD0105,Maison,87,3.075672,50.365586
2022-932353,2022-02-10,Vente,172000,18,RUE DE BREBIERES,59178000BD0187,Maison,100,3.068723,50.364905
2022-932405,2022-02-28,Vente,185000,85,RUE SAINT MICHEL,59178000BT0199,Appartement,123,3.087803,50.377804
2022-932407,2022-02-22,Vente,211000,857,RUE GUYNEMER,59178000BH0190,Maison,112,,
2022-932432,2022-02-26,Vente,281000,151,AV DES ACACIAS,59178000CK0282,Maison,154,3.064474,50.378435
2022-932470,2022-02-02,Vente,123000,519,AV D ALSACE LORRAINE,59178000CL0111,Maison,76,3.076622,50.385237
2022-932596,2022-02-21,Vente,219800,35,RUE GOSSUIN,59178000BK0696,Maison,89,3.065927,50.38746
2022-932598,2022-02-23,Vente,170000,40,RUE DE CAMBRAI,59178000BC0202,Appartement,65,3.078123,50.36229
2022-932598,2022-02-23,Vente,170000,40,RUE DE CAMBRAI,59178000BC0202,Appartement,48,3.078123,50.36229
2022-932764,2022-02-24,Vente,115000,171,RUE DE LA MAIRIE,59178000CD0356,Appartement,68,3.079247,50.367985
2022-932786,2022-03-02,Vente,162900,134,RUE DE VALENCIENNES,59178000BZ0532,Maison,39,3.085637,50.366931
2022-932792,2022-02-28,Vente,78500,70,RUE DU TEMPLE,59178000BT0177,Appartement,58,3.087466,50.377786
2022-932832,2022-02-24,Vente,162000,596,BD JEANNE D ARC,59178000CH0117,Maison,100,3.064655,50.369027
2022-932863,2022-02-24,Vente,180000,143,RUE JOACHIM DU BELLAY,59178000BK0583,Maison,105,3.063336,50.386289
2022-932908,2022-03-04,Vente,96000,650,RUE DE CAMBRAI,59178000AZ0307,Appartement,44,3.080069,50.356863
2022-932981,2022-03-04,Vente,174000,77,PL ROBERT SCHUMAN,59178000BX0781,Appartement,39,3.083562,50.368381
2022-932999,2022-02-11,Vente,174000,90,RUE DE BELLAIN,59178000BX0309,Appartement,58,3.082741,50.368732
2022-933033,2022-02-28,Vente,55000,631,RUE DU POLYGONE,59178000CM0182,Maison,46,3.078367,50.384494
2022-933064,2022-02-14,Vente,342150,244,AV PAUL HENIN,59178000AY0767,Maison,189,3.086037,50.359779
2022-933064,2022-02-14,Vente,342150,244,AV PAUL HENIN,59178000AY0767,Maison,189,3.086037,50.359779
2022-933355,2022-02-18,Vente,318750,94,RUE GASTON DOUMERGUE,59178000BD0215,Maison,155,3.067428,50.364677
2022-933355,2022-02-18,Vente,318750,94,RUE GASTON DOUMERGUE,59178000BD0215,Maison,155,3.067428,50.364677
2022-933449,2022-03-04,Vente,59900,754,RUE DES TRANNOIS,59178000BR0022,Maison,55,3.088794,50.386761
2022-933463,2022-03-14,Vente,147300,220,QUAI DE BOISSET,59178000BM0151,Appartement,65,3.080308,50.393772
2022-933463,2022-03-14,Vente,147300,220,QUAI DE BOISSET,59178000BM0151,Appartement,65,3.080308,50.393772
2022-933554,2022-03-07,Vente,66000,126,RUE DE ROUBAIX,59178000BV0049,Appartement,73,3.088183,50.376721
2022-933597,2022-03-14,Vente,70000,32,RUE DE LA CUVE D OR,59178000CD0462,Appartement,79,3.08361,50.366944
2022-933609,2022-03-03,Vente,137500,97,RUE D ORCHIES,59178000BT0199,Appartement,143,3.087803,50.377804
2022-933629,2022-03-15,Vente,117000,463,RUE DE PARIS,59178000BZ0009,Appartement,73,3.079449,50.363751
2022-933658,2022-03-14,Vente,117650,118,RUE DE L HIPPODROME,59178000BZ0304,Maison,98,3.0821,50.363731
2022-933666,2022-03-02,Vente,153800,76,RUE MONGAT,59178000BZ0933,Appartement,72,3.08041,50.364337
2022-933726,2022-03-10,Vente,59000,150,BD LOUIS BREGUET,59178000CS0577,Appartement,27,3.081407,50.380134
2022-933740,2022-03-12,Vente,41000,31,RLE DE L EVEQUE,59178000CD0367,Appartement,17,3.079248,50.368166
2022-933796,2022-02-21,Vente,198000,143,RUE DES BLANCS MOUCHONS,59178000BX0082,Appartement,124,3.080694,50.37152
2022-933850,2022-03-01,Vente,90000,68,RUE RENE CAILLIE,59178000BN0273,Maison,80,3.089019,50.397072
2022-933876,2022-03-03,Vente,178950,90,RUE MOREL,59178000BW0118,Appartement,70,3.086897,50.372754
2022-934036,2022-02-25,Vente,270000,480,RUE D ESQUERCHIN,59178000CH0039,Appartement,11,3.069763,50.372682
2022-934036,2022-02-25,Vente,270000,480,RUE D ESQUERCHIN,59178000CH0039,Appartement,35,3.069763,50.372682
2022-934036,2022-02-25,Vente,270000,480,RUE D ESQUERCHIN,59178000CH0039,Appartement,60,3.069763,50.372682
2022-934036,2022-02-25,Vente,270000,480,RUE D ESQUERCHIN,59178000CH0039,Appartement,51,3.069763,50.372682
2022-934036,2022-02-25,Vente,270000,480,RUE D ESQUERCHIN,59178000CH0039,Appartement,33,3.069763,50.372682
2022-934037,2022-03-03,Vente,49900,60,RUE DU GOUVERNEMENT,59178000BX0040,Appartement,23,3.079163,50.370851
2022-934056,2022-02-24,Vente,75000,193,AV DES GERANIUMS,59178000CI0149,Maison,65,3.061887,50.37434
2022-934059,2022-03-16,Vente,47500,73,RUE NOTRE DAME DES WETZ,59178000BX0715,Appartement,47,3.078931,50.372064
2022-934063,2022-03-16,Vente,120000,173,RUE DE L EGLISE DORIGNIES,59178000BM0196,Maison,109,3.082382,50.393774
2022-934073,2022-02-03,Vente,275850,35,RUE LAMBRECHT,59178000BX0899,Maison,311,3.080628,50.3719
2022-934119,2022-03-17,Vente,102500,50,RUE EDITH PIAF,59178000BN0677,Maison,81,3.089559,50.389894
2022-934126,2022-03-09,Vente en l'état futur d'achèvement,225000,44,RUE DES GLACIS,59178000BZ0200,Appartement,36,3.082746,50.362999
2022-934126,2022-03-09,Vente en l'état futur d'achèvement,225000,44,RUE DES GLACIS,59178000BZ0200,Appartement,30,3.082746,50.362999
2022-934224,2022-03-03,Vente,168000,17,RUE DU FOUR ST AME,59178000CE0429,Appartement,16,3.075769,50.368436
2022-934224,2022-03-03,Vente,168000,17,RUE DU FOUR ST AME,59178000CE0429,Appartement,20,3.075769,50.368436
2022-934224,2022-03-03,Vente,168000,17,RUE DU FOUR ST AME,59178000CE0429,Appartement,20,3.075769,50.368436
2022-934224,2022-03-03,Vente,168000,17,RUE DU FOUR ST AME,59178000CE0429,Appartement,20,3.075769,50.368436
2022-934239,2022-03-07,Vente,74000,69,RUE DE LA CUVE D OR,59178000BZ0927,Appartement,60,3.084069,50.366545
2022-934279,2022-02-28,Vente,98000,64,RUE REMY DUHEM,59178000AX0281,Maison,70,3.085684,50.351183
2022-934315,2022-03-24,Vente,142900,86,RUE NUNGESSER ET COLI,59178000BH0113,Maison,80,3.057425,50.370739
2022-934429,2022-03-25,Vente,238000,166,RUE CONSTANT DUTILLEUX,59178000AY0430,Maison,134,3.088437,50.361017
2022-934429,2022-03-25,Vente,238000,166,RUE CONSTANT DUTILLEUX,59178000AY0430,Maison,134,3.088437,50.361017
2022-934430,2022-03-14,Vente,240000,129,RUE JEAN JAURES,59178000BM0037,Appartement,25,3.083167,50.391952
2022-934430,2022-03-14,Vente,240000,129,RUE JEAN JAURES,59178000BM0037,Appartement,15,3.083167,50.391952
2022-934430,2022-03-14,Vente,240000,129,RUE JEAN JAURES,59178000BM0037,Appartement,15,3.083167,50.391952
2022-934430,2022-03-14,Vente,240000,129,RUE JEAN JAURES,59178000BM0037,Appartement,45,3.083167,50.391952
2022-934430,2022-03-14,Vente,240000,129,RUE JEAN JAURES,59178000BM0037,Appartement,50,3.083167,50.391952
2022-934430,2022-03-14,Vente,240000,129,RUE JEAN JAURES,59178000BM0037,Appartement,59,3.083167,50.391952
2022-934458,2022-03-16,Vente,171510,180,RUE DU PONT DE LA DEULE,59178000BN0158,Maison,95,3.086468,50.396363
2022-934505,2022-03-07,Vente,63900,361,RUE MOREL,59178000BV0122,Appartement,73,3.087528,50.374531
2022-934609,2022-03-29,Vente,50000,98,RUE DE ROUBAIX,59178000BV0049,Appartement,29,3.088183,50.376721
2022-934748,2022-03-10,Vente,290000,33,RUE TOUR DE BOURGOGNE,59178000BZ0337,Appartement,12,3.082018,50.364706
2022-934748,2022-03-10,Vente,290000,33,RUE TOUR DE BOURGOGNE,59178000BZ0337,Appartement,18,3.082018,50.364706
2022-934748,2022-03-10,Vente,290000,33,RUE TOUR DE BOURGOGNE,59178000BZ0337,Appartement,14,3.082018,50.364706
2022-934748,2022-03-10,Vente,290000,33,RUE TOUR DE BOURGOGNE,59178000BZ0337,Appartement,17,3.082018,50.364706
2022-934748,2022-03-10,Vente,290000,33,RUE TOUR DE BOURGOGNE,59178000BZ0337,Appartement,18,3.082018,50.364706
2022-934748,2022-03-10,Vente,290000,33,RUE TOUR DE BOURGOGNE,59178000BZ0337,Appartement,15,3.082018,50.364706
2022-934814,2022-03-23,Vente,82000,109,RUE LEFEBVRE D ORVAL,59178000BD0247,Appartement,70,3.065892,50.36447
2022-934815,2022-03-23,Vente,73800,85,RUE VICTOR PECQUEUR,59178000BM0627,Maison,77,3.085153,50.391565
2022-934932,2022-03-25,Vente,87000,113,RUE ARTHUR RIMBAUD,59178000BD0480,Appartement,56,3.063845,50.366208
2022-934941,2022-03-15,Vente,310000,67,AV PAUL HENIN,59178000AY0399,Maison,118,3.08821,50.360305
2022-935220,2022-03-24,Vente en l'état futur d'achèvement,112000,44,RUE DES GLACIS,59178000BZ0200,Appartement,41,3.082746,50.362999
2022-935241,2022-03-31,Vente,169010,15,QUAI DU MARECHAL FOCH,59178000CD0182,Appartement,47,3.076042,50.367075
2022-935241,2022-03-31,Vente,169010,15,QUAI DU MARECHAL FOCH,59178000CD0182,Appartement,50,3.076042,50.367075
2022-935241,2022-03-31,Vente,169010,15,QUAI DU MARECHAL FOCH,59178000CD0182,Appartement,48,3.076042,50.367075
2022-935316,2022-03-15,Vente,105000,269,RUE DES WETZ,59178000BW0020,Maison,88,3.081447,50.374535
2022-935590,2022-03-21,Vente,345000,109,RUE DE VALENCIENNES,59178000BY0136,Maison,83,3.085364,50.367347
2022-935595,2022-03-23,Vente,96900,345,RUE D ARRAS,59178000CE0387,Appartement,49,3.07194,50.366603
2022-935613,2022-03-22,Vente,90510,134,AV DES ROSIERS,59178000CI0175,Maison,70,3.061939,50.373477
2022-935681,2022-03-30,Vente en l'état futur d'achèvement,136000,44,RUE DES GLACIS,59178000BZ0200,Appartement,43,3.082746,50.362999
2022-935784,2022-03-25,Vente,162000,750,RUE DU FBG DE BETHUNE,59178000BK0324,Maison,88,3.06156,50.381925
2022-935798,2022-03-25,Vente,210000,163,BD JEANNE D ARC,59178000BD0234,Maison,114,3.066904,50.365594
2022-935832,2022-04-12,Vente,97000,129,RUE SAINT NICOLAS,59178000CD0656,Maison,70,3.077161,50.365415
2022-935840,2022-04-01,Vente,157000,313,RUE SAINT ALBIN,59178000CR0272,Maison,61,3.077405,50.375074
2022-935887,2022-03-29,Vente,370000,40,RUE MOREL,59178000BW0122,Appartement,59,3.086467,50.372488
2022-935887,2022-03-29,Vente,370000,40,RUE MOREL,59178000BW0122,Appartement,30,3.086467,50.372488
2022-935887,2022-03-29,Vente,370000,40,RUE MOREL,59178000BW0122,Appartement,60,3.086467,50.372488
2022-935887,2022-03-29,Vente,370000,40,RUE MOREL,59178000BW0122,Appartement,60,3.086467,50.372488
2022-935887,2022-03-29,Vente,370000,40,RUE MOREL,59178000BW0122,Appartement,25,3.086467,50.372488
2022-935889,2022-03-30,Vente,219000,52,ALL JEAN ROSTAND,59178000CK0589,Maison,113,3.068415,50.379104
2022-935899,2022-04-13,Vente,35000,69,PL D ARMES,59178000BX0788,Appartement,73,3.082889,50.368235
2022-935969,2022-03-25,Vente,121600,28,RUE THEOPHILE BRA,59178000CD0610,Maison,87,3.078989,50.364902
2022-935972,2022-03-17,Vente,130150,91,AV DES ROSIERS,59178000CI0204,Maison,75,3.061773,50.372912
2022-935975,2022-03-31,Vente,102000,2,AV LOUIS BRAILLE,59178000CK0332,Maison,66,3.067071,50.380112
2022-936032,2022-03-25,Vente,157500,90,RUE DE BELLAIN,59178000BX0309,Appartement,55,3.082741,50.368732
2022-936039,2022-03-31,Vente,167000,420,RUE LEFEBVRE D ORVAL,59178000BE0033,Maison,121,3.060511,50.36471
2022-936119,2022-03-25,Vente,53600,283,RUE MOREL,59178000BV0122,Appartement,62,3.087528,50.374531
2022-936327,2022-04-08,Vente,167000,15,RUE JEAN MERMOZ,59178000BH0463,Maison,84,3.057831,50.37164
2022-936336,2022-04-04,Vente,420000,84,RUE DE LA CLOCHE,59178000CR0660,Appartement,27,3.075445,50.370308
2022-936336,2022-04-04,Vente,420000,84,RUE DE LA CLOCHE,59178000CR0660,Appartement,24,3.075445,50.370308
2022-936336,2022-04-04,Vente,420000,84,RUE DE LA CLOCHE,59178000CR0660,Appartement,38,3.075445,50.370308
2022-936336,2022-04-04,Vente,420000,84,RUE DE LA CLOCHE,59178000CR0660,Appartement,45,3.075445,50.370308
2022-936366,2022-04-08,Vente,228000,493,AV DE STRASBOURG,59178000CL0060,Maison,74,3.073864,50.383493
2022-936374,2022-04-07,Vente,209050,78,RUE SERVAL,59178000CR0011,Maison,104,3.071269,50.372399
2022-936413,2022-04-15,Vente,257650,105,RUE D ANHIERS,59178000AK0843,Maison,107,3.130038,50.398773
2022-936413,2022-04-15,Vente,257650,105,RUE D ANHIERS,59178000AK0843,Maison,107,3.130038,50.398773
2022-936414,2022-04-15,Vente,93000,74,RUE FRANCOIS CUVELLE,59178000BY0111,Appartement,46,3.085651,50.367758
2022-936433,2022-04-08,Vente,110000,308,RUE DU BLOC,59178000CR0757,Maison,85,3.072509,50.370587
2022-936433,2022-04-08,Vente,110000,304,RUE DU BLOC,59178000CR0758,Maison,39,3.072585,50.370648
2022-936448,2022-04-08,Vente,214000,8,RUE DEFOREST,59178000CS0225,Appartement,45,3.082845,50.3761
2022-936448,2022-04-08,Vente,214000,8,RUE DEFOREST,59178000CS0225,Appartement,35,3.082845,50.3761
2022-936448,2022-04-08,Vente,214000,8,RUE DEFOREST,59178000CS0225,Appartement,31,3.082845,50.3761
2022-936481,2022-03-29,Vente,125000,390,RUE D ESQUERCHIN,59178000CR0005,Appartement,10,3.070607,50.372072
2022-936481,2022-03-29,Vente,125000,390,RUE D ESQUERCHIN,59178000CR0005,Appartement,9,3.070607,50.372072
2022-936481,2022-03-29,Vente,125000,390,RUE D ESQUERCHIN,59178000CR0005,Appartement,10,3.070607,50.372072
2022-936481,2022-03-29,Vente,125000,390,RUE D ESQUERCHIN,59178000CR0005,Appartement,9,3.070607,50.372072
2022-936481,2022-03-29,Vente,125000,390,RUE D ESQUERCHIN,59178000CR0005,Appartement,20,3.070607,50.372072
2022-936481,2022-03-29,Vente,125000,390,RUE D ESQUERCHIN,59178000CR0005,Appartement,9,3.070607,50.372072
2022-936481,2022-03-29,Vente,125000,390,RUE D ESQUERCHIN,59178000CR0005,Appartement,9,3.070607,50.372072
2022-936481,2022-03-29,Vente,125000,390,RUE D ESQUERCHIN,59178000CR0005,Appartement,10,3.070607,50.372072
2022-936505,2022-04-08,Vente,159480,171,AV GEORGES CLEMENCEAU,59178000BW0488,Appartement,109,3.088917,50.372069
2022-936518,2022-03-30,Vente,70400,391,RUE MOREL,59178000BV0122,Appartement,88,3.087528,50.374531
2022-936588,2022-03-28,Vente,170000,64,PL SUZANNE LANOY,59178000BX0570,Maison,52,3.078618,50.36881
2022-936626,2022-04-19,Vente,100000,2395,RTE DE TOURNAI,59178000AO0060,Maison,93,3.111329,50.396643
2022-936627,2022-04-11,Vente,267000,438,BD LAHURE,59178000BS0164,Maison,170,3.082326,50.383648
2022-936627,2022-04-11,Vente,267000,438,BD LAHURE,59178000BS0164,Maison,170,3.082326,50.383648
2022-936806,2022-04-13,Vente,158000,382,BD ALBERT 1ER,59178000CP0115,Appartement,78,3.072616,50.375184
2022-936835,2022-03-29,Vente,25000,622,RUE DES TRANNOIS,59178000BR0027,Maison,43,3.088407,50.387956
2022-936965,2022-04-27,Vente,114500,184,RUE LOUIS BLERIOT,59178000CH0241,Appartement,77,3.063621,50.370741
2022-937007,2022-03-02,Vente,110591,116,RUE JEAN DE GOUY,59178000BW0298,Appartement,34,3.082668,50.371579
2022-937007,2022-03-02,Vente,110591,110,RUE JEAN DE GOUY,59178000BW0298,Appartement,23,3.082668,50.371579
2022-937007,2022-03-02,Vente,110591,116,RUE JEAN DE GOUY,59178000BW0298,Appartement,95,3.082668,50.371579
2022-937101,2022-04-07,Vente,90000,28,RLE DES ARBALETRIERS,59178000CD0530,Appartement,33,3.080395,50.365966
2022-937138,2022-04-22,Vente,110000,165,RUE DELFOSSE,59178000BM0069,Maison,84,3.082811,50.393249
2022-937155,2022-03-31,Vente,123000,251,BD PASTEUR,59178000BC0660,Appartement,97,3.074089,50.363101
2022-937182,2022-04-25,Vente,102000,139,AV GEORGES CLEMENCEAU,59178000BW0181,Appartement,98,3.088494,50.37209
2022-937284,2022-04-27,Vente,130000,59,RUE DE MELUN,59178000AH0009,Maison,89,3.130629,50.39426
2022-937337,2022-04-25,Vente,129800,64,CITE SCHOUTETEN,59178000BI0153,Maison,95,3.061754,50.376836
2022-937360,2022-04-14,Vente,88000,322,BD ALBERT 1ER,59178000CP0115,Appartement,56,3.072616,50.375184
2022-937471,2022-04-07,Vente,175750,1246,RUE JEAN ZAY,59178000AO0134,Maison,58,3.10951,50.397978
2022-937471,2022-04-07,Vente,175750,1246,RUE JEAN ZAY,59178000AO0134,Maison,58,3.10951,50.397978
2022-937476,2022-05-02,Vente,41500,12,RUE DES FRANSURES,59178000CR0625,Appartement,18,3.077136,50.369949
2022-937494,2022-05-02,Vente,85000,109,RUE LEFEBVRE D ORVAL,59178000BD0247,Appartement,82,3.065892,50.36447
2022-937505,2022-05-04,Vente,105000,13,RUE SAINT ALBIN,59178000CR0213,Maison,187,3.075526,50.37272
2022-937512,2022-04-27,Vente,140000,81,RUE DE PARIS,59178000CD0862,Appartement,81,3.08173,50.366845
2022-937626,2022-04-21,Vente,172500,133,RUE DE L ABBAYE DES PRES,59178000CR0410,Appartement,88,3.080178,50.375688
2022-937645,2022-04-21,Vente,95000,330,RUE LEFEBVRE D ORVAL,59178000BE0077,Appartement,46,3.061729,50.365414
2022-937654,2022-05-03,Vente,135100,145,RLE DES ARCHERS,59178000CD0506,Maison,86,3.082275,50.366333
2022-937662,2022-04-22,Vente,60000,295,QUAI DEVIGNE,59178000BC0647,Appartement,50,3.072534,50.363212
2022-937767,2022-04-14,Vente,315000,75,RUE D ARLEUX,59178000BZ0149,Maison,210,3.08218,50.362346
2022-937859,2022-04-27,Vente,76300,21,RUE SAINT AME,59178000CE0221,Appartement,43,3.076278,50.369705
2022-937954,2022-04-20,Vente,175900,60,RUE SAINT ELOI,59178000BZ0010,Maison,72,3.079866,50.363725
2022-937963,2022-05-03,Vente,74500,368,AV DU QUATRE SEPTEMBRE,59178000BZ0846,Appartement,39,3.086646,50.362477
2022-937994,2022-04-20,Vente,98000,81,PL D ARMES,59178000BX0289,Appartement,32,3.083193,50.368057
2022-938024,2022-04-25,Vente,118000,138,RUE REMY DUHEM,59178000AX0269,Maison,70,3.085178,50.351737
2022-938035,2022-04-29,Vente,237600,457,AV DE STRASBOURG,59178000CL0444,Maison,121,3.074019,50.383229
2022-938119,2022-04-28,Vente,145000,1330,RUE DU POLYGONE,59178000CM0266,Maison,50,3.079889,50.390098
2022-938302,2022-04-21,Vente,107000,570,RUE GUYNEMER,59178000BH0050,Maison,57,3.058282,50.372187
2022-938306,2022-04-21,Vente,109000,295,QUAI DEVIGNE,59178000BC0647,Appartement,50,3.072534,50.363212
2022-938362,2022-05-05,Vente,170000,365,AV DU QUATRE SEPTEMBRE,59178000AY0192,Maison,65,3.087314,50.362164
2022-938415,2022-04-19,Vente,124000,512,RUE DE LAMBRES,59178000BC0587,Maison,102,3.073214,50.358764
2022-938441,2022-04-25,Vente,71000,345,RUE D ARRAS,59178000CE0387,Appartement,39,3.07194,50.366603
2022-938464,2022-04-27,Vente,29000,167,RUE DES FERRONNIERS,59178000BX0464,Appartement,21,3.079918,50.369155
2022-938521,2022-05-06,Vente,64000,787,RUE DU POLYGONE,59178000CM0516,Maison,72,3.078291,50.386156
2022-938556,2022-05-05,Vente,85900,368,AV DU QUATRE SEPTEMBRE,59178000BZ0846,Appartement,54,3.086646,50.362477
2022-938592,2022-05-12,Vente,199800,45,RUE DES FERRONNIERS,59178000BX0375,Appartement,70,3.081645,50.368921
2022-938592,2022-05-12,Vente,199800,45,RUE DES FERRONNIERS,59178000BX0375,Appartement,40,3.081645,50.368921
2022-938709,2022-04-29,Vente en l'état futur d'achèvement,230000,44,RUE DES GLACIS,59178000BZ0200,Appartement,36,3.082746,50.362999
2022-938710,2022-04-29,Vente,400000,10,RUE SAINT ANTOINE,59178000BZ0389,Appartement,30,3.080069,50.364189
2022-938710,2022-04-29,Vente,400000,10,RUE SAINT ANTOINE,59178000BZ0389,Appartement,25,3.080069,50.364189
2022-938710,2022-04-29,Vente,400000,10,RUE SAINT ANTOINE,59178000BZ0389,Appartement,30,3.080069,50.364189
2022-938710,2022-04-29,Vente,400000,10,RUE SAINT ANTOINE,59178000BZ0389,Appartement,34,3.080069,50.364189
2022-938710,2022-04-29,Vente,400000,10,RUE SAINT ANTOINE,59178000BZ0389,Appartement,30,3.080069,50.364189
2022-938710,2022-04-29,Vente,400000,10,RUE SAINT ANTOINE,59178000BZ0389,Appartement,30,3.080069,50.364189
2022-938710,2022-04-29,Vente,400000,10,RUE SAINT ANTOINE,59178000BZ0389,Appartement,30,3.080069,50.364189
2022-938710,2022-04-29,Vente,400000,10,RUE SAINT ANTOINE,59178000BZ0389,Appartement,30,3.080069,50.364189
2022-938710,2022-04-29,Vente,400000,10,RUE SAINT ANTOINE,59178000BZ0389,Appartement,34,3.080069,50.364189
2022-938710,2022-04-29,Vente,400000,10,RUE SAINT ANTOINE,59178000BZ0389,Appartement,30,3.080069,50.364189
2022-938713,2022-05-11,Vente,233565,16,RUE DES COTTERIES,59178000BX0785,Appartement,27,3.084694,50.369072
2022-938713,2022-05-11,Vente,233565,16,RUE DES COTTERIES,59178000BX0785,Appartement,11,3.084694,50.369072
2022-938713,2022-05-11,Vente,233565,16,RUE DES COTTERIES,59178000BX0785,Appartement,11,3.084694,50.369072
2022-938713,2022-05-11,Vente,233565,16,RUE DES COTTERIES,59178000BX0785,Appartement,13,3.084694,50.369072
2022-938713,2022-05-11,Vente,233565,16,RUE DES COTTERIES,59178000BX0785,Appartement,13,3.084694,50.369072
2022-938730,2022-05-05,Vente,100000,110,RUE DELABY,59178000CN0468,Maison,60,3.075102,50.379825
2022-938741,2022-05-16,Vente,127000,144,AV DES ROSIERS,59178000CI0174,Maison,62,3.061898,50.373532
2022-938748,2022-05-04,Vente,213000,331,RUE DE FLERS,59178000BK0518,Maison,91,3.064443,50.385076
2022-938748,2022-05-04,Vente,213000,331,RUE DE FLERS,59178000BK0518,Maison,91,3.064443,50.385076
2022-938750,2022-04-30,Vente,90000,201,ALL ALBERT CAMUS,59178000CK0586,Appartement,49,3.071813,50.379164
2022-938752,2022-05-06,Vente,119000,37,RUE CONSTANT DUTILLEUX,59178000AY0258,Maison,80,3.087162,50.361945
2022-938759,2022-04-29,Vente,235000,471,RUE DE PARIS,59178000BZ0009,Appartement,127,3.079449,50.363751
2022-938762,2022-05-12,Vente,277000,176,RUE DU CLOCHER ST PIERRE,59178000BX0024,Appartement,42,3.079023,50.370562
2022-938762,2022-05-12,Vente,277000,176,RUE DU CLOCHER ST PIERRE,59178000BX0024,Appartement,50,3.079023,50.370562
2022-938762,2022-05-12,Vente,277000,176,RUE DU CLOCHER ST PIERRE,59178000BX0024,Appartement,30,3.079023,50.370562
2022-938762,2022-05-12,Vente,277000,176,RUE DU CLOCHER ST PIERRE,59178000BX0024,Appartement,26,3.079023,50.370562
2022-938762,2022-05-12,Vente,277000,176,RUE DU CLOCHER ST PIERRE,59178000BX0024,Appartement,28,3.079023,50.370562
2022-938762,2022-05-12,Vente,277000,176,RUE DU CLOCHER ST PIERRE,59178000BX0024,Appartement,30,3.079023,50.370562
2022-938762,2022-05-12,Vente,277000,176,RUE DU CLOCHER ST PIERRE,59178000BX0024,Appartement,26,3.079023,50.370562
2022-938762,2022-05-12,Vente,277000,176,RUE DU CLOCHER ST PIERRE,59178000BX0024,Appartement,28,3.079023,50.370562
2022-938786,2022-05-13,Vente,86222,229,BD DE LIEGE,59178000BW0096,Appartement,66,3.089007,50.3743
2022-938828,2022-05-13,Vente,460000,110,AV D ALSACE LORRAINE,59178000CN0457,Maison,108,3.07713,50.381505
2022-938828,2022-05-13,Vente,460000,110,AV D ALSACE LORRAINE,59178000CN0457,Maison,108,3.07713,50.381505
2022-938845,2022-05-02,Vente,101100,277,RUE DE PARIS,59178000BZ0433,Appartement,95,3.080606,50.365223
2022-938883,2022-05-06,Vente,60000,73,AV DES ROSIERS,59178000CI0202,Maison,84,3.061922,50.372802
2022-938956,2022-04-25,Vente,88400,306,BD ALBERT 1ER,59178000CP0115,Appartement,56,3.072616,50.375184
2022-938996,2022-04-22,Vente,77000,201,ALL ALBERT CAMUS,59178000CK0586,Appartement,62,3.071813,50.379164
2022-939022,2022-05-10,Vente,63000,201,ALL ALBERT CAMUS,59178000CK0586,Appartement,31,3.071813,50.379164
2022-939077,2022-05-20,Vente,102000,80,AV GEORGES CLEMENCEAU,59178000BW0187,Appartement,81,3.08739,50.371698
2022-939078,2022-05-18,Vente,159000,59,RUE CUELENAERE,59178000AY0038,Maison,84,3.082081,50.360321
2022-939129,2022-05-18,Vente,187500,46,IMP LEBLOND,59178000BK0337,Maison,115,3.061513,50.382191
2022-939132,2022-05-19,Vente,159900,57,AV DES TILLEULS,59178000CK0038,Maison,74,3.063896,50.378955
2022-939139,2022-05-18,Vente,75000,19,VC MOCHE,59178000BM0228,Maison,66,3.083129,50.394477
2022-939222,2022-04-29,Vente,54500,351,BD PASTEUR,59178000BC0647,Appartement,33,3.072534,50.363212
2022-939272,2022-05-23,Vente,147000,55,CITE SCHOUTETEN,59178000BI0159,Maison,96,3.061014,50.377105
2022-939272,2022-05-23,Vente,147000,55,CITE SCHOUTETEN,59178000BI0159,Maison,96,3.061014,50.377105
2022-939394,2022-05-09,Vente,140000,347,AV D ALSACE LORRAINE,59178000CN0029,Maison,80,3.076472,50.383746
2022-939565,2022-05-24,Vente,133000,26,RUE DU CIMETIERE,59178000BN0294,Maison,144,3.088467,50.393374
2022-939635,2022-05-18,Vente,220000,43,RUE DE LILLE,59178000BV0055,Appartement,70,3.089198,50.376201
2022-939635,2022-05-18,Vente,220000,43,RUE DE LILLE,59178000BV0055,Appartement,70,3.089198,50.376201
2022-939677,2022-05-19,Vente,82000,29,PL DU BARLET,59178000BZ0479,Appartement,56,3.083943,50.366293
2022-939778,2022-05-20,Vente,93000,73,RUE DURUTTE,59178000BW0149,Appartement,55,3.087938,50.372087
2022-939818,2022-05-19,Vente,190000,29,PL DU BARLET,59178000BZ0479,Appartement,56,3.083943,50.366293
2022-939818,2022-05-19,Vente,190000,29,PL DU BARLET,59178000BZ0479,Appartement,71,3.083943,50.366293
2022-939846,2022-05-12,Vente,189000,336,RUE LEONIE MAIAUX,59178000BH0002,Maison,93,3.059137,50.373931
2022-939858,2022-05-18,Vente,94400,164,RUE LOUIS BLERIOT,59178000CH0241,Appartement,45,3.063621,50.370741
2022-940219,2022-05-09,Vente,120383.12,201,AV DU QUATRE SEPTEMBRE,59178000AV0026,Appartement,70,3.089097,50.363137
2022-940219,2022-05-09,Vente,120383.12,201,AV DU QUATRE SEPTEMBRE,59178000AV0026,Appartement,70,3.089097,50.363137
2022-940224,2022-05-24,Vente,103000,45,RUE DES VIERGES,59178000CE0291,Maison,47,3.07416,50.3702
2022-940246,2022-05-24,Vente,134900,140,RUE DE L EGLISE DORIGNIES,59178000BM0077,Maison,70,3.082543,50.393191
2022-940310,2022-05-13,Vente en l'état futur d'achèvement,104166.67,44,RUE DES GLACIS,59178000BZ0200,Appartement,59,3.082746,50.362999
2022-940359,2022-05-25,Vente,50000,137,RUE DU HUIT MAI 1945,59178000BM0974,Maison,58,3.080828,50.39422
2022-940375,2022-05-18,Vente,125000,44,RUE DES GLACIS,59178000BZ0200,Appartement,42,3.082746,50.362999
2022-940389,2022-05-24,Vente,120000,112,RUE D OCRE,59178000CR0291,Maison,87,3.077364,50.376323
2022-940602,2022-06-02,Vente,105000,196,RUE LOUIS BLERIOT,59178000CH0241,Appartement,82,3.063621,50.370741
2022-940623,2022-05-20,Vente,135510,152,RUE SAINT JULIEN,59178000CR0587,Maison,88,3.076984,50.371776
2022-940729,2022-06-07,Vente,606500,320,RUE DE L ABBAYE DES PRES,59178000CS0239,Maison,350,3.082691,50.376759
2022-940753,2022-06-01,Vente,56000,251,BD PASTEUR,59178000BC0660,Appartement,42,3.074089,50.363101
2022-940858,2022-05-23,Vente,120000,251,BD PASTEUR,59178000BC0660,Appartement,108,3.074089,50.363101
2022-940943,2022-05-18,Vente,87900,109,RUE LEFEBVRE D ORVAL,59178000BD0247,Appartement,70,3.065892,50.36447
2022-941091,2022-06-02,Vente,200000,96,RUE DE LA TOUR DES DAMES,59178000CS0177,Maison,112,3.083417,50.378723
2022-941127,2022-05-31,Vente en l'état futur d'achèvement,166000,44,RUE DES GLACIS,59178000BZ0200,Appartement,55,3.082746,50.362999
2022-941230,2022-06-01,Vente,177000,315,RUE BERTHE GARNIER,59178000CL0087,Maison,80,3.075432,50.386704
2022-941384,2022-06-14,Vente,136900,295,QUAI DEVIGNE,59178000BC0647,Appartement,92,3.072534,50.363212
2022-941442,2022-05-13,Vente,177700,671,RUE DU FBG DE PARIS,59178000AX0660,Maison,89,3.087293,50.350791
2022-941486,2022-06-08,Vente,55000,98,RUE DE ROUBAIX,59178000BV0049,Appartement,46,3.088183,50.376721
2022-941548,2022-06-01,Vente,84000,29,PL DU BARLET,59178000BZ0479,Appartement,54,3.083943,50.366293
2022-941551,2022-06-01,Vente,109000,39,PL DU BARLET,59178000BZ0479,Maison,67,3.083943,50.366293
2022-941570,2022-06-08,Vente,145000,77,QUAI D'ALSACE,59178000CS0216,Appartement,67,3.083238,50.376617
2022-941602,2022-06-10,Vente,179000,363,RUE DU POLYGONE,59178000CN0508,Maison,124,3.077691,50.382084
2022-941625,2022-06-02,Vente,108000,164,RUE LOUIS BLERIOT,59178000CH0241,Appartement,85,3.063621,50.370741
2022-941642,2022-06-09,Vente,155555.27,17,RLE DE L EVEQUE,59178000CD0365,Appartement,20,3.079099,50.368189
2022-941642,2022-06-09,Vente,155555.27,17,RLE DE L EVEQUE,59178000CD0365,Appartement,21,3.079099,50.368189
2022-941642,2022-06-09,Vente,155555.27,17,RLE DE L EVEQUE,59178000CD0365,Appartement,21,3.079099,50.368189
2022-941659,2022-06-01,Vente,84000,39,PL DU BARLET,59178000BZ0479,Maison,60,3.083943,50.366293
2022-941663,2022-05-30,Vente,179900,24,RUE ANDRE JOUVENEAU,59178000BH0383,Maison,92,3.056716,50.374625
2022-941702,2022-06-20,Vente,190000,47,RUE SAINT THOMAS,59178000BW0331,Appartement,53,3.083735,50.371504
2022-941702,2022-06-20,Vente,190000,47,RUE SAINT THOMAS,59178000BW0331,Appartement,53,3.083735,50.371504
2022-941799,2022-06-04,Vente,386070,29,RUE CHARLES MERLIN,59178000BY0018,Appartement,150,3.087359,50.367425
2022-941802,2022-06-09,Vente,120000,210,QUAI DE BOISSET,59178000BM0149,Appartement,50,3.080356,50.393693
2022-941802,2022-06-09,Vente,120000,210,QUAI DE BOISSET,59178000BM0149,Appartement,50,3.080356,50.393693
2022-941805,2022-06-21,Vente,155000,704,RUE DU FBG DE PARIS,59178000AX0148,Maison,68,3.086485,50.35017
2022-941805,2022-06-21,Vente,155000,704,RUE DU FBG DE PARIS,59178000AX0148,Maison,68,3.086485,50.35017
2022-941867,2022-06-03,Vente,169900,88,RUE JEAN MERMOZ,59178000BH0201,Maison,115,3.056599,50.371608
2022-941877,2022-06-07,Vente,108000,177,RUE DE CAMBRAI,59178000BZ0949,Appartement,96,3.079023,50.361158
2022-941891,2022-06-01,Vente,65500,56,RUE MONGAT,59178000BZ0409,Appartement,78,3.080333,50.364574
2022-941894,2022-06-17,Vente,90000,113,RUE ARTHUR RIMBAUD,59178000BD0480,Appartement,56,3.063845,50.366208
2022-942032,2022-06-22,Vente,133900,455,BD DE LA REPUBLIQUE,59178000CP0085,Appartement,82,3.074179,50.375581
2022-942080,2022-06-01,Vente,64000,39,PL DU BARLET,59178000BZ0479,Maison,46,3.083943,50.366293
2022-942084,2022-06-22,Vente,60000,406,AV DU QUATRE SEPTEMBRE,59178000BZ0631,Maison,72,3.086454,50.362261
2022-942088,2022-06-22,Vente,70000,33,BD FAIDHERBE,59178000BY0041,Maison,91,3.087803,50.367554
2022-942096,2022-06-22,Vente,60000,175,RUE CHARLES BOURSEUL,59178000CN0158,Maison,69,3.075437,50.379987
2022-942105,2022-06-01,Vente,400000,60,RUE FOUCQUES,59178000CD0303,Maison,149,3.0769,50.367153
2022-942107,2022-06-01,Vente,736000,192,RUE SAINT THOMAS,59178000BW0376,Maison,240,3.082267,50.372422
2022-942158,2022-06-16,Vente,660000,55,VC MONSEIGNEUR GENIE,59178000CR0696,Maison,252,3.075105,50.371465
2022-942158,2022-06-16,Vente,660000,55,VC MONSEIGNEUR GENIE,59178000CR0768,Appartement,21,3.075674,50.371378
2022-942158,2022-06-16,Vente,660000,55,VC MONSEIGNEUR GENIE,59178000CR0768,Appartement,20,3.075674,50.371378
2022-942158,2022-06-16,Vente,660000,55,VC MONSEIGNEUR GENIE,59178000CR0768,Appartement,26,3.075674,50.371378
2022-942158,2022-06-16,Vente,660000,55,VC MONSEIGNEUR GENIE,59178000CR0768,Appartement,25,3.075674,50.371378
2022-942234,2022-05-31,Vente,69000,425,RUE DE L ABBAYE DES PRES,59178000CS0264,Maison,94,3.082932,50.377818
2022-942248,2022-05-31,Vente,217000,351,RUE DES WETZ,59178000BW0622,Appartement,109,3.082721,50.375341
2022-942252,2022-05-30,Vente,169900,341,RUE LEO LAGRANGE,59178000AW0110,Maison,83,3.087997,50.356238
2022-942257,2022-05-31,Vente,96500,10,RUE DE L ABBAYE DE PAIX,59178000BW0096,Appartement,56,3.089007,50.3743
2022-942262,2022-06-21,Vente,87000,256,RUE DE BAILLIENCOURT,59178000BS0314,Maison,55,3.082993,50.384451
2022-942286,2022-06-20,Vente,92000,67,RUE REMY DUHEM,59178000AX0389,Maison,70,3.085103,50.351006
2022-942291,2022-06-03,Vente,270000,202,PL DU BARLET,59178000BZ0326,Maison,130,3.082436,50.364587
2022-942371,2022-06-02,Vente,123000,697,RUE DE LAMBRES,59178000BC0463,Maison,108,3.072712,50.357067
2022-942372,2022-06-21,Vente,62500,12,RUE DES FRANSURES,59178000CR0625,Appartement,28,3.077136,50.369949
2022-942373,2022-06-03,Vente,153000,247,RUE D ARRAS,59178000CE0126,Maison,50,3.072634,50.367134
2022-942472,2022-06-03,Vente,450000,172,RUE DE BELLAIN,59178000BX0331,Appartement,78,3.082874,50.36951
2022-942472,2022-06-03,Vente,450000,172,RUE DE BELLAIN,59178000BX0331,Appartement,75,3.082874,50.36951
2022-942472,2022-06-03,Vente,450000,172,RUE DE BELLAIN,59178000BX0331,Appartement,70,3.082874,50.36951
2022-942482,2022-06-21,Vente,1050000,24,QUAI DESBORDES,59178000CR0620,Appartement,35,3.077406,50.370143
2022-942482,2022-06-21,Vente,1050000,24,QUAI DESBORDES,59178000CR0620,Appartement,53,3.077406,50.370143
2022-942482,2022-06-21,Vente,1050000,24,QUAI DESBORDES,59178000CR0620,Appartement,84,3.077406,50.370143
2022-942482,2022-06-21,Vente,1050000,24,QUAI DESBORDES,59178000CR0620,Appartement,77,3.077406,50.370143
2022-942482,2022-06-21,Vente,1050000,24,QUAI DESBORDES,59178000CR0620,Appartement,50,3.077406,50.370143
2022-942482,2022-06-21,Vente,1050000,24,QUAI DESBORDES,59178000CR0620,Appartement,28,3.077406,50.370143
2022-942482,2022-06-21,Vente,1050000,24,QUAI DESBORDES,59178000CR0620,Appartement,72,3.077406,50.370143
2022-942482,2022-06-21,Vente,1050000,24,QUAI DESBORDES,59178000CR0620,Appartement,62,3.077406,50.370143
2022-942482,2022-06-21,Vente,1050000,24,QUAI DESBORDES,59178000CR0620,Appartement,77,3.077406,50.370143
2022-942482,2022-06-21,Vente,1050000,24,QUAI DESBORDES,59178000CR0620,Appartement,64,3.077406,50.370143
2022-942482,2022-06-21,Vente,1050000,24,QUAI DESBORDES,59178000CR0620,Appartement,56,3.077406,50.370143
2022-942482,2022-06-21,Vente,1050000,24,QUAI DESBORDES,59178000CR0620,Appartement,50,3.077406,50.370143
2022-942482,2022-06-21,Vente,1050000,24,QUAI DESBORDES,59178000CR0620,Appartement,50,3.077406,50.370143
2022-942482,2022-06-21,Vente,1050000,24,QUAI DESBORDES,59178000CR0620,Appartement,51,3.077406,50.370143
2022-942482,2022-06-21,Vente,1050000,24,QUAI DESBORDES,59178000CR0620,Appartement,50,3.077406,50.370143
2022-942496,2022-06-03,Vente,140000,970,BD ALBERT 1ER,59178000CP0125,Maison,97,3.078598,50.379432
2022-942535,2022-06-17,Vente,125000,14,RUE SAINT JACQUES,59178000BX0212,Appartement,48,3.083793,50.370225
2022-942535,2022-06-17,Vente,125000,14,RUE SAINT JACQUES,59178000BX0212,Appartement,45,3.083793,50.370225
2022-942701,2022-06-01,Vente,95000,29,PL DU BARLET,59178000BZ0479,Appartement,70,3.083943,50.366293
2022-942702,2022-06-01,Vente,96900,29,PL DU BARLET,59178000BZ0479,Appartement,71,3.083943,50.366293
2022-942706,2022-06-17,Vente,165000,471,RUE DE PARIS,59178000BZ0009,Appartement,100,3.079449,50.363751
2022-942718,2022-06-13,Vente,85900,224,BD ALBERT 1ER,59178000CP0081,Appartement,57,3.071266,50.374413
2022-942766,2022-05-19,Vente,100000,288,RUE DE FERIN,59178000BC0333,Maison,79,3.076243,50.35892
2022-942876,2022-06-24,Vente,107700,345,PL CARNOT,59178000BW0188,Appartement,90,3.088335,50.371071
2022-942896,2022-06-29,Vente,124770,61,PL CHARLES DE GAULLE,59178000BX0262,Appartement,70,3.084099,50.367878
2022-942900,2022-06-30,Vente,52000,39,RUE FLEURY PROUST,59178000BW0186,Appartement,79,3.088147,50.371697
2022-942953,2022-06-10,Vente,170000,371,RUE DES WETZ,59178000BW0622,Appartement,109,3.082721,50.375341
2022-942971,2022-06-17,Vente,112000,124,IMP LAHURE,59178000CM0035,Maison,85,3.081917,50.387955
2022-943022,2022-06-24,Vente,285000,225,RUE D ANHIERS,59178000AK0034,Maison,98,3.131971,50.398618
2022-943022,2022-06-24,Vente,285000,225,RUE D ANHIERS,59178000AK0034,Maison,98,3.131971,50.398618
2022-943030,2022-06-24,Vente,81000,531,BD DE LA REPUBLIQUE,59178000CP0085,Appartement,64,3.074179,50.375581
2022-943040,2022-06-09,Vente,73000,345,RUE D ARRAS,59178000CE0387,Appartement,34,3.07194,50.366603
2022-943144,2022-06-15,Vente,129900,17,RUE FOUCQUES,59178000CD0162,Appartement,46,3.077099,50.366539
2022-943171,2022-06-07,Vente,650000,120,RUE VICTOR HUGO,59178000BW0531,Maison,74,3.08559,50.370446
2022-943171,2022-06-07,Vente,650000,120,RUE VICTOR HUGO,59178000BW0531,Maison,255,3.08559,50.370446
2022-943183,2022-06-14,Vente,98000,66,RUE DES TRANNOIS,59178000BN0102,Maison,97,3.087474,50.392687
2022-943217,2022-06-21,Vente,147000,362,RUE SERVAL,59178000CR1018,Appartement,71,3.073966,50.37414
2022-943251,2022-06-27,Vente,400000,100,RUE DE L HIPPODROME,59178000BZ0314,Maison,170,3.081929,50.363956
2022-943259,2022-06-15,Vente,144500,32,RUE FRANCOIS CUVELLE,59178000BY0109,Appartement,71,3.085427,50.367495
2022-943268,2022-06-27,Vente,197100,386,AV DU MARECHAL LECLERC,59178000BY0127,Appartement,63,3.088218,50.369936
2022-943268,2022-06-27,Vente,197100,386,AV DU MARECHAL LECLERC,59178000BY0127,Appartement,33,3.088218,50.369936
2022-943268,2022-06-27,Vente,197100,386,AV DU MARECHAL LECLERC,59178000BY0127,Appartement,43,3.088218,50.369936
2022-943269,2022-06-09,Vente,100000,78,COUR PECQUEUR,59178000BM1726,Maison,68,3.085797,50.391351
2022-943269,2022-06-09,Vente,100000,78,COUR PECQUEUR,59178000BM1726,Maison,98,3.085797,50.391351
2022-943270,2022-06-15,Vente,107000,318,RUE DU POLYGONE,59178000CN0121,Appartement,62,3.078962,50.381485
2022-943271,2022-06-20,Vente,62000,283,RUE MOREL,59178000BV0122,Appartement,73,3.087528,50.374531
2022-943309,2022-06-30,Vente,207000,90,AV DE METZ,59178000CL0051,Maison,130,3.073248,50.382949
2022-943383,2022-06-07,Vente,202000,63,RUE DE FERIN,59178000AZ0050,Maison,96,3.078218,50.360276
2022-943481,2022-07-05,Vente,108000,323,PL CARNOT,59178000BW0188,Appartement,86,3.088335,50.371071
2022-943615,2022-06-16,Vente,147000,293,QUAI DEVIGNE,59178000BC0647,Appartement,88,3.072534,50.363212
2022-943618,2022-06-30,Vente,199000,20,RUE DE CAMBRAI,59178000BC0199,Maison,136,3.078033,50.362478
2022-943681,2022-07-01,Vente,89900,139,RUE JEAN DE BOLOGNE,59178000CR0172,Maison,96,3.074443,50.372907
2022-943828,2022-06-17,Vente,206000,89,PL SAINT AME,59178000CE0488,Maison,96,3.074838,50.368495
2022-944042,2022-06-30,Vente,120000,88,RUE MARTIN DU NORD,59178000CR0410,Appartement,77,3.080178,50.375688
2022-944097,2022-06-17,Vente,105000,113,RUE DE BAILLIENCOURT,59178000BS0143,Maison,70,3.083746,50.383237
2022-944157,2022-06-14,Vente,129900,42,AV DES MARRONNIERS,59178000CK0226,Maison,64,3.066688,50.377703
2022-944271,2022-06-27,Vente,84900,524,RUE DE CUINCY,59178000BI0173,Maison,75,3.059933,50.376943
2022-944392,2022-07-01,Vente,482550,821,AV DU QUATRE SEPTEMBRE,59178000AY0329,Maison,190,3.082613,50.359446
2022-944392,2022-07-01,Vente,482550,821,AV DU QUATRE SEPTEMBRE,59178000AY0329,Maison,190,3.082613,50.359446
2022-944564,2022-07-15,Vente,176250,184,RUE DE BAILLIENCOURT,59178000BS0046,Maison,72,3.083365,50.383967
2022-944602,2022-06-24,Vente,57500,92,RUE DE LA CUVE D OR,59178000CD0461,Appartement,58,3.083348,50.366606
2022-944626,2022-07-08,Vente,96400,171,RUE DE LA MAIRIE,59178000CD0356,Appartement,53,3.079247,50.367985
2022-944693,2022-07-08,Vente,90000,109,RUE LEFEBVRE D ORVAL,59178000BD0247,Appartement,70,3.065892,50.36447
2022-944731,2022-07-08,Vente,215500,295,QUAI DEVIGNE,59178000BC0647,Appartement,114,3.072534,50.363212
2022-944819,2022-06-29,Vente,208000,126,QUAI DU PETIT BAIL,59178000CE0359,Appartement,15,3.074378,50.366568
2022-944819,2022-06-29,Vente,208000,126,QUAI DU PETIT BAIL,59178000CE0359,Appartement,49,3.074378,50.366568
2022-944819,2022-06-29,Vente,208000,126,QUAI DU PETIT BAIL,59178000CE0359,Appartement,22,3.074378,50.366568
2022-944819,2022-06-29,Vente,208000,126,QUAI DU PETIT BAIL,59178000CE0359,Appartement,43,3.074378,50.366568
2022-944833,2022-07-07,Vente,209000,294,AV DE TWICKENHAM,59178000BZ0138,Maison,133,3.080687,50.361368
2022-944836,2022-07-18,Vente,130000,253,RUE LEO DELIBES,59178000AR0120,Maison,90,3.09652,50.378691
2022-944837,2022-07-11,Vente,146900,46,RUE DURUTTE,59178000BW0186,Appartement,93,3.088147,50.371697
2022-945009,2022-06-29,Vente,105000,216,RUE DE CHARLEVILLE,59178000CK0099,Maison,130,3.068988,50.380581
2022-945021,2022-06-29,Vente,185050,423,AV D ALSACE LORRAINE,59178000CL0124,Maison,90,3.0765,50.38438
2022-945378,2022-06-29,Vente,47000,944,BD DE LA REPUBLIQUE,59178000CS0334,Appartement,18,3.07947,50.378063
2022-945378,2022-06-29,Vente,47000,944,BD DE LA REPUBLIQUE,59178000CS0334,Appartement,18,3.07947,50.378063
2022-945399,2022-06-29,Vente,214800,83,RUE DU BLOC,59178000CR0694,Maison,112,3.074978,50.371897
2022-945401,2022-07-11,Vente,119000,215,BD JEANNE D ARC,59178000BD0242,Maison,113,3.066238,50.365748
2022-945413,2022-07-13,Vente,128259,188,RUE GALLIENI,59178000AX0418,Maison,72,3.085304,50.349912
2022-945426,2022-07-06,Vente,84000,24,RUE DE LA VIERGE MARIE,59178000CD0632,Maison,94,3.078133,50.365245
2022-945431,2022-07-20,Vente,131000,110,RUE DU CHEMIN VERT,59178000BD0320,Maison,71,3.062579,50.367383
2022-945497,2022-07-13,Vente,207000,220,RUE VICTOR HUGO,59178000BW0247,Appartement,57,3.086785,50.370014
2022-945497,2022-07-13,Vente,207000,220,RUE VICTOR HUGO,59178000BW0247,Appartement,58,3.086785,50.370014
2022-945497,2022-07-13,Vente,207000,220,RUE VICTOR HUGO,59178000BW0247,Appartement,58,3.086785,50.370014
2022-945572,2022-07-05,Vente,316000,76,RUE DE LA BOUCHERIE,59178000BX0461,Appartement,80,3.079795,50.369199
2022-945572,2022-07-05,Vente,316000,76,RUE DE LA BOUCHERIE,59178000BX0461,Appartement,20,3.079795,50.369199
2022-945572,2022-07-05,Vente,316000,76,RUE DE LA BOUCHERIE,59178000BX0461,Appartement,50,3.079795,50.369199
2022-945597,2022-07-06,Vente,200000,288,BD PASTEUR,59178000CD0016,Maison,146,3.074277,50.364295
2022-945613,2022-07-13,Vente,53000,61,RUE DE LA BOUCHERIE,59178000BX0819,Maison,35,3.079262,50.369249
2022-945634,2022-07-01,Vente,83000,643,RUE DU FBG DE BETHUNE,59178000BI0458,Maison,77,3.061701,50.380802
2022-945638,2022-07-18,Vente,65000,3529,RTE DE TOURNAI,59178000AL0307,Appartement,58,3.122286,50.403801
2022-945679,2022-07-25,Vente,111370,7,IMP LEBLOND,59178000BK0363,Maison,58,3.060777,50.382457
2022-945822,2022-07-01,Vente,55500,383,RUE D ESQUERCHIN,59178000CE0002,Appartement,40,3.070059,50.37169
2022-946009,2022-07-08,Vente,175000,77,QUAI D'ALSACE,59178000CS0216,Appartement,69,3.083238,50.376617
2022-946081,2022-07-25,Vente,124600,656,RUE DE LAMBRES,59178000BC0051,Maison,65,3.072458,50.357574
2022-946186,2022-07-18,Vente,226000,52,QUAI DES FONTAINETTES,59178000CO0064,Maison,109,3.075884,50.378922
2022-946198,2022-07-27,Vente,57500,73,RUE NOTRE DAME DES WETZ,59178000BX0715,Appartement,38,3.078931,50.372064
2022-946267,2022-07-06,Vente,140000,519,BD DE LA REPUBLIQUE,59178000CP0085,Appartement,82,3.074179,50.375581
2022-946281,2022-07-07,Vente,90000,77,PL SAINT AME,59178000CE0169,Maison,76,3.074927,50.368527
2022-946321,2022-07-07,Vente,187400,112,RUE FOUCQUES,59178000CD0783,Maison,72,3.076251,50.367323
2022-946352,2022-07-08,Vente,59400,95,RUE VICTOR PECQUEUR,59178000BM0629,Maison,55,3.08524,50.391485
2022-946363,2022-07-19,Vente,91000,351,BD PASTEUR,59178000BC0647,Appartement,46,3.072534,50.363212
2022-946370,2022-07-19,Vente,200000,46,RUE DE L ARBRE SEC,59178000CR0166,Appartement,50,3.074083,50.373104
2022-946370,2022-07-19,Vente,200000,46,RUE DE L ARBRE SEC,59178000CR0166,Appartement,40,3.074083,50.373104
2022-946370,2022-07-19,Vente,200000,46,RUE DE L ARBRE SEC,59178000CR0166,Appartement,50,3.074083,50.373104
2022-946406,2022-07-19,Vente,408000,38,RUE DE LA MADELEINE,59178000BX0789,Appartement,80,3.083591,50.369826
2022-946610,2022-08-01,Vente,154750,348,BD JEANNE D ARC,59178000BD0369,Appartement,70,3.065665,50.36709
2022-946627,2022-07-22,Vente,106700,61,RUE DE LA BOUCHERIE,59178000BX0818,Appartement,91,3.079364,50.369218
2022-946627,2022-07-22,Vente,106700,61,RUE DE LA BOUCHERIE,59178000BX0818,Appartement,30,3.079364,50.369218
2022-946679,2022-07-25,Vente,390000,67,RUE SAINT CHRISTOPHE,59178000BX0339,Appartement,70,3.081627,50.369677
2022-946679,2022-07-25,Vente,390000,67,RUE SAINT CHRISTOPHE,59178000BX0339,Appartement,33,3.081627,50.369677
2022-946679,2022-07-25,Vente,390000,67,RUE SAINT CHRISTOPHE,59178000BX0339,Appartement,33,3.081627,50.369677
2022-946679,2022-07-25,Vente,390000,67,RUE SAINT CHRISTOPHE,59178000BX0339,Appartement,33,3.081627,50.369677
2022-946679,2022-07-25,Vente,390000,67,RUE SAINT CHRISTOPHE,59178000BX0339,Appartement,35,3.081627,50.369677
2022-946756,2022-07-05,Vente,40000,66,RUE DE CUINCY,59178000CI0095,Maison,77,3.065307,50.37464
2022-946841,2022-07-29,Vente,44000,16,QUAI DESBORDES,59178000CR0619,Maison,79,3.077581,50.370286
2022-946922,2022-07-05,Vente,163000,36,RUE DES MAILLETS,59178000CD0078,Maison,81,3.076804,50.365739
2022-947032,2022-08-01,Vente,238550,8,RUE FOUCQUES,59178000CD0973,Maison,168,,
2022-947088,2022-07-29,Vente,170000,47,AV DE LA RESISTANCE,59178000AV0190,Maison,85,3.089809,50.361351
2022-947102,2022-07-22,Vente,156300,46,RUE DE LA BOUCHERIE,59178000BX0909,Appartement,42,3.079569,50.368981
2022-947102,2022-07-22,Vente,156300,46,RUE DE LA BOUCHERIE,59178000BX0909,Appartement,37,3.079569,50.368981
2022-947102,2022-07-22,Vente,156300,46,RUE DE LA BOUCHERIE,59178000BX0909,Appartement,39,3.079569,50.368981
2022-947181,2022-07-29,Vente,167020,151,RUE EMILE BASLY,59178000BR0095,Maison,79,3.090378,50.386782
2022-947196,2022-07-29,Vente,304000,194,BD ALBERT 1ER,59178000CP0005,Maison,120,3.070762,50.374376
2022-947239,2022-07-19,Vente,139000,10,PL DU MARCHE AUX POISSONS,59178000CD0222,Appartement,68,3.077564,50.369093
2022-947239,2022-07-19,Vente,139000,10,PL DU MARCHE AUX POISSONS,59178000CD0222,Appartement,68,3.077564,50.369093
2022-947258,2022-07-13,Vente,132900,44,RUE RENE CAILLIE,59178000BN0269,Maison,80,3.089056,50.396821
2022-947388,2022-06-29,Vente,205000,3855,RTE DE TOURNAI,59178000AB0155,Maison,91,3.124881,50.406138
2022-947471,2022-07-28,Vente,165000,126,PL D ARMES,59178000CD0458,Appartement,95,3.083222,50.367286
2022-947536,2022-08-03,Vente,125000,28,RUE DE LA CLOCHETTE,59178000AR0526,Maison,85,3.098642,50.375778
2022-947589,2022-03-04,Adjudication,58000,97,RUE DE L EGLISE DORIGNIES,59178000BM0175,Maison,100,3.0815,50.393341
2022-947779,2022-07-21,Vente,110020,330,RUE LEFEBVRE D ORVAL,59178000BE0077,Appartement,74,3.061729,50.365414
2022-947820,2022-07-28,Vente,420000,252,RUE PAUL THERY,59178000BS0228,Appartement,22,3.082003,50.382185
2022-947820,2022-07-28,Vente,420000,252,RUE PAUL THERY,59178000BS0228,Appartement,17,3.082003,50.382185
2022-947820,2022-07-28,Vente,420000,252,RUE PAUL THERY,59178000BS0228,Appartement,16,3.082003,50.382185
2022-947820,2022-07-28,Vente,420000,252,RUE PAUL THERY,59178000BS0228,Appartement,16,3.082003,50.382185
2022-947820,2022-07-28,Vente,420000,252,RUE PAUL THERY,59178000BS0228,Appartement,172,3.082003,50.382185
2022-947820,2022-07-28,Vente,420000,252,RUE PAUL THERY,59178000BS0229,Appartement,23,3.081916,50.382169
2022-947833,2022-07-28,Vente,20000,138,AV GEORGES CLEMENCEAU,59178000BW0186,Appartement,83,3.088147,50.371697
2022-947852,2022-07-25,Vente,116900,1090,BD JEANNE D ARC,59178000CH0159,Appartement,81,3.068438,50.372442
2022-947858,2022-07-27,Vente,102000,624,RUE GUYNEMER,59178000BH0043,Appartement,24,3.057634,50.372196
2022-947858,2022-07-27,Vente,102000,624,RUE GUYNEMER,59178000BH0043,Appartement,36,3.057634,50.372196
2022-947881,2022-07-27,Vente,123000,357,RUE DE LAMBRES,59178000BC0334,Maison,87,3.074998,50.359583
2022-947882,2022-08-04,Vente,90000,593,BD JEANNE D ARC,59178000BD0342,Appartement,82,3.063613,50.36872
2022-947885,2022-07-25,Vente,315250,82,RUE DE L HIPPODROME,59178000BZ0316,Maison,155,3.081956,50.364091
2022-947890,2022-07-25,Vente,160000,147,RUE DE LA VERRERIE,59178000BM1152,Maison,76,3.084419,50.390536
2022-947894,2022-08-03,Vente,103900,297,AV DU MARECHAL LECLERC,59178000BW0256,Maison,81,3.087049,50.369613
2022-947906,2022-07-25,Vente en l'état futur d'achèvement,165000,44,RUE DES GLACIS,59178000BZ0200,Appartement,59,3.082746,50.362999
2022-947926,2022-08-01,Vente,72500,125,RUE DE VERDUN,59178000CN0427,Maison,74,3.072301,50.38029
2022-947928,2022-08-17,Vente,135000,365,RUE LEO LAGRANGE,59178000AW0112,Maison,108,3.088224,50.356263
2022-947928,2022-08-17,Vente,135000,365,RUE LEO LAGRANGE,59178000AW0112,Maison,108,3.088224,50.356263
2022-947962,2022-08-17,Vente,74000,133,RUE DE L ABBAYE DES PRES,59178000CR0410,Appartement,40,3.080178,50.375688
2022-948041,2022-07-28,Vente,63000,56,RUE DES RECOLLETS ANGLAIS,59178000CR0993,Appartement,44,3.075267,50.370405
2022-948174,2022-08-03,Vente,85000,109,RUE LEFEBVRE D ORVAL,59178000BD0247,Appartement,82,3.065892,50.36447
2022-948175,2022-08-02,Vente,172800,362,RUE D ARRAS,59178000CE0070,Maison,134,3.071157,50.366592
2022-948277,2022-07-28,Vente,128000,8,RUE DE LA CROIX D OR,59178000CR0639,Appartement,113,3.076756,50.370081
2022-948390,2022-07-28,Vente,300000,90,BD DELEBECQUE,59178000BZ0576,Maison,163,3.086351,50.365988
2022-948479,2022-08-12,Vente,178000,114,RUE DE PARIS,59178000CD0423,Maison,70,3.080991,50.366772
2022-948509,2022-08-22,Vente,131000,181,RUE JACQUES BREGUET,59178000BH0143,Maison,8,3.056735,50.370794
2022-948509,2022-08-22,Vente,131000,181,RUE JACQUES BREGUET,59178000BH0143,Maison,73,3.056735,50.370794
2022-948613,2022-08-05,Vente,240000,323,RUE DEFOREST,59178000CR0372,Maison,110,3.079049,50.37751
2022-948651,2022-07-29,Vente,99000,98,RUE DE CUINCY,59178000CI0091,Maison,104,3.065012,50.374761
2022-948666,2022-08-29,Vente,159500,66,RUE MOREL,59178000BW0612,Appartement,116,3.086548,50.372699
2022-948689,2022-08-05,Vente,171000,22,PL JEAN PAUL II,59178000AR0510,Maison,117,3.098755,50.375947
2022-948762,2022-08-10,Vente,261100,485,AV DU QUATRE SEPTEMBRE,59178000AY0265,Maison,145,3.086058,50.361495
2022-948791,2022-08-04,Vente,504395,268,BD DE LA REPUBLIQUE,59178000CR0129,Appartement,16,3.072951,50.373867
2022-948791,2022-08-04,Vente,504395,268,BD DE LA REPUBLIQUE,59178000CR0129,Appartement,16,3.072951,50.373867
2022-948791,2022-08-04,Vente,504395,268,BD DE LA REPUBLIQUE,59178000CR0129,Appartement,16,3.072951,50.373867
2022-948791,2022-08-04,Vente,504395,268,BD DE LA REPUBLIQUE,59178000CR0129,Appartement,35,3.072951,50.373867
2022-948791,2022-08-04,Vente,504395,268,BD DE LA REPUBLIQUE,59178000CR0129,Appartement,18,3.072951,50.373867
2022-948791,2022-08-04,Vente,504395,270,BD DE LA REPUBLIQUE,59178000CR0130,Appartement,14,3.073028,50.373907
2022-948791,2022-08-04,Vente,504395,270,BD DE LA REPUBLIQUE,59178000CR0130,Appartement,18,3.073028,50.373907
2022-948791,2022-08-04,Vente,504395,270,BD DE LA REPUBLIQUE,59178000CR0130,Appartement,16,3.073028,50.373907
2022-948791,2022-08-04,Vente,504395,270,BD DE LA REPUBLIQUE,59178000CR0130,Appartement,35,3.073028,50.373907
2022-948791,2022-08-04,Vente,504395,270,BD DE LA REPUBLIQUE,59178000CR0130,Appartement,58,3.073028,50.373907
2022-948796,2022-08-22,Vente,74900,117,RUE MARTIN DU NORD,59178000CR0955,Appartement,47,3.079416,50.375411
2022-948846,2022-07-29,Vente,133000,29,RUE D ANHIERS,59178000AK0003,Maison,145,3.129008,50.398677
2022-948873,2022-08-29,Vente,207000,309,RUE D OCRE,59178000CP0037,Appartement,40,3.076537,50.377979
2022-948873,2022-08-29,Vente,207000,309,RUE D OCRE,59178000CP0037,Appartement,40,3.076537,50.377979
2022-948873,2022-08-29,Vente,207000,309,RUE D OCRE,59178000CP0037,Appartement,40,3.076537,50.377979
2022-949084,2022-08-26,Vente,89300,74,RUE FRANCOIS CUVELLE,59178000BY0111,Appartement,35,3.085651,50.367758
2022-949137,2022-08-31,Vente,190000,57,RUE DU LT JEAN PAUL TREHAUT,59178000AY0494,Maison,92,3.086406,50.358816
2022-949149,2022-08-30,Vente,126600,241,RUE DU CANTELEU,59178000BX0249,Appartement,85,3.085426,50.36852
2022-949155,2022-08-31,Vente,411000,155,RUE VICTOR HUGO,59178000BW0204,Maison,258,3.086371,50.370601
2022-949209,2022-08-31,Vente,159000,26,RUE DE LA CROIX D OR,59178000CR1045,Maison,135,3.076829,50.370212
2022-949227,2022-08-29,Vente,124000,49,RUE CUELENAERE,59178000AY0036,Maison,71,3.082419,50.360375
2022-949248,2022-08-31,Vente,76000,109,RUE JEAN JAURES,59178000BM0034,Maison,52,3.083001,50.391794
2022-949249,2022-08-31,Vente,143300,50,RUE CAMILLE COROT,59178000AX0411,Maison,70,3.084892,50.350193
2022-949276,2022-09-02,Vente,92789,468,BD ALBERT 1ER,59178000CP0116,Appartement,73,3.073704,50.376161
2022-949413,2022-08-31,Vente,407900,31,QUAI AUGUSTE BERTIN,59178000CR0944,Maison,150,3.077296,50.370798
2022-949441,2022-08-29,Vente,276000,79,RUE DU CHAMP FLEURI,59178000CR0326,Maison,106,3.079034,50.37689
2022-949496,2022-08-10,Vente,284700,162,RUE DE VERDUN,59178000CN0458,Maison,120,3.072679,50.380791
2022-949505,2022-09-01,Vente,365000,369,BD JEANNE D ARC,59178000BD0289,Maison,116,3.064655,50.366816
2022-949543,2022-08-31,Vente,260000,139,RUE ALEXANDRE DESCATOIRE,59178000AV0020,Maison,166,3.089641,50.362563
2022-949543,2022-08-31,Vente,260000,139,RUE ALEXANDRE DESCATOIRE,59178000AV0020,Maison,166,3.089641,50.362563
2022-949571,2022-09-06,Vente,132000,872,RUE CHARLES BOURSEUL,59178000CK0161,Maison,78,3.067508,50.376311
2022-949639,2022-08-26,Vente,196000,345,RUE D ARRAS,59178000CE0387,Appartement,114,3.07194,50.366603
2022-949817,2022-08-25,Vente,210000,3859,RTE DE TOURNAI,59178000AB0157,Maison,91,3.12482,50.406398
2022-949934,2022-08-18,Vente,52000,167,RUE DES FERRONNIERS,59178000BX0464,Appartement,38,3.079918,50.369155
2022-949945,2022-08-30,Vente,68000,132,RUE DE LA FERME,59178000BN0317,Maison,76,3.087796,50.394281
2022-949947,2022-08-29,Vente,40500,36,RUE VICTOR GALLOIS,59178000BY0053,Appartement,61,3.08792,50.3694
2022-950007,2022-09-06,Vente,321500,18,RUE LAMBRECHT,59178000BW0434,Appartement,30,3.081135,50.372047
2022-950007,2022-09-06,Vente,321500,18,RUE LAMBRECHT,59178000BW0434,Appartement,21,3.081135,50.372047
2022-950007,2022-09-06,Vente,321500,18,RUE LAMBRECHT,59178000BW0434,Appartement,23,3.081135,50.372047
2022-950007,2022-09-06,Vente,321500,18,RUE LAMBRECHT,59178000BW0434,Appartement,41,3.081135,50.372047
2022-950007,2022-09-06,Vente,321500,18,RUE LAMBRECHT,59178000BW0434,Appartement,38,3.081135,50.372047
2022-950007,2022-09-06,Vente,321500,18,RUE LAMBRECHT,59178000BW0434,Appartement,22,3.081135,50.372047
2022-950007,2022-09-06,Vente,321500,18,RUE LAMBRECHT,59178000BW0434,Appartement,19,3.081135,50.372047
2022-950044,2022-09-05,Vente,170000,366,RUE GIROUD,59178000CS0312,Maison,88,3.081808,50.378146
2022-950093,2022-09-13,Vente,83000,295,QUAI DEVIGNE,59178000BC0647,Appartement,141,3.072534,50.363212
2022-950148,2022-09-15,Vente,215000,163,RUE DE LAMBRES,59178000BC0246,Maison,87,3.076527,50.360889
2022-950149,2022-09-09,Vente,119900,77,VC VALLEZ,59178000BC0308,Maison,74,3.077096,50.360717
2022-950197,2022-09-15,Vente,81000,900,BD DE LA REPUBLIQUE,59178000CS0334,Appartement,37,3.07947,50.378063
2022-950288,2022-08-30,Vente,27000,944,BD DE LA REPUBLIQUE,59178000CS0334,Appartement,18,3.07947,50.378063
2022-950359,2022-09-08,Vente,220000,158,RUE DEFOREST,59178000CS0604,Appartement,44,3.081172,50.37692
2022-950359,2022-09-08,Vente,220000,158,RUE DEFOREST,59178000CS0604,Appartement,53,3.081172,50.37692
2022-950359,2022-09-08,Vente,220000,158,RUE DEFOREST,59178000CS0604,Appartement,49,3.081172,50.37692
2022-950359,2022-09-08,Vente,220000,158,RUE DEFOREST,59178000CS0604,Appartement,54,3.081172,50.37692
2022-950374,2022-09-07,Vente,120000,150,RUE MARGUERITE DE FLANDRE,59178000AM0124,Appartement,55,3.121682,50.401879
2022-950391,2022-08-26,Vente,127300,66,RUE MOREL,59178000BW0612,Appartement,90,3.086548,50.372699
2022-950428,2022-08-23,Vente,89900,38,RUE DE L ABBAYE DE PAIX,59178000BW0096,Appartement,66,3.089007,50.3743
2022-950473,2022-09-06,Vente,190000,10,RUE DES FERRONNIERS,59178000BX0351,Appartement,87,3.082116,50.369039
2022-950551,2022-09-02,Vente,94900,651,RUE DU FBG DE PARIS,59178000AX0056,Maison,64,3.087175,50.351011
2022-950695,2022-09-20,Vente,118000,150,BD LOUIS BREGUET,59178000CS0577,Appartement,82,3.081407,50.380134
2022-950702,2022-09-14,Vente,208000,230,RUE D ANHIERS,59178000AK0872,Maison,105,3.131672,50.398112
2022-950725,2022-09-15,Vente,77000,29,RUE ARTHUR RIMBAUD,59178000BD0480,Appartement,56,3.063845,50.366208
2022-950767,2022-08-26,Vente,116200,1090,BD JEANNE D ARC,59178000CH0159,Appartement,78,3.068438,50.372442
2022-950797,2022-08-25,Vente,176000,79,RUE PIERRE DE RONSARD,59178000BK0556,Maison,78,3.061667,50.385719
2022-950813,2022-09-19,Vente,119000,39,PL DU BARLET,59178000BZ0479,Maison,60,3.083943,50.366293
2022-950813,2022-09-19,Vente,119000,39,PL DU BARLET,59178000BZ0479,Maison,24,3.083943,50.366293
2022-950901,2022-09-19,Vente,113600,318,RUE DU POLYGONE,59178000CN0121,Appartement,61,3.078962,50.381485
2022-951050,2022-09-08,Vente,95000,784,RUE CHARLES BOURSEUL,59178000CK0142,Maison,86,3.068528,50.376796
2022-951271,2022-09-23,Vente,46000,161,RUE DE LA HERSE,59178000CH0044,Appartement,19,3.071674,50.373091
2022-951273,2022-09-23,Vente,115000,335,RUE DE CUINCY,59178000CI0016,Maison,67,3.061979,50.375772
2022-951317,2022-09-06,Vente,70000,1090,BD JEANNE D ARC,59178000CH0159,Appartement,82,3.068438,50.372442
2022-951319,2022-09-02,Vente,67500,30,RUE DE LA CLORIS,59178000BX0575,Appartement,29,3.078404,50.368973
2022-951373,2022-09-01,Vente,129900,224,RUE GALLIENI,59178000AX0399,Maison,76,3.084804,50.349966
2022-951397,2022-09-05,Vente,157000,351,BD PASTEUR,59178000BC0647,Appartement,88,3.072534,50.363212
2022-951398,2022-09-09,Vente,137160,53,RUE JEAN JAURES,59178000BM0026,Maison,76,3.082351,50.391506
2022-951403,2022-09-21,Vente,35000,161,RUE DE LA HERSE,59178000CH0044,Appartement,18,3.071674,50.373091
2022-951434,2022-09-14,Vente,137000,322,BD ALBERT 1ER,59178000CP0115,Appartement,68,3.072616,50.375184
2022-951469,2022-09-16,Vente,31500,21,RUE DU GOUVERNEMENT,59178000BX0010,Appartement,37,3.078214,50.370644
2022-951595,2022-09-06,Vente,117250,4691,RTE DE TOURNAI,59178000AB0049,Maison,78,3.133122,50.410239
2022-951623,2022-09-27,Vente,360000,44,RUE DU GOUVERNEMENT,59178000BX0022,Maison,222,3.078942,50.370707
2022-951624,2022-09-29,Vente,115000,7,SQ DU QUATRE SEPTEMBRE,59178000BZ0814,Appartement,61,3.090223,50.364661
2022-951645,2022-09-12,Vente,190000,121,RUE DU CHEMIN VERT,59178000BD0310,Maison,106,3.062708,50.366985
2022-951665,2022-09-15,Vente,105000,1153,BD DE LA REPUBLIQUE,59178000CS0606,Appartement,72,3.080487,50.379681
2022-951677,2022-09-23,Vente,127600,140,RUE CAMILLE COROT,59178000AX0245,Maison,68,3.086248,50.350444
2022-951722,2022-09-23,Vente,170000,44,RUE DES GLACIS,59178000BZ0200,Appartement,59,3.082746,50.362999
2022-951804,2022-09-30,Vente,35000,33,RUE GIROUD,59178000CR0360,Maison,60,3.077601,50.37684
2022-952084,2022-10-04,Vente,245000,42,RUE CHARLES BOURSEUL,59178000CN0199,Maison,155,3.077071,50.380693
2022-952137,2022-09-29,Vente,30000,44,RUE DES GLACIS,59178000BZ0200,Appartement,30,3.082746,50.362999
2022-952137,2022-09-29,Vente,30000,44,RUE DES GLACIS,59178000BZ0200,Appartement,40,3.082746,50.362999
2022-952137,2022-09-29,Vente,30000,44,RUE DES GLACIS,59178000BZ0200,Appartement,40,3.082746,50.362999
2022-952137,2022-09-29,Vente,30000,44,RUE DES GLACIS,59178000BZ0200,Appartement,60,3.082746,50.362999
2022-952171,2022-09-27,Vente,80000,593,BD JEANNE D ARC,59178000BD0342,Appartement,82,3.063613,50.36872
2022-952201,2022-09-21,Vente,62000,39,RUE PIERRE DUBOIS,59178000BW0085,Appartement,32,3.086857,50.373692
2022-952219,2022-09-07,Vente,165000,477,RUE DU FBG DE PARIS,59178000AX0567,Maison,90,3.08613,50.352395
2022-952242,2022-09-21,Vente,83000,418,RUE DE PARIS,59178000CD0696,Appartement,65,3.078893,50.364434
2022-952350,2022-09-30,Vente,289000,857,RUE GUYNEMER,59178000BH0663,Maison,112,3.054322,50.372009
2022-952450,2022-09-26,Vente,70000,127,RUE DES BLANCS MOUCHONS,59178000BX0080,Maison,59,3.08067,50.37142
2022-952502,2022-09-30,Vente,250000,326,RUE DE CAMBRAI,59178000AZ0071,Maison,119,3.079123,50.359793
2022-952648,2022-09-29,Vente,87000,107,PL ROBERT SCHUMAN,59178000BX0781,Appartement,67,3.083562,50.368381
2022-952783,2022-09-26,Vente,90000,43,RUE MARTIN LUTHER KING,59178000CM0051,Appartement,44,3.080653,50.386696
2022-952983,2022-10-04,Vente,142716,37,RUE DE SEDAN,59178000CN0421,Maison,80,3.071568,50.380261
2022-953021,2022-10-10,Vente,75000,22,RUE DE L ABBAYE DE PAIX,59178000BW0096,Appartement,66,3.089007,50.3743
2022-953046,2022-10-11,Vente,157000,77,AV DES ERABLES,59178000CK0058,Maison,65,3.064924,50.38009
2022-953056,2022-10-11,Vente,55500,315,QUAI D'ALSACE,59178000CS0183,Appartement,32,3.084293,50.37855
2022-953058,2022-10-07,Vente,223600,292,RUE MOREL,59178000BW0094,Maison,117,3.088534,50.374252
2022-953128,2022-10-10,Vente,178000,196,RUE ALEXANDRE DESCATOIRE,59178000AV0184,Maison,149,3.090109,50.36163
2022-953136,2022-09-30,Vente,115180,324,BD LAHURE,59178000BS0130,Maison,74,3.081657,50.382705
2022-953198,2022-10-12,Vente en l'état futur d'achèvement,120000,44,RUE DES GLACIS,59178000BZ0200,Appartement,85,3.082746,50.362999
2022-953383,2022-10-20,Vente,400850,77,QUAI DU MARECHAL JOFFRE,59178000CD0189,Maison,251,3.076575,50.367483
2022-953406,2022-10-05,Vente,40000,75,AV DETRAIN,59178000AV0064,Maison,60,3.090972,50.363857
2022-953465,2022-09-30,Vente,175000,234,QUAI DE LA BARQUE,59178000BV0115,Appartement,86,3.085102,50.377432
2022-953515,2022-10-12,Vente,58000,85,RUE D ARRAS,59178000CE0463,Appartement,48,3.074068,50.368628
2022-953529,2022-10-06,Vente,140000,68,RUE D ARLEUX,59178000BZ0052,Appartement,12,3.081287,50.36287
2022-953529,2022-10-06,Vente,140000,68,RUE D ARLEUX,59178000BZ0052,Appartement,18,3.081287,50.36287
2022-953529,2022-10-06,Vente,140000,68,RUE D ARLEUX,59178000BZ0052,Appartement,23,3.081287,50.36287
2022-953529,2022-10-06,Vente,140000,68,RUE D ARLEUX,59178000BZ0052,Appartement,12,3.081287,50.36287
2022-953529,2022-10-06,Vente,140000,68,RUE D ARLEUX,59178000BZ0052,Appartement,12,3.081287,50.36287
2022-953529,2022-10-06,Vente,140000,68,RUE D ARLEUX,59178000BZ0052,Appartement,12,3.081287,50.36287
2022-953551,2022-09-27,Vente,99800,27,AV DES ERABLES,59178000CK0052,Maison,47,3.064988,50.379682
2022-953564,2022-10-03,Vente,108000,109,RUE LEFEBVRE D ORVAL,59178000BD0247,Appartement,82,3.065892,50.36447
2022-953570,2022-10-21,Vente,70300,82,BD PAUL HAYEZ,59178000BZ0275,Appartement,50,3.083544,50.363979
2022-953618,2022-10-17,Vente,80000,78,RUE THEOPHILE BRA,59178000CD0622,Maison,101,3.078301,50.365097
2022-953759,2022-10-03,Vente,70000,460,AV DE METZ,59178000CL0008,Maison,70,3.068386,50.381648
2022-953765,2022-10-14,Vente,137000,44,RUE DES GLACIS,59178000BZ0200,Appartement,55,3.082746,50.362999
2022-953775,2022-10-06,Vente,122400,21,RUE DE LA CLOCHE,59178000CE0232,Appartement,70,3.075832,50.369692
2022-953783,2022-10-19,Vente,97800,23,RUE DU GENERAL DELESTRAINT,59178000CN0677,Maison,69,3.074689,50.380992
2022-953877,2022-10-20,Vente,185150,5001,RUE ADRIENNE BOLLAND,59178000BH0588,Maison,160,3.055264,50.373445
2022-953889,2022-09-30,Vente,95000,201,ALL ALBERT CAMUS,59178000CK0586,Appartement,50,3.071813,50.379164
2022-953990,2022-10-05,Vente,241000,92,RUE SERVAL,59178000CR1110,Maison,104,3.071492,50.372472
2022-954030,2022-10-19,Vente,152900,220,RUE ALEXANDRE DESCATOIRE,59178000AV0182,Maison,74,3.090286,50.361468
2022-954089,2022-10-07,Vente,221300,21,RUE LAMBRECHT,59178000BX0099,Appartement,47,3.080838,50.371867
2022-954089,2022-10-07,Vente,221300,21,RUE LAMBRECHT,59178000BX0099,Appartement,65,3.080838,50.371867
2022-954089,2022-10-07,Vente,221300,21,RUE LAMBRECHT,59178000BX0099,Appartement,41,3.080838,50.371867
2022-954232,2022-10-31,Vente,70000,153,RUE DE CUINCY,59178000CI0130,Maison,96,3.06364,50.374673
2022-954289,2022-10-13,Vente,195500,124,RUE DU BLOC,59178000CR0082,Maison,72,3.074281,50.371787
2022-954291,2022-10-18,Vente,191075,65,RUE PIERRE PLOUVAIN,59178000BK0715,Maison,74,3.06429,50.386419
2022-954294,2022-10-18,Vente,89900,273,RUE D OCRE,59178000CP0073,Appartement,69,3.076308,50.377628
2022-954306,2022-10-21,Vente,111500,391,RUE DE PARIS,59178000BZ0397,Appartement,101,3.079888,50.364347
2022-954307,2022-10-24,Vente,128050,83,RUE LEFEBVRE D ORVAL,59178000BD0248,Maison,70,3.065117,50.365521
2022-954308,2022-10-28,Vente,137300,58,IMP LAHURE,59178000CM0044,Maison,106,3.081949,50.3874
2022-954318,2022-10-21,Vente,350000,132,RUE DES BLANCS MOUCHONS,59178000BX0111,Maison,352,3.081187,50.371395
2022-954318,2022-10-21,Vente,350000,132,RUE DES BLANCS MOUCHONS,59178000BX0111,Maison,352,3.081187,50.371395
2022-954339,2022-11-02,Vente,140000,71,RUE CAMILLE COROT,59178000AX0378,Maison,70,3.084975,50.350673
2022-954349,2022-10-25,Vente,25000,201,RUE EMILE BASLY,59178000BR0101,Maison,54,3.090036,50.387406
2022-954349,2022-10-25,Vente,25000,201,RUE EMILE BASLY,59178000BR0102,Maison,64,3.090235,50.38728
2022-954409,2022-10-20,Vente,125000,125,RUE LENAIN,59178000CM0104,Maison,105,3.080152,50.384984
2022-954640,2022-10-26,Vente,162500,44,RUE DES GLACIS,59178000BZ0200,Appartement,55,3.082746,50.362999
2022-954682,2022-10-12,Vente,117000,730,RUE DU FBG DE PARIS,59178000AX0144,Maison,82,3.086979,50.350068
2022-954761,2022-11-07,Vente,297200,94,RUE GIROUD,59178000CR0339,Maison,140,3.078601,50.376879
2022-954878,2022-10-27,Vente,100000,394,AV DU QUATRE SEPTEMBRE,59178000BZ0846,Appartement,40,3.086646,50.362477
2022-954934,2022-11-08,Vente,224450,59,RUE MOREL,59178000BW0075,Appartement,164,3.085968,50.372834
2022-955145,2022-10-19,Vente,107900,2,RUE SAINT MICHEL,59178000BT0111,Appartement,47,3.087327,50.377414
2022-955278,2022-11-10,Vente,72000,85,RUE DU CAPITAINE LOUIS MADIOT,59178000BH0539,Appartement,42,3.0582,50.37329
2022-955285,2022-11-07,Vente,450000,55,RUE LEON ESCOFFIER,59178000BW0103,Maison,281,3.08829,50.373612
2022-955285,2022-11-07,Vente,450000,55,RUE LEON ESCOFFIER,59178000BW0103,Maison,281,3.08829,50.373612
2022-955298,2022-11-14,Vente,302000,145,PL CARNOT,59178000BW0131,Maison,115,3.086481,50.372131
2022-955343,2022-11-03,Vente,155000,94,PL DE LA BATELLERIE,59178000BM0014,Maison,107,3.081162,50.391744
2022-955369,2022-11-16,Vente,96000,25,PL CHARLES DE GAULLE,59178000BX0262,Appartement,47,3.084099,50.367878
2022-955410,2022-11-09,Vente,114900,211,RUE BERTHE GARNIER,59178000CL0100,Maison,79,3.076155,50.385897
2022-955427,2022-11-14,Vente,134500,519,BD DE LA REPUBLIQUE,59178000CP0085,Appartement,82,3.074179,50.375581
2022-955470,2022-11-14,Vente,427310,448,AV DU QUATRE SEPTEMBRE,59178000AY0183,Maison,171,3.086005,50.361943
2022-955588,2022-10-27,Vente,120000,154,RUE DU ONZE NOVEMBRE,59178000BW0165,Maison,86,3.088465,50.37305
2022-955615,2022-11-02,Vente,181500,382,BD ALBERT 1ER,59178000CP0115,Appartement,96,3.072616,50.375184
2022-955680,2022-11-18,Vente,94000,131,RUE ARTHUR RIMBAUD,59178000BD0480,Appartement,56,3.063845,50.366208
2022-955845,2022-10-28,Vente,37500,650,RUE DE CAMBRAI,59178000AZ0307,Appartement,63,3.080069,50.356863
2022-955928,2022-10-31,Vente,183500,113,QUAI D'ALSACE,59178000CS0212,Appartement,28,3.083514,50.37692
2022-955928,2022-10-31,Vente,183500,113,QUAI D'ALSACE,59178000CS0212,Appartement,48,3.083514,50.37692
2022-955928,2022-10-31,Vente,183500,113,QUAI D'ALSACE,59178000CS0212,Appartement,55,3.083514,50.37692
2022-955928,2022-10-31,Vente,183500,113,QUAI D'ALSACE,59178000CS0212,Appartement,32,3.083514,50.37692
2022-955928,2022-10-31,Vente,183500,113,QUAI D'ALSACE,59178000CS0212,Appartement,30,3.083514,50.37692
2022-955928,2022-10-31,Vente,183500,113,QUAI D'ALSACE,59178000CS0212,Appartement,34,3.083514,50.37692
2022-955969,2022-11-18,Vente,265000,166,RUE DU CLOCHER ST PIERRE,59178000BX0025,Maison,270,3.07912,50.370559
2022-956004,2022-11-16,Vente,180000,51,AV DU QUATRE SEPTEMBRE,59178000AV0041,Appartement,43,3.090616,50.3641
2022-956004,2022-11-16,Vente,180000,51,AV DU QUATRE SEPTEMBRE,59178000AV0041,Appartement,43,3.090616,50.3641
2022-956004,2022-11-16,Vente,180000,51,AV DU QUATRE SEPTEMBRE,59178000AV0041,Appartement,110,3.090616,50.3641
2022-956004,2022-11-16,Vente,180000,51,AV DU QUATRE SEPTEMBRE,59178000AV0041,Appartement,110,3.090616,50.3641
2022-956057,2022-11-21,Vente,36000,76,RUE DU TEMPLE,59178000BT0200,Appartement,20,3.087345,50.378189
2022-956059,2022-11-21,Vente,71175,76,RUE DU TEMPLE,59178000BT0200,Appartement,47,3.087345,50.378189
2022-956097,2022-11-21,Vente,116500,197,RUE CHARLES BOURSEUL,59178000CN0155,Maison,113,3.075189,50.379944
2022-956122,2022-11-18,Vente,256600,2881,RTE DE TOURNAI,59178000AN0131,Maison,95,3.115901,50.399506
2022-956129,2022-11-15,Vente,88000,85,RUE DU CAPITAINE LOUIS MADIOT,59178000BH0539,Appartement,44,3.0582,50.37329
2022-956131,2022-11-15,Vente,138100,519,BD DE LA REPUBLIQUE,59178000CP0085,Appartement,82,3.074179,50.375581
2022-956222,2022-11-10,Vente,183000,3503,RTE DE TOURNAI,59178000AL0250,Maison,97,3.12162,50.403877
2022-956333,2022-11-10,Vente,229760,22,RUE DU PONT DU RIVAGE,59178000CR0616,Maison,97,3.077317,50.37054
2022-956373,2022-11-04,Vente,170000,103,RUE ALEXANDRE DESCATOIRE,59178000AV0016,Maison,119,3.08945,50.36246
2022-956630,2022-11-17,Vente,180000,77,RUE DE LA CLOCHE,59178000CE0241,Appartement,30,3.075303,50.370075
2022-956630,2022-11-17,Vente,180000,77,RUE DE LA CLOCHE,59178000CE0241,Appartement,119,3.075303,50.370075
2022-956644,2022-11-29,Vente,137800,508,RUE DU POLYGONE,59178000CN0070,Maison,67,3.07863,50.383398
2022-956646,2022-11-25,Vente,158000,293,QUAI DEVIGNE,59178000BC0647,Appartement,88,3.072534,50.363212
2022-956782,2022-11-25,Vente,93250,150,RUE MARGUERITE DE FLANDRE,59178000AM0124,Appartement,39,3.121682,50.401879
2022-956809,2022-11-30,Vente,170000,62,BD POINCARE,59178000BD0055,Maison,140,3.070906,50.365013
2022-956872,2022-11-16,Vente,205000,382,BD ALBERT 1ER,59178000CP0115,Appartement,94,3.072616,50.375184
2022-956873,2022-11-09,Vente,75430,59,RUE DES VIERGES,59178000CE0620,Maison,80,3.073974,50.370248
2022-956876,2022-11-18,Vente,232000,270,AV DE TWICKENHAM,59178000BZ0140,Maison,128,3.080884,50.361526
2022-956912,2022-11-23,Vente,203400,206,RUE DU BLOC,59178000CR0730,Maison,65,3.073508,50.371279
2022-956994,2022-11-30,Vente,25150,944,BD DE LA REPUBLIQUE,59178000CS0334,Appartement,18,3.07947,50.378063
2022-957050,2022-11-30,Vente,450000,57,RUE DES CLARISSES,59178000CD0521,Appartement,71,3.081721,50.365572
2022-957050,2022-11-30,Vente,450000,57,RUE DES CLARISSES,59178000CD0521,Appartement,71,3.081721,50.365572
2022-957050,2022-11-30,Vente,450000,57,RUE DES CLARISSES,59178000CD0521,Appartement,34,3.081721,50.365572
2022-957050,2022-11-30,Vente,450000,57,RUE DES CLARISSES,59178000CD0521,Appartement,91,3.081721,50.365572
2022-957050,2022-11-30,Vente,450000,57,RUE DES CLARISSES,59178000CD0521,Appartement,29,3.081721,50.365572
2022-957050,2022-11-30,Vente,450000,57,RUE DES CLARISSES,59178000CD0521,Appartement,34,3.081721,50.365572
2022-957050,2022-11-30,Vente,450000,47,RUE DES CLARISSES,59178000CD0522,Appartement,62,3.081638,50.365667
2022-957050,2022-11-30,Vente,450000,47,RUE DES CLARISSES,59178000CD0522,Appartement,36,3.081638,50.365667
2022-957050,2022-11-30,Vente,450000,47,RUE DES CLARISSES,59178000CD0522,Appartement,74,3.081638,50.365667
2022-957050,2022-11-30,Vente,450000,47,RUE DES CLARISSES,59178000CD0522,Appartement,41,3.081638,50.365667
2022-957050,2022-11-30,Vente,450000,47,RUE DES CLARISSES,59178000CD0522,Appartement,76,3.081638,50.365667
2022-957050,2022-11-30,Vente,450000,47,RUE DES CLARISSES,59178000CD0522,Appartement,42,3.081638,50.365667
2022-957050,2022-11-30,Vente,450000,47,RUE DES CLARISSES,59178000CD0522,Appartement,80,3.081638,50.365667
2022-957050,2022-11-30,Vente,450000,37,RUE DES CLARISSES,59178000CD0523,Appartement,76,3.081522,50.365732
2022-957050,2022-11-30,Vente,450000,37,RUE DES CLARISSES,59178000CD0523,Appartement,37,3.081522,50.365732
2022-957050,2022-11-30,Vente,450000,37,RUE DES CLARISSES,59178000CD0523,Appartement,38,3.081522,50.365732
2022-957050,2022-11-30,Vente,450000,37,RUE DES CLARISSES,59178000CD0523,Appartement,38,3.081522,50.365732
2022-957076,2022-12-01,Vente,180000,132,RUE DES FOULONS,59178000CD0298,Appartement,31,3.077845,50.367387
2022-957076,2022-12-01,Vente,180000,132,RUE DES FOULONS,59178000CD0298,Appartement,31,3.077845,50.367387
2022-957076,2022-12-01,Vente,180000,132,RUE DES FOULONS,59178000CD0298,Appartement,36,3.077845,50.367387
2022-957076,2022-12-01,Vente,180000,132,RUE DES FOULONS,59178000CD0298,Appartement,62,3.077845,50.367387
2022-957076,2022-12-01,Vente,180000,132,RUE DES FOULONS,59178000CD0298,Appartement,30,3.077845,50.367387
2022-957184,2022-11-30,Vente,155000,179,RUE CONSTANT DUTILLEUX,59178000AY0234,Maison,94,3.088952,50.36136
2022-957199,2022-11-28,Vente,205000,69,PL D ARMES,59178000BX0788,Appartement,93,3.082889,50.368235
2022-957296,2022-12-02,Vente,107000,115,RUE DU GENERAL HERMENT,59178000BK0452,Maison,49,3.066434,50.382268
2022-957411,2022-12-08,Vente,215000,316,RUE DE CUINCY,59178000BI0126,Maison,119,3.062633,50.375978
2022-957498,2022-11-29,Vente,69000,150,RUE MARGUERITE DE FLANDRE,59178000AM0124,Appartement,35,3.121682,50.401879
2022-957637,2022-12-07,Vente,117000,233,PL CARNOT,59178000BW0187,Appartement,62,3.08739,50.371698
2022-957681,2022-12-05,Vente,114000,391,RUE MOREL,59178000BV0122,Appartement,88,3.087528,50.374531
2022-957739,2022-11-15,Vente,230762,39,RUE DU BEGUINAGE,59178000BX0054,Appartement,40,3.080074,50.371271
2022-957739,2022-11-15,Vente,230762,39,RUE DU BEGUINAGE,59178000BX0054,Appartement,40,3.080074,50.371271
2022-957739,2022-11-15,Vente,230762,39,RUE DU BEGUINAGE,59178000BX0054,Appartement,20,3.080074,50.371271
2022-957758,2022-11-18,Vente,80000,75,RUE CAMILLE COROT,59178000AX0206,Maison,70,3.085155,50.350617
2022-957881,2022-12-05,Vente,443000,107,RUE HYACINTHE CORNE,59178000BW0415,Maison,195,3.080493,50.372836
2022-957900,2022-12-06,Vente,168000,212,RUE FRANCOIS LEMAIRE,59178000CR0956,Appartement,95,3.080669,50.376432
2022-957929,2022-11-23,Vente,42000,102,RUE LEON GAMBETTA,59178000BX0371,Appartement,31,3.08124,50.368859
2022-957984,2022-12-06,Vente,74000,394,AV DU QUATRE SEPTEMBRE,59178000BZ0846,Appartement,35,3.086646,50.362477
2022-958059,2022-12-08,Vente,380400,150,RUE MARGUERITE DE FLANDRE,59178000AM0132,Maison,126,3.121588,50.40223
2022-958089,2022-12-14,Vente,85000,150,BD LOUIS BREGUET,59178000CS0577,Appartement,45,3.081407,50.380134
2022-958117,2022-12-05,Vente,122000,187,RUE DU DOCTEUR CHARCOT,59178000BN0267,Maison,99,3.088841,50.396606
2022-958309,2022-12-14,Vente,127350,106,RUE DE LA CUVE D OR,59178000CD0486,Maison,88,3.083184,50.366537
2022-958332,2022-12-09,Vente,120000,150,BD LOUIS BREGUET,59178000CS0577,Appartement,82,3.081407,50.380134
2022-958367,2022-12-05,Vente,184500,181,RUE SAINT ELOI,59178000BZ0309,Maison,62,3.081747,50.363767
2022-958553,2022-12-21,Vente,109940,87,RUE SERVAL,59178000CH0051,Maison,62,3.0711,50.372697
2022-958577,2022-12-21,Vente,104900,243,RUE D OCRE,59178000CP0073,Appartement,69,3.076308,50.377628
2022-958653,2022-12-14,Vente,129000,184,RUE LOUIS BLERIOT,59178000CH0241,Appartement,82,3.063621,50.370741
2022-958658,2022-12-08,Vente,53000,189,RUE SERVAL,59178000CR0868,Appartement,32,3.072285,50.37344
2022-958667,2022-12-13,Vente,190000,78,RUE DU BEGUINAGE,59178000BX0071,Appartement,38,3.079647,50.371734
2022-958667,2022-12-13,Vente,190000,78,RUE DU BEGUINAGE,59178000BX0071,Appartement,59,3.079647,50.371734
2022-958667,2022-12-13,Vente,190000,78,RUE DU BEGUINAGE,59178000BX0071,Appartement,56,3.079647,50.371734
2022-958667,2022-12-13,Vente,190000,78,RUE DU BEGUINAGE,59178000BX0071,Appartement,72,3.079647,50.371734
2022-958667,2022-12-13,Vente,190000,78,RUE DU BEGUINAGE,59178000BX0071,Appartement,43,3.079647,50.371734
2022-958667,2022-12-13,Vente,190000,78,RUE DU BEGUINAGE,59178000BX0071,Appartement,74,3.079647,50.371734
2022-958671,2022-12-13,Vente,195000,110,RUE DU BEGUINAGE,59178000BX0067,Maison,122,3.079354,50.371798
2022-958672,2022-12-14,Vente,34000,73,RUE NOTRE DAME DES WETZ,59178000BX0715,Appartement,31,3.078931,50.372064
2022-958676,2022-12-15,Vente,231440,71,RUE DE L HIPPODROME,59178000BZ0300,Maison,145,3.082745,50.363982
2022-958677,2022-10-28,Vente,108000,107,PL ROBERT SCHUMAN,59178000BX0781,Appartement,67,3.083562,50.368381
2022-958714,2022-12-14,Vente,80000,150,BD LOUIS BREGUET,59178000CS0577,Appartement,35,3.081407,50.380134
2022-958769,2022-12-19,Vente,193250,418,RUE DU FBG DE PARIS,59178000AX0323,Maison,102,3.084945,50.352527
2022-958800,2022-11-29,Echange,120000,46,RUE DE LA CROIX D OR,59178000CR0634,Appartement,120,3.076824,50.370397
2022-958800,2022-11-29,Echange,120000,46,RUE DE LA CROIX D OR,59178000CR0634,Appartement,120,3.076824,50.370397
2022-958800,2022-11-29,Echange,120000,70,PL DU BARLET,59178000CD0744,Maison,297,3.082088,50.365872
2022-958800,2022-11-29,Echange,120000,70,PL DU BARLET,59178000CD0744,Maison,297,3.082088,50.365872
2022-958941,2022-11-29,Echange,20000,70,PL DU BARLET,59178000CD0744,Maison,297,3.082088,50.365872
2022-958941,2022-11-29,Echange,20000,70,PL DU BARLET,59178000CD0744,Maison,297,3.082088,50.365872
2022-959000,2022-12-21,Vente,145800,18,RUE JEAN DE BOLOGNE,59178000CR0092,Maison,86,3.073746,50.371876
2022-959001,2022-12-22,Vente,173000,27,AV DES ACACIAS,59178000CK0271,Maison,103,3.065465,50.377458
2022-959008,2022-12-19,Vente,228500,528,RUE DE FERIN,59178000BC0446,Maison,117,3.075038,50.356967
2022-959008,2022-12-19,Vente,228500,528,RUE DE FERIN,59178000BC0446,Maison,117,3.075038,50.356967
2022-959179,2022-12-26,Vente,107300,202,RUE DE LUNEVILLE,59178000AK0957,Maison,74,3.132168,50.395572
2022-959235,2022-12-22,Vente,133900,95,RUE ALCIDE MOCHE,59178000BM0213,Maison,90,3.083949,50.394944
2022-959288,2022-12-26,Vente,132000,115,RUE DELFOSSE,59178000BM0062,Maison,74,3.083223,50.392928
2022-959289,2022-12-26,Vente,172000,606,BD JEANNE D ARC,59178000CH0116,Maison,91,3.064625,50.369078
2022-959333,2022-12-20,Vente,79000,37,IMP LAHURE,59178000CM0002,Maison,66,3.081287,50.390228
2022-959335,2022-12-29,Vente,80000,127,RUE SAINT NICOLAS,59178000CD0655,Maison,61,3.077184,50.365456
2022-959363,2022-12-20,Vente,358000,117,RUE DE LA HERSE,59178000CR0027,Maison,213,3.072071,50.372581
2022-959367,2022-12-15,Vente,135000,39,PL DU BARLET,59178000BZ0479,Maison,47,3.083943,50.366293
2022-959367,2022-12-15,Vente,135000,39,PL DU BARLET,59178000BZ0479,Maison,48,3.083943,50.366293
2022-959682,2022-12-23,Vente,57500,12,RUE DES FRANSURES,59178000CR0625,Appartement,34,3.077136,50.369949
2022-959769,2022-12-13,Vente,28189,57,RUE DES CLARISSES,59178000CD0521,Appartement,71,3.081721,50.365572
2022-959773,2022-12-09,Vente,26459,57,RUE DES CLARISSES,59178000CD0521,Appartement,41,3.081721,50.365572
2022-959799,2022-12-28,Vente,70000,39,PL DU BARLET,59178000BZ0479,Maison,48,3.083943,50.366293
2022-959973,2022-12-23,Vente,104000,220,RUE DU GRAND BAIL,59178000CD0130,Appartement,65,3.074688,50.365829
2022-959979,2022-12-23,Vente,116000,44,RUE DES GLACIS,59178000BZ0200,Appartement,85,3.082746,50.362999
2022-960052,2022-12-14,Vente,204000,251,RUE DES GLACIS,59178000BZ0612,Maison,82,3.085599,50.362504
2022-960059,2022-12-15,Vente,25738,57,RUE DES CLARISSES,59178000CD0521,Appartement,71,3.081721,50.365572
2022-960070,2022-12-15,Vente,51225,57,RUE DES CLARISSES,59178000CD0521,Appartement,91,3.081721,50.365572
2022-960073,2022-12-21,Vente,28982,57,RUE DES CLARISSES,59178000CD0521,Appartement,76,3.081721,50.365572
2022-960076,2022-12-23,Vente,27324,57,RUE DES CLARISSES,59178000CD0521,Appartement,38,3.081721,50.365572
2022-960079,2022-12-21,Vente,27829,57,RUE DES CLARISSES,59178000CD0521,Appartement,71,3.081721,50.365572
2022-960080,2022-12-21,Vente,26603,57,RUE DES CLARISSES,59178000CD0521,Appartement,38,3.081721,50.365572
2022-960083,2022-12-23,Vente,390000,52,RUE MERLIN DE DOUAI,59178000BX0587,Appartement,46,3.078619,50.369347
2022-960083,2022-12-23,Vente,390000,52,RUE MERLIN DE DOUAI,59178000BX0587,Appartement,55,3.078619,50.369347
2022-960083,2022-12-23,Vente,390000,52,RUE MERLIN DE DOUAI,59178000BX0587,Appartement,44,3.078619,50.369347
2022-960083,2022-12-23,Vente,390000,52,RUE MERLIN DE DOUAI,59178000BX0587,Appartement,50,3.078619,50.369347
2022-960167,2022-12-27,Vente,200100,193,RUE VICTOR HUGO,59178000BW0200,Maison,80,3.086758,50.370332
2022-960179,2022-12-29,Vente,43000,29,RUE DES DOMINICAINS,59178000CD0785,Appartement,32,3.077376,50.368274
2022-960233,2022-12-23,Vente,114000,518,RUE DU POLYGONE,59178000CN0069,Maison,57,3.078655,50.383443
2022-960277,2022-12-16,Vente,20000,65,RUE DU PARC,59178000BN0224,Maison,62,3.086499,50.396946
2022-960338,2022-12-30,Vente,80860,21,RUE DU GOUVERNEMENT,59178000BX0010,Appartement,57,3.078214,50.370644
2022-960346,2022-12-23,Vente,172800,48,RUE DE LA TOUR DES DAMES,59178000CS0169,Maison,104,3.082813,50.378471
2022-960365,2022-12-27,Vente,96000,593,BD JEANNE D ARC,59178000BD0342,Appartement,82,3.063613,50.36872
2022-960459,2022-12-19,Vente,180000,39,RUE DE LA CLORIS,59178000CD0226,Appartement,90,3.077988,50.368895
2022-960501,2022-12-29,Vente,225200,219,RUE FRANCOIS LEMAIRE,59178000CR0383,Maison,102,3.080024,50.376853
2022-960641,2022-12-27,Vente,27613,57,RUE DES CLARISSES,59178000CD0521,Appartement,42,3.081721,50.365572
2022-960704,2022-12-29,Vente,25378,57,RUE DES CLARISSES,59178000CD0521,Appartement,35,3.081721,50.365572
2022-960734,2022-12-21,Vente,116400,74,RUE FRANCOIS CUVELLE,59178000BY0111,Appartement,54,3.085651,50.367758
2022-960786,2022-10-07,Adjudication,55000,318,RUE DU POLYGONE,59178000CN0121,Appartement,41,3.078962,50.381485
2022-960813,2022-04-29,Vente,125000,650,RUE DE CAMBRAI,59178000AZ0307,Appartement,56,3.080069,50.356863
2022-960814,2022-10-18,Vente,153000,650,RUE DE CAMBRAI,59178000AZ0307,Appartement,56,3.080069,50.356863
