id_mutation,date_mutation,nature_mutation,valeur_fonciere,adresse_numero,adresse_nom_voie,id_parcelle,type_local,surface_reelle_bati,longitude,latitude
2025-750605,2025-01-13,Vente,126350,42,RUE PIERRE NEVE,59172000AO0157,Maison,58,3.402565,50.329285
2025-750686,2025-01-21,Vente,118500,34,RUE DES GLAIEULS,59172000AW0273,Maison,101,3.395785,50.317722
2025-750687,2025-01-17,Vente,242000,5,RUE REMY DUQUESNOY,59172000AK0368,Maison,273,3.387733,50.32977
2025-750891,2025-01-24,Vente,40000,48,RUE DE VILLARS,59172000BH1587,Appartement,107,3.390119,50.32575
2025-750921,2025-01-16,Vente,63000,183,RUE BERTHELOT,59172000AH0109,Maison,89,3.38468,50.336286
2025-751051,2025-01-08,Vente,76000,8,ALL DES ORMES PARC LEBRET,59172000AS0382,Maison,73,3.400987,50.322752
2025-751060,2025-01-14,Vente,90000,39,RUE PAUL ELIE CASANOVA,59172000AO0582,Maison,104,3.403264,50.329196
2025-751214,2025-01-16,Vente,153000,1258,RUE BERTHELOT,59172000AD0031,Maison,91,3.377001,50.344183
2025-751313,2025-02-06,Vente,116600,65,RUE JULES MOUSSERON,59172000AI0359,Maison,142,3.386478,50.328477
2025-751382,2025-01-30,Vente,363557,340,CHE DES DIX MUIDS,59172000ZA0023,Maison,104,3.370769,50.335542
2025-751585,2025-02-25,Vente,163000,10,PARC SIROT RUE DU MAL LECLERC,59172000AO0759,Maison,146,3.403499,50.330525
2025-751604,2025-02-05,Vente,94000,61,RUE HENRI BARBUSSE,59172000AK0249,Maison,86,3.390621,50.329775
2025-751654,2025-02-21,Vente,217700,4,RUE DE STRASBOURG,59172000AD0360,Maison,94,3.382078,50.343571
2025-751912,2025-02-14,Vente,30000,612,RUE DESANDROUINS,59172000AL1662,Maison,45,3.397933,50.329375
2025-751935,2025-02-24,Vente,84390,14,RES GALIBOTS 14 IMP HERTAIN,59172000AK1052,Appartement,62,3.392305,50.33392
2025-751952,2025-02-12,Vente,165000,139,RUE LUDOVIC TRARIEUX,59172000AK0030,Maison,130,3.393867,50.332542
2025-752146,2025-03-11,Vente,225000,548,RUE BERTHELOT,59172000AE0125,Maison,140,3.383561,50.339447
2025-752146,2025-03-11,Vente,225000,548,RUE BERTHELOT,59172000AE0125,Maison,140,3.383561,50.339447
2025-752148,2025-03-06,Vente,148700,24,RUE ANDRE CHENIER,59172000AO0585,Maison,85,3.402797,50.332076
2025-752153,2025-03-05,Vente,125000,1393,RUE DE TURENNE,59172000AB0181,Maison,96,3.368523,50.332817
2025-752164,2025-03-07,Vente,165000,6,RUE GUILLAUME APPOLINAIRE,59172000AY0099,Maison,96,3.388021,50.317133
2025-752164,2025-03-07,Vente,165000,2,RUE GUILLAUME APPOLINAIRE,59172000AY0101,Maison,36,3.387524,50.317197
2025-752164,2025-03-07,Vente,165000,2,RUE GUILLAUME APPOLINAIRE,59172000AY0101,Maison,65,3.387524,50.317197
2025-752164,2025-03-07,Vente,165000,2,RUE GUILLAUME APPOLINAIRE,59172000AY0101,Maison,60,3.387524,50.317197
2025-752164,2025-03-07,Vente,165000,2,RUE GUILLAUME APPOLINAIRE,59172000AY0101,Maison,30,3.387524,50.317197
2025-752164,2025-03-07,Vente,165000,2,RUE GUILLAUME APPOLINAIRE,59172000AY0101,Maison,100,3.387524,50.317197
2025-752164,2025-03-07,Vente,165000,2,RUE GUILLAUME APPOLINAIRE,59172000AY0101,Maison,65,3.387524,50.317197
2025-752164,2025-03-07,Vente,165000,2,RUE GUILLAUME APPOLINAIRE,59172000AY0101,Maison,65,3.387524,50.317197
2025-752169,2025-02-20,Vente,63000,46,RUE MERRHEIM,59172000BE0175,Maison,60,3.377495,50.32661
2025-752183,2025-03-03,Vente,128840,944,RUE BERTHELOT,59172000AD0105,Maison,159,3.380062,50.342219
2025-752184,2025-03-07,Vente,59500,186,RUE PIERRE NEVE,59172000AO0184,Maison,98,3.401728,50.330291
2025-752188,2025-02-26,Vente,40000,139,RUE HENRI BARBUSSE,59172000AK1094,Maison,50,3.394977,50.331508
2025-752246,2025-02-24,Vente,112000,11,AV FRANCOIS LEFEBVRE,59172000AE0088,Maison,60,3.385831,50.337664
2025-752249,2025-03-07,Vente,52500,5,RUE CH FOURIER 96 CR FONTAINE,59172000AL2287,Maison,44,3.398927,50.332349
2025-752258,2025-02-25,Vente,74000,113,RUE ERNESTINE,59172000AK0097,Maison,80,3.393308,50.331929
2025-752273,2025-02-18,Vente,48000,10,RUE A BRUNET 1227 IMP LEFEVRE,59172000BC0231,Maison,40,3.370482,50.320583
2025-752372,2025-02-26,Vente,58000,7,RUE EDOUARD VAILLANT,59172000BH0479,Maison,45,3.392069,50.329018
2025-752378,2025-02-25,Vente,63000,134,RUE CHARLES FOURIER,59172000AL0443,Maison,101,3.400129,50.332761
2025-752384,2025-02-25,Vente,47000,134,RUE HENRI BARBUSSE,59172000BH0405,Maison,75,3.393527,50.330623
2025-752385,2025-03-13,Vente,30000,65,RUE MONTESQUIEU,59172000AZ0192,Maison,71,3.372706,50.318732
2025-752575,2025-03-17,Vente,223000,150,ACH ANCIEN CHEM D HELESMES,59172000AH0358,Maison,113,3.386091,50.336189
2025-752575,2025-03-17,Vente,223000,150,ACH ANCIEN CHEM D HELESMES,59172000AH0358,Maison,113,3.386091,50.336189
2025-752640,2025-03-13,Vente,83500,17,RUE FAIDHERBE,59172000BI0313,Maison,72,3.376915,50.318813
2025-752671,2025-03-13,Vente,83000,58,RUE CHARLES FOURIER,59172000AL0512,Maison,62,3.397539,50.331922
2025-752673,2025-03-13,Vente,40000,1218,RUE BERTHELOT,59172000AD0036,Appartement,50,3.377238,50.343855
2025-752673,2025-03-13,Vente,40000,1218,RUE BERTHELOT,59172000AD0036,Appartement,50,3.377238,50.343855
2025-752673,2025-03-13,Vente,40000,1224,RUE BERTHELOT,59172000AD0427,Maison,45,3.37735,50.343964
2025-752959,2025-03-25,Vente,48000,1,RUE PAUL BERT,59172000AO0266,Maison,65,3.404984,50.331245
2025-753007,2025-04-02,Vente,45000,25,RUE MAINGOVAL,59172000AI0368,Maison,70,3.386656,50.328126
2025-753023,2025-03-31,Vente,45000,113,BD PRESIDENT KENNEDY,59172000AK0514,Maison,76,3.38702,50.330894
2025-753028,2025-03-12,Vente,345000,128,RUE DU MARECHAL LECLERC,59172000AO0801,Appartement,139,3.402096,50.330596
2025-753028,2025-03-12,Vente,345000,128,RUE DU MARECHAL LECLERC,59172000AO0801,Appartement,152,3.402096,50.330596
2025-753028,2025-03-12,Vente,345000,128,RUE DU MARECHAL LECLERC,59172000AO0801,Appartement,139,3.402096,50.330596
2025-753028,2025-03-12,Vente,345000,128,RUE DU MARECHAL LECLERC,59172000AO0801,Appartement,152,3.402096,50.330596
2025-753028,2025-03-12,Vente,345000,128,RUE DU MARECHAL LECLERC,59172000AO0801,Appartement,139,3.402096,50.330596
2025-753028,2025-03-12,Vente,345000,128,RUE DU MARECHAL LECLERC,59172000AO0801,Appartement,152,3.402096,50.330596
2025-753028,2025-03-12,Vente,345000,128,RUE DU MARECHAL LECLERC,59172000AO0801,Appartement,139,3.402096,50.330596
2025-753028,2025-03-12,Vente,345000,128,RUE DU MARECHAL LECLERC,59172000AO0801,Appartement,152,3.402096,50.330596
2025-753050,2025-04-03,Vente,42000,195,RUE LOUIS PETIT,59172000AZ0728,Maison,80,3.373376,50.317443
2025-753135,2025-03-26,Vente,210000,150,RUE DU MARECHAL LECLERC,59172000AO0282,Appartement,50,3.405409,50.331954
2025-753288,2025-04-11,Vente,43000,43,RUE ERNEST RENAN,59172000AZ0298,Maison,90,3.373755,50.319121
2025-753346,2025-04-09,Vente,220000,160,RUE BERTHELOT,59172000AH0495,Maison,114,3.385389,50.336189
2025-753415,2025-04-02,Vente,16000,8,RUE S KESTNER 31 CITE BACROIX,59172000AL1843,Maison,20,3.397222,50.331494
2025-753478,2025-04-10,Vente,40000,3,RLE D ENGHIEN,59172000AL1429,Maison,134,3.397728,50.327601
2025-753482,2025-04-14,Vente,60000,17,RUE DUSSOUBS,59172000BE0131,Maison,105,3.378355,50.325944
2025-753552,2025-04-01,Vente,36000,17,RLE D ENGHIEN,59172000AL1446,Maison,38,3.397513,50.328008
2025-753579,2025-04-16,Vente,60000,1292,RUE PIERRE NEVE,59172000AN0023,Maison,79,3.401332,50.340003
2025-753581,2025-04-22,Vente,55000,67,RUE MONTESQUIEU,59172000AZ0191,Maison,73,3.37276,50.318696
2025-753585,2025-01-31,Vente,76400,4,RUE LEBRET 12 CITE WIBAULT,59172000BD0190,Maison,78,3.375931,50.324307
2025-753598,2025-04-09,Vente,70000,220,RUE PIERRE BERIOT,59172000BC0384,Maison,54,3.369616,50.323741
2025-753743,2025-04-15,Vente,90988,188,RUE HENRI BARBUSSE,59172000BH1757,Maison,78,3.393074,50.33042
2025-753758,2025-04-15,Vente,44500,1,RUE PYRAMIDE 601 CRN ABATTOIR,59172000AP0828,Maison,45,3.406341,50.323538
2025-753803,2025-04-29,Vente,178000,404,RUE DESANDROUINS,59172000BH0521,Maison,199,3.395533,50.328217
2025-753841,2025-04-29,Vente,93000,18,AV LEON BLUM,59172000AP0012,Maison,70,3.410431,50.329176
2025-753962,2025-04-23,Vente,38000,17,RUE CHARLES FOURIER,59172000AL0425,Maison,57,3.395844,50.331913
2025-753964,2025-03-17,Vente,100000,265,RUE DE TURENNE,59172000AI0746,Appartement,95,3.382924,50.33062
2025-753964,2025-03-17,Vente,100000,265,RUE DE TURENNE,59172000AI0746,Appartement,75,3.382924,50.33062
2025-754050,2025-04-17,Vente,57500,30,RUE SCHEURER KESTNER,59172000AL0709,Maison,63,3.398237,50.331009
2025-754091,2025-04-30,Vente,80968,6,RUE LOUIS BUSIERE,59172000AC0759,Maison,98,3.3756,50.339666
2025-754146,2025-05-09,Vente,58000,46,RUE LEBRET,59172000BD0165,Maison,43,3.376425,50.323928
2025-754308,2025-04-25,Vente,45000,112,RUE DU MARECHAL LECLERC,59172000AL2628,Maison,42,3.400353,50.330103
2025-754373,2025-05-15,Vente,90000,1276,RUE DE LA PYRAMIDE,59172000AT0401,Maison,96,3.41394,50.320256
2025-754488,2025-05-22,Vente,58000,134,RUE ERNESTINE,59172000AK0086,Maison,54,3.393603,50.332305
2025-754529,2025-05-23,Vente,165000,3,RUE DES SAULES,59172000AT0074,Maison,124,3.411563,50.32046
2025-754599,2025-05-14,Vente,88400,58,RUE DE VILLARS,59172000BH1587,Appartement,94,3.390119,50.32575
2025-754622,2025-03-31,Vente,217365,39,RUE MAINGOVAL,59172000AI0312,Appartement,40,3.387695,50.32857
2025-754622,2025-03-31,Vente,217365,39,RUE MAINGOVAL,59172000AI0312,Appartement,40,3.387695,50.32857
2025-754622,2025-03-31,Vente,217365,39,RUE MAINGOVAL,59172000AI0312,Appartement,45,3.387695,50.32857
2025-754622,2025-03-31,Vente,217365,39,RUE MAINGOVAL,59172000AI0312,Appartement,50,3.387695,50.32857
2025-754715,2025-05-19,Vente,140000,162,RUE PAUL ELIE CASANOVA,59172000AP0439,Maison,91,3.40896,50.328946
2025-754724,2025-05-20,Vente,220000,7,PL GAMBETTA,59172000BH0072,Appartement,55,3.388151,50.327425
2025-754724,2025-05-20,Vente,220000,7,PL GAMBETTA,59172000BH0072,Appartement,75,3.388151,50.327425
2025-754724,2025-05-20,Vente,220000,7,PL GAMBETTA,59172000BH0072,Appartement,22,3.388151,50.327425
2025-754724,2025-05-20,Vente,220000,7,PL GAMBETTA,59172000BH0072,Appartement,30,3.388151,50.327425
2025-754724,2025-05-20,Vente,220000,7,PL GAMBETTA,59172000BH0072,Appartement,50,3.388151,50.327425
2025-754724,2025-05-20,Vente,220000,7,PL GAMBETTA,59172000BH0072,Appartement,65,3.388151,50.327425
2025-754868,2025-05-23,Vente,5000,14,BD CARAMAN,59172000AK0406,Maison,58,3.386225,50.330339
2025-754873,2025-05-23,Vente,39000,486,RUE DESANDROUINS,59172000AL1490,Appartement,30,3.396547,50.32865
2025-754913,2025-05-22,Vente,180000,7,RUE DES COOPERATEURS,59172000AH0169,Maison,90,3.386961,50.335961
2025-755030,2025-06-06,Vente,92500,10,RUE FAIDHERBE,59172000BI0334,Maison,70,3.376284,50.318631
2025-755058,2025-06-11,Vente,86000,106,RES CLOS CAFUS 106 AV J JAURES,59172000AK1096,Appartement,52,3.391036,50.33422
2025-755115,2025-06-12,Vente,32000,32,RUE DE LA PAIX,59172000AL1257,Appartement,86,3.400938,50.328
2025-755126,2025-06-11,Vente,36500,86,RUE MONTESQUIEU,59172000AZ0675,Maison,67,3.372893,50.317896
2025-755203,2025-06-19,Vente,53000,3,RUE DESANDROUIN 486 C LACROIX,59172000AL1488,Maison,74,3.396623,50.328564
2025-755312,2025-06-09,Vente,91000,62,RUE MERRHEIM,59172000BE0167,Maison,55,3.37733,50.32695
2025-755325,2025-06-02,Vente,87000,33,RUE DUSSOUBS,59172000BE0123,Maison,58,3.378146,50.326324
2025-755388,2025-06-10,Vente,35000,33,RUE DESANDROUINS,59172000BH0308,Maison,101,3.390772,50.326936
2025-755499,2025-06-03,Vente,30000,7,RUE P BERIOT 108 CRN DUBOIS,59172000BD0143,Maison,80,3.375722,50.32438
2025-755502,2025-06-16,Vente,49000,10,RUE MONTESQUIEU,59172000AZ0150,Maison,81,3.371448,50.319384
2025-755504,2025-06-26,Vente,170000,1238,RUE PIERRE NEVE,59172000AN0310,Maison,120,3.401454,50.33946
2025-755504,2025-06-26,Vente,170000,1238,RUE PIERRE NEVE,59172000AN0310,Maison,120,3.401454,50.33946
2025-755505,2025-06-16,Vente,95000,20,RUE REMY DUQUESNOY,59172000AK0302,Maison,106,3.38908,50.329653
2025-755507,2025-06-20,Vente,45000,42,RUE ROGER SALENGRO,59172000BH0348,Maison,92,3.391378,50.329479
2025-755513,2025-06-24,Vente,102500,9,ALL THOMAS,59172000AZ0858,Maison,134,3.370395,50.315883
2025-755692,2025-07-03,Vente,60000,668,RUE DE LA PYRAMIDE,59172000AS0085,Maison,135,3.406622,50.322902
2025-755715,2025-05-26,Vente,260000,39,RUE DE VILLARS,59172000BH0124,Appartement,25,3.388776,50.32656
2025-755715,2025-05-26,Vente,260000,39,RUE DE VILLARS,59172000BH0124,Appartement,25,3.388776,50.32656
2025-755715,2025-05-26,Vente,260000,39,RUE DE VILLARS,59172000BH0124,Appartement,25,3.388776,50.32656
2025-755715,2025-05-26,Vente,260000,39,RUE DE VILLARS,59172000BH0124,Appartement,32,3.388776,50.32656
2025-755715,2025-05-26,Vente,260000,39,RUE DE VILLARS,59172000BH0124,Appartement,25,3.388776,50.32656
2025-755715,2025-05-26,Vente,260000,39,RUE DE VILLARS,59172000BH0124,Appartement,35,3.388776,50.32656
2025-755715,2025-05-26,Vente,260000,39,RUE DE VILLARS,59172000BH0124,Appartement,25,3.388776,50.32656
2025-755715,2025-05-26,Vente,260000,39,RUE DE VILLARS,59172000BH0124,Appartement,25,3.388776,50.32656
2025-755715,2025-05-26,Vente,260000,39,RUE DE VILLARS,59172000BH0124,Appartement,30,3.388776,50.32656
2025-755715,2025-05-26,Vente,260000,39,RUE DE VILLARS,59172000BH0124,Appartement,25,3.388776,50.32656
2025-755715,2025-05-26,Vente,260000,39,RUE DE VILLARS,59172000BH0124,Appartement,30,3.388776,50.32656
2025-755715,2025-05-26,Vente,260000,39,RUE DE VILLARS,59172000BH0124,Appartement,25,3.388776,50.32656
2025-755715,2025-05-26,Vente,260000,39,RUE DE VILLARS,59172000BH0124,Appartement,35,3.388776,50.32656
2025-755715,2025-05-26,Vente,260000,39,RUE DE VILLARS,59172000BH0124,Appartement,25,3.388776,50.32656
2025-755740,2025-07-03,Vente,40000,152,RUE PIERRE BERIOT,59172000BD0013,Maison,59,3.373453,50.324509
2025-755794,2025-06-11,Vente,102700,23,AV FRANCOIS LEFEBVRE,59172000AE0082,Maison,124,3.3864,50.337778
2025-755802,2025-06-30,Vente,90000,59,RUE DU MARECHAL LECLERC,59172000AL1550,Maison,67,3.396439,50.328258
2025-755844,2025-06-26,Vente,130000,239,RUE LOUIS PETIT,59172000AZ0863,Maison,95,3.370696,50.315418
2025-755849,2025-07-02,Vente,75000,95,RUE PAUL ELIE CASANOVA,59172000AO0066,Maison,63,3.406086,50.329465
2025-755877,2025-06-10,Vente,56000,106,RES CLOS CAFUS 106 AV J JAURES,59172000AK1096,Appartement,45,3.391036,50.33422
2025-755888,2025-06-10,Vente,42000,66,RUE ERNEST RENAN,59172000AZ0260,Maison,46,3.373093,50.31888
2025-756106,2025-07-10,Vente,152000,103,RUE DE LA PYRAMIDE,59172000AP0293,Maison,92,3.403001,50.327295
2025-756266,2025-07-07,Vente,238000,862,RTE D OISY,59172000AN0297,Maison,93,3.412993,50.338137
2025-756266,2025-07-07,Vente,238000,862,RTE D OISY,59172000AN0297,Maison,93,3.412993,50.338137
2025-756279,2025-07-10,Vente,45000,5,RLE D ENGHIEN,59172000AL1430,Maison,90,3.397724,50.32765
2025-756313,2025-06-23,Vente,76000,2,AV FRANCOIS LEFEBVRE,59172000AE0053,Maison,88,3.385792,50.337291
2025-756321,2025-07-03,Vente,41000,8,RUE DUSSOUBS,59172000BE0068,Maison,80,3.37905,50.325914
2025-756372,2025-06-23,Vente,51000,15,RUE EDOUARD VAILLANT,59172000BH0464,Maison,70,3.392196,50.32943
2025-756413,2025-06-30,Vente,1400000,19,RUE MERRHEIM,59172000BE0216,Maison,104,3.377317,50.32591
2025-756413,2025-06-30,Vente,1400000,140,RUE LOUIS PETIT,59172000BI0276,Maison,57,3.376921,50.319374
2025-756481,2025-07-17,Vente,260000,55,RUE MARCEL FONTAINE,59172000BH0689,Maison,32,3.396681,50.326425
2025-756481,2025-07-17,Vente,260000,53,RUE MARCEL FONTAINE,59172000BH0690,Maison,32,3.39672,50.326357
2025-756481,2025-07-17,Vente,260000,51,RUE MARCEL FONTAINE,59172000BH0691,Maison,45,3.396649,50.326363
2025-756481,2025-07-17,Vente,260000,51,RUE MARCEL FONTAINE,59172000BH0692,Maison,45,3.396595,50.326356
2025-756481,2025-07-17,Vente,260000,51,RUE MARCEL FONTAINE,59172000BH0693,Maison,44,3.396531,50.326346
2025-756498,2025-07-09,Vente,56000,56,RUE PIERRE NEVE,59172000AO0159,Maison,81,3.402495,50.32934
2025-756529,2025-07-18,Vente,60000,106,RES CLOS CAFUS 106 AV J JAURES,59172000AK1096,Appartement,52,3.391036,50.33422
2025-756611,2025-07-07,Vente,49800,24,RUE ROGER SALENGRO,59172000BH0337,Maison,98,3.391643,50.329109
2025-756617,2025-07-11,Vente,15000,8,RUE CH FOURIER 96 CR FONTAINE,59172000AL0466,Maison,44,3.398988,50.332212
2025-756632,2025-07-16,Vente,108000,142,RUE DES PERVENCHES,59172000AW0210,Maison,79,3.396141,50.315811
2025-756633,2025-07-21,Vente,29000,2,RUE CH FOURIER 96 CR FONTAINE,59172000AL2278,Maison,44,3.398831,50.332475
2025-756645,2025-07-23,Vente,43000,3,RUE DUQUESNOY 1B CTE SILE,59172000AK0373,Maison,51,3.387679,50.329714
2025-756651,2025-07-24,Vente,65000,59,RUE DES BLEUETS,59172000AW0180,Maison,103,3.394573,50.31702
2025-756660,2025-07-09,Vente,105000,235,RUE LOUIS PETIT,59172000AZ0850,Maison,86,3.371168,50.315787
2025-756732,2025-07-22,Vente,56000,106,RES CLOS CAFUS 106 AV J JAURES,59172000AK1096,Appartement,45,3.391036,50.33422
2025-756786,2025-07-03,Vente,124000,3,RUE REMY DUQUESNOY,59172000AK0370,Maison,72,3.387848,50.329545
2025-756822,2025-07-17,Vente,142200,149,AV JEAN JAURES,59172000AK0770,Appartement,30,3.389607,50.33352
2025-756822,2025-07-17,Vente,142200,149,AV JEAN JAURES,59172000AK0770,Appartement,30,3.389607,50.33352
2025-756905,2025-07-30,Vente,82500,499,RUE ALEXANDRE BAUDUIN,59172000AD0180,Appartement,52,3.383495,50.34584
2025-756922,2025-07-30,Vente,187500,499,RUE ALEXANDRE BAUDUIN,59172000AD0180,Appartement,18,3.383495,50.34584
2025-756922,2025-07-30,Vente,187500,499,RUE ALEXANDRE BAUDUIN,59172000AD0180,Appartement,115,3.383495,50.34584
2025-756922,2025-07-30,Vente,187500,499,RUE ALEXANDRE BAUDUIN,59172000AD0180,Appartement,117,3.383495,50.34584
2025-757001,2025-07-07,Vente,122000,3,RUE MAINGOVAL,59172000AI0383,Maison,95,3.385931,50.327923
2025-757081,2025-07-29,Vente,37000,9,RUE P BERIOT 110 IMP JORION,59172000BD1497,Maison,65,3.375424,50.324124
2025-757165,2025-07-16,Vente,70150,45,AV JEAN JAURES,59172000BH1803,Maison,95,3.393829,50.330288
2025-757265,2025-08-01,Vente,71900,174,RUE LOUIS PETIT,59172000BI0331,Maison,97,3.376054,50.318704
2025-757281,2025-07-31,Vente,56000,152,RUE PIERRE BERIOT,59172000BD0011,Maison,84,3.37347,50.324444
2025-757387,2025-08-12,Vente,108000,36,BD CARAMAN,59172000AK0523,Maison,81,3.386958,50.331309
2025-757406,2025-08-13,Vente,105000,160,RUE PIERRE BERIOT,59172000BC0390,Maison,40,3.372995,50.324479
2025-757406,2025-08-13,Vente,105000,160,RUE PIERRE BERIOT,59172000BC0390,Maison,65,3.372995,50.324479
2025-757464,2025-08-14,Vente,50000,154,RUE PIERRE BERIOT,59172000BD0002,Maison,51,3.373257,50.324476
2025-757578,2025-08-14,Vente,51000,179,RUE BERTHELOT,59172000AH0110,Maison,84,3.384616,50.33624
2025-757622,2025-08-18,Vente,25000,7,RUE CH FOURIER 96 CR FONTAINE,59172000AL2293,Maison,44,3.39899,50.332267
2025-757628,2025-08-18,Vente,94000,19,BD DU 11 NOVEMBRE 1918,59172000AK0690,Maison,126,3.388425,50.332671
2025-757633,2025-08-07,Vente,101410,121,RUE CHARLES FOURIER,59172000AL0372,Maison,75,3.399501,50.333138
2025-757636,2025-08-19,Vente,136720,15,RUE DES SAULES,59172000AT0067,Maison,121,3.411563,50.318792
2025-757666,2025-08-22,Vente,50000,99,RUE SCHEURER KESTNER,59172000AL0644,Maison,80,3.399744,50.332186
2025-757686,2025-08-29,Vente,72500,47,RUE MERRHEIM,59172000BE0229,Maison,84,3.376939,50.326596
2025-757731,2025-08-29,Vente,130000,27,RUE PASTEUR,59172000BD1027,Maison,66,3.377397,50.321593
2025-757792,2025-08-29,Vente,137000,22,BD DE VERDUN,59172000AW0017,Maison,60,3.394961,50.318296
2025-758017,2025-08-28,Vente,87000,220,RUE PIERRE BERIOT,59172000BC0384,Maison,70,3.369616,50.323741
2025-758056,2025-09-03,Vente,136000,588,RUE DE LA PYRAMIDE,59172000AS0068,Maison,116,3.405775,50.3235
2025-758111,2025-08-26,Vente,110000,60,BD DE VERDUN,59172000AW0036,Maison,127,3.392844,50.317173
2025-758250,2025-09-02,Vente,95000,27,RUE FAIDHERBE,59172000BI0308,Maison,86,3.37715,50.318676
2025-758378,2025-09-19,Vente,89900,35,BD CARAMAN,59172000AK1104,Maison,138,3.386851,50.332087
2025-758400,2025-08-29,Vente,39900,39,RUE DU QUARTIER RENARD,59172000BD0162,Maison,40,3.37647,50.323868
2025-758628,2025-09-25,Vente,101500,59,RUE MERRHEIM,59172000BE0235,Maison,82,3.376787,50.326844
2025-758631,2025-09-15,Vente,328000,31,RUE FABRE D EGLANTINE,59172000AO0829,Maison,179,3.403119,50.331999
2025-758631,2025-09-15,Vente,328000,31,RUE FABRE D EGLANTINE,59172000AO0829,Maison,179,3.403119,50.331999
2025-758633,2025-09-29,Vente,20000,150,RUE DE VILLARS,59172000BH1426,Maison,124,3.397494,50.326501
2025-758667,2025-06-05,Adjudication,351000,5,CHE DU MOULIN,59172000AW0071,Maison,100,3.391871,50.318162
2025-758755,2025-09-05,Vente,47000,10,RUE S KESTNER 25 CITE BACROIX,59172000AL2299,Maison,54,3.396974,50.331518
2025-758785,2025-09-11,Vente,165000,35,RUE LUDOVIC TRARIEUX,59172000AL1617,Appartement,40,3.398673,50.32831
2025-758785,2025-09-11,Vente,165000,35,RUE LUDOVIC TRARIEUX,59172000AL1617,Appartement,35,3.398673,50.32831
2025-758785,2025-09-11,Vente,165000,35,RUE LUDOVIC TRARIEUX,59172000AL1617,Appartement,45,3.398673,50.32831
2025-758785,2025-09-11,Vente,165000,35,RUE LUDOVIC TRARIEUX,59172000AL1617,Appartement,50,3.398673,50.32831
2025-758785,2025-09-11,Vente,165000,35,RUE LUDOVIC TRARIEUX,59172000AL1617,Appartement,63,3.398673,50.32831
2025-758785,2025-09-11,Vente,165000,35,RUE LUDOVIC TRARIEUX,59172000AL1617,Appartement,51,3.398673,50.32831
2025-758861,2025-09-30,Vente,40000,10,RUE M LECLERC 150 C DELAVALLE,59172000AO0287,Maison,34,3.405706,50.331188
2025-759139,2025-10-02,Vente,455000,21,RUE LUDOVIC TRARIEUX,59172000AL1608,Appartement,77,3.399241,50.327982
2025-759139,2025-10-02,Vente,455000,21,RUE LUDOVIC TRARIEUX,59172000AL1608,Appartement,68,3.399241,50.327982
2025-759139,2025-10-02,Vente,455000,21,RUE LUDOVIC TRARIEUX,59172000AL1608,Maison,63,3.399241,50.327982
2025-759139,2025-10-02,Vente,455000,21,RUE LUDOVIC TRARIEUX,59172000AL1608,Maison,70,3.399241,50.327982
2025-759139,2025-10-02,Vente,455000,21,RUE LUDOVIC TRARIEUX,59172000AL1608,Appartement,79,3.399241,50.327982
2025-759139,2025-10-02,Vente,455000,21,RUE LUDOVIC TRARIEUX,59172000AL1608,Appartement,55,3.399241,50.327982
2025-759139,2025-10-02,Vente,455000,21,RUE LUDOVIC TRARIEUX,59172000AL1608,Maison,50,3.399241,50.327982
2025-759139,2025-10-02,Vente,455000,21,RUE LUDOVIC TRARIEUX,59172000AL1608,Maison,83,3.399241,50.327982
2025-759139,2025-10-02,Vente,455000,21,RUE LUDOVIC TRARIEUX,59172000AL1608,Appartement,38,3.399241,50.327982
2025-759139,2025-10-02,Vente,455000,21,RUE LUDOVIC TRARIEUX,59172000AL1608,Appartement,50,3.399241,50.327982
2025-759139,2025-10-02,Vente,455000,21,RUE LUDOVIC TRARIEUX,59172000AL1608,Appartement,44,3.399241,50.327982
2025-759139,2025-10-02,Vente,455000,21,RUE LUDOVIC TRARIEUX,59172000AL1608,Appartement,66,3.399241,50.327982
2025-759153,2025-10-02,Vente,350000,12,RUE PIERRE BERIOT,59172000BD1947,Appartement,61,3.379756,50.325203
2025-759153,2025-10-02,Vente,350000,12,RUE PIERRE BERIOT,59172000BD1947,Appartement,53,3.379756,50.325203
2025-759153,2025-10-02,Vente,350000,12,RUE PIERRE BERIOT,59172000BD1947,Appartement,62,3.379756,50.325203
2025-759153,2025-10-02,Vente,350000,12,RUE PIERRE BERIOT,59172000BD1947,Appartement,59,3.379756,50.325203
2025-759197,2025-10-13,Vente,10000,1,RUE HENRI BARBUSSE,59172000AK0277,Maison,97,3.388484,50.328846
2025-759200,2025-10-07,Vente,108000,35,RUE DE VILLARS,59172000BH0058,Appartement,44,3.3886,50.326511
2025-759200,2025-10-07,Vente,108000,35,RUE DE VILLARS,59172000BH0058,Appartement,19,3.3886,50.326511
2025-759200,2025-10-07,Vente,108000,35,RUE DE VILLARS,59172000BH0058,Appartement,23,3.3886,50.326511
2025-759200,2025-10-07,Vente,108000,35,RUE DE VILLARS,59172000BH0058,Appartement,19,3.3886,50.326511
2025-759200,2025-10-07,Vente,108000,35,RUE DE VILLARS,59172000BH0058,Appartement,23,3.3886,50.326511
2025-759214,2025-10-16,Vente,116000,668,RUE DESANDROUINS,59172000AL1654,Maison,116,3.398459,50.329636
2025-759221,2025-10-18,Vente,153000,4,BD CHARLES DE GAULLE,59172000AW0105,Maison,80,3.398363,50.316019
2025-759336,2025-10-01,Vente,51000,23,IMP FERRER,59172000AK0469,Maison,92,3.389711,50.331324
2025-759473,2025-10-09,Vente,56000,137,RUE ERNESTINE,59172000AK0091,Maison,39,3.393118,50.33214
2025-759474,2025-10-15,Vente,116050,12,ALL DENIS PAPIN,59172000AZ0768,Maison,89,3.370422,50.316876
2025-759478,2025-10-15,Vente,142000,11,RUE DES TILLEULS,59172000AT0312,Maison,91,3.412428,50.317066
2025-759586,2025-10-27,Vente,75555,56,RUE MERRHEIM,59172000BE0170,Maison,59,3.377395,50.326844
2025-759674,2025-10-16,Vente,19000,126,RUE PIERRE BERIOT,59172000BD0024,Maison,80,3.37427,50.324566
2025-759680,2025-10-17,Vente,35000,59,RUE PIERRE BERIOT,59172000BE0200,Maison,63,3.378075,50.325502
2025-759691,2025-10-29,Vente,30000,304,RUE DESLINSEL,59172000AP0210,Maison,55,3.405592,50.325632
2025-759724,2025-10-30,Vente,100000,22,RUE LA BRUYERE,59172000AT0253,Maison,81,3.413376,50.318044
2025-759741,2025-10-30,Vente,70000,38,RUE HENRI BARBUSSE,59172000BH0195,Maison,70,3.39018,50.329074
2025-759754,2025-10-15,Vente,184000,1174,RUE PIERRE NEVE,59172000AN0038,Maison,82,3.4014,50.338874
2025-759822,2025-10-14,Vente,56000,84,RUE MONTESQUIEU,59172000AZ0676,Maison,71,3.372851,50.317921
2025-759883,2025-10-15,Vente,95000,220,RUE PIERRE BERIOT,59172000BC0384,Maison,73,3.369616,50.323741
2025-759905,2025-10-22,Vente,43000,39,RUE MONTESQUIEU,59172000AZ0205,Maison,63,3.372199,50.319219
2025-759917,2025-11-06,Vente,110000,1,RUE LA BRUYERE,59172000AT0264,Maison,81,3.41451,50.317722
2025-759933,2025-10-24,Vente,120000,2,BD DE VERDUN,59172000AW0359,Appartement,177,3.395906,50.318491
2025-760024,2025-10-31,Vente,62500,30,RUE MERRHEIM,59172000BE0183,Maison,80,3.377686,50.326256
2025-760135,2025-10-17,Vente,61111.11,106,RES CLOS CAFUS 106 AV J JAURES,59172000AK1096,Appartement,45,3.391036,50.33422
2025-760161,2025-10-20,Vente,106000,9,RUE FABRE D EGLANTINE,59172000AO0527,Maison,83,3.40206,50.332818
2025-760185,2025-10-27,Vente,65550,471,RUE PIERRE NEVE,59172000AL0660,Maison,77,3.400506,50.332607
2025-760226,2025-11-06,Vente,79500,1290,RUE PIERRE NEVE,59172000AN0024,Maison,87,3.401349,50.339963
2025-760351,2025-10-30,Vente,210800,16,RUE MAXENCE VAN DER MEERSCH,59172000AC0780,Maison,99,3.375143,50.340171
2025-760422,2025-11-05,Vente,40500,545,CHEM DE BELLAING VOIE FERREE,59172000ZB0085,Maison,64,3.418817,50.3429
2025-760535,2025-11-26,Vente,229000,2,RUE DE METTET,59172000AD0394,Maison,137,3.379212,50.343567
2025-760536,2025-11-25,Vente,40000,64,RUE PIERRE NEVE,59172000AO0164,Maison,80,3.402205,50.329334
2025-760652,2025-11-21,Vente,130000,156,RUE LOUIS PETIT,59172000BI0316,Maison,112,3.376841,50.318926
2025-760693,2025-11-08,Vente,142800,141,RUE DES PERVENCHES,59172000AW0209,Maison,100,3.396123,50.315717
2025-760807,2025-12-02,Vente,110000,1157,RUE ARTHUR BRUNET,59172000BC0086,Maison,115,3.371475,50.32042
2025-760863,2025-11-18,Vente,69250,35,AV FRANCOIS LEFEBVRE,59172000AE0077,Maison,92,3.386972,50.337797
2025-760973,2025-11-28,Vente,56000,28,RUE MERRHEIM,59172000BE0184,Maison,73,3.3777,50.326211
2025-760989,2025-12-09,Vente,105000,19,RUE DES TILLEULS,59172000AT0329,Maison,69,3.410776,50.317256
2025-761062,2025-11-19,Vente,65250,564,RUE DESANDROUINS,59172000AL1505,Maison,100,3.397474,50.329143
2025-761068,2025-11-21,Vente,413320,169,RUE DU MARECHAL LECLERC,59172000AO0795,Maison,274,3.402904,50.331505
2025-761068,2025-11-21,Vente,413320,169,RUE DU MARECHAL LECLERC,59172000AO0795,Maison,274,3.402904,50.331505
2025-761088,2025-11-28,Vente,76000,32,RUE MERRHEIM,59172000BE0182,Maison,75,3.377651,50.326296
2025-761094,2025-11-26,Vente,89500,23,RUE SCHEURER KESTNER,59172000AL0580,Maison,138,3.397005,50.331291
2025-761104,2025-11-13,Vente,115000,94,AV JEAN JAURES,59172000AK0012,Maison,110,3.390204,50.333901
2025-761126,2025-11-27,Vente,198750,5,RUE DE STRASBOURG,59172000AD0337,Maison,93,3.381781,50.34382
2025-761128,2025-11-27,Vente,40500,29,RUE EDOUARD VAILLANT,59172000BH0453,Maison,81,3.392742,50.329491
2025-761334,2025-12-11,Vente,75000,223,RUE PIERRE NEVE,59172000AL1081,Maison,108,3.401117,50.330371
2025-761393,2025-12-15,Vente,187000,85,RUE DE VILLARS,59172000BH0317,Appartement,50,3.391601,50.326851
2025-761393,2025-12-15,Vente,187000,85,RUE DE VILLARS,59172000BH0317,Appartement,40,3.391601,50.326851
2025-761417,2025-12-12,Vente,68000,49,RUE ERNESTINE,59172000AK0106,Maison,62,3.393845,50.331493
2025-761541,2025-12-16,Vente,63000,127,RUE DE TURENNE,59172000AI0432,Maison,74,3.38461,50.330085
2025-761704,2025-11-24,Vente,76000,106,RES CLOS CAFUS 106 AV J JAURES,59172000AK1096,Appartement,62,3.391036,50.33422
2025-761782,2025-12-04,Vente,45000,47,RUE MONTESQUIEU,59172000AZ0201,Maison,66,3.372374,50.319067
2025-761792,2025-12-10,Vente,20000,12,BD DE VERDUN,59172000AW0012,Maison,52,3.395372,50.318485
2025-761921,2025-12-08,Vente,60000,9,RUE PAUL BERT,59172000AO0262,Maison,90,3.40506,50.331036
2025-761962,2025-12-30,Vente,62500,25,RUE PAUL LAFARGUE,59172000AZ1193,Maison,84,3.371834,50.318265
2025-761968,2025-12-22,Vente,22500,210,RUE PIERRE BERIOT,59172000BC0056,Maison,89,3.369258,50.324434
2025-761976,2025-12-15,Vente,93300,687,RUE BERTHELOT,59172000AH0026,Maison,65,3.381805,50.340184
2025-761992,2025-12-16,Vente,97000,13,RUE FABRE D EGLANTINE,59172000AO0525,Maison,83,3.402086,50.332647
2025-761997,2025-12-30,Vente,80000,54,AV LEON BLUM,59172000AP0030,Maison,78,3.410834,50.328287
2025-762046,2025-12-16,Vente,70100,25,VC RES ANDRE JURENIL,59172000AH0301,Maison,77,3.382397,50.337069
2025-762051,2025-12-16,Vente,40000,20,RUE MATHILDE,59172000AI0735,Appartement,8,3.383558,50.33246
2025-762051,2025-12-16,Vente,40000,20,RUE MATHILDE,59172000AI0735,Appartement,8,3.383558,50.33246
2025-762157,2025-12-19,Vente,47500,399,RUE DE LA PYRAMIDE,59172000AP0121,Maison,66,3.405579,50.325236
2025-762161,2025-12-22,Vente,59000,14,RES GALIBOTS 14 IMP HERTAIN,59172000AK1052,Appartement,52,3.392305,50.33392
2025-762165,2025-12-17,Vente,242850,8,RUE MAXENCE VAN DER MEERSCH,59172000AC0724,Maison,111,3.374101,50.3411
2025-762167,2025-12-18,Vente,62000,14,RES GALIBOTS 14 IMP HERTAIN,59172000AK1052,Appartement,45,3.392305,50.33392
2025-762321,2025-12-22,Vente,18000,4,RUE DE TURENNE 190 IMP MALLET,59172000AI0238,Maison,40,3.384186,50.33076
2025-762329,2025-12-19,Vente,52500,492,RUE DESANDROUINS,59172000AL2779,Maison,92,3.396599,50.328717
2025-762380,2025-12-29,Vente,48000,10,RUE DUQUESNOY 27 IMP DELFANT,59172000AK0340,Maison,28,3.388362,50.330236
2025-762429,2025-12-31,Vente,52000,494,RUE DESANDROUINS,59172000AL2774,Maison,70,3.396717,50.328631
2024-708129,2024-01-10,Vente,60000,63,RUE LUDOVIC TRARIEUX,59172000AL1507,Maison,71,3.397636,50.329042
2024-708151,2024-01-09,Vente,143700,93,RUE PATRICK ROY,59172000AV0370,Maison,85,3.404955,50.320279
2024-708182,2024-01-17,Vente,80500,496,RUE ARTHUR BRUNET,59172000BD0950,Maison,124,3.379677,50.323288
2024-708245,2024-01-03,Vente,80000,168,RUE DES JASMINS,59172000AW0211,Maison,97,3.396442,50.315764
2024-708301,2024-01-18,Vente,108500,38,RUE LA BRUYERE,59172000AT0051,Maison,95,3.410689,50.31803
2024-708406,2024-01-11,Vente,87300,35,AV JEAN JAURES,59172000BH1338,Maison,180,3.394025,50.329967
2024-708433,2024-01-13,Vente,179200,39,RUE DES OLIVIERS,59172000AT0440,Maison,100,3.409894,50.320472
2024-708433,2024-01-13,Vente,179200,39,RUE DES OLIVIERS,59172000AT0440,Maison,100,3.409894,50.320472
2024-708529,2024-01-29,Vente,224000,915,RTE D OISY,59172000AN0241,Maison,97,3.412998,50.338799
2024-708612,2024-01-15,Vente,52000,172,RUE LOUIS PETIT,59172000BI0329,Maison,88,3.376163,50.318761
2024-708644,2024-02-06,Vente,56000,56,RUE PIERRE NEVE,59172000AO0160,Maison,39,3.402449,50.329369
2024-708645,2024-01-18,Vente,81000,220,RUE PIERRE BERIOT,59172000BC0384,Maison,65,3.369616,50.323741
2024-708734,2024-02-12,Vente,52000,35,RUE PAUL ELIE CASANOVA,59172000AO0128,Maison,109,3.403246,50.32909
2024-708779,2024-01-29,Vente,52500,703,RUE DE LA PYRAMIDE,59172000AP0084,Maison,78,3.407276,50.323004
2024-708780,2024-01-29,Vente,218650,448,RTE D OISY,59172000AN0341,Maison,134,3.409032,50.335299
2024-708780,2024-01-29,Vente,218650,448,RTE D OISY,59172000AN0341,Maison,134,3.409032,50.335299
2024-708898,2024-02-14,Vente,37000,68,RUE JULES MOUSSERON,59172000AI0338,Maison,53,3.386662,50.329132
2024-708914,2024-02-14,Vente,48500,528,RUE DE TURENNE,59172000AI0721,Maison,86,3.379681,50.331856
2024-708974,2024-02-14,Vente,40000,6,IMP BOTTIN 21 RUE R DUQUESNOY,59172000AK0899,Maison,45,3.388384,50.330067
2024-709019,2024-01-26,Vente,50000,78,RUE DU MARECHAL LECLERC,59172000AL1791,Maison,105,3.39892,50.329407
2024-709020,2024-02-02,Vente,35000,78,RUE LAZARE BERNARD,59172000BH0171,Maison,65,3.388857,50.328599
2024-709063,2024-02-15,Vente,190000,12,RUE DE BRUXELLES,59172000AD0382,Maison,87,3.381446,50.343277
2024-709081,2024-02-21,Vente,74100,125,RUE LUDOVIC TRARIEUX,59172000AK0038,Maison,70,3.394149,50.332182
2024-709204,2024-02-08,Vente,114000,35,BD PRESIDENT KENNEDY,59172000AK0444,Appartement,46,3.389485,50.332012
2024-709204,2024-02-08,Vente,114000,35,BD PRESIDENT KENNEDY,59172000AK0444,Appartement,18,3.389485,50.332012
2024-709204,2024-02-08,Vente,114000,35,BD PRESIDENT KENNEDY,59172000AK0444,Appartement,37,3.389485,50.332012
2024-709343,2024-02-15,Vente,69000,220,RUE PIERRE BERIOT,59172000BC0384,Maison,55,3.369616,50.323741
2024-709472,2024-03-08,Vente,125000,113,RUE DU MARECHAL LECLERC,59172000AL1643,Appartement,28,3.398716,50.329625
2024-709472,2024-03-08,Vente,125000,113,RUE DU MARECHAL LECLERC,59172000AL1643,Appartement,45,3.398716,50.329625
2024-709472,2024-03-08,Vente,125000,113,RUE DU MARECHAL LECLERC,59172000AL1643,Appartement,20,3.398716,50.329625
2024-709480,2024-02-28,Vente,43000,27,BD DE VERDUN,59172000AW0287,Maison,79,3.394847,50.317635
2024-709536,2024-02-20,Vente,24000,8,ALL MARTIN,59172000AZ0743,Maison,68,3.37239,50.317142
2024-709672,2024-02-07,Vente,92500,7,RLE D ENGHIEN,59172000AL1431,Appartement,22,3.397695,50.327694
2024-709672,2024-02-07,Vente,92500,7,RLE D ENGHIEN,59172000AL1431,Appartement,50,3.397695,50.327694
2024-709672,2024-02-07,Vente,92500,7,RLE D ENGHIEN,59172000AL1431,Appartement,52,3.397695,50.327694
2024-709691,2024-02-28,Vente,30000,9,RUE P BERIOT 53 COUR PAYEN,59172000BE0152,Maison,32,3.378101,50.325749
2024-709699,2024-03-13,Vente,56500,15,RUE MAINGOVAL,59172000AI0377,Maison,104,3.386299,50.328077
2024-709759,2024-02-29,Vente,88275,7,RUE MERRHEIM,59172000BE0210,Maison,90,3.377448,50.325667
2024-709948,2024-03-28,Vente,180000,11,RUE JEAN-JACQUES ROUSSEAU,59172000BD1959,Maison,232,3.379664,50.322685
2024-709948,2024-03-28,Vente,180000,11,RUE JEAN-JACQUES ROUSSEAU,59172000BD1959,Maison,232,3.379664,50.322685
2024-709997,2024-03-18,Vente,56000,1,AV JEAN JAURES 43B COUR BARA,59172000BH0417,Maison,78,3.393912,50.330199
2024-710063,2024-04-02,Vente,190000,4,PL PIERRE BAUDIN,59172000BD0977,Maison,207,3.378673,50.322446
2024-710066,2024-04-03,Vente,102000,17,BD DU 11 NOVEMBRE 1918,59172000AK0689,Maison,74,3.388499,50.332614
2024-710073,2024-04-03,Vente,25000,52,RUE EMILE ZOLA,59172000AW0003,Maison,65,3.395722,50.319042
2024-710142,2024-03-15,Vente,41050,168,RUE PIERRE BERIOT,59172000BD1932,Maison,58,3.373305,50.324137
2024-710163,2024-03-15,Vente,40000,5,RUE A BRUNET 467 IMP GOBERT,59172000BD0339,Maison,120,3.379369,50.323979
2024-710251,2024-03-23,Vente,37500,5,RUE DESANDROUIN 699 IMP LANNOY,59172000AL2374,Maison,60,3.398438,50.330458
2024-710279,2024-03-20,Vente,144500,6,RUE DES TILLEULS,59172000AT0314,Maison,69,3.411863,50.317429
2024-710295,2024-03-27,Vente,109320,409,RUE ARTHUR BRUNET,59172000BD0364,Appartement,50,3.380305,50.324018
2024-710295,2024-03-27,Vente,109320,409,RUE ARTHUR BRUNET,59172000BD0364,Appartement,50,3.380305,50.324018
2024-710295,2024-03-27,Vente,109320,9002,RUE EMILE BASLY,59172000BD0365,Appartement,23,3.380216,50.324064
2024-710295,2024-03-27,Vente,109320,401,RUE ARTHUR BRUNET,59172000BD0368,Maison,97,3.380359,50.324074
2024-710295,2024-03-27,Vente,109320,397,RUE ARTHUR BRUNET,59172000BD0369,Maison,77,3.380483,50.324088
2024-710295,2024-03-27,Vente,109320,391,RUE ARTHUR BRUNET,59172000BD0370,Maison,110,3.380552,50.324089
2024-710594,2024-04-02,Vente,106000,101,RTE D ESCAUDAIN,59172000ZA0504,Maison,89,3.371478,50.340755
2024-710626,2024-04-24,Vente,123000,501,RUE DE LA PYRAMIDE,59172000AP0611,Maison,100,3.406237,50.324414
2024-710673,2024-04-09,Vente,18000,23,RUE MARCEL FONTAINE,59172000AS0323,Maison,47,3.397603,50.325853
2024-710731,2024-04-26,Vente,85000,31,RUE DE LA MEUSE,59172000AI0166,Maison,79,3.385447,50.331693
2024-710785,2024-04-15,Vente,48000,1682,RUE ARTHUR BRUNET,59172000AZ0003,Maison,116,3.365464,50.317758
2024-711087,2024-04-16,Vente,38000,44,RUE DU MARECHAL LECLERC,59172000AL1561,Maison,83,3.39777,50.328314
2024-711098,2024-04-16,Vente,140000,21,RUE DES TILLEULS,59172000AT0328,Maison,69,3.410731,50.317337
2024-711113,2024-05-03,Vente,83000,9,RUE VOLTAIRE,59172000BD1047,Maison,65,3.376994,50.322041
2024-711248,2024-04-25,Vente,210600,37,RUE REMY DUQUESNOY,59172000AK0334,Maison,147,3.388972,50.330226
2024-711307,2024-04-26,Vente,55500,111,RUE DE LA PYRAMIDE,59172000AP0292,Maison,61,3.403018,50.327227
2024-711312,2024-04-26,Vente,62000,25,RUE EMILE ZOLA,59172000BH0780,Maison,92,3.392051,50.325647
2024-711330,2024-04-23,Vente,53000,96,RUE DE TURENNE,59172000AI0602,Maison,82,3.38519,50.330336
2024-711365,2024-04-29,Vente,66000,20,RUE DE LA PAIX,59172000AL1287,Maison,79,3.400597,50.327787
2024-711390,2024-05-16,Vente,96375,5,BD ALES,59172000AK0558,Maison,60,3.388011,50.33204
2024-711610,2024-05-03,Vente,68000,90,BD DE VERDUN,59172000AW0336,Maison,69,3.39165,50.316159
2024-711657,2024-05-11,Vente,85000,4,AV FRANCOIS LEFEBVRE,59172000AE0054,Maison,100,3.385879,50.337247
2024-711851,2024-05-28,Vente,57000,1315,RUE PIERRE NEVE,59172000AM0017,Maison,77,3.400379,50.340115
2024-711856,2024-05-14,Vente,97000,7,RUE RONSARD,59172000AT0176,Maison,79,3.414249,50.319809
2024-711863,2024-05-14,Vente,35000,6,RUE R DUQUESNOY 1B CTE SILE,59172000AK0376,Maison,46,3.387562,50.329835
2024-711944,2024-05-31,Vente,33000,9,RUE SCHEURER KESTNER,59172000AL0573,Maison,87,3.39652,50.331
2024-711989,2024-05-29,Vente,59000,8,IMP LOUIS BLANC,59172000AZ1127,Maison,73,3.372001,50.318246
2024-712069,2024-05-27,Vente,30000,916,RUE DE TURENNE,59172000AB0078,Maison,50,3.374345,50.33304
2024-712137,2024-05-31,Vente,6000,119,RUE LUDOVIC TRARIEUX,59172000AK0041,Maison,45,3.394403,50.331949
2024-712145,2024-05-28,Vente,58000,22,AV JEAN JAURES,59172000AL1476,Maison,67,3.396235,50.328289
2024-712163,2024-05-27,Vente,52000,5,RUE VOLTAIRE,59172000BD1049,Maison,45,3.376875,50.322129
2024-712166,2024-05-28,Vente,55000,5,BD ALES,59172000AK0557,Maison,90,3.388075,50.332026
2024-712180,2024-05-29,Vente,70000,51,RUE HENRI BARBUSSE,59172000AK0254,Maison,188,3.390249,50.329721
2024-712213,2024-05-31,Vente,50000,560,RUE PIERRE NEVE,59172000AO0333,Maison,55,3.40095,50.33352
2024-712285,2024-06-12,Vente,94000,14,RES GALIBOTS 14 IMP HERTAIN,59172000AK1052,Appartement,62,3.392305,50.33392
2024-712294,2024-06-06,Vente,95000,3,RUE RACINE,59172000AT0164,Maison,79,3.413264,50.319283
2024-712312,2024-06-07,Vente,50000,40,RUE ROGER SALENGRO,59172000BH0347,Maison,34,3.391324,50.329411
2024-712360,2024-06-12,Vente,72000,53,RUE JULES MOUSSERON,59172000AI0364,Maison,102,3.386764,50.328188
2024-712392,2024-05-29,Vente,50500,389,RUE PIERRE NEVE,59172000AL0918,Maison,52,3.400739,50.331872
2024-712398,2024-06-12,Vente,65000,50,IMP MOURA,59172000BD1858,Maison,80,3.374418,50.324253
2024-712400,2024-06-20,Vente,79000,734,RUE ARTHUR BRUNET,59172000BD1052,Maison,71,3.376766,50.322175
2024-712400,2024-06-20,Vente,79000,734,RUE ARTHUR BRUNET,59172000BD1052,Maison,87,3.376766,50.322175
2024-712466,2024-06-12,Vente,17000,5,IMP BOTTIN 21 RUE R DUQUESNOY,59172000AK0896,Maison,36,3.388427,50.330032
2024-712500,2024-06-05,Vente,35000,32,RUE LEBRET,59172000BD0176,Maison,89,3.376187,50.324169
2024-712608,2024-06-07,Vente,50000,17,RUE LAZARE BERNARD,59172000BH0102,Appartement,78,3.389687,50.327034
2024-712608,2024-06-07,Vente,50000,17,RUE LAZARE BERNARD,59172000BH0102,Appartement,52,3.389687,50.327034
2024-712672,2024-06-20,Vente,65000,3,RUE EDOUARD VAILLANT,59172000BH0482,Maison,48,3.391939,50.329004
2024-712705,2024-06-12,Vente,171150,22,RUE DES OLIVIERS,59172000AT0442,Maison,79,3.410317,50.320188
2024-712965,2024-06-26,Vente,77000,97,AV JEAN JAURES,59172000AK0144,Maison,98,3.392381,50.331745
2024-712990,2024-06-18,Vente,65900,106,RES CLOS CAFUS 106 AV J JAURES,59172000AK1096,Appartement,45,3.391036,50.33422
2024-713098,2024-07-11,Vente,45000,325,RUE LOUIS PETIT,59172000AZ0872,Maison,60,3.369765,50.314986
2024-713101,2024-07-04,Vente,32000,52,RUE EMILE ZOLA,59172000AW0003,Maison,65,3.395722,50.319042
2024-713137,2024-06-24,Vente,70000,48,RUE BOILEAU,59172000AT0083,Maison,81,3.412869,50.317973
2024-713183,2024-06-24,Vente,45000,29,RUE VOLTAIRE,59172000BD1037,Maison,85,3.377272,50.321735
2024-713196,2024-06-26,Vente,96900,26,RUE ANDRE CHENIER,59172000AO0517,Maison,85,3.402557,50.332292
2024-713228,2024-07-04,Vente,19000,72,RUE DU MARECHAL LECLERC,59172000AL0957,Maison,104,3.398962,50.329259
2024-713279,2024-06-27,Vente,51000,10,RUE R DUQUESNOY 27 IMP DELFANT,59172000AK0340,Maison,28,3.388362,50.330236
2024-713417,2024-06-24,Vente,20000,114,RUE PAUL ELIE CASANOVA,59172000AP0808,Maison,20,3.406837,50.329067
2024-713487,2024-07-22,Vente,73300,266,RUE DESLINSEL,59172000AP0202,Maison,64,3.405418,50.325895
2024-713519,2024-07-08,Vente,130500,33,RUE DES SAULES,59172000AT0058,Maison,100,3.411567,50.318159
2024-713520,2024-07-10,Vente,95650,105,RUE SCHEURER KESTNER,59172000AL0648,Maison,163,3.40005,50.332262
2024-713571,2024-06-28,Vente,38000,141,RUE DU MARECHAL LECLERC,59172000AL0890,Maison,81,3.399813,50.330374
2024-713886,2024-07-12,Vente,120000,36,RUE LA BRUYERE,59172000AT0077,Maison,81,3.411851,50.318034
2024-714028,2024-07-18,Vente,65000,6,ALL DES FRENES PARC LEBRET,59172000AS0194,Maison,82,3.400532,50.324046
2024-714029,2024-07-25,Vente,50000,119,RUE DU MARECHAL LECLERC,59172000AL1646,Maison,100,3.398769,50.329778
2024-714035,2024-07-16,Vente,72000,7,RUE EMILE ZOLA,59172000BH0771,Maison,103,3.391925,50.326044
2024-714099,2024-07-26,Vente,87000,256,RUE DE TURENNE,59172000AI0520,Maison,94,3.383147,50.330911
2024-714100,2024-07-30,Vente,55000,57,RUE DES BLEUETS,59172000AW0182,Maison,79,3.394776,50.317062
2024-714248,2024-07-30,Vente,45000,29,RUE JULES MOUSSERON,59172000BH1670,Appartement,32,3.387232,50.327399
2024-714248,2024-07-30,Vente,45000,29,RUE JULES MOUSSERON,59172000BH1670,Appartement,54,3.387232,50.327399
2024-714248,2024-07-30,Vente,45000,29,RUE JULES MOUSSERON,59172000BH1670,Appartement,32,3.387232,50.327399
2024-714265,2024-08-20,Vente,39210,65,RUE LUDOVIC TRARIEUX,59172000AL1506,Maison,38,3.397612,50.329074
2024-714325,2024-08-19,Vente,55000,1640,RUE ARTHUR BRUNET,59172000AZ0011,Maison,152,3.365973,50.31791
2024-714330,2024-08-14,Vente,111000,697,RUE DESANDROUINS,59172000AL2360,Maison,87,3.398575,50.330088
2024-714339,2024-08-08,Vente,85000,179,RUE DES MIMOSAS,59172000AW0124,Maison,68,3.396913,50.315338
2024-714468,2024-08-14,Vente,45000,9,RUE MARCEL FONTAINE,59172000AS0293,Maison,70,3.398799,50.326107
2024-714500,2024-08-05,Vente,43500,113,AV JEAN JAURES,59172000AK0752,Maison,66,3.390731,50.332911
2024-714503,2024-08-22,Vente,109500,479,RUE ARTHUR BRUNET,59172000BD1963,Maison,70,3.379328,50.323886
2024-714513,2024-08-28,Vente,52000,10,RUE DU MARECHAL LECLERC,59172000BH0581,Maison,68,3.395637,50.327569
2024-714527,2024-05-30,Vente,20000,58,RUE LAZARE BERNARD,59172000BH0153,Maison,104,3.389246,50.328263
2024-714529,2024-08-20,Vente,90000,95,RUE REMY DUQUESNOY,59172000AK0154,Maison,101,3.392054,50.331512
2024-714532,2024-08-07,Vente,118500,1238,RUE BERTHELOT,59172000AD0034,Maison,95,3.377146,50.344009
2024-714534,2024-09-02,Vente,142000,38,RUE CHARLES FOURIER,59172000AL0522,Maison,116,3.396886,50.331705
2024-714714,2024-08-23,Vente,20000,530,CHE DES DIX MUIDS,59172000ZA0550,Maison,60,3.370525,50.334028
2024-714747,2024-09-02,Vente,52000,30,RUE LEBRET,59172000BD0178,Maison,61,3.376216,50.324232
2024-714783,2024-09-04,Vente,59000,75,IMP MOURA,59172000BD0086,Maison,91,3.374996,50.324153
2024-714872,2024-08-27,Vente,95000,61,RUE DE VILLARS,59172000BH0113,Appartement,54,3.389766,50.326665
2024-714872,2024-08-27,Vente,95000,61,RUE DE VILLARS,59172000BH0113,Appartement,40,3.389766,50.326665
2024-714872,2024-08-27,Vente,95000,61,RUE DE VILLARS,59172000BH0113,Appartement,36,3.389766,50.326665
2024-714872,2024-08-27,Vente,95000,61,RUE DE VILLARS,59172000BH0113,Appartement,46,3.389766,50.326665
2024-714872,2024-08-27,Vente,95000,61,RUE DE VILLARS,59172000BH0113,Appartement,40,3.389766,50.326665
2024-714872,2024-08-27,Vente,95000,61,RUE DE VILLARS,59172000BH0113,Appartement,48,3.389766,50.326665
2024-714887,2024-09-09,Vente,35000,2,VC QUARTIER MOURA,59172000BD0097,Maison,83,3.374831,50.324673
2024-714890,2024-09-10,Vente,70000,76,RUE DES LYS,59172000AW0184,Maison,84,3.394782,50.316691
2024-714914,2024-08-22,Vente,195000,9,AV DE ROUBAIX,59172000AK0952,Maison,105,3.387373,50.333744
2024-714914,2024-08-22,Vente,195000,7,AV DE ROUBAIX,59172000AK1101,Maison,66,3.387311,50.33389
2024-715093,2024-08-30,Vente,75000,24,BD DE VERDUN,59172000AW0378,Appartement,57,3.394941,50.318195
2024-715093,2024-08-30,Vente,75000,24,BD DE VERDUN,59172000AW0378,Appartement,27,3.394941,50.318195
2024-715170,2024-09-06,Vente,88700,11,ALL DES GLORIETTES PARC LEBRET,59172000AS0120,Maison,75,3.403506,50.325307
2024-715394,2024-09-10,Vente,228000,137,RUE DE VILLARS,59172000BH0596,Appartement,82,3.395829,50.32705
2024-715394,2024-09-10,Vente,228000,137,RUE DE VILLARS,59172000BH0596,Appartement,103,3.395829,50.32705
2024-715394,2024-09-10,Vente,228000,137,RUE DE VILLARS,59172000BH0596,Appartement,85,3.395829,50.32705
2024-715586,2024-09-09,Vente,54500,60,RUE MONTESQUIEU,59172000AZ0688,Maison,72,3.37239,50.318386
2024-715670,2024-09-24,Vente,670000,35,IMP D HERTAIN,59172000AK0926,Appartement,53,3.393522,50.333085
2024-715670,2024-09-24,Vente,670000,35,IMP D HERTAIN,59172000AK0926,Appartement,50,3.393522,50.333085
2024-715670,2024-09-24,Vente,670000,35,IMP D HERTAIN,59172000AK0926,Appartement,31,3.393522,50.333085
2024-715670,2024-09-24,Vente,670000,35,IMP D HERTAIN,59172000AK0926,Appartement,46,3.393522,50.333085
2024-715670,2024-09-24,Vente,670000,31,IMP D HERTAIN,59172000AK1043,Appartement,90,3.393635,50.332905
2024-715670,2024-09-24,Vente,670000,5,IMP D HERTAIN,59172000AK1045,Appartement,90,3.392876,50.332548
2024-715670,2024-09-24,Vente,670000,5,IMP D HERTAIN,59172000AK1045,Appartement,150,3.392876,50.332548
2024-715670,2024-09-24,Vente,670000,5,IMP D HERTAIN,59172000AK1045,Appartement,115,3.392876,50.332548
2024-715683,2024-09-20,Vente,80000,465,RUE PIERRE NEVE,59172000AL0661,Maison,66,3.40054,50.332565
2024-715696,2024-09-20,Vente,70000,193,RUE DES MIMOSAS,59172000AW0110,Maison,91,3.397913,50.315728
2024-715709,2024-09-23,Vente,89000,18,RUE DES SAULES,59172000AT0031,Maison,95,3.410954,50.319328
2024-715773,2024-09-27,Vente,24000,25,RUE MARCEL SEMBAT,59172000AP0343,Maison,35,3.403871,50.328497
2024-715929,2024-09-30,Vente,85000,913,RUE ARTHUR BRUNET,59172000BD1231,Maison,110,3.374322,50.321786
2024-716033,2024-09-19,Vente,160300,17,RUE JOSEPH DUYSBURGH,59172000AL1426,Maison,115,3.397804,50.327463
2024-716034,2024-09-23,Vente,58000,58,RUE ERNEST RENAN,59172000AZ0256,Maison,62,3.372958,50.319081
2024-716048,2024-10-18,Vente,122350,39,RUE BLANQUI,59172000AI0150,Maison,89,3.385787,50.332347
2024-716088,2024-10-11,Vente,80000,16,RUE BOILEAU,59172000AT0099,Maison,69,3.412727,50.319347
2024-716158,2024-10-18,Vente,44000,13,RUE FAIDHERBE,59172000BI0315,Maison,85,3.376742,50.318839
2024-716167,2024-10-01,Vente,17000,119,RUE LUDOVIC TRARIEUX,59172000AK0042,Maison,108,3.394442,50.331904
2024-716169,2024-10-11,Vente,55000,33,RUE MARCEL FONTAINE,59172000AS0328,Maison,76,3.397265,50.325782
2024-716171,2024-10-10,Vente,80500,4,RUE ALBERT SCHWEITZER,59172000AT0115,Maison,79,3.412654,50.319995
2024-716183,2024-10-09,Vente,77000,43,RUE CHARLES FOURIER,59172000AL0411,Maison,103,3.396752,50.332223
2024-716511,2024-10-07,Vente,43000,15,RUE DE LA PAIX,59172000AL1321,Maison,72,3.399645,50.327605
2024-716523,2024-10-16,Vente,42500,405,RUE DE LA PYRAMIDE,59172000AP0829,Maison,92,3.405666,50.325198
2024-716553,2024-10-08,Vente,107000,10,BD PRESIDENT KENNEDY,59172000AK0745,Maison,118,3.390148,50.332702
2024-716616,2024-10-09,Vente,35000,5,RUE DESANDROUIN 486 C LACROIX,59172000AL1487,Maison,81,3.396695,50.328491
2024-716617,2024-10-17,Vente,200000,130,RUE DE VILLARS,59172000BH0680,Appartement,97,3.396199,50.326598
2024-716617,2024-10-17,Vente,200000,130,RUE DE VILLARS,59172000BH0680,Appartement,97,3.396199,50.326598
2024-716617,2024-10-17,Vente,200000,132,RUE DE VILLARS,59172000BH1696,Maison,94,3.396267,50.326677
2024-716674,2024-10-22,Vente,43000,990,RUE DE TURENNE,59172000AB0091,Maison,85,3.373265,50.333049
2024-716684,2024-10-30,Vente,60500,107,RUE HENRI BARBUSSE,59172000AK0192,Maison,90,3.392506,50.330673
2024-716687,2024-10-14,Vente,123400,12,RUE JEAN-BAPTISTE LEBAS,59172000AO0011,Maison,62,3.40947,50.331732
2024-716719,2024-10-18,Vente,23000,114,RUE PAUL ELIE CASANOVA,59172000AP0808,Maison,20,3.406837,50.329067
2024-716873,2024-10-31,Vente,44000,203,RUE DE TURENNE,59172000AI0447,Maison,75,3.383676,50.330419
2024-716874,2024-10-31,Vente,30000,1,VC QUARTIER MOURA,59172000BD0096,Maison,81,3.374793,50.324732
2024-717014,2024-11-07,Vente,119000,12,RUE ANDRE CHENIER,59172000AO0510,Maison,83,3.40352,50.332496
2024-717030,2024-11-19,Vente,77000,577,RUE BERTHELOT,59172000AH0041,Maison,85,3.382295,50.339201
2024-717086,2024-10-28,Vente,79000,78,RUE LUDOVIC TRARIEUX,59172000AL0741,Maison,60,3.397067,50.330055
2024-717111,2024-10-30,Vente,83000,23,RUE PAUL LAFARGUE,59172000AZ0109,Maison,68,3.371443,50.318464
2024-717131,2024-10-30,Vente,20000,82,RUE CHARLES FOURIER,59172000AL2510,Maison,40,3.398197,50.332357
2024-717205,2024-11-14,Vente,26000,5,RUE BARBUSSE 116B CTE FONTAINE,59172000BH0399,Maison,45,3.393381,50.330308
2024-717211,2024-11-12,Vente,27000,2,RUE P BERIOT 53 COUR PAYEN,59172000BE0145,Maison,38,3.378276,50.325445
2024-717286,2024-11-13,Vente,59500,239,RUE DE TURENNE,59172000AI0454,Maison,66,3.38326,50.330554
2024-717363,2024-11-21,Vente,479503.2,315,RUE PIERRE NEVE,59172000AL0931,Maison,79,3.400874,50.331248
2024-717363,2024-11-21,Vente,479503.2,313,RUE PIERRE NEVE,59172000AL0932,Maison,55,3.400901,50.331207
2024-717363,2024-11-21,Vente,479503.2,293,RUE PIERRE NEVE,59172000AL0940,Maison,109,3.400524,50.331023
2024-717363,2024-11-21,Vente,479503.2,279,RUE PIERRE NEVE,59172000AL0941,Maison,114,3.400715,50.330938
2024-717363,2024-11-21,Vente,479503.2,269,RUE PIERRE NEVE,59172000AL0943,Maison,80,3.400757,50.330832
2024-717363,2024-11-21,Vente,479503.2,263,RUE PIERRE NEVE,59172000AL0944,Maison,70,3.400762,50.330774
2024-717363,2024-11-21,Vente,479503.2,263,RUE PIERRE NEVE,59172000AL0944,Maison,71,3.400762,50.330774
2024-717363,2024-11-21,Vente,479503.2,293,RUE PIERRE NEVE,59172000AL2304,Maison,50,3.400726,50.331082
2024-717363,2024-11-21,Vente,479503.2,293,RUE PIERRE NEVE,59172000AL2307,Maison,50,3.400652,50.331075
2024-717363,2024-11-21,Vente,479503.2,299,RUE PIERRE NEVE,59172000AL2310,Maison,82,3.400884,50.331083
2024-717363,2024-11-21,Vente,479503.2,305,RUE PIERRE NEVE,59172000AL2312,Maison,86,3.400997,50.331173
2024-717363,2024-11-21,Vente,479503.2,305,RUE PIERRE NEVE,59172000AL2316,Maison,50,3.400842,50.331157
2024-717363,2024-11-21,Vente,479503.2,301,RUE PIERRE NEVE,59172000AL2318,Maison,60,3.400774,50.331269
2024-717363,2024-11-21,Vente,479503.2,301,RUE PIERRE NEVE,59172000AL2326,Maison,24,3.400596,50.33127
2024-717363,2024-11-21,Vente,479503.2,301,RUE PIERRE NEVE,59172000AL2328,Maison,62,3.400539,50.331264
2024-717363,2024-11-21,Vente,479503.2,301,RUE PIERRE NEVE,59172000AL2331,Maison,60,3.400478,50.331267
2024-717400,2024-11-15,Vente,58000,14,RES GALIBOTS 14 IMP HERTAIN,59172000AK1052,Appartement,52,3.392305,50.33392
2024-717422,2024-11-28,Vente,109700,354,RUE DESANDROUINS,59172000BH0528,Maison,72,3.394998,50.327973
2024-717427,2024-11-29,Vente,60000,39,RUE PAUL LAFARGUE,59172000AZ0706,Maison,123,3.372393,50.317997
2024-717433,2024-12-03,Vente,25000,28,RUE FAIDHERBE,59172000BI0344,Appartement,77,3.376965,50.318376
2024-717438,2024-11-29,Vente,30000,2,RUE DE TURENNE 190 IMP MALLET,59172000AI0236,Maison,40,3.384125,50.330668
2024-717479,2024-11-21,Vente,5551457.5,315,RUE PIERRE NEVE,59172000AL0931,Maison,79,3.400874,50.331248
2024-717479,2024-11-21,Vente,5551457.5,313,RUE PIERRE NEVE,59172000AL0932,Maison,55,3.400901,50.331207
2024-717479,2024-11-21,Vente,5551457.5,293,RUE PIERRE NEVE,59172000AL0940,Maison,109,3.400524,50.331023
2024-717479,2024-11-21,Vente,5551457.5,279,RUE PIERRE NEVE,59172000AL0941,Maison,114,3.400715,50.330938
2024-717479,2024-11-21,Vente,5551457.5,269,RUE PIERRE NEVE,59172000AL0943,Maison,80,3.400757,50.330832
2024-717479,2024-11-21,Vente,5551457.5,263,RUE PIERRE NEVE,59172000AL0944,Maison,70,3.400762,50.330774
2024-717479,2024-11-21,Vente,5551457.5,263,RUE PIERRE NEVE,59172000AL0944,Maison,71,3.400762,50.330774
2024-717479,2024-11-21,Vente,5551457.5,293,RUE PIERRE NEVE,59172000AL2304,Maison,50,3.400726,50.331082
2024-717479,2024-11-21,Vente,5551457.5,293,RUE PIERRE NEVE,59172000AL2307,Maison,50,3.400652,50.331075
2024-717479,2024-11-21,Vente,5551457.5,299,RUE PIERRE NEVE,59172000AL2310,Maison,82,3.400884,50.331083
2024-717479,2024-11-21,Vente,5551457.5,305,RUE PIERRE NEVE,59172000AL2312,Maison,86,3.400997,50.331173
2024-717479,2024-11-21,Vente,5551457.5,305,RUE PIERRE NEVE,59172000AL2316,Maison,50,3.400842,50.331157
2024-717479,2024-11-21,Vente,5551457.5,301,RUE PIERRE NEVE,59172000AL2318,Maison,60,3.400774,50.331269
2024-717479,2024-11-21,Vente,5551457.5,301,RUE PIERRE NEVE,59172000AL2326,Maison,24,3.400596,50.33127
2024-717479,2024-11-21,Vente,5551457.5,301,RUE PIERRE NEVE,59172000AL2328,Maison,62,3.400539,50.331264
2024-717479,2024-11-21,Vente,5551457.5,301,RUE PIERRE NEVE,59172000AL2331,Maison,60,3.400478,50.331267
2024-717480,2024-12-02,Vente,266500,152,RUE DE VILLARS,59172000BH1156,Appartement,40,3.397638,50.326525
2024-717480,2024-12-02,Vente,266500,152,RUE DE VILLARS,59172000BH1156,Appartement,75,3.397638,50.326525
2024-717480,2024-12-02,Vente,266500,152,RUE DE VILLARS,59172000BH1156,Appartement,55,3.397638,50.326525
2024-717480,2024-12-02,Vente,266500,152,RUE DE VILLARS,59172000BH1156,Appartement,40,3.397638,50.326525
2024-717480,2024-12-02,Vente,266500,152,RUE DE VILLARS,59172000BH1156,Appartement,75,3.397638,50.326525
2024-717482,2024-11-20,Vente,123000,2,RUE DES BOULEAUX,59172000AT0033,Maison,81,3.410702,50.319321
2024-717625,2024-11-21,Vente,26000,13,RUE SAL ALLENDE 10 COR FONTAIN,59172000AI0495,Maison,38,3.386416,50.328522
2024-717632,2024-11-22,Vente,130000,162,RUE PIERRE BERIOT,59172000BC0067,Maison,36,3.372905,50.324566
2024-717632,2024-11-22,Vente,130000,162,RUE PIERRE BERIOT,59172000BC0068,Maison,45,3.372914,50.324515
2024-717633,2024-11-22,Vente,17000,152,RUE PIERRE BERIOT,59172000BD0008,Maison,106,3.37337,50.324207
2024-717724,2024-11-28,Vente,90000,115,BD PRESIDENT KENNEDY,59172000AK0515,Maison,100,3.386923,50.330888
2024-717912,2024-12-12,Vente,118000,132,RUE LOUIS PETIT,59172000BI0267,Maison,137,3.37735,50.319468
2024-717914,2024-12-16,Vente,80000,26,ALL DES LILAS PARC LEBRET,59172000AS0356,Maison,73,3.399566,50.323547
2024-717916,2024-12-16,Vente,60000,33,BD CARAMAN,59172000AK1105,Maison,92,3.386919,50.332046
2024-717926,2024-12-02,Vente,64000,106,RES CLOS CAFUS 106 AV J JAURES,59172000AK1096,Appartement,52,3.391036,50.33422
2024-718023,2024-12-12,Vente,100000,819,RUE BERTHELOT,59172000AC0183,Maison,83,3.380368,50.340958
2024-718023,2024-12-12,Vente,100000,819,RUE BERTHELOT,59172000AC0183,Maison,64,3.380368,50.340958
2024-718088,2024-11-27,Vente,156000,3,IMP MARGUERITE YOURCENAR,59172000AC0736,Maison,80,3.374179,50.34066
2024-718129,2024-12-03,Vente,240000,6,RUE DU MARECHAL LECLERC,59172000BH1436,Appartement,50,3.395148,50.327271
2024-718129,2024-12-03,Vente,240000,6,RUE DU MARECHAL LECLERC,59172000BH1436,Appartement,106,3.395148,50.327271
2024-718129,2024-12-03,Vente,240000,6,RUE DU MARECHAL LECLERC,59172000BH1436,Appartement,50,3.395148,50.327271
2024-718129,2024-12-03,Vente,240000,6,RUE DU MARECHAL LECLERC,59172000BH1436,Appartement,50,3.395148,50.327271
2024-718129,2024-12-03,Vente,240000,6,RUE DU MARECHAL LECLERC,59172000BH1436,Appartement,80,3.395148,50.327271
2024-718133,2024-12-23,Vente,80000,4,RUE BUFFON,59172000AT0295,Maison,81,3.412913,50.317663
2024-718140,2024-11-29,Vente,40000,83,AV JEAN JAURES,59172000AK0171,Maison,98,3.392881,50.331313
2024-718196,2024-12-09,Vente,130000,164,RUE PIERRE BERIOT,59172000BC0065,Maison,51,3.372846,50.324562
2024-718196,2024-12-09,Vente,130000,164,RUE PIERRE BERIOT,59172000BC0066,Maison,48,3.372853,50.324516
2024-718458,2024-12-23,Vente,60000,107,AV JEAN JAURES,59172000AK0422,Maison,81,3.391155,50.332566
2024-718527,2024-12-24,Vente,56500,14,RUE VICTOR NOIR,59172000BD1013,Maison,65,3.377881,50.322084
2024-718673,2024-12-17,Vente,15000,114,BD DE VERDUN,59172000AW0065,Maison,69,3.39077,50.315531
2024-718775,2024-06-19,Vente,100500,1,RUE EMILE ZOLA,59172000BH0769,Maison,165,3.391776,50.326407
2024-718783,2024-12-23,Vente,50000,20,RUE MONTESQUIEU,59172000AZ0155,Maison,42,3.371553,50.319184
2024-718785,2024-12-30,Vente,143500,6,CHE DU MOULIN,59172000AW0333,Maison,159,3.392132,50.31846
2024-718902,2024-05-07,Vente,43000,91,RUE DE TURENNE,59172000AI0658,Maison,64,3.385129,50.330074
2024-718907,2024-12-30,Vente,180000,65,RUE REMY DUQUESNOY,59172000AK0238,Appartement,28,3.390378,50.330746
2024-718907,2024-12-30,Vente,180000,65,RUE REMY DUQUESNOY,59172000AK0238,Appartement,28,3.390378,50.330746
2024-718907,2024-12-30,Vente,180000,65,RUE REMY DUQUESNOY,59172000AK0238,Appartement,30,3.390378,50.330746
2024-718907,2024-12-30,Vente,180000,65,RUE REMY DUQUESNOY,59172000AK0238,Appartement,34,3.390378,50.330746
2024-719014,2024-04-18,Adjudication,45000,89,RUE JOSEPH DUYSBURGH,59172000AL2219,Appartement,83,3.400913,50.328907
2024-719014,2024-04-18,Adjudication,45000,89,RUE JOSEPH DUYSBURGH,59172000AL2219,Appartement,54,3.400913,50.328907
2023-785095,2023-01-04,Vente,240000,125,RUE HENRI BARBUSSE,59172000AK0184,Appartement,55,3.393136,50.330891
2023-785095,2023-01-04,Vente,240000,125,RUE HENRI BARBUSSE,59172000AK0184,Appartement,25,3.393136,50.330891
2023-785095,2023-01-04,Vente,240000,125,RUE HENRI BARBUSSE,59172000AK0184,Appartement,40,3.393136,50.330891
2023-785095,2023-01-04,Vente,240000,125,RUE HENRI BARBUSSE,59172000AK0184,Appartement,22,3.393136,50.330891
2023-785095,2023-01-04,Vente,240000,125,RUE HENRI BARBUSSE,59172000AK0184,Appartement,30,3.393136,50.330891
2023-785179,2023-01-13,Vente,105000,39,RUE LAZARE BERNARD,59172000BH0084,Maison,119,3.38909,50.327688
2023-785243,2023-01-11,Vente,60000,3,RUE MAINGOVAL,59172000AI0383,Maison,95,3.385931,50.327923
2023-785272,2023-01-21,Vente,104250,52,AV LEON BLUM,59172000AP0029,Maison,66,3.410766,50.328378
2023-785289,2023-01-20,Vente,86000,13,ALL DES GLORIETTES PARC LEBRET,59172000AS0119,Maison,62,3.403613,50.325289
2023-785375,2023-01-20,Vente,93600,131,RUE DES LILAS,59172000AW0139,Maison,68,3.395552,50.314752
2023-785402,2023-01-11,Vente,81000,31,VC RES ANDRE JURENIL,59172000AH0287,Maison,77,3.383102,50.33706
2023-785445,2023-01-24,Vente,130000,127,RUE CHARLES FOURIER,59172000AL0368,Maison,112,3.399675,50.333202
2023-785447,2023-01-25,Vente,150000,23,RUE JULES MOUSSERON,59172000BH1139,Maison,82,3.387019,50.327202
2023-785547,2023-01-26,Vente,45000,6,RUE PYRAMIDE 601 CRN ABATTOIR,59172000AP0652,Maison,35,3.406712,50.323589
2023-785607,2023-01-12,Vente,141000,19,RUE VICTOR HUGO,59172000AL1223,Appartement,9,3.40111,50.328524
2023-785607,2023-01-12,Vente,141000,19,RUE VICTOR HUGO,59172000AL1223,Appartement,10,3.40111,50.328524
2023-785607,2023-01-12,Vente,141000,19,RUE VICTOR HUGO,59172000AL1223,Appartement,12,3.40111,50.328524
2023-785607,2023-01-12,Vente,141000,19,RUE VICTOR HUGO,59172000AL1223,Appartement,12,3.40111,50.328524
2023-785644,2023-01-18,Vente,50000,2,RUE L TRARIEUX 22 IMP MASCAUX,59172000AL2010,Appartement,45,3.399419,50.328392
2023-785644,2023-01-18,Vente,50000,2,RUE L TRARIEUX 22 IMP MASCAUX,59172000AL2010,Appartement,35,3.399419,50.328392
2023-785644,2023-01-18,Vente,50000,2,RUE L TRARIEUX 22 IMP MASCAUX,59172000AL2010,Appartement,45,3.399419,50.328392
2023-785656,2023-01-20,Vente,70200,25,RUE LAZARE BERNARD,59172000BH1525,Appartement,20,3.389713,50.327268
2023-785656,2023-01-20,Vente,70200,25,RUE LAZARE BERNARD,59172000BH1526,Maison,50,3.389606,50.327211
2023-785674,2023-01-26,Vente,33000,49,RUE JOSEPH DUYSBURGH,59172000AL1602,Maison,52,3.399291,50.327827
2023-785701,2023-01-19,Vente,75000,92,AV LEON BLUM,59172000AP0049,Maison,77,3.411184,50.327362
2023-785791,2023-02-08,Vente,93500,4,ALL MARTIN,59172000AZ0741,Maison,94,3.372641,50.317081
2023-785800,2023-01-31,Vente,40000,174,RUE DE TURENNE,59172000AI0247,Maison,49,3.384184,50.330531
2023-785800,2023-01-31,Vente,40000,170,RUE DE TURENNE,59172000AI0248,Maison,49,3.384237,50.330516
2023-785805,2023-01-31,Vente,26500,184,RUE DE TURENNE,59172000AI0681,Maison,54,3.384056,50.330589
2023-785811,2023-02-04,Vente,102000,24,AV FRANCOIS LEFEBVRE,59172000AE0064,Maison,90,3.386862,50.337283
2023-785816,2023-01-26,Vente,30000,10,RUE DESANDROUIN 621 CRN RICHEZ,59172000AL0764,Maison,44,3.39753,50.330108
2023-785915,2023-01-26,Vente,212100,816,RUE BERTHELOT,59172000AD0231,Maison,141,3.382172,50.342206
2023-786006,2023-02-02,Vente,108000,4,RUE DES ACACIAS,59172000AT0044,Maison,95,3.410525,50.318599
2023-786062,2023-02-10,Vente,280000,23,RUE DU MARECHAL LECLERC,59172000BH0560,Appartement,35,3.394642,50.327603
2023-786062,2023-02-10,Vente,280000,23,RUE DU MARECHAL LECLERC,59172000BH0560,Appartement,71,3.394642,50.327603
2023-786062,2023-02-10,Vente,280000,23,RUE DU MARECHAL LECLERC,59172000BH0560,Appartement,50,3.394642,50.327603
2023-786066,2023-02-07,Vente,80000,2,AV FRANCOIS LEFEBVRE,59172000AE0052,Appartement,69,3.385566,50.337307
2023-786147,2023-02-14,Vente,72000,40,AV FRANCOIS LEFEBVRE,59172000AE0072,Maison,68,3.387611,50.337355
2023-786157,2023-02-14,Vente,60000,6,RUE MAINGOVAL,59172000BH1084,Maison,58,3.386639,50.32775
2023-786187,2023-02-02,Vente,55000,615,RUE DESANDROUINS,59172000AL1879,Maison,68,3.397689,50.329607
2023-786195,2023-02-02,Vente,78000,20,RUE SCHEURER KESTNER,59172000AL0714,Maison,80,3.397947,50.330923
2023-786222,2023-02-09,Vente,73000,59,RUE DU MARECHAL LECLERC,59172000AL1550,Maison,67,3.396439,50.328258
2023-786258,2023-02-08,Vente,95000,141,RUE CHARLES FOURIER,59172000AL0350,Maison,104,3.400313,50.333288
2023-786274,2023-02-21,Vente,38000,3,RUE SCHEURER KESTNER,59172000AL0570,Maison,61,3.396373,50.330807
2023-786306,2023-02-24,Vente,110000,19,RUE MONTAIGNE,59172000AT0208,Maison,90,3.414461,50.318773
2023-786371,2023-02-24,Vente,208600,833,RUE ARTHUR BRUNET,59172000BD1147,Appartement,80,3.375311,50.322139
2023-786371,2023-02-24,Vente,208600,833,RUE ARTHUR BRUNET,59172000BD1147,Appartement,75,3.375311,50.322139
2023-786371,2023-02-24,Vente,208600,833,RUE ARTHUR BRUNET,59172000BD1147,Appartement,85,3.375311,50.322139
2023-786371,2023-02-24,Vente,208600,833,RUE ARTHUR BRUNET,59172000BD1147,Appartement,65,3.375311,50.322139
2023-786371,2023-02-24,Vente,208600,833,RUE ARTHUR BRUNET,59172000BD1147,Appartement,90,3.375311,50.322139
2023-786445,2023-02-24,Vente,92000,17,RLE D ENGHIEN,59172000AL1447,Maison,70,3.397385,50.327948
2023-786445,2023-02-24,Vente,92000,17,RLE D ENGHIEN,59172000AL1448,Maison,45,3.39735,50.327976
2023-786447,2023-02-27,Vente,45000,152,RUE PIERRE BERIOT,59172000BD0011,Maison,84,3.37347,50.324444
2023-786471,2023-02-16,Vente,156000,39,RUE PAUL ELIE CASANOVA,59172000AO0582,Maison,104,3.403264,50.329196
2023-786688,2023-02-15,Vente,130000,1,RUE P BERIOT 197 IMP CUISSET,59172000BC0183,Maison,58,3.365487,50.325687
2023-786734,2023-02-22,Vente,67000,16,ALL DES ORMES PARC LEBRET,59172000AS0386,Maison,73,3.401545,50.32288
2023-786773,2023-03-14,Vente,42000,5,RUE VICTOR HUGO,59172000AL1216,Maison,62,3.401411,50.328257
2023-787005,2023-03-01,Vente,23000,7,RUE E VAILLANT 13 IMP GEITER,59172000BH1299,Maison,46,3.392044,50.32939
2023-787012,2023-03-08,Vente,40000,92,RUE CHARLES FOURIER,59172000AL0474,Maison,68,3.398636,50.332475
2023-787013,2023-03-08,Vente,98000,118,RUE DES LILAS,59172000AW0152,Maison,105,3.394849,50.315451
2023-787024,2023-02-23,Vente,207000,595,RUE DESANDROUINS,59172000AL2683,Appartement,40,3.397413,50.329524
2023-787024,2023-02-23,Vente,207000,595,RUE DESANDROUINS,59172000AL2683,Appartement,29,3.397413,50.329524
2023-787024,2023-02-23,Vente,207000,595,RUE DESANDROUINS,59172000AL2683,Appartement,40,3.397413,50.329524
2023-787024,2023-02-23,Vente,207000,595,RUE DESANDROUINS,59172000AL2683,Appartement,40,3.397413,50.329524
2023-787024,2023-02-23,Vente,207000,595,RUE DESANDROUINS,59172000AL2683,Appartement,56,3.397413,50.329524
2023-787029,2023-03-01,Vente,58600,125,RUE DE LA PYRAMIDE,59172000AP0289,Maison,152,3.403169,50.327127
2023-787113,2023-03-01,Vente,78000,165,RUE DE TURENNE,59172000AI0439,Maison,80,3.38416,50.330239
2023-787227,2023-03-17,Vente,70000,19,RUE CHARLES FOURIER,59172000AL0424,Maison,66,3.395894,50.331932
2023-787371,2023-03-16,Vente,120000,30,RUE MONTAIGNE,59172000AT0211,Maison,79,3.41418,50.318379
2023-787447,2023-03-29,Vente,180000,450,RUE BERTHELOT,59172000AE0111,Maison,118,3.384579,50.338634
2023-787447,2023-03-29,Vente,180000,450,RUE BERTHELOT,59172000AE0111,Maison,118,3.384579,50.338634
2023-787447,2023-03-29,Vente,180000,450,RUE BERTHELOT,59172000AE0111,Maison,118,3.384579,50.338634
2023-787475,2023-03-13,Vente,32000,2,IMP LOUIS BLANC,59172000AZ1152,Appartement,35,3.37222,50.318471
2023-787538,2023-03-27,Vente,69000,26,AV LEON BLUM,59172000AP0016,Maison,62,3.410601,50.329
2023-787623,2023-04-01,Vente,23000,6,RUE SAL ALLENDE 10 COR FONTAIN,59172000AI0506,Maison,40,3.386018,50.32828
2023-787663,2023-03-23,Vente,70000,465,RUE PIERRE NEVE,59172000AL0661,Maison,66,3.40054,50.332565
2023-787767,2023-03-30,Vente,131000,1237,RUE BERTHELOT,59172000AC0346,Maison,108,3.37669,50.343803
2023-787808,2023-04-18,Vente,80000,65,RUE JOSEPH DUYSBURGH,59172000AL1008,Maison,106,3.400047,50.328315
2023-787944,2023-03-31,Vente,50000,42,BD PRESIDENT KENNEDY,59172000AK0540,Maison,87,3.387829,50.331861
2023-787966,2023-04-04,Vente,40000,61,BD PRESIDENT KENNEDY,59172000AK0488,Maison,102,3.388707,50.331407
2023-787967,2023-04-06,Vente,114814,2,IMP FERRER,59172000AK0483,Maison,103,3.388925,50.331551
2023-787980,2023-04-18,Vente,59000,13,RUE PASTEUR,59172000BD1021,Maison,105,3.377756,50.321814
2023-787985,2023-04-13,Vente,27000,972,RUE DE TURENNE,59172000AB0088,Maison,76,3.373592,50.333042
2023-788003,2023-04-04,Vente,40000,1,RUE P BERIOT 110 IMP JORION,59172000BD1513,Maison,88,3.375227,50.324458
2023-788008,2023-04-03,Vente,89200,403,RUE BERTHELOT,59172000AH0206,Maison,92,3.383798,50.337955
2023-788028,2023-04-19,Vente,180000,13,RUE DESANDROUIN 637 C LAURETTE,59172000AL0771,Maison,117,3.397533,50.330382
2023-788028,2023-04-19,Vente,180000,13,RUE DESANDROUIN 637 C LAURETTE,59172000AL0771,Maison,125,3.397533,50.330382
2023-788041,2023-04-21,Vente,60000,2,RUE MONARD,59172000AP0245,Maison,55,3.403831,50.326234
2023-788041,2023-04-21,Vente,60000,4,RUE MONARD,59172000AP0246,Maison,35,3.403897,50.326267
2023-788128,2023-04-19,Vente,140000,439,RUE DE LA PYRAMIDE,59172000AP0115,Maison,124,3.406075,50.325012
2023-788153,2023-04-14,Vente,77000,184,RUE DES MIMOSAS,59172000AW0119,Maison,68,3.397239,50.315483
2023-788269,2023-04-15,Vente,49000,89,RUE SCHEURER KESTNER,59172000AL0639,Maison,76,3.399458,50.332064
2023-788300,2023-05-04,Vente,42500,6,RUE SAL ALLENDE 10 COR FONTAIN,59172000AI0488,Maison,54,3.385945,50.32839
2023-788301,2023-04-19,Vente,60000,1558,RUE ARTHUR BRUNET,59172000AZ0021,Maison,93,3.366991,50.318268
2023-788357,2023-04-24,Vente,25000,1218,RUE BERTHELOT,59172000AD0036,Appartement,50,3.377238,50.343855
2023-788357,2023-04-24,Vente,25000,1218,RUE BERTHELOT,59172000AD0036,Appartement,50,3.377238,50.343855
2023-788361,2023-04-29,Vente,94500,143,RUE HENRI BARBUSSE,59172000AK1091,Appartement,48,3.395074,50.331547
2023-788361,2023-04-29,Vente,94500,143,RUE HENRI BARBUSSE,59172000AK1091,Appartement,37,3.395074,50.331547
2023-788364,2023-05-05,Vente,118000,27,RUE PASTEUR,59172000BD1027,Maison,66,3.377397,50.321593
2023-788377,2023-04-28,Vente,61000,106,RES CLOS CAFUS 106 AV J JAURES,59172000AK1096,Appartement,45,3.391036,50.33422
2023-788500,2023-05-05,Vente,515000,18,RUE JEAN-JACQUES ROUSSEAU,59172000BD1616,Appartement,25,3.37992,50.321493
2023-788500,2023-05-05,Vente,515000,18,RUE JEAN-JACQUES ROUSSEAU,59172000BD1616,Appartement,25,3.37992,50.321493
2023-788500,2023-05-05,Vente,515000,18,RUE JEAN-JACQUES ROUSSEAU,59172000BD1616,Appartement,23,3.37992,50.321493
2023-788500,2023-05-05,Vente,515000,18,RUE JEAN-JACQUES ROUSSEAU,59172000BD1616,Appartement,23,3.37992,50.321493
2023-788500,2023-05-05,Vente,515000,18,RUE JEAN-JACQUES ROUSSEAU,59172000BD1616,Appartement,23,3.37992,50.321493
2023-788500,2023-05-05,Vente,515000,18,RUE JEAN-JACQUES ROUSSEAU,59172000BD1616,Appartement,23,3.37992,50.321493
2023-788500,2023-05-05,Vente,515000,18,RUE JEAN-JACQUES ROUSSEAU,59172000BD1616,Appartement,25,3.37992,50.321493
2023-788500,2023-05-05,Vente,515000,18,RUE JEAN-JACQUES ROUSSEAU,59172000BD1616,Appartement,25,3.37992,50.321493
2023-788500,2023-05-05,Vente,515000,18,RUE JEAN-JACQUES ROUSSEAU,59172000BD1616,Appartement,22,3.37992,50.321493
2023-788500,2023-05-05,Vente,515000,18,RUE JEAN-JACQUES ROUSSEAU,59172000BD1616,Appartement,23,3.37992,50.321493
2023-788500,2023-05-05,Vente,515000,18,RUE JEAN-JACQUES ROUSSEAU,59172000BD1616,Appartement,25,3.37992,50.321493
2023-788500,2023-05-05,Vente,515000,18,RUE JEAN-JACQUES ROUSSEAU,59172000BD1616,Appartement,25,3.37992,50.321493
2023-788500,2023-05-05,Vente,515000,18,RUE JEAN-JACQUES ROUSSEAU,59172000BD1616,Appartement,25,3.37992,50.321493
2023-788500,2023-05-05,Vente,515000,18,RUE JEAN-JACQUES ROUSSEAU,59172000BD1616,Appartement,25,3.37992,50.321493
2023-788500,2023-05-05,Vente,515000,18,RUE JEAN-JACQUES ROUSSEAU,59172000BD1616,Appartement,25,3.37992,50.321493
2023-788500,2023-05-05,Vente,515000,18,RUE JEAN-JACQUES ROUSSEAU,59172000BD1616,Appartement,23,3.37992,50.321493
2023-788500,2023-05-05,Vente,515000,18,RUE JEAN-JACQUES ROUSSEAU,59172000BD1616,Appartement,23,3.37992,50.321493
2023-788500,2023-05-05,Vente,515000,18,RUE JEAN-JACQUES ROUSSEAU,59172000BD1616,Appartement,23,3.37992,50.321493
2023-788500,2023-05-05,Vente,515000,18,RUE JEAN-JACQUES ROUSSEAU,59172000BD1616,Appartement,23,3.37992,50.321493
2023-788500,2023-05-05,Vente,515000,18,RUE JEAN-JACQUES ROUSSEAU,59172000BD1616,Appartement,25,3.37992,50.321493
2023-788505,2023-05-05,Vente,172000,82,RUE DE VILLARS,59172000BH0826,Appartement,76,3.391213,50.326442
2023-788505,2023-05-05,Vente,172000,82,RUE DE VILLARS,59172000BH0826,Appartement,73,3.391213,50.326442
2023-788505,2023-05-05,Vente,172000,82,RUE DE VILLARS,59172000BH0826,Appartement,54,3.391213,50.326442
2023-788596,2023-05-04,Vente,125000,5,RUE ANDRE CHENIER,59172000AO0538,Maison,100,3.402951,50.332697
2023-788613,2023-05-12,Vente,81500,40,RUE MERRHEIM,59172000BE0178,Maison,108,3.377591,50.326488
2023-788641,2023-05-10,Vente,100000,88,RUE LUDOVIC TRARIEUX,59172000AL0729,Maison,89,3.396684,50.330453
2023-788645,2023-05-12,Vente,82000,73,RUE DES VIOLETTES,59172000AW0245,Maison,106,3.395356,50.316859
2023-788796,2023-05-19,Vente,61000,200,RUE DE TURENNE,59172000AI0230,Maison,66,3.38386,50.330729
2023-788801,2023-05-22,Vente,63500,49,RUE BLANQUI,59172000AI0142,Maison,71,3.385574,50.332577
2023-788970,2023-05-16,Vente,107000,96,RUE JOSEPH DUYSBURGH,59172000AL1226,Maison,68,3.401053,50.328478
2023-788980,2023-05-25,Vente,80000,94,RUE DE VILLARS,59172000BH0766,Maison,118,3.391808,50.326507
2023-788982,2023-05-22,Vente,79000,1650,RUE ARTHUR BRUNET,59172000AZ0009,Maison,87,3.365843,50.317876
2023-788992,2023-05-17,Vente,118875,16,RUE JEAN-BAPTISTE LEBAS,59172000AO0009,Maison,62,3.409704,50.331664
2023-789036,2023-05-04,Vente,40000,1224,RUE BERTHELOT,59172000AD0426,Maison,45,3.377263,50.343972
2023-789036,2023-05-04,Vente,40000,1224,RUE BERTHELOT,59172000AD0426,Maison,30,3.377263,50.343972
2023-789105,2023-05-02,Vente,17250,498,RTE D OISY,59172000AN0226,Maison,186,3.410019,50.335457
2023-789105,2023-05-02,Vente,17250,498,RTE D OISY,59172000AN0226,Maison,186,3.410019,50.335457
2023-789243,2023-05-23,Vente,76000,873,RUE ARTHUR BRUNET,59172000BD1225,Maison,97,3.374862,50.321859
2023-789285,2023-05-22,Vente,45000,1,RUE HENRI BARBUSSE,59172000AK0276,Maison,85,3.38854,50.328839
2023-789306,2023-06-05,Vente,80000,312,RUE BERTHELOT,59172000AE0234,Maison,89,3.385023,50.337657
2023-789308,2023-05-25,Vente,37000,4,BD ALES,59172000AK0677,Maison,76,3.388502,50.332222
2023-789311,2023-06-01,Vente,61680,133,RUE LUDOVIC TRARIEUX,59172000AK0034,Maison,57,3.393949,50.332382
2023-789316,2023-05-31,Vente,91900,91,RUE DES DAHLIAS,59172000AW0165,Maison,68,3.394152,50.316262
2023-789375,2023-05-16,Vente,115000,1270,RUE BERTHELOT,59172000AD0424,Maison,98,3.376805,50.344268
2023-789578,2023-06-03,Vente,115000,28,RUE LA BRUYERE,59172000AT0081,Maison,81,3.412441,50.318048
2023-789600,2023-06-14,Vente,272000,45,RUE HENRI BARBUSSE,59172000AK0256,Appartement,46,3.39003,50.329658
2023-789600,2023-06-14,Vente,272000,45,RUE HENRI BARBUSSE,59172000AK0256,Appartement,46,3.39003,50.329658
2023-789600,2023-06-14,Vente,272000,45,RUE HENRI BARBUSSE,59172000AK0256,Appartement,36,3.39003,50.329658
2023-789600,2023-06-14,Vente,272000,45,RUE HENRI BARBUSSE,59172000AK0256,Appartement,48,3.39003,50.329658
2023-789600,2023-06-14,Vente,272000,45,RUE HENRI BARBUSSE,59172000AK0256,Appartement,41,3.39003,50.329658
2023-789600,2023-06-14,Vente,272000,45,RUE HENRI BARBUSSE,59172000AK0256,Appartement,58,3.39003,50.329658
2023-789610,2023-06-08,Vente,74000,1612,RUE ARTHUR BRUNET,59172000AZ0016,Maison,95,3.36633,50.318059
2023-789795,2023-06-24,Vente,20000,7,VC QUARTIER MOURA,59172000BD0102,Maison,44,3.375094,50.324271
2023-789818,2023-06-21,Vente,49000,11,RUE R DUQUESNOY 27 IMP DELFANT,59172000AK0339,Maison,28,3.388323,50.330279
2023-789895,2023-06-15,Vente,85400,9,IMP FERRER,59172000AK0459,Maison,69,3.390057,50.331572
2023-789895,2023-06-15,Vente,85400,9,IMP FERRER,59172000AK0460,Maison,59,3.389899,50.331637
2023-789895,2023-06-15,Vente,85400,9,IMP FERRER,59172000AK0462,Maison,59,3.3899,50.331508
2023-789900,2023-06-08,Vente,45000,36,BD PRESIDENT KENNEDY,59172000AK0543,Maison,87,3.38808,50.331869
2023-789906,2023-06-09,Vente,155000,97,RUE HENRI BARBUSSE,59172000AK0197,Maison,130,3.392192,50.330556
2023-789909,2023-06-09,Vente,55000,22,BD CARAMAN,59172000AK0410,Maison,80,3.386325,50.3305
2023-789962,2023-06-13,Vente,85000,475,RUE PIERRE NEVE,59172000AL0659,Maison,75,3.40048,50.332635
2023-789969,2023-06-19,Vente,38000,57,RUE ROGER SALENGRO,59172000BH0213,Maison,93,3.391177,50.328995
2023-789970,2023-06-15,Vente,45000,544,RUE ARTHUR BRUNET,59172000BD0957,Maison,75,3.379055,50.323106
2023-790050,2023-06-20,Vente,67000,64,RUE REMY DUQUESNOY,59172000AK0217,Maison,78,3.390537,50.330341
2023-790056,2023-06-23,Vente,30000,1,IMP LOUIS BLANC,59172000AZ0117,Maison,22,3.372086,50.318575
2023-790105,2023-06-19,Vente,20000,12,BD DE VERDUN,59172000AW0012,Maison,52,3.395372,50.318485
2023-790370,2023-06-29,Vente,115000,424,RUE ARTHUR BRUNET,59172000BD0940,Maison,93,3.380471,50.323685
2023-790418,2023-06-14,Vente,82800,13,RUE DES ROSES,59172000AW0231,Maison,68,3.397092,50.316746
2023-790442,2023-06-30,Vente,130000,88,RUE DE VILLARS,59172000BH0824,Maison,48,3.391377,50.326487
2023-790534,2023-06-27,Vente,110000,60,IMP D HERTAIN,59172000AL0124,Maison,152,3.393614,50.333465
2023-790593,2023-06-27,Vente,38000,32,RUE JULES MOUSSERON,59172000AI0723,Appartement,36,3.387107,50.328324
2023-790596,2023-07-05,Vente,128000,88,AV JEAN JAURES,59172000AK0015,Maison,85,3.390416,50.333788
2023-790640,2023-06-29,Vente,55000,126,RUE ERNESTINE,59172000AK0084,Maison,85,3.393661,50.332235
2023-790671,2023-06-28,Vente,43000,81,BD PRESIDENT KENNEDY,59172000AK0498,Maison,90,3.388101,50.33124
2023-790671,2023-06-28,Vente,43000,93,IMP MOURA,59172000BD0084,Maison,60,3.375082,50.324005
2023-790671,2023-06-28,Vente,43000,28,RUE JULES MOUSSERON,59172000BH1461,Appartement,30,3.387873,50.327397
2023-790671,2023-06-28,Vente,43000,28,RUE JULES MOUSSERON,59172000BH1461,Appartement,50,3.387873,50.327397
2023-790671,2023-06-28,Vente,43000,28,RUE JULES MOUSSERON,59172000BH1461,Appartement,70,3.387873,50.327397
2023-790671,2023-06-28,Vente,43000,28,RUE JULES MOUSSERON,59172000BH1461,Appartement,35,3.387873,50.327397
2023-790671,2023-06-28,Vente,43000,28,RUE JULES MOUSSERON,59172000BH1461,Appartement,35,3.387873,50.327397
2023-790671,2023-06-28,Vente,43000,28,RUE JULES MOUSSERON,59172000BH1461,Appartement,28,3.387873,50.327397
2023-790671,2023-06-28,Vente,43000,28,RUE JULES MOUSSERON,59172000BH1461,Appartement,45,3.387873,50.327397
2023-790707,2023-07-04,Vente,102900,80,AV LEON BLUM,59172000AP0043,Maison,106,3.411113,50.327689
2023-790709,2023-07-04,Vente,207717,37,RUE DES OLIVIERS,59172000AT0439,Maison,97,3.409831,50.32031
2023-790721,2023-07-07,Vente,155385,23,RUE CHARLES FOURIER,59172000AL0421,Maison,125,3.396095,50.332017
2023-790833,2023-07-04,Vente,140000,63,RUE JOSEPH DUYSBURGH,59172000AL1005,Appartement,92,3.399989,50.328219
2023-790833,2023-07-04,Vente,140000,63,RUE JOSEPH DUYSBURGH,59172000AL1005,Appartement,96,3.399989,50.328219
2023-790840,2023-06-30,Vente,47000,6,RUE DU MOULIN,59172000BH0725,Maison,65,3.395631,50.32649
2023-790845,2023-07-03,Vente,277000,10,RUE MARCEL SEMBAT,59172000AP0817,Maison,155,3.403377,50.327607
2023-790845,2023-07-03,Vente,277000,10,RUE MARCEL SEMBAT,59172000AP0817,Maison,155,3.403377,50.327607
2023-790871,2023-07-10,Vente,105000,12,RUE SCHEURER KESTNER,59172000AL0719,Maison,117,3.397439,50.330723
2023-790873,2023-06-29,Vente,66000,21,RUE BOILEAU,59172000AT0236,Maison,81,3.413262,50.318833
2023-790980,2023-07-21,Vente,232000,46,AV JEAN JAURES,59172000AK0122,Appartement,50,3.393445,50.331407
2023-790980,2023-07-21,Vente,232000,46,AV JEAN JAURES,59172000AK0122,Appartement,50,3.393445,50.331407
2023-790980,2023-07-21,Vente,232000,46,AV JEAN JAURES,59172000AK0122,Appartement,50,3.393445,50.331407
2023-790980,2023-07-21,Vente,232000,46,AV JEAN JAURES,59172000AK0122,Appartement,55,3.393445,50.331407
2023-790980,2023-07-21,Vente,232000,46,AV JEAN JAURES,59172000AK0122,Appartement,60,3.393445,50.331407
2023-791002,2023-07-13,Vente,40000,8,RUE L TRARIEUX 22 IMP MASCAUX,59172000AL2022,Maison,73,3.399726,50.328587
2023-791040,2023-07-24,Vente,87000,48,RUE DUSSOUBS,59172000BE0089,Maison,102,3.37844,50.326799
2023-791284,2023-07-26,Vente,237600,19,RUE JULES MOUSSERON,59172000BH0034,Appartement,43,3.387623,50.327019
2023-791284,2023-07-26,Vente,237600,19,RUE JULES MOUSSERON,59172000BH0034,Appartement,16,3.387623,50.327019
2023-791284,2023-07-26,Vente,237600,19,RUE JULES MOUSSERON,59172000BH0034,Appartement,16,3.387623,50.327019
2023-791284,2023-07-26,Vente,237600,19,RUE JULES MOUSSERON,59172000BH0034,Appartement,78,3.387623,50.327019
2023-791284,2023-07-26,Vente,237600,19,RUE JULES MOUSSERON,59172000BH0034,Appartement,78,3.387623,50.327019
2023-791284,2023-07-26,Vente,237600,19,RUE JULES MOUSSERON,59172000BH0034,Appartement,43,3.387623,50.327019
2023-791284,2023-07-26,Vente,237600,19,RUE JULES MOUSSERON,59172000BH0034,Appartement,35,3.387623,50.327019
2023-791284,2023-07-26,Vente,237600,19,RUE JULES MOUSSERON,59172000BH0034,Appartement,42,3.387623,50.327019
2023-791305,2023-07-08,Vente,127500,130,RUE DU MARECHAL LECLERC,59172000AO0830,Appartement,150,3.403844,50.331369
2023-791305,2023-07-08,Vente,127500,130,RUE DU MARECHAL LECLERC,59172000AO0830,Appartement,120,3.403844,50.331369
2023-791467,2023-07-21,Vente,110000,9,AV FRANCOIS LEFEBVRE,59172000AE0089,Maison,88,3.385739,50.337692
2023-791526,2023-07-24,Vente,106000,6,RUE LUDOVIC TRARIEUX,59172000AL1290,Appartement,55,3.40048,50.327682
2023-791526,2023-07-24,Vente,106000,6,RUE LUDOVIC TRARIEUX,59172000AL1290,Appartement,65,3.40048,50.327682
2023-791526,2023-07-24,Vente,106000,6,RUE LUDOVIC TRARIEUX,59172000AL1290,Appartement,60,3.40048,50.327682
2023-791661,2023-08-17,Vente,30000,2,RUE PYRAMIDE 601 CRN ABATTOIR,59172000AP0640,Maison,49,3.406473,50.323553
2023-791764,2023-07-24,Vente,100000,18,RUE JOSEPH DUYSBURGH,59172000AL1387,Appartement,35,3.397969,50.327292
2023-791764,2023-07-24,Vente,100000,18,RUE JOSEPH DUYSBURGH,59172000AL1387,Appartement,53,3.397969,50.327292
2023-791764,2023-07-24,Vente,100000,18,RUE JOSEPH DUYSBURGH,59172000AL1387,Appartement,53,3.397969,50.327292
2023-791764,2023-07-24,Vente,100000,18,RUE JOSEPH DUYSBURGH,59172000AL1387,Appartement,52,3.397969,50.327292
2023-791764,2023-07-24,Vente,100000,18,RUE JOSEPH DUYSBURGH,59172000AL1387,Appartement,35,3.397969,50.327292
2023-791791,2023-08-21,Vente,27000,184,RUE DE TURENNE,59172000AI0681,Maison,54,3.384056,50.330589
2023-791794,2023-08-16,Vente,28000,346,RUE BERTHELOT,59172000AE0102,Maison,69,3.385189,50.337973
2023-791885,2023-08-17,Vente,125547,34,RUE LA BRUYERE,59172000AT0078,Maison,81,3.412018,50.318023
2023-791972,2023-08-04,Vente,249000,31,RUE DE L EUROPE,59172000AD0368,Maison,86,3.383166,50.343127
2023-791981,2023-08-31,Vente,87200,29,CITE D HERTAIN ALL EIFFEL,59172000AL0040,Maison,88,3.395646,50.334998
2023-792100,2023-08-25,Vente,25000,109,IMP MOURA,59172000BD0082,Maison,59,3.375184,50.323859
2023-792317,2023-08-29,Vente,168000,151,AV JEAN JAURES,59172000AK0771,Appartement,42,3.389518,50.33355
2023-792317,2023-08-29,Vente,168000,151,AV JEAN JAURES,59172000AK0771,Appartement,38,3.389518,50.33355
2023-792317,2023-08-29,Vente,168000,151,AV JEAN JAURES,59172000AK0771,Appartement,156,3.389518,50.33355
2023-792502,2023-08-28,Vente,80000,47,RUE ERNEST RENAN,59172000AZ0291,Maison,84,3.373992,50.318936
2023-792532,2023-09-19,Vente,43900,46,RUE MONTESQUIEU,59172000AZ0169,Maison,72,3.372032,50.318705
2023-792539,2023-09-18,Vente,148500,19,RUE LA BRUYERE,59172000AT0304,Maison,81,3.412601,50.317682
2023-792581,2023-09-01,Vente,68000,147,RUE PIERRE NEVE,59172000AL1153,Maison,60,3.401344,50.329753
2023-792714,2023-09-01,Vente,107000,12,RUE JULES MOUSSERON,59172000BH0061,Appartement,33,3.388549,50.326816
2023-792714,2023-09-01,Vente,107000,12,RUE JULES MOUSSERON,59172000BH0061,Appartement,46,3.388549,50.326816
2023-792727,2023-09-04,Vente,48000,20,IMPASSE THIERRY,59172000BD1160,Maison,56,3.375151,50.322516
2023-792782,2023-09-01,Vente,127110,202,RUE PIERRE BERIOT,59172000BC0061,Maison,105,3.370096,50.324446
2023-792791,2023-09-01,Vente,170000,578,RTE D OISY,59172000AN0218,Maison,90,3.410424,50.336395
2023-792791,2023-09-01,Vente,170000,578,RTE D OISY,59172000AN0218,Maison,90,3.410424,50.336395
2023-792887,2023-09-14,Vente,117000,19,RUE FABRE D EGLANTINE,59172000AO0522,Maison,83,3.402135,50.332458
2023-792913,2023-09-13,Vente,30000,36,RUE PAUL ELIE CASANOVA,59172000AP0475,Maison,56,3.403436,50.328735
2023-792945,2023-09-22,Vente,35000,8,RUE S KESTNER 25 CITE BACROIX,59172000AL0583,Maison,70,3.397037,50.331439
2023-792948,2023-09-22,Vente,57325,22,RUE ROGER SALENGRO,59172000BH0336,Maison,90,3.391726,50.32908
2023-792962,2023-09-11,Vente,40000,133,RUE DE LA PYRAMIDE,59172000AP0288,Maison,128,3.403188,50.327078
2023-793085,2023-09-29,Vente,45000,972,RUE DE TURENNE,59172000AB0088,Maison,76,3.373592,50.333042
2023-793089,2023-09-29,Vente,60000,106,RES CLOS CAFUS 106 AV J JAURES,59172000AK1096,Appartement,45,3.391036,50.33422
2023-793117,2023-09-29,Vente,69900,825,RUE ARTHUR BRUNET,59172000BD1146,Maison,103,3.375453,50.322067
2023-793140,2023-09-27,Vente,55000,464,RUE DESANDROUINS,59172000AL1882,Maison,114,3.396281,50.328493
2023-793149,2023-09-26,Vente,49500,11,RUE SAL ALLENDE 10 COR FONTAIN,59172000AI0493,Maison,43,3.386267,50.328492
2023-793230,2023-09-26,Vente,35000,80,RUE DU MARECHAL LECLERC,59172000AL0953,Maison,67,3.398975,50.329428
2023-793421,2023-09-25,Vente,55000,106,RES CLOS CAFUS 106 AV J JAURES,59172000AK1096,Appartement,52,3.391036,50.33422
2023-793449,2023-10-02,Vente,116981,22,ALL DES CHARMES PARC LEBRET,59172000AS0425,Maison,93,3.402332,50.322498
2023-793451,2023-09-27,Vente,176200,69,RUE LAZARE BERNARD,59172000AI0275,Maison,64,3.387423,50.3292
2023-793451,2023-09-27,Vente,176200,67,RUE LAZARE BERNARD,59172000AI0276,Maison,120,3.387473,50.329181
2023-793550,2023-09-27,Vente,118000,174,RUE PAUL ELIE CASANOVA,59172000AP0448,Maison,114,3.409581,50.329487
2023-793594,2023-10-16,Vente,54000,252,RUE DESLINSEL,59172000AP0199,Maison,46,3.405312,50.325965
2023-793608,2023-10-04,Vente,45000,395,RUE DE LA PYRAMIDE,59172000AP0122,Maison,64,3.405524,50.325259
2023-793616,2023-09-26,Vente,71000,54,RUE ERNEST RENAN,59172000AZ0254,Maison,79,3.372873,50.319148
2023-793628,2023-10-18,Vente,45000,115,RUE DE VILLARS,59172000BH0330,Maison,60,3.392893,50.327204
2023-793681,2023-10-18,Vente,58000,49,RUE PAUL ELIE CASANOVA,59172000AO0109,Maison,76,3.404302,50.329408
2023-793766,2023-10-03,Vente,97500,33,RUE FAIDHERBE,59172000BI0305,Maison,62,3.377289,50.318567
2023-793773,2023-10-17,Vente,150000,1127,RUE PIERRE NEVE,59172000AM0096,Maison,77,3.400454,50.338436
2023-793775,2023-10-18,Vente,90000,1253,RUE BERTHELOT,59172000AC0031,Maison,58,3.37652,50.343918
2023-793909,2023-10-27,Vente,58600,101,RUE PAUL ELIE CASANOVA,59172000AO0063,Maison,89,3.406253,50.329726
2023-793909,2023-10-27,Vente,58600,101,RUE PAUL ELIE CASANOVA,59172000AO0063,Maison,89,3.406253,50.329726
2023-793991,2023-09-28,Vente,58000,49,BD CARAMAN,59172000AK0594,Appartement,35,3.387099,50.33248
2023-793991,2023-09-28,Vente,58000,49,BD CARAMAN,59172000AK0594,Appartement,48,3.387099,50.33248
2023-793991,2023-09-28,Vente,58000,49,BD CARAMAN,59172000AK0594,Appartement,37,3.387099,50.33248
2023-794018,2023-10-19,Vente,15000,15,RUE EMILE ZOLA,59172000BH0775,Maison,84,3.39197,50.325882
2023-794117,2023-10-06,Vente,199200,73,RUE LAZARE BERNARD,59172000AI0273,Appartement,27,3.387375,50.329307
2023-794117,2023-10-06,Vente,199200,73,RUE LAZARE BERNARD,59172000AI0273,Appartement,38,3.387375,50.329307
2023-794117,2023-10-06,Vente,199200,73,RUE LAZARE BERNARD,59172000AI0273,Appartement,38,3.387375,50.329307
2023-794117,2023-10-06,Vente,199200,73,RUE LAZARE BERNARD,59172000AI0273,Appartement,38,3.387375,50.329307
2023-794169,2023-10-31,Vente,154690,9,RUE DES SAULES,59172000AT0430,Maison,81,3.411523,50.319239
2023-794219,2023-10-26,Vente,70000,51,AV JEAN JAURES,59172000BH0409,Maison,157,3.393611,50.330423
2023-794287,2023-10-26,Vente,47000,1433,RUE BERTHELOT,59172000AC0007,Maison,72,3.374495,50.344982
2023-794319,2023-10-31,Vente,194000,74,RUE LAZARE BERNARD,59172000BH0164,Maison,34,3.389181,50.328618
2023-794319,2023-10-31,Vente,194000,74,RUE LAZARE BERNARD,59172000BH0165,Maison,34,3.389129,50.328595
2023-794319,2023-10-31,Vente,194000,74,RUE LAZARE BERNARD,59172000BH0166,Maison,34,3.389083,50.328575
2023-794319,2023-10-31,Vente,194000,74,RUE LAZARE BERNARD,59172000BH0167,Maison,34,3.389037,50.328554
2023-794319,2023-10-31,Vente,194000,74,RUE LAZARE BERNARD,59172000BH1229,Maison,40,3.38922,50.328643
2023-794373,2023-10-20,Vente,116000,719,RUE BERTHELOT,59172000AH0021,Maison,41,3.381568,50.340333
2023-794375,2023-11-08,Vente,127000,36,BD DE VERDUN,59172000AW0024,Maison,143,3.394004,50.317731
2023-794398,2023-11-13,Vente,84000,106,RES CLOS CAFUS 106 AV J JAURES,59172000AK1096,Appartement,52,3.391036,50.33422
2023-794402,2023-10-23,Vente,55500,1552,RUE ARTHUR BRUNET,59172000AZ0022,Maison,86,3.367102,50.318264
2023-794404,2023-10-23,Vente,49000,12,RUE MONTESQUIEU,59172000AZ0151,Maison,54,3.371415,50.319325
2023-794410,2023-10-24,Vente,99500,35,RUE BOILEAU,59172000AT0243,Maison,81,3.413253,50.318344
2023-794426,2023-11-16,Vente,26000,8,RUE SAL ALLENDE 10 COR FONTAIN,59172000AI0490,Maison,50,3.386077,50.328433
2023-794471,2023-10-30,Vente,40000,16,RUE VICTOR HUGO,59172000AL1212,Maison,121,3.401529,50.328584
2023-794473,2023-10-31,Vente,183000,166,ACH ANCIEN CHEM D HELESMES,59172000AH0186,Maison,86,3.386488,50.336099
2023-794615,2023-11-02,Vente,75000,60,RUE MERRHEIM,59172000BE0168,Maison,68,3.377361,50.326918
2023-794620,2023-11-27,Vente,30000,599,RUE DE LA PYRAMIDE,59172000AP0827,Maison,44,3.406279,50.32353
2023-794670,2023-11-17,Vente,85000,15,ALL DES GLORIETTES PARC LEBRET,59172000AS0118,Maison,67,3.403753,50.32524
2023-794695,2023-11-20,Vente,29000,3,RUE PYRAMIDE 601 CRN ABATTOIR,59172000AP0643,Maison,40,3.406522,50.323559
2023-794715,2023-11-07,Vente,86000,940,RUE DE LA PYRAMIDE,59172000AT0358,Maison,148,3.409445,50.321226
2023-794726,2023-11-10,Vente,45000,16,ALL DES CHARMES PARC LEBRET,59172000AS0422,Maison,72,3.401835,50.322414
2023-794780,2023-11-24,Vente,65000,218,CHE DES DIX MUIDS,59172000ZA0510,Maison,108,3.375042,50.333849
2023-794791,2023-11-24,Vente,30000,87,RUE MONTESQUIEU,59172000AZ0181,Maison,58,3.373165,50.318312
2023-794798,2023-11-29,Vente,12000,32,RUE LEBRET,59172000BD0176,Maison,89,3.376187,50.324169
2023-795027,2023-11-18,Vente,15000,23,RUE MARCEL FONTAINE,59172000AS0323,Maison,47,3.397603,50.325853
2023-795151,2023-11-24,Vente,30000,1,RUE PYRAMIDE 601 CRN ABATTOIR,59172000AP0713,Maison,52,3.406399,50.323545
2023-795163,2023-11-20,Vente,49000,9,IMP MOURA,59172000BD0093,Maison,85,3.374614,50.324702
2023-795335,2023-12-16,Vente,50000,33,BD PRESIDENT KENNEDY,59172000AK0443,Maison,83,3.389543,50.332034
2023-795412,2023-11-29,Vente,103900,6,BD DU 11 NOVEMBRE 1918,59172000AK0728,Maison,90,3.389127,50.332363
2023-795443,2023-11-29,Vente,116710,30,RUE MATHILDE,59172000AI0123,Maison,127,3.383828,50.332907
2023-795501,2023-12-05,Vente,145000,1082,RUE PIERRE NEVE,59172000AN0046,Maison,75,3.401478,50.338
2023-795501,2023-12-05,Vente,145000,1082,RUE PIERRE NEVE,59172000AN0046,Maison,75,3.401478,50.338
2023-795509,2023-12-18,Vente,33000,35,IMPASSE THIERRY,59172000BD1203,Maison,83,3.374434,50.322582
2023-795687,2023-12-01,Vente,217175,69,RUE REMY DUQUESNOY,59172000AK0236,Maison,129,3.390477,50.330824
2023-795713,2023-12-21,Vente,114000,132,RUE DES LILAS,59172000AW0138,Maison,89,3.3956,50.314706
2023-795720,2023-12-19,Vente,69000,18,AV LEON BLUM,59172000AP0012,Maison,70,3.410431,50.329176
2023-795777,2023-12-27,Vente,30000,4,RUE PYRAMIDE 601 CRN ABATTOIR,59172000AP0646,Maison,22,3.406576,50.323566
2023-795854,2023-12-29,Vente,50000,2,RUE DU QUARTIER RENARD,59172000BD1092,Maison,81,3.377091,50.322694
2023-795945,2023-12-22,Vente,50000,136,RUE CHARLES FOURIER,59172000AL0442,Maison,87,3.400075,50.332895
2023-795957,2023-12-29,Vente,45000,3,RUE P BERIOT 110 IMP JORION,59172000BD1509,Maison,67,3.375265,50.324372
2023-795960,2023-12-18,Vente,63500,20,RUE PAUL BERT,59172000AO0234,Maison,98,3.404539,50.330625
2023-796029,2023-12-29,Vente,49000,5,RUE EDOUARD VAILLANT,59172000BH1181,Maison,45,3.391967,50.329032
2023-796041,2023-12-18,Vente,50000,5,BD CARAMAN,59172000AI0262,Maison,82,3.385737,50.330254
2023-796051,2023-12-29,Vente,49000,7,RUE EDOUARD VAILLANT,59172000BH0480,Maison,45,3.392056,50.329059
2023-796095,2023-12-14,Vente,60000,65,RUE PIERRE BERIOT,59172000BE0203,Maison,130,3.377679,50.325438
2023-796144,2023-12-22,Vente,60000,93,RUE MONTESQUIEU,59172000AZ0178,Maison,77,3.373264,50.318207
2023-796149,2023-12-21,Vente,49300,152,RUE PIERRE BERIOT,59172000BD0009,Maison,128,3.373491,50.324366
2023-796239,2023-12-28,Vente,108000,4,RUE VICTOR NOIR,59172000BD1008,Maison,95,3.37765,50.322367
2023-796279,2023-12-22,Vente,10629920,32,RUE PIERRE BERIOT,59172000BD0414,Maison,57,3.378874,50.325086
2023-796279,2023-12-22,Vente,10629920,30,RUE PIERRE BERIOT,59172000BD0415,Maison,50,3.378847,50.325305
2023-796279,2023-12-22,Vente,10629920,10,RUE PIERRE BERIOT,59172000BD0496,Maison,158,,
2023-796279,2023-12-22,Vente,10629920,4,RUE PIERRE BERIOT,59172000BD0497,Maison,95,,
2023-796279,2023-12-22,Vente,10629920,2,RUE P BERIOT 6 CRN REMY,59172000BD0499,Maison,40,,
2023-796279,2023-12-22,Vente,10629920,3,RUE P BERIOT 6 CRN REMY,59172000BD0500,Maison,30,,
2023-796279,2023-12-22,Vente,10629920,4,RUE P BERIOT 6 CRN REMY,59172000BD0501,Maison,30,,
2023-796279,2023-12-22,Vente,10629920,5,RUE P BERIOT 6 CRN REMY,59172000BD0502,Maison,40,,
2023-796279,2023-12-22,Vente,10629920,2,RUE PIERRE BERIOT,59172000BD0503,Maison,100,,
2023-796279,2023-12-22,Vente,10629920,2,RUE P BERIOT 42B CRN VILAIN,59172000BD1656,Maison,63,,
2023-796279,2023-12-22,Vente,10629920,11,RUE P BERIOT 28 COUR BOTTE,59172000BD1764,Maison,40,,
2023-796279,2023-12-22,Vente,10629920,150,RUE EMILE BASLY,59172000BD1822,Maison,62,,
2023-796420,2023-01-05,Adjudication,55000,5,BD ALES,59172000AK0553,Maison,70,3.38826,50.332003
2022-970403,2022-01-12,Vente,70000,1500,RUE BERTHELOT,59172000AD0229,Maison,128,3.375115,50.345833
2022-970403,2022-01-12,Vente,70000,1500,RUE BERTHELOT,59172000AD0229,Maison,128,3.375115,50.345833
2022-970403,2022-01-12,Vente,70000,1500,RUE BERTHELOT,59172000AD0229,Maison,128,3.375115,50.345833
2022-970425,2022-01-14,Vente,32000,29,RUE DESANDR 657 IMP LATESSE,59172000AL0814,Maison,25,3.398208,50.329946
2022-970502,2022-01-21,Vente,82000,514,RUE DE LA PYRAMIDE,59172000AS0728,Maison,83,3.405611,50.324172
2022-970510,2022-01-21,Vente,80000,180,RUE DES MIMOSAS,59172000AW0123,Maison,86,3.396991,50.31536
2022-970539,2022-01-24,Vente,155000,3,BD PRESIDENT KENNEDY,59172000AK0426,Maison,115,3.390971,50.332505
2022-970564,2022-01-13,Vente,41000,20,IMPASSE THIERRY,59172000BD1160,Maison,56,3.375151,50.322516
2022-970625,2022-01-28,Vente,99500,52,RUE CHARLES FOURIER,59172000AL0515,Maison,103,3.397349,50.331887
2022-970700,2022-01-28,Vente,20000,147,RUE PIERRE NEVE,59172000AL1153,Maison,60,3.401344,50.329753
2022-970759,2022-02-01,Vente,110000,37,RUE DES SAULES,59172000AT0056,Maison,82,3.411569,50.31803
2022-970760,2022-02-01,Vente,120000,19,AV FRANCOIS LEFEBVRE,59172000AE0084,Maison,76,3.386203,50.337808
2022-970798,2022-02-08,Vente,36000,68,IMP MOURA,59172000BD0033,Maison,87,3.374541,50.324096
2022-970834,2022-01-26,Vente,52000,102,RUE LUDOVIC TRARIEUX,59172000AL0564,Maison,82,3.396136,50.330953
2022-970870,2022-02-08,Vente,65000,53,RUE MERRHEIM,59172000BE0232,Maison,53,3.376824,50.326718
2022-970872,2022-02-08,Vente,170000,53,RUE DU MARECHAL LECLERC,59172000BH1271,Maison,114,3.39595,50.327965
2022-970965,2022-02-01,Vente,71500,15,ALL DES GLORIETTES PARC LEBRET,59172000AS0118,Maison,67,3.403753,50.32524
2022-970988,2022-02-21,Vente,51500,4,RUE S KESTNER 31 CITE BACROIX,59172000AL0596,Maison,48,3.397247,50.331299
2022-971025,2022-01-31,Vente,157500,98,RUE PIERRE BERIOT,59172000BD0198,Appartement,30,3.375839,50.324776
2022-971025,2022-01-31,Vente,157500,98,RUE PIERRE BERIOT,59172000BD0198,Appartement,50,3.375839,50.324776
2022-971025,2022-01-31,Vente,157500,98,RUE PIERRE BERIOT,59172000BD0198,Appartement,25,3.375839,50.324776
2022-971025,2022-01-31,Vente,157500,98,RUE PIERRE BERIOT,59172000BD0198,Appartement,20,3.375839,50.324776
2022-971025,2022-01-31,Vente,157500,98,RUE PIERRE BERIOT,59172000BD0198,Appartement,50,3.375839,50.324776
2022-971025,2022-01-31,Vente,157500,98,RUE PIERRE BERIOT,59172000BD0198,Appartement,30,3.375839,50.324776
2022-971036,2022-01-31,Vente,154900,33,RUE DES SAULES,59172000AT0058,Maison,100,3.411567,50.318159
2022-971078,2022-02-16,Vente,203000,15,RUE SCHEURER KESTNER,59172000AL0576,Appartement,32,3.396685,50.331194
2022-971078,2022-02-16,Vente,203000,15,RUE SCHEURER KESTNER,59172000AL0576,Appartement,116,3.396685,50.331194
2022-971078,2022-02-16,Vente,203000,15,RUE SCHEURER KESTNER,59172000AL0576,Appartement,75,3.396685,50.331194
2022-971078,2022-02-16,Vente,203000,15,RUE SCHEURER KESTNER,59172000AL0576,Appartement,37,3.396685,50.331194
2022-971078,2022-02-16,Vente,203000,15,RUE SCHEURER KESTNER,59172000AL0576,Appartement,29,3.396685,50.331194
2022-971117,2022-02-28,Vente,74000,195,RUE DESLINSEL,59172000AP0147,Maison,137,3.405737,50.326763
2022-971142,2022-03-07,Vente,60000,3,ALL DES CHARMES PARC LEBRET,59172000AS0405,Maison,79,3.400864,50.322476
2022-971145,2022-02-17,Vente,85000,1133,RTE D OISY,59172000AN0174,Maison,89,3.415103,50.340215
2022-971240,2022-03-02,Vente,72000,522,RUE DE LA PYRAMIDE,59172000AS0730,Maison,63,3.405631,50.324079
2022-971242,2022-03-04,Vente,52500,252,RUE DESLINSEL,59172000AP0199,Maison,46,3.405312,50.325965
2022-971247,2022-03-07,Vente,54500,66,RUE JOSEPH DUYSBURGH,59172000AL1338,Maison,72,3.399742,50.327742
2022-971275,2022-03-01,Vente,157300,20,RUE DU MARECHAL LECLERC,59172000BH0578,Maison,78,3.396018,50.327558
2022-971275,2022-03-01,Vente,157300,20,RUE DU MARECHAL LECLERC,59172000BH0578,Appartement,14,3.396018,50.327558
2022-971275,2022-03-01,Vente,157300,20,RUE DU MARECHAL LECLERC,59172000BH0578,Appartement,15,3.396018,50.327558
2022-971275,2022-03-01,Vente,157300,20,RUE DU MARECHAL LECLERC,59172000BH0578,Appartement,16,3.396018,50.327558
2022-971275,2022-03-01,Vente,157300,20,RUE DU MARECHAL LECLERC,59172000BH0578,Appartement,17,3.396018,50.327558
2022-971289,2022-02-17,Vente,55000,100,RUE MONTESQUIEU,59172000AZ0723,Maison,79,3.37322,50.31754
2022-971300,2022-02-16,Vente,85000,10,RUE REMY DUQUESNOY,59172000AK0293,Maison,99,3.388555,50.329393
2022-971326,2022-03-02,Vente,55300,14,RES GALIBOTS 14 IMP HERTAIN,59172000AK1052,Appartement,45,3.392305,50.33392
2022-971364,2022-02-28,Vente,26000,36,CITE D HERTAIN ALL DOMANGE,59172000AL2690,Maison,50,3.395074,50.333672
2022-971468,2022-03-15,Vente,35000,155,RUE PIERRE NEVE,59172000AL1152,Maison,56,3.401334,50.329773
2022-971481,2022-03-22,Vente,115000,5,RUE JULES MOUSSERON,59172000BH0055,Appartement,30,3.388115,50.326613
2022-971481,2022-03-22,Vente,115000,5,RUE JULES MOUSSERON,59172000BH0055,Appartement,30,3.388115,50.326613
2022-971481,2022-03-22,Vente,115000,5,RUE JULES MOUSSERON,59172000BH0055,Appartement,39,3.388115,50.326613
2022-971489,2022-03-18,Vente,139720,18,RUE DES COOPERATEURS,59172000AM0179,Maison,107,3.398471,50.336189
2022-971550,2022-03-18,Vente,84000,58,RUE SCHEURER KESTNER,59172000AL0693,Maison,96,3.399136,50.331337
2022-971564,2022-03-11,Vente,124900,41,ACH ANCIEN CHEM D HELESMES,59172000AE0050,Maison,94,3.38569,50.337132
2022-971578,2022-03-21,Vente,330000,140,RUE DESANDROUINS,59172000BH1479,Appartement,20,3.392387,50.327139
2022-971578,2022-03-21,Vente,330000,140,RUE DESANDROUINS,59172000BH1479,Appartement,75,3.392387,50.327139
2022-971578,2022-03-21,Vente,330000,140,RUE DESANDROUINS,59172000BH1479,Appartement,62,3.392387,50.327139
2022-971578,2022-03-21,Vente,330000,140,RUE DESANDROUINS,59172000BH1479,Appartement,64,3.392387,50.327139
2022-971578,2022-03-21,Vente,330000,140,RUE DESANDROUINS,59172000BH1479,Appartement,96,3.392387,50.327139
2022-971578,2022-03-21,Vente,330000,140,RUE DESANDROUINS,59172000BH1479,Appartement,70,3.392387,50.327139
2022-971594,2022-03-25,Vente,15000,97,RUE ERNESTINE,59172000AK0099,Maison,52,3.393305,50.331828
2022-971622,2022-03-16,Vente,39000,7,RUE P BERIOT 53 COUR PAYEN,59172000BE0150,Maison,32,3.378149,50.325663
2022-971664,2022-03-08,Vente,120000,15,RUE DE LA PYRAMIDE,59172000AP0312,Maison,120,3.402338,50.327974
2022-971670,2022-03-05,Vente,250000,179,RUE DE VILLARS,59172000AL1367,Maison,109,3.397991,50.326991
2022-971670,2022-03-05,Vente,250000,179,RUE DE VILLARS,59172000AL1368,Maison,109,3.397979,50.327032
2022-971670,2022-03-05,Vente,250000,179,RUE DE VILLARS,59172000AL1370,Maison,83,3.397979,50.327122
2022-971670,2022-03-05,Vente,250000,179,RUE DE VILLARS,59172000AL1371,Maison,118,3.397975,50.327158
2022-971684,2022-03-29,Vente,55000,56,RUE MERRHEIM,59172000BE0170,Maison,59,3.377395,50.326844
2022-971691,2022-03-18,Vente,78000,1322,RUE BERTHELOT,59172000AD0017,Maison,132,3.376654,50.344646
2022-971696,2022-03-31,Vente,60000,6,RUE DE TURENNE 190 IMP MALLET,59172000AI0629,Maison,98,3.384186,50.330949
2022-971732,2022-03-11,Vente,195400,16,RUE DE BRUXELLES,59172000AD0380,Maison,86,3.381658,50.343076
2022-971800,2022-03-30,Vente,99500,36,RUE ERNEST RENAN,59172000AZ0246,Maison,81,3.37254,50.319438
2022-971834,2022-04-04,Vente,85000,1276,RUE ARTHUR BRUNET,59172000AZ0963,Maison,89,3.370418,50.31955
2022-971851,2022-03-31,Vente,46000,209,RUE DE VILLARS,59172000AL2617,Maison,80,3.399053,50.326866
2022-971869,2022-04-01,Vente,215000,7,RTE D ESCAUDAIN,59172000AC0053,Maison,95,3.374756,50.341806
2022-971869,2022-04-01,Vente,215000,7,RTE D ESCAUDAIN,59172000AC0053,Maison,95,3.374756,50.341806
2022-971870,2022-04-07,Vente,95000,24,RUE BOILEAU,59172000AT0095,Maison,81,3.412673,50.319007
2022-971889,2022-04-14,Vente,72000,258,RUE DESLINSEL,59172000AP0200,Maison,75,3.405336,50.325938
2022-971965,2022-04-11,Vente,65000,31,BD DE VERDUN,59172000AW0289,Maison,88,3.39468,50.317591
2022-971966,2022-04-11,Vente,22000,87,RUE MONTESQUIEU,59172000AZ0181,Maison,58,3.373165,50.318312
2022-971991,2022-04-22,Vente,72000,55,RUE PAUL ELIE CASANOVA,59172000AO0106,Maison,100,3.404623,50.329391
2022-972014,2022-04-11,Vente,30000,59,RUE MONTESQUIEU,59172000AZ0195,Maison,90,3.372611,50.318841
2022-972052,2022-04-07,Vente,142900,85,RUE REMY DUQUESNOY,59172000AK0159,Maison,170,3.391235,50.331239
2022-972107,2022-04-14,Vente,312000,124,RUE DE VILLARS,59172000BH0718,Appartement,70,3.39514,50.326783
2022-972107,2022-04-14,Vente,312000,124,RUE DE VILLARS,59172000BH0718,Appartement,55,3.39514,50.326783
2022-972107,2022-04-14,Vente,312000,124,RUE DE VILLARS,59172000BH0718,Appartement,37,3.39514,50.326783
2022-972107,2022-04-14,Vente,312000,124,RUE DE VILLARS,59172000BH0718,Appartement,35,3.39514,50.326783
2022-972107,2022-04-14,Vente,312000,124,RUE DE VILLARS,59172000BH0718,Appartement,48,3.39514,50.326783
2022-972107,2022-04-14,Vente,312000,124,RUE DE VILLARS,59172000BH0718,Appartement,28,3.39514,50.326783
2022-972107,2022-04-14,Vente,312000,124,RUE DE VILLARS,59172000BH0718,Appartement,64,3.39514,50.326783
2022-972131,2022-04-01,Vente,115000,45,RUE BLANQUI,59172000AI0147,Maison,96,3.385655,50.332469
2022-972184,2022-04-16,Vente,72000,21,ACH ANCIEN CHEM D HELESMES,59172000AE0051,Maison,112,3.385532,50.337248
2022-972209,2022-04-15,Vente,54000,7,RUE DESANDR 657 IMP LATESSE,59172000AL2397,Maison,38,3.397991,50.330174
2022-972250,2022-04-05,Vente,265500,25,AV JEAN JAURES,59172000BH0520,Appartement,50,3.395724,50.328337
2022-972250,2022-04-05,Vente,265500,25,AV JEAN JAURES,59172000BH0520,Appartement,48,3.395724,50.328337
2022-972250,2022-04-05,Vente,265500,25,AV JEAN JAURES,59172000BH0520,Appartement,52,3.395724,50.328337
2022-972250,2022-04-05,Vente,265500,25,AV JEAN JAURES,59172000BH0520,Appartement,19,3.395724,50.328337
2022-972250,2022-04-05,Vente,265500,25,AV JEAN JAURES,59172000BH0520,Appartement,55,3.395724,50.328337
2022-972314,2022-04-13,Vente,115000,186,RUE DE VILLARS,59172000AS0284,Appartement,20,3.398915,50.326447
2022-972314,2022-04-13,Vente,115000,186,RUE DE VILLARS,59172000AS0284,Appartement,20,3.398915,50.326447
2022-972314,2022-04-13,Vente,115000,186,RUE DE VILLARS,59172000AS0284,Appartement,38,3.398915,50.326447
2022-972314,2022-04-13,Vente,115000,186,RUE DE VILLARS,59172000AS0284,Appartement,20,3.398915,50.326447
2022-972314,2022-04-13,Vente,115000,186,RUE DE VILLARS,59172000AS0284,Appartement,20,3.398915,50.326447
2022-972347,2022-04-29,Vente,70000,103,AV JEAN JAURES,59172000AK0420,Maison,91,3.391215,50.332464
2022-972357,2022-04-21,Vente,87500,64,RUE SCHEURER KESTNER,59172000AL0690,Maison,102,3.399361,50.331373
2022-972358,2022-05-05,Vente,110000,9,PL GAMBETTA,59172000BH0073,Appartement,50,3.388204,50.327448
2022-972358,2022-05-05,Vente,110000,9,PL GAMBETTA,59172000BH0073,Appartement,52,3.388204,50.327448
2022-972358,2022-05-05,Vente,110000,9,PL GAMBETTA,59172000BH0073,Appartement,47,3.388204,50.327448
2022-972403,2022-05-16,Vente,115000,15,RUE LAZARE BERNARD,59172000BH0103,Appartement,36,3.389743,50.326998
2022-972403,2022-05-16,Vente,115000,15,RUE LAZARE BERNARD,59172000BH0103,Appartement,60,3.389743,50.326998
2022-972403,2022-05-16,Vente,115000,15,RUE LAZARE BERNARD,59172000BH0103,Appartement,55,3.389743,50.326998
2022-972458,2022-05-17,Vente,96000,19,ALL DES GLORIETTES PARC LEBRET,59172000AS0116,Maison,91,3.403974,50.325147
2022-972461,2022-05-09,Vente,164650,1277,RUE BERTHELOT,59172000AC0603,Maison,90,3.376393,50.34405
2022-972552,2022-04-20,Vente,44400,7,RLE DE LA PAIX,59172000AL1342,Maison,60,3.399145,50.327481
2022-972587,2022-04-22,Vente,78000,188,RUE HENRI BARBUSSE,59172000BH1757,Maison,78,3.393074,50.33042
2022-972661,2022-04-29,Vente,40000,95,RUE PIERRE BERIOT,59172000BE0485,Maison,64,3.376441,50.325454
2022-972661,2022-04-29,Vente,40000,95,RUE PIERRE BERIOT,59172000BE0485,Maison,54,3.376441,50.325454
2022-972661,2022-04-29,Vente,40000,95,RUE PIERRE BERIOT,59172000BE0486,Maison,66,3.376304,50.325668
2022-972794,2022-05-17,Vente,112500,5,BD PRESIDENT KENNEDY,59172000AK0427,Maison,114,3.390909,50.332449
2022-972815,2022-05-30,Vente,152900,88,BD CARAMAN,59172000AK0695,Maison,135,3.388215,50.333207
2022-972848,2022-05-18,Vente,123000,77,RUE LAZARE BERNARD,59172000AI0272,Maison,123,3.387325,50.329342
2022-972853,2022-05-19,Vente,85000,28,RUE LEBRET,59172000BD0179,Maison,46,3.376163,50.324274
2022-972856,2022-05-04,Vente,143000,48,RUE DU MARECHAL LECLERC,59172000AL2471,Appartement,58,3.39802,50.328507
2022-972856,2022-05-04,Vente,143000,48,RUE DU MARECHAL LECLERC,59172000AL2471,Appartement,22,3.39802,50.328507
2022-972856,2022-05-04,Vente,143000,48,RUE DU MARECHAL LECLERC,59172000AL2471,Appartement,32,3.39802,50.328507
2022-972856,2022-05-04,Vente,143000,48,RUE DU MARECHAL LECLERC,59172000AL2471,Appartement,34,3.39802,50.328507
2022-972856,2022-05-04,Vente,143000,48,RUE DU MARECHAL LECLERC,59172000AL2471,Appartement,30,3.39802,50.328507
2022-972856,2022-05-04,Vente,143000,48,RUE DU MARECHAL LECLERC,59172000AL2471,Appartement,18,3.39802,50.328507
2022-973041,2022-05-12,Vente,33000,14,IMPASSE THIERRY,59172000BD1157,Maison,72,3.375157,50.322367
2022-973050,2022-05-09,Vente,86000,104,RUE ERNEST RENAN,59172000AZ0278,Maison,65,3.373807,50.318241
2022-973089,2022-05-12,Vente,72500,57,RUE ERNEST RENAN,59172000AZ0283,Maison,127,3.374281,50.318656
2022-973096,2022-05-30,Vente,115000,76,AV JEAN JAURES,59172000AK0023,Maison,270,3.392012,50.332734
2022-973127,2022-05-16,Vente,125000,49,AV JEAN JAURES,59172000BH0410,Maison,98,3.393619,50.33038
2022-973137,2022-05-23,Vente,25000,3,RUE CHARLES FOURIER,59172000AL0434,Maison,71,3.395308,50.331732
2022-973146,2022-05-23,Vente,84390,159,RUE PAUL ELIE CASANOVA,59172000AO0483,Maison,94,3.41004,50.330086
2022-973148,2022-05-20,Vente,37000,90,RUE PAUL ELIE CASANOVA,59172000AP0402,Maison,58,3.405904,50.329003
2022-973154,2022-05-17,Vente,22275,725,CHE D HERTAIN,59172000AE0009,Maison,120,3.388229,50.343803
2022-973154,2022-05-17,Vente,22275,725,CHE D HERTAIN,59172000AE0009,Maison,120,3.388229,50.343803
2022-973170,2022-05-20,Vente,119200,70,BD CARAMAN,59172000AK0568,Maison,150,3.387453,50.332102
2022-973415,2022-06-10,Vente,63000,27,RUE SCHEURER KESTNER,59172000AL0591,Maison,43,3.397315,50.331109
2022-973460,2022-05-31,Vente,67000,53,ALL DES GLORIETTES PARC LEBRET,59172000AS0099,Maison,67,3.405306,50.323909
2022-973463,2022-06-07,Vente,30000,180,RUE LOUIS PETIT,59172000BI0351,Maison,67,3.376069,50.318493
2022-973538,2022-05-16,Vente,155070,1,AV LEON BLUM,59172000AP0625,Maison,77,3.409796,50.329114
2022-973724,2022-05-31,Vente,96500,178,RUE DES MIMOSAS,59172000AW0125,Maison,80,3.396885,50.315266
2022-973735,2022-05-30,Vente,106000,699,RUE BERTHELOT,59172000AH0025,Maison,88,,
2022-974021,2022-06-08,Vente,100800,5,RUE FAIDHERBE,59172000BI0322,Appartement,45,3.376452,50.318943
2022-974021,2022-06-08,Vente,100800,5,RUE FAIDHERBE,59172000BI0322,Appartement,41,3.376452,50.318943
2022-974021,2022-06-08,Vente,100800,5,RUE FAIDHERBE,59172000BI0322,Appartement,30,3.376452,50.318943
2022-974139,2022-06-14,Vente,125000,2,RUE JEAN-BAPTISTE LEBAS,59172000AO0016,Maison,22,3.408878,50.331889
2022-974139,2022-06-14,Vente,125000,2,RUE JEAN-BAPTISTE LEBAS,59172000AO0016,Maison,81,3.408878,50.331889
2022-974155,2022-06-14,Vente,35000,1196,RUE ARTHUR BRUNET,59172000AZ0219,Maison,90,3.371479,50.319857
2022-974215,2022-06-24,Vente,45000,488,RUE DESANDROUINS,59172000AL1490,Appartement,42,3.396547,50.32865
2022-974215,2022-06-24,Vente,45000,488,RUE DESANDROUINS,59172000AL1490,Appartement,70,3.396547,50.32865
2022-974228,2022-06-28,Vente,47000,15,RUE PAUL BERT,59172000AO0259,Maison,61,3.405056,50.33092
2022-974243,2022-06-28,Vente,36820,6,IMPASSE THIERRY,59172000BD1153,Maison,38,3.375162,50.322167
2022-974283,2022-06-09,Vente,110000,11,BD DU 11 NOVEMBRE 1918,59172000AK0685,Maison,61,3.388572,50.332401
2022-974289,2022-06-09,Vente,96000,2,BD ALES,59172000AK0680,Appartement,45,3.388684,50.332094
2022-974289,2022-06-09,Vente,96000,2,BD ALES,59172000AK0680,Appartement,55,3.388684,50.332094
2022-974289,2022-06-09,Vente,96000,2,BD ALES,59172000AK0680,Appartement,35,3.388684,50.332094
2022-974345,2022-06-17,Vente,147500,213,RUE DE VILLARS,59172000AL1309,Appartement,30,3.399611,50.326871
2022-974345,2022-06-17,Vente,147500,213,RUE DE VILLARS,59172000AL1309,Appartement,25,3.399611,50.326871
2022-974345,2022-06-17,Vente,147500,213,RUE DE VILLARS,59172000AL1309,Appartement,30,3.399611,50.326871
2022-974345,2022-06-17,Vente,147500,213,RUE DE VILLARS,59172000AL1309,Appartement,30,3.399611,50.326871
2022-974381,2022-06-23,Vente,95000,179,RUE DU MARECHAL LECLERC,59172000AO0309,Maison,73,3.403344,50.331675
2022-974410,2022-06-13,Vente,48000,7,AV DE ROUBAIX,59172000AK0845,Maison,38,3.387363,50.333949
2022-974478,2022-06-28,Vente,73000,1656,RUE ARTHUR BRUNET,59172000AZ0008,Maison,100,3.365776,50.317866
2022-974580,2022-06-23,Vente,76000,707,RUE BERTHELOT,59172000AH0483,Maison,109,3.381619,50.340203
2022-974601,2022-06-16,Vente,98250,100,RUE REMY DUQUESNOY,59172000AK0168,Maison,40,3.392577,50.331293
2022-974601,2022-06-16,Vente,98250,102,RUE REMY DUQUESNOY,59172000AK0169,Maison,63,3.392723,50.331281
2022-974624,2022-04-29,Vente,87500,139,RUE DE TURENNE,59172000AI0435,Maison,87,3.384458,50.330134
2022-974648,2022-06-14,Vente,200000,27,RUE PIERRE BERIOT,59172000BE0536,Maison,106,3.379407,50.326255
2022-974725,2022-06-29,Vente,330000,99,RUE DE VILLARS,59172000BH0324,Maison,170,3.392175,50.327045
2022-974781,2022-06-24,Vente,85000,98,RUE DES DAHLIAS,59172000AW0172,Maison,63,3.3938,50.31655
2022-974832,2022-06-21,Vente,40000,38,RUE ROGER SALENGRO,59172000BH1243,Maison,34,3.391341,50.329372
2022-974875,2022-06-20,Vente,92000,23,RUE SCHEURER KESTNER,59172000AL0580,Maison,138,3.397005,50.331291
2022-974881,2022-07-11,Vente,127000,190,RUE DESLINSEL,59172000AP0732,Maison,142,3.405007,50.32653
2022-975121,2022-07-04,Vente,27500,7,RUE PAUL LAFARGUE,59172000AZ0125,Maison,72,3.371237,50.318947
2022-975136,2022-06-30,Vente,42500,41,BD PRESIDENT KENNEDY,59172000AK0447,Maison,89,3.389371,50.331872
2022-975139,2022-07-06,Vente,52000,12,RUE FAIDHERBE,59172000BI0336,Maison,90,3.376416,50.318606
2022-975141,2022-07-13,Vente,98100,95,RUE DU MARECHAL LECLERC,59172000AL1632,Maison,72,3.398171,50.329104
2022-975151,2022-07-11,Vente,124300,74,CITE D HERTAIN ALL DOMANGE,59172000AL0160,Maison,90,3.396419,50.334012
2022-975156,2022-06-27,Vente,30000,27,IMP MOURA,59172000BD0091,Maison,75,3.374723,50.324546
2022-975166,2022-06-21,Vente,61000,417,RUE PIERRE NEVE,59172000AL0668,Maison,67,3.400782,50.33209
2022-975278,2022-07-21,Vente,170000,15,RUE P E CASANOVA COUR LEMAY,59172000AL1905,Maison,55,3.401985,50.328711
2022-975278,2022-07-21,Vente,170000,15,RUE P E CASANOVA COUR LEMAY,59172000AL1906,Maison,54,3.402053,50.328633
2022-975278,2022-07-21,Vente,170000,15,RUE P E CASANOVA COUR LEMAY,59172000AL1907,Maison,54,3.402081,50.328605
2022-975278,2022-07-21,Vente,170000,15,RUE P E CASANOVA COUR LEMAY,59172000AL1908,Maison,31,3.402133,50.328584
2022-975283,2022-06-30,Vente,72000,220,RUE PIERRE BERIOT,59172000BC0384,Maison,54,3.369616,50.323741
2022-975306,2022-07-18,Vente,96500,40,RUE JOSEPH DUYSBURGH,59172000AL1398,Maison,71,3.398824,50.327371
2022-975420,2022-07-18,Vente,65000,40,RUE PAUL ELIE CASANOVA,59172000AP0373,Maison,104,3.403548,50.328802
2022-975477,2022-07-01,Vente,74000,220,RUE PIERRE BERIOT,59172000BC0384,Maison,66,3.369616,50.323741
2022-975527,2022-07-18,Vente,137000,688,RUE DE TURENNE,59172000AI0804,Maison,81,3.377433,50.33236
2022-975550,2022-07-19,Vente,95000,84,BD DE VERDUN,59172000AW0046,Maison,85,3.391695,50.316492
2022-975598,2022-07-25,Vente,53000,48,RUE ROGER SALENGRO,59172000BH0351,Maison,101,3.391293,50.329603
2022-975661,2022-07-12,Vente,43000,25,RUE MAINGOVAL,59172000AI0368,Maison,70,3.386656,50.328126
2022-975669,2022-07-20,Vente,103093,117,AV JEAN JAURES,59172000AK0815,Maison,110,3.39064,50.332975
2022-975709,2022-07-25,Vente,245000,90,RUE DE VILLARS,59172000BH0768,Appartement,70,3.391707,50.32649
2022-975709,2022-07-25,Vente,245000,90,RUE DE VILLARS,59172000BH0768,Appartement,70,3.391707,50.32649
2022-975844,2022-07-27,Vente,49900,94,RUE CHARLES FOURIER,59172000AL0475,Maison,50,3.398682,50.332417
2022-975846,2022-07-21,Vente,120000,436,RUE ARTHUR BRUNET,59172000BD1970,Appartement,131,3.380257,50.323541
2022-975846,2022-07-21,Vente,120000,436,RUE ARTHUR BRUNET,59172000BD1970,Appartement,57,3.380257,50.323541
2022-975875,2022-07-29,Vente,189000,3,RTE D ESCAUDAIN,59172000AC0792,Maison,188,3.373471,50.340994
2022-975875,2022-07-29,Vente,189000,3,RTE D ESCAUDAIN,59172000AC0792,Maison,38,3.373471,50.340994
2022-975875,2022-07-29,Vente,189000,3,RTE D ESCAUDAIN,59172000AC0792,Maison,188,3.373471,50.340994
2022-975875,2022-07-29,Vente,189000,3,RTE D ESCAUDAIN,59172000AC0792,Maison,38,3.373471,50.340994
2022-975978,2022-07-05,Vente,181400,1193,RUE ARTHUR BRUNET,59172000BC0090,Appartement,25,3.371047,50.320325
2022-975978,2022-07-05,Vente,181400,1193,RUE ARTHUR BRUNET,59172000BC0090,Appartement,25,3.371047,50.320325
2022-975978,2022-07-05,Vente,181400,1193,RUE ARTHUR BRUNET,59172000BC0090,Appartement,25,3.371047,50.320325
2022-975978,2022-07-05,Vente,181400,1193,RUE ARTHUR BRUNET,59172000BC0090,Appartement,30,3.371047,50.320325
2022-975978,2022-07-05,Vente,181400,1193,RUE ARTHUR BRUNET,59172000BC0090,Appartement,25,3.371047,50.320325
2022-975978,2022-07-05,Vente,181400,1193,RUE ARTHUR BRUNET,59172000BC0090,Appartement,25,3.371047,50.320325
2022-975997,2022-07-29,Vente,45000,91,RUE MONTESQUIEU,59172000AZ0179,Maison,68,3.373217,50.318237
2022-976021,2022-07-22,Vente,36000,56,BD DE VERDUN,59172000AW0034,Maison,68,3.392986,50.317306
2022-976184,2022-08-10,Vente,46000,60,BD PRESIDENT KENNEDY,59172000AK0519,Maison,75,3.386651,50.33111
2022-976185,2022-08-11,Vente,95000,78,RUE CHARLES FOURIER,59172000AL0502,Appartement,30,3.398136,50.332218
2022-976185,2022-08-11,Vente,95000,78,RUE CHARLES FOURIER,59172000AL0502,Appartement,45,3.398136,50.332218
2022-976185,2022-08-11,Vente,95000,78,RUE CHARLES FOURIER,59172000AL0502,Appartement,31,3.398136,50.332218
2022-976246,2022-08-04,Vente,125000,27,AV LEON BLUM,59172000AP0063,Maison,104,3.410312,50.327739
2022-976311,2022-07-28,Vente,90000,220,RUE PIERRE BERIOT,59172000BC0384,Maison,70,3.369616,50.323741
2022-976375,2022-08-23,Vente,85000,12,RUE MONTAIGNE,59172000AT0220,Maison,81,3.413599,50.318902
2022-976384,2022-08-25,Vente,56000,106,RES CLOS CAFUS 106 AV J JAURES,59172000AK1096,Appartement,45,3.391036,50.33422
2022-976434,2022-08-29,Vente,60000,560,CHE DES DIX MUIDS,59172000ZA0563,Maison,65,3.370276,50.333446
2022-976521,2022-07-29,Vente,75000,66,AV JEAN JAURES,59172000AK0133,Maison,94,3.392854,50.33202
2022-976539,2022-08-01,Vente,45000,7,CITE D HERTAIN ALL BAUDRY,59172000AL2042,Maison,50,3.394513,50.333673
2022-976582,2022-08-23,Vente,48000,3,RUE CHARLES FOURIER,59172000AL0434,Maison,71,3.395308,50.331732
2022-976760,2022-08-10,Vente,80000,147,RUE DE LA PYRAMIDE,59172000AP0286,Maison,50,3.403267,50.326989
2022-976846,2022-08-11,Vente,88000,75,RUE BLANQUI,59172000AI0102,Maison,96,3.385324,50.333975
2022-976879,2022-08-30,Vente,48000,180,RUE LOUIS PETIT,59172000BI0351,Maison,67,3.376069,50.318493
2022-976886,2022-08-30,Vente,171000,75,RUE JULES MOUSSERON,59172000AI0349,Appartement,80,,
2022-976886,2022-08-30,Vente,171000,75,RUE JULES MOUSSERON,59172000AI0349,Appartement,50,,
2022-976886,2022-08-30,Vente,171000,75,RUE JULES MOUSSERON,59172000AI0349,Appartement,50,,
2022-976886,2022-08-30,Vente,171000,75,RUE JULES MOUSSERON,59172000AI0349,Appartement,88,,
2022-976929,2022-08-30,Vente,52000,33,RUE PAUL LAFARGUE,59172000AZ0702,Maison,60,3.372189,50.318146
2022-977039,2022-08-29,Vente,35000,59,RUE PIERRE BERIOT,59172000BE0200,Maison,63,3.378075,50.325502
2022-977091,2022-09-02,Vente,50000,2,RUE P BERIOT 197 IMP CUISSET,59172000BC0341,Maison,69,3.366428,50.325672
2022-977092,2022-09-01,Vente,110000,1455,RUE BERTHELOT,59172000AC0003,Maison,87,3.374393,50.34517
2022-977159,2022-08-17,Vente,50000,9,CITE D HERTAIN ALL BAUDRY,59172000AL2040,Maison,58,3.394546,50.333642
2022-977251,2022-09-15,Vente,55000,107,RUE JOSEPH DUYSBURGH,59172000AL1134,Maison,85,3.40126,50.329232
2022-977255,2022-09-15,Vente,60000,50,RUE LEBRET,59172000BD0163,Maison,99,3.376579,50.323857
2022-977286,2022-08-29,Vente,102200,24,IMP FERRER,59172000AK0472,Maison,91,3.38934,50.331191
2022-977435,2022-09-14,Vente,80968,4,RUE LOUIS BUSIERE,59172000AC0758,Maison,98,3.375417,50.339534
2022-977586,2022-09-08,Vente,52000,6,RUE R DUQUESNOY 27 IMP DELFANT,59172000AK0344,Maison,28,3.388509,50.330091
2022-977656,2022-08-26,Vente,81000,63,RUE DUSSOUBS,59172000BE0107,Maison,100,3.377741,50.327086
2022-977686,2022-08-30,Vente,213300,4,RUE DE BRUXELLES,59172000AD0386,Maison,94,3.380668,50.343411
2022-977834,2022-09-23,Vente,67000,94,RUE ERNEST RENAN,59172000AZ0273,Maison,77,3.373581,50.318412
2022-977884,2022-09-16,Vente,173400,8,RUE MAXENCE VAN DER MEERSCH,59172000AC0725,Maison,89,3.374307,50.341002
2022-978004,2022-09-30,Vente,95500,73,RUE CHARLES FOURIER,59172000AL0395,Maison,71,3.397738,50.332534
2022-978172,2022-09-30,Vente,157000,23,RUE BLANQUI,59172000AI0161,Maison,116,3.386013,50.331975
2022-978192,2022-09-26,Vente,70000,31,RUE PIERRE BERIOT,59172000BE0060,Maison,113,3.379305,50.325703
2022-978295,2022-10-04,Vente,99000,42,RUE JOSEPH DUYSBURGH,59172000AL1399,Maison,91,3.398877,50.32737
2022-978380,2022-10-07,Vente,130000,1256,RUE PIERRE NEVE,59172000AN0030,Maison,94,3.40129,50.339677
2022-978413,2022-09-30,Vente,68500,220,RUE PIERRE BERIOT,59172000BC0384,Maison,54,3.369616,50.323741
2022-978416,2022-09-27,Vente,119400,16,RUE GUILLAUME APPOLINAIRE,59172000AW0383,Maison,86,3.390516,50.315831
2022-978428,2022-10-04,Vente,295550,9002,QUAI PUBLIC AU DELA DE L E,59172000AR0074,Maison,116,3.413147,50.327402
2022-978428,2022-10-04,Vente,295550,9002,QUAI PUBLIC AU DELA DE L E,59172000AR0074,Maison,116,3.413147,50.327402
2022-978628,2022-10-15,Vente,100000,10,RUE FABRE D EGLANTINE,59172000AO0549,Maison,71,3.402579,50.332584
2022-978929,2022-10-28,Vente,90000,8,RUE BALZAC,59172000AT0150,Maison,80,3.413785,50.319916
2022-979017,2022-10-14,Vente,79500,45,RUE PAUL LAFARGUE,59172000AZ0709,Maison,102,3.372489,50.317876
2022-979045,2022-10-26,Vente,61000,86,BD DE VERDUN,59172000AW0047,Maison,62,3.39168,50.316442
2022-979112,2022-10-07,Vente,58000,,RUE LAZARE BERNARD,59172000BH1802,Appartement,99,3.390312,50.32707
2022-979236,2022-11-03,Vente,105000,4,RUE VICTOR NOIR,59172000BD1008,Maison,95,3.37765,50.322367
2022-979246,2022-10-11,Vente,137000,29,RUE MAINGOVAL,59172000AI0318,Appartement,71,3.387314,50.328312
2022-979246,2022-10-11,Vente,137000,29,RUE MAINGOVAL,59172000AI0318,Appartement,61,3.387314,50.328312
2022-979335,2022-10-27,Vente,100000,63,BD PRESIDENT KENNEDY,59172000AK0489,Maison,162,3.388626,50.331408
2022-979337,2022-10-25,Vente,51000,15,IMPASSE THIERRY,59172000BD1214,Maison,86,3.374739,50.322193
2022-979370,2022-10-14,Vente,149000,1,RUE DESANDROUIN 699 IMP LANNOY,59172000AL2362,Maison,46,3.398554,50.330273
2022-979370,2022-10-14,Vente,149000,6,RUE DESANDROUIN 699 IMP LANNOY,59172000AL2377,Maison,66,3.398413,50.330501
2022-979424,2022-11-04,Vente,62000,44,BD CARAMAN,59172000AK0527,Maison,82,3.387169,50.33145
2022-979431,2022-10-31,Vente,65000,51,RUE VICTOR HUGO,59172000AL1045,Maison,75,3.399607,50.329501
2022-979545,2022-10-19,Vente,99000,85,RUE ERNESTINE,59172000AK0100,Maison,80,3.393496,50.331762
2022-979549,2022-11-07,Vente,317500,450,RUE ALEXANDRE BAUDUIN,59172000AD0196,Maison,201,3.383378,50.345152
2022-979549,2022-11-07,Vente,317500,450,RUE ALEXANDRE BAUDUIN,59172000AD0196,Maison,201,3.383378,50.345152
2022-979564,2022-10-18,Vente,62500,74,BD DE VERDUN,59172000AW0340,Maison,84,3.392259,50.316727
2022-979568,2022-10-19,Vente,65000,197,RUE DE VILLARS,59172000AL1356,Maison,74,3.398561,50.326954
2022-979569,2022-10-24,Vente,76500,234,RUE DESLINSEL,59172000AP0195,Maison,82,3.405169,50.326097
2022-979572,2022-10-17,Vente,58000,49,RUE MONTESQUIEU,59172000AZ0200,Maison,44,3.372407,50.319031
2022-979627,2022-10-17,Vente,46700,39,RUE DU QUARTIER RENARD,59172000BD0161,Maison,38,3.376515,50.323823
2022-979656,2022-10-19,Vente,40000,247,IMP MOURA,59172000BD1250,Maison,40,3.374347,50.322914
2022-979661,2022-10-27,Vente,129000,1179,RUE ARTHUR BRUNET,59172000BC0088,Maison,110,3.371168,50.320399
2022-979783,2022-11-16,Vente,99750,6,RUE BLANQUI,59172000AK0601,Maison,96,3.386742,50.332566
2022-979793,2022-11-15,Vente,662991.4,59,BD PRESIDENT KENNEDY,59172000AK0487,Maison,96,3.388907,50.331373
2022-979793,2022-11-15,Vente,662991.4,77,BD PRESIDENT KENNEDY,59172000AK0496,Maison,93,3.388215,50.331269
2022-979793,2022-11-15,Vente,662991.4,81,BD PRESIDENT KENNEDY,59172000AK0498,Maison,90,3.388101,50.33124
2022-979793,2022-11-15,Vente,662991.4,85,BD PRESIDENT KENNEDY,59172000AK0500,Maison,95,3.387981,50.331169
2022-979865,2022-11-21,Vente,88000,60,RUE LUDOVIC TRARIEUX,59172000AL1626,Maison,55,3.397789,50.329211
2022-979865,2022-11-21,Vente,88000,588,RUE DESANDROUINS,59172000AL1665,Maison,69,3.397683,50.329267
2022-980072,2022-11-28,Vente,103650,127,RUE DU MARECHAL LECLERC,59172000AL1650,Maison,63,3.399052,50.329904
2022-980281,2022-11-26,Vente,83000,34,RUE FAIDHERBE,59172000BI0348,Maison,72,3.377037,50.318244
2022-980358,2022-11-21,Vente,168000,776,CHE DES DIX MUIDS,59172000ZA0564,Maison,90,3.36756,50.333634
2022-980358,2022-11-21,Vente,168000,776,CHE DES DIX MUIDS,59172000ZA0564,Maison,90,3.36756,50.333634
2022-980409,2022-11-25,Vente,89000,106,RES CLOS CAFUS 106 AV J JAURES,59172000AK1096,Appartement,62,3.391036,50.33422
2022-980579,2022-11-29,Vente,50000,17,BD DU 11 NOVEMBRE 1918,59172000AK0689,Maison,74,3.388499,50.332614
2022-980595,2022-12-07,Vente,30000,5,RUE P NEVE 32 RLE D CATAILLAUX,59172000AO0143,Maison,54,3.402786,50.329187
2022-980600,2022-12-05,Vente,75000,56,AV JEAN JAURES,59172000AK0128,Maison,131,3.393012,50.331798
2022-980641,2022-12-14,Vente,120000,122,RUE PAUL ELIE CASANOVA,59172000AP0420,Maison,65,3.407095,50.329099
2022-980641,2022-12-14,Vente,120000,124,RUE PAUL ELIE CASANOVA,59172000AP0623,Maison,126,3.407213,50.329117
2022-980683,2022-12-02,Vente,125000,18,RUE LA BRUYERE,59172000AT0255,Maison,81,3.413611,50.318053
2022-980755,2022-12-06,Vente,60000,60,AV JEAN JAURES,59172000AK0130,Maison,134,3.392969,50.331939
2022-980792,2022-12-06,Vente,40000,118,RUE HENRI BARBUSSE,59172000BH0440,Maison,45,3.393246,50.329974
2022-980797,2022-12-01,Vente,130000,1516,RUE DE TURENNE,59172000AB0216,Maison,72,3.366724,50.333249
2022-980897,2022-12-09,Vente,110500,206,RUE PIERRE BERIOT,59172000BC0058,Maison,97,3.369408,50.324431
2022-980922,2022-12-01,Vente,32000,58,RUE MERRHEIM,59172000BE0169,Maison,44,3.377361,50.326873
2022-980937,2022-12-13,Vente,100000,1,RUE DESANDROUIN 637 C LAURETTE,59172000AL1834,Appartement,70,3.397975,50.329741
2022-980937,2022-12-13,Vente,100000,1,RUE DESANDROUIN 637 C LAURETTE,59172000AL1834,Appartement,60,3.397975,50.329741
2022-981070,2022-12-15,Vente,16000,35,RUE ERNESTINE,59172000AK0865,Maison,91,3.394001,50.331407
2022-981136,2022-12-02,Vente,50000,61,RUE DUSSOUBS,59172000BE0108,Maison,65,3.377784,50.32702
2022-981151,2022-12-05,Vente,54000,18,IMPASSE THIERRY,59172000BD1159,Maison,101,3.37519,50.32248
2022-981154,2022-12-08,Vente,52000,53,RUE PIERRE NEVE,59172000AL1176,Maison,80,3.402134,50.329075
2022-981181,2022-12-22,Vente,54500,239,RUE DE TURENNE,59172000AI0454,Maison,66,3.38326,50.330554
2022-981212,2022-12-21,Vente,131000,9,RUE PASTEUR,59172000BD1019,Maison,202,3.377914,50.321894
2022-981441,2022-12-15,Vente,281600,31,RUE MAINGOVAL,59172000AI0317,Maison,114,3.387254,50.328441
2022-981441,2022-12-15,Vente,281600,36,RUE JULES MOUSSERON,59172000AI0321,Maison,82,3.387078,50.328439
2022-981441,2022-12-15,Vente,281600,34,RUE JULES MOUSSERON,59172000AI0471,Appartement,20,3.387144,50.328406
2022-981441,2022-12-15,Vente,281600,34,RUE JULES MOUSSERON,59172000AI0471,Appartement,32,3.387144,50.328406
2022-981441,2022-12-15,Vente,281600,34,RUE JULES MOUSSERON,59172000AI0471,Appartement,43,3.387144,50.328406
2022-981498,2022-12-29,Vente,426800,18,RUE JULES MOUSSERON,59172000BH0064,Appartement,15,3.388383,50.327077
2022-981498,2022-12-29,Vente,426800,18,RUE JULES MOUSSERON,59172000BH0064,Appartement,15,3.388383,50.327077
2022-981498,2022-12-29,Vente,426800,18,RUE JULES MOUSSERON,59172000BH0064,Appartement,19,3.388383,50.327077
2022-981498,2022-12-29,Vente,426800,18,RUE JULES MOUSSERON,59172000BH0064,Appartement,15,3.388383,50.327077
2022-981498,2022-12-29,Vente,426800,18,RUE JULES MOUSSERON,59172000BH0064,Appartement,15,3.388383,50.327077
2022-981498,2022-12-29,Vente,426800,18,RUE JULES MOUSSERON,59172000BH0064,Appartement,15,3.388383,50.327077
2022-981498,2022-12-29,Vente,426800,18,RUE JULES MOUSSERON,59172000BH0064,Appartement,19,3.388383,50.327077
2022-981498,2022-12-29,Vente,426800,18,RUE JULES MOUSSERON,59172000BH0064,Appartement,15,3.388383,50.327077
2022-981498,2022-12-29,Vente,426800,18,RUE JULES MOUSSERON,59172000BH0064,Appartement,15,3.388383,50.327077
2022-981498,2022-12-29,Vente,426800,18,RUE JULES MOUSSERON,59172000BH0064,Appartement,15,3.388383,50.327077
2022-981498,2022-12-29,Vente,426800,18,RUE JULES MOUSSERON,59172000BH0064,Appartement,15,3.388383,50.327077
2022-981498,2022-12-29,Vente,426800,18,RUE JULES MOUSSERON,59172000BH0064,Appartement,15,3.388383,50.327077
2022-981606,2022-12-21,Vente,281500,198,RUE PIERRE BERIOT,59172000BC0268,Maison,114,3.370282,50.324383
2022-981606,2022-12-21,Vente,281500,198,RUE PIERRE BERIOT,59172000BC0268,Maison,114,3.370282,50.324383
2022-981750,2022-12-30,Vente,113000,3,RUE BOILEAU,59172000AT0155,Maison,81,3.413258,50.319893
2022-981828,2022-12-29,Vente,87000,19,VC RES ANDRE JURENIL,59172000AH0307,Maison,92,3.38224,50.337524
2022-981924,2022-09-15,Adjudication,30000,6,RUE SAL ALLENDE 10 COR FONTAIN,59172000AI0488,Maison,54,3.385945,50.32839
2022-981924,2022-09-15,Adjudication,30000,6,RUE SAL ALLENDE 10 COR FONTAIN,59172000AI0506,Maison,40,3.386018,50.32828
2022-981930,2022-09-15,Adjudication,20000,1224,RUE BERTHELOT,59172000AD0035,Maison,45,,
2022-981930,2022-09-15,Adjudication,20000,1224,RUE BERTHELOT,59172000AD0035,Maison,30,,
2022-981930,2022-09-15,Adjudication,20000,1218,RUE BERTHELOT,59172000AD0036,Appartement,50,3.377238,50.343855
2022-981930,2022-09-15,Adjudication,20000,1218,RUE BERTHELOT,59172000AD0036,Appartement,50,3.377238,50.343855
2022-981936,2022-12-15,Adjudication,101000,84,RUE LAZARE BERNARD,59172000BH0174,Appartement,112,3.388634,50.328643
2022-981936,2022-12-15,Adjudication,101000,84,RUE LAZARE BERNARD,59172000BH0174,Appartement,100,3.388634,50.328643
2022-981936,2022-12-15,Adjudication,101000,84,RUE LAZARE BERNARD,59172000BH0174,Appartement,100,3.388634,50.328643
2022-981955,2022-09-15,Adjudication,39000,668,RUE ARTHUR BRUNET,59172000BD1064,Maison,95,3.377548,50.322485
2022-981956,2022-09-15,Adjudication,41000,55,RUE BLANQUI,59172000AI0135,Maison,66,3.385883,50.332849
