id_mutation,date_mutation,nature_mutation,valeur_fonciere,adresse_numero,adresse_nom_voie,id_parcelle,type_local,surface_reelle_bati,longitude,latitude
2025-750606,2025-01-09,Vente,114000,54,RUE SAINTE EMILIE,593920000V0764,Maison,97,3.940711,50.267608
2025-750606,2025-01-09,Vente,114000,52,RUE SAINTE EMILIE,593920000V0765,Maison,76,3.940808,50.267623
2025-750613,2025-01-14,Vente,201000,4,RUE DU MARAIS,59392000AD0886,Maison,152,3.936207,50.277952
2025-750613,2025-01-14,Vente,201000,4,RUE DU MARAIS,59392000AD0886,Maison,152,3.936207,50.277952
2025-750613,2025-01-14,Vente,201000,4,RUE DU MARAIS,59392000AD0886,Maison,152,3.936207,50.277952
2025-750621,2025-01-16,Vente,116000,15,RUE HENRI SCULFORT,593920000S0158,Maison,104,3.962013,50.278494
2025-750629,2025-01-10,Vente,160000,115,RTE DE MONS,593920000C0090,Maison,46,3.974961,50.291194
2025-750629,2025-01-10,Vente,160000,125,RTE DE MONS,593920000C0092,Maison,49,3.97491,50.29129
2025-750629,2025-01-10,Vente,160000,131,RTE DE MONS,593920000C0093,Maison,48,3.975066,50.291288
2025-750629,2025-01-10,Vente,160000,133,RTE DE MONS,593920000C0094,Maison,51,3.975101,50.291343
2025-750694,2025-01-21,Vente,113000,6,BD JEAN DE LA FONTAINE,59392000AV0249,Maison,78,3.959997,50.289548
2025-750732,2025-01-22,Vente,161500,14,RUE SAINT JEAN,593920000P0029,Maison,96,3.964861,50.28084
2025-750750,2025-01-14,Vente,155000,34,RUE FERDINAND REQUILLE,593920000B0147,Maison,85,3.979653,50.297989
2025-750750,2025-01-14,Vente,155000,34,RUE FERDINAND REQUILLE,593920000B0147,Maison,85,3.979653,50.297989
2025-750782,2025-01-07,Vente,67500,53,RUE DES FONDERIES,593920000V1150,Maison,98,3.942524,50.268845
2025-750812,2025-01-27,Vente,496200,421,RTE DE MONS,593920000A0160,Maison,248,3.976821,50.304928
2025-750812,2025-01-27,Vente,496200,421,RTE DE MONS,593920000A0160,Maison,248,3.976821,50.304928
2025-750860,2025-01-20,Vente,35000,9001,RES DU MOULIN BD DE L EUROPE,593920000S0490,Appartement,40,3.964484,50.279524
2025-750906,2025-01-29,Vente,40000,7,IMM LUXEMBOURG BD DE L EUR,593920000P0133,Appartement,67,3.969212,50.28132
2025-751000,2025-01-27,Vente,72200,8,RUE FERDINAND REQUILLE,593920000B0075,Maison,77,3.978566,50.298083
2025-751000,2025-01-27,Vente,72200,8,RUE FERDINAND REQUILLE,593920000B0075,Maison,77,3.978566,50.298083
2025-751080,2025-02-05,Vente,50000,2,IMM SAINT ELOI,593920000O0086,Appartement,56,3.972197,50.276137
2025-751123,2025-02-06,Vente,10000,28,RUE DE GRATTIERES,593920000Y0241,Maison,66,3.92933,50.266512
2025-751126,2025-01-23,Vente,92000,80,AV NICOLAS BOILEAU,59392000AV0028,Maison,92,3.962657,50.291819
2025-751131,2025-02-06,Vente,18000,1,RES BEAUSEJOUR AVE JEAN JAURES,593920000S0591,Appartement,67,3.963479,50.281554
2025-751184,2025-02-11,Vente,108500,4,RUE DE LA SCIERIE,593920000V1117,Maison,79,3.939349,50.267528
2025-751184,2025-02-11,Vente,108500,4,RUE DE LA SCIERIE,593920000V1117,Maison,79,3.939349,50.267528
2025-751236,2025-02-11,Vente,47000,6,RUE CHARLES NUNGESSER,59392000AZ0415,Maison,84,3.986758,50.286378
2025-751244,2025-02-10,Vente,60000,10,RUE DES CHENES,59392000AI0164,Maison,73,3.946415,50.284148
2025-751273,2025-02-11,Vente,96800,369,RTE DE MONS,593920000A0109,Maison,91,3.977446,50.302432
2025-751274,2025-01-27,Vente,25000,15,RUE DE L EGLISE,593920000U0051,Appartement,15,3.945831,50.271008
2025-751274,2025-01-27,Vente,25000,15,RUE DE L EGLISE,593920000U0051,Appartement,10,3.945831,50.271008
2025-751274,2025-01-27,Vente,25000,15,RUE DE L EGLISE,593920000U0051,Appartement,10,3.945831,50.271008
2025-751274,2025-01-27,Vente,25000,15,RUE DE L EGLISE,593920000U0051,Appartement,15,3.945831,50.271008
2025-751274,2025-01-27,Vente,25000,15,RUE DE L EGLISE,593920000U0051,Appartement,20,3.945831,50.271008
2025-751274,2025-01-27,Vente,25000,15,RUE DE L EGLISE,593920000U0051,Appartement,22,3.945831,50.271008
2025-751274,2025-01-27,Vente,25000,15,RUE DE L EGLISE,593920000U0051,Appartement,19,3.945831,50.271008
2025-751274,2025-01-27,Vente,25000,15,RUE DE L EGLISE,593920000U0051,Appartement,18,3.945831,50.271008
2025-751274,2025-01-27,Vente,25000,15,RUE DE L EGLISE,593920000U0051,Appartement,16,3.945831,50.271008
2025-751274,2025-01-27,Vente,25000,15,RUE DE L EGLISE,593920000U0051,Appartement,25,3.945831,50.271008
2025-751276,2025-02-10,Vente,199500,19,RUE DES SAULES,59392000AI0146,Maison,79,3.944532,50.281992
2025-751296,2025-02-13,Vente,104050,9002,RES VAUBAN BAT A,59392000BB0012,Appartement,90,3.977135,50.282234
2025-751302,2025-02-12,Vente,105676,5,ALL JULES MICHELET,59392000AK0442,Maison,83,3.957283,50.286729
2025-751304,2025-02-12,Vente,100000,37,RUE JOACHIM DU BELLAY,59392000AV0285,Maison,92,3.960944,50.288453
2025-751318,2025-01-27,Vente,45000,21,RUE DU GENERAL FOURNIER,593920000O0074,Appartement,20,3.972842,50.275512
2025-751380,2025-02-17,Vente,36000,94,RUE DES USINES,593920000T0079,Maison,78,3.952161,50.274476
2025-751386,2025-02-11,Vente,70000,112,RUE SAINT ANTOINE,59392000AF0499,Maison,115,3.949888,50.274067
2025-751445,2025-02-17,Vente,105000,99,RUE DE DOUZIES,59392000AC0100,Maison,90,3.942101,50.272779
2025-751448,2025-02-17,Vente,60000,43,IMM LE SUISSE BD DE L EURO,593920000K0033,Appartement,64,3.968895,50.275125
2025-751553,2025-01-30,Vente,59000,22,RUE JEANNE JUGAN,593920000V0070,Maison,68,3.940686,50.26882
2025-751624,2025-02-24,Vente,10000,7,RUE DU FBG SAINTE ALDEGONDE,593920000H0254,Maison,60,3.977684,50.272088
2025-751625,2025-02-24,Vente,14000,5,RUE DU FBG SAINTE ALDEGONDE,593920000H0253,Maison,70,3.977627,50.272077
2025-751727,2025-02-25,Vente,118750,32,BD ERNEST LAVISSE,59392000AK0455,Maison,96,3.956543,50.286358
2025-751746,2025-02-27,Vente,125000,29,LDT LE MANOIR,59392000AW0271,Maison,92,3.968355,50.292035
2025-751750,2025-02-28,Vente,173000,24,PL DE LA CONCORDE,593920000N0052,Appartement,148,3.973026,50.278452
2025-751786,2025-02-24,Vente,109000,18,RUE CASIMIR FOURNIER,593920000N0131,Appartement,32,3.975222,50.279944
2025-751963,2025-03-05,Vente,85000,9006,RES VAUBAN BAT C,59392000BB0012,Appartement,105,3.977135,50.282234
2025-751968,2025-03-03,Vente,120000,23,BD JEAN DE LA FONTAINE,59392000AV0199,Maison,80,3.958973,50.289864
2025-752000,2025-03-10,Vente,95000,13,AV NICOLAS BOILEAU,59392000AV0071,Maison,92,3.960434,50.290546
2025-752002,2025-03-10,Vente,44000,62,RUE DU CHEMIN DE FER,593920000Y0056,Maison,106,3.933651,50.26865
2025-752016,2025-02-20,Vente,45900,45,RES CITIZEN PARK RUE L.BATHIAT,59392000AZ0845,Appartement,31,3.984378,50.286128
2025-752017,2025-02-24,Vente,35000,2,RUE DE GOGNIES CHAUSSEE,593920000Q0392,Maison,91,3.969015,50.285014
2025-752133,2025-03-11,Vente,152000,2,RUE MICHEL DE MONTAIGNE,59392000AW0354,Maison,120,3.964697,50.293758
2025-752166,2025-03-17,Vente,65000,39,RUE DE ROUSIES,593920000H0140,Maison,120,3.973516,50.268605
2025-752193,2025-03-13,Vente,40000,1,RES BEAUSEJOUR AVE JEAN JAURES,593920000S0591,Appartement,64,3.963479,50.281554
2025-752200,2025-03-03,Vente,68000,2,RUE DE LA LIBERTE,593920000S0416,Maison,69,3.962233,50.277551
2025-752310,2025-03-17,Vente,40000,7,IMM LUXEMBOURG BD DE L EUR,593920000P0133,Appartement,77,3.969212,50.28132
2025-752313,2025-01-20,Vente,180000,74,RUE D HAUTMONT,593920000T0162,Appartement,66,3.955826,50.272837
2025-752313,2025-01-20,Vente,180000,74,RUE D HAUTMONT,593920000T0162,Appartement,66,3.955826,50.272837
2025-752356,2025-03-14,Vente,55000,484,RUE D HAUTMONT,59392000AB0432,Maison,75,3.933627,50.267222
2025-752422,2025-03-20,Vente,123500,10,AV DU COLONEL SCHOULLER,593920000O0039,Appartement,106,3.969624,50.27581
2025-752461,2025-03-24,Vente,110000,9001,RES FLORALIES RUE DE LA CROIX,593920000M0303,Appartement,119,3.97438,50.276531
2025-752497,2025-03-13,Vente,257000,9001,RES FLORALIES RUE DE LA CROIX,593920000M0303,Appartement,105,3.97438,50.276531
2025-752572,2025-03-27,Vente,38000,10,RUE VAUBAN,593920000N0199,Appartement,32,3.975478,50.280009
2025-752573,2025-03-18,Vente,71500,400,RUE D HAUTMONT,593920000X0017,Maison,105,3.938701,50.266114
2025-752573,2025-03-18,Vente,71500,400,RUE D HAUTMONT,593920000X0017,Maison,120,3.938701,50.266114
2025-752599,2025-03-28,Vente,75000,27,RUE DE GOGNIES CHAUSSEE,593920000R0436,Maison,62,3.967734,50.285198
2025-752628,2025-03-31,Vente,70000,9006,RES VAUBAN BAT C,59392000BB0012,Appartement,104,3.977135,50.282234
2025-752728,2025-04-01,Vente,100000,4,RUE CENTRALE,593920000Y0581,Maison,112,3.929504,50.2686
2025-752744,2025-03-07,Vente,60000,2,AV DE VERDUN,593920000K0001,Appartement,69,3.968698,50.274531
2025-752822,2025-04-02,Vente,46000,1,IMM LE NICE RUE DE PROVENC,593920000L0077,Appartement,68,3.974308,50.274236
2025-752834,2025-03-18,Vente,36000,16,RUE ANCIEN PONT ROUGE,59392000BB0099,Maison,69,3.983394,50.28523
2025-752906,2025-04-07,Vente,128500,86,RTE VALENCIENNES I D T,593920000Q0317,Maison,74,3.968551,50.282817
2025-752913,2025-04-08,Vente,180000,20,RTE D ELESMES,59392000BB0023,Maison,91,3.977414,50.283589
2025-752913,2025-04-08,Vente,180000,20,RTE D ELESMES,59392000BB0023,Maison,91,3.977414,50.283589
2025-752933,2025-04-07,Vente,159000,20,RUE LUCIEN BRASSEUR,59392000AY0388,Maison,84,3.977343,50.287983
2025-752945,2025-04-09,Vente,24000,74,RUE DU TILLEUL,593920000U0360,Maison,59,3.951443,50.270623
2025-753015,2025-04-11,Vente,140000,78,RUE ROLAND GARROS,59392000AZ0262,Maison,81,3.989087,50.286898
2025-753044,2025-03-25,Vente,121000,164,RUE DU PONT DE PIERRES,59392000AH0278,Maison,69,3.952712,50.284802
2025-753046,2025-03-25,Vente,88000,88,ALL VERTE,59392000AY0153,Maison,60,3.978295,50.287733
2025-753055,2025-03-13,Vente,38000,63,RES LES IRIS AVE JEAN JAURES,593920000S0030,Appartement,72,3.963289,50.282042
2025-753089,2025-04-11,Vente,80000,24,RUE ANCIEN PONT ROUGE,59392000BB0103,Maison,76,3.983383,50.284882
2025-753089,2025-04-11,Vente,80000,24,RUE ANCIEN PONT ROUGE,59392000BB0103,Maison,76,3.983383,50.284882
2025-753092,2025-04-14,Vente,155000,1,RUE DES BRIQUETERIES,593920000Z0059,Maison,135,3.933698,50.272743
2025-753100,2025-04-07,Vente,48500,127,RTE DE FEIGNIES,59392000AK0251,Maison,49,3.960912,50.2868
2025-753271,2025-04-17,Vente,65000,17,RUE SAINT ANTOINE,593920000T0479,Maison,105,3.954368,50.276282
2025-753275,2025-04-16,Vente,84000,227,RUE DU PONT DE PIERRES,59392000AI0110,Maison,110,3.94735,50.28464
2025-753298,2025-04-14,Vente,47000,23,RUE SAINTE EMILIE,593920000V0446,Maison,92,3.94406,50.268683
2025-753327,2025-03-28,Vente,32000,13,RUE DES LAMINOIRS,593920000U0261,Maison,127,3.949475,50.270901
2025-753423,2025-04-22,Vente,50000,4,IMM SAINT ELOI,593920000O0086,Appartement,56,3.972197,50.276137
2025-753429,2025-04-28,Vente,95000,2,RUE DU JEU DE PAUME,593920000U0039,Maison,82,3.945026,50.270765
2025-753429,2025-04-28,Vente,95000,5,RUE MINIERES,593920000U0040,Maison,72,3.945131,50.270709
2025-753429,2025-04-28,Vente,95000,7,RUE MINIERES,593920000U0041,Maison,50,3.945197,50.27076
2025-753528,2025-04-24,Vente,150000,1,RES LE CANNES,593920000G0173,Appartement,120,3.97468,50.274734
2025-753541,2025-04-24,Vente,152000,90,RUE DE TIVOLI,593920000R0178,Maison,93,3.967136,50.283511
2025-753541,2025-04-24,Vente,152000,90,RUE DE TIVOLI,593920000R0178,Maison,93,3.967136,50.283511
2025-753541,2025-04-24,Vente,152000,90,RUE DE TIVOLI,593920000R0178,Maison,93,3.967136,50.283511
2025-753562,2025-04-24,Vente,60000,9,RUE DU CAPITAINE,59392000AG0188,Maison,66,3.955352,50.280045
2025-753597,2025-04-28,Vente,47000,63,RES LES IRIS AVE JEAN JAURES,593920000S0030,Appartement,72,3.963289,50.282042
2025-753601,2025-04-25,Vente,41500,304,RTE DE MONS,593920000A0033,Maison,34,3.977591,50.29948
2025-753606,2025-04-30,Vente,97200,13,RUE DU FAUBOURG SAINT QUENTIN,593920000S0669,Maison,97,3.963639,50.280231
2025-753637,2025-04-28,Vente,135900,37,RUE GREVEAUX,593920000Z0456,Maison,68,3.929618,50.272777
2025-753655,2025-04-28,Vente,72200,2,RUE DE LA GARE DE SOUS LE BOIS,593920000X0022,Maison,150,3.939388,50.265918
2025-753659,2025-04-29,Vente,70000,16,RUE VAUBAN,593920000N0199,Maison,106,3.975478,50.280009
2025-753666,2025-04-28,Vente,150000,93,RUE GRAND BOIS,59392000AN0059,Maison,93,3.970014,50.302779
2025-753666,2025-04-28,Vente,150000,93,RUE GRAND BOIS,59392000AN0059,Maison,93,3.970014,50.302779
2025-753683,2025-04-29,Vente,65000,35,AV JEAN JAURES,593920000P0014,Maison,78,3.965589,50.282137
2025-753706,2025-04-29,Vente,58000,57,RUE CHATEAU D EAU,593920000Y0552,Maison,73,3.929198,50.269009
2025-753722,2025-04-29,Vente,95000,2,IMP DU CHAMP L ABBESSE,59392000AJ0026,Maison,87,3.932382,50.281114
2025-753735,2025-04-30,Vente,125000,81,BD DE JEUMONT,59392000BB0081,Maison,112,3.982767,50.284382
2025-753738,2025-04-30,Vente,82000,232,RUE DE LA LIBERTE,59392000AE0182,Maison,64,3.944867,50.280561
2025-753742,2025-04-30,Vente,55000,22,RUE SAINT JEAN,593920000P0023,Maison,134,3.965115,50.281302
2025-753877,2025-04-10,Vente,50000,11,IMP DU CHOLERA,593920000M0045,Appartement,42,3.976475,50.276946
2025-753881,2025-04-30,Vente,127920,86,AV NICOLAS BOILEAU,59392000AV0025,Maison,129,3.9625,50.292076
2025-754095,2025-04-25,Vente,103600,7,RUE DU NORD,593920000Y0616,Maison,88,3.929402,50.267832
2025-754107,2025-04-30,Vente,350000,18,AV DE VERDUN,593920000K0037,Appartement,37,3.969938,50.274486
2025-754107,2025-04-30,Vente,350000,20,AV DE VERDUN,593920000K0037,Appartement,84,3.969938,50.274486
2025-754107,2025-04-30,Vente,350000,18,AV DE VERDUN,593920000K0037,Appartement,27,3.969938,50.274486
2025-754107,2025-04-30,Vente,350000,18,AV DE VERDUN,593920000K0037,Appartement,34,3.969938,50.274486
2025-754160,2025-05-15,Vente,220000,19,RUE HOSPICE,593920000O0126,Appartement,55,3.972067,50.277405
2025-754160,2025-05-15,Vente,220000,19,RUE HOSPICE,593920000O0126,Appartement,71,3.972067,50.277405
2025-754160,2025-05-15,Vente,220000,19,RUE HOSPICE,593920000O0126,Appartement,80,3.972067,50.277405
2025-754160,2025-05-15,Vente,220000,19,RUE HOSPICE,593920000O0126,Appartement,26,3.972067,50.277405
2025-754160,2025-05-15,Vente,220000,19,RUE HOSPICE,593920000O0126,Appartement,25,3.972067,50.277405
2025-754173,2025-04-30,Vente,44000,49,IMM ITALIE BD DE L EUROPE,593920000K0033,Appartement,64,3.968895,50.275125
2025-754184,2025-04-30,Vente,104500,294,RTE DE MONS,593920000A0051,Maison,122,3.977528,50.299116
2025-754203,2025-05-15,Vente,78500,21,CORO RAMBAUD TIVOLI,593920000R0884,Maison,69,3.967297,50.284859
2025-754318,2025-05-09,Vente,23000,29,RUE DU CORBEAU,59392000AD0058,Maison,75,3.941271,50.279443
2025-754436,2025-05-26,Vente,95000,8,RTE D ELESMES,59392000BB0019,Maison,80,3.97687,50.283393
2025-754438,2025-05-26,Vente,87900,62,RES ILE DE FRANCE RUE G DUBUT,593920000L0095,Appartement,81,3.973516,50.273597
2025-754442,2025-05-26,Vente,54000,68,RUE SAINT ANTOINE,59392000AF0536,Maison,85,3.952056,50.275335
2025-754445,2025-05-26,Vente,75000,14,RUE DU CDT CHARCOT,593920000C0363,Maison,88,3.970931,50.292696
2025-754519,2025-05-20,Vente,54000,2,IMM SAINT ELOI,593920000O0086,Appartement,65,3.972197,50.276137
2025-754527,2025-05-22,Vente,153000,4,ALL LOUIS 13,59392000AX0159,Maison,94,3.969521,50.288644
2025-754531,2025-05-22,Vente,112000,2,PL JEAN MERMOZ,59392000AZ0569,Maison,81,3.985386,50.285419
2025-754555,2025-05-27,Vente,82000,30,BD ERNEST LAVISSE,59392000AK0456,Maison,96,3.956502,50.286205
2025-754610,2025-05-22,Vente,40000,6,RUE DES ALLIES,593920000T0317,Maison,89,3.955707,50.275946
2025-754637,2025-06-03,Vente,135000,22,RUE DES CHENES,59392000AI0178,Maison,72,3.944857,50.284214
2025-754649,2025-06-03,Vente,95000,72,RUE VICTOR HUGO,59392000AD0203,Maison,114,3.934963,50.276632
2025-754663,2025-05-28,Vente,70000,11,RUE HENRI BECQUEREL,59392000AC0471,Maison,89,3.935632,50.274818
2025-754784,2025-06-05,Vente,88000,1,PL VERTE,593920000M0178,Appartement,100,3.973976,50.277187
2025-754787,2025-05-27,Vente,80000,1,IMM LES NERVIENS LA CORNIC,593920000O0108,Appartement,82,3.972584,50.276135
2025-754882,2025-06-11,Vente,98750,55,RUE DE GRATTIERES,593920000Y0282,Maison,97,3.929125,50.265885
2025-754897,2025-06-10,Vente,113900,9006,RES VAUBAN BAT C,59392000BB0012,Appartement,104,3.977135,50.282234
2025-754902,2025-06-11,Vente,98000,56,RUE DES LAMINOIRS,593920000U1297,Appartement,110,3.948875,50.27203
2025-754902,2025-06-11,Vente,98000,56,RUE DES LAMINOIRS,593920000U1297,Appartement,75,3.948875,50.27203
2025-754919,2025-06-11,Vente,60000,1,IMM LE SUEDE BD DE L EUROP,593920000P0135,Appartement,66,3.969745,50.281511
2025-755011,2025-06-05,Vente,115000,4,RUE DUGAY TROUIN,593920000C0373,Maison,68,3.971095,50.293195
2025-755048,2025-06-16,Vente,110000,10,RUE DE LA LIBERTE,593920000S0172,Maison,155,3.961727,50.277786
2025-755067,2025-06-16,Vente,118300,280,RUE DU PONT DE PIERRES,59392000AK0714,Maison,75,3.940975,50.28602
2025-755069,2025-06-16,Vente,128000,14,RUE DES SARS,593920000C0318,Maison,111,3.974382,50.290482
2025-755069,2025-06-16,Vente,128000,14,RUE DES SARS,593920000C0318,Maison,111,3.974382,50.290482
2025-755083,2025-06-17,Vente,30000,71,RUE PECART,593920000U0609,Maison,66,3.950604,50.273687
2025-755085,2025-06-17,Vente,72200,59,RES ILE DE FRANCE RUE G DUBUT,593920000L0095,Appartement,71,3.973516,50.273597
2025-755121,2025-06-10,Vente,82000,9006,RES VAUBAN BAT C,59392000BB0012,Appartement,114,3.977135,50.282234
2025-755330,2025-06-24,Vente,25000,48,PL DE L INDUSTRIE,593920000U1323,Maison,80,3.947974,50.271554
2025-755563,2025-06-25,Vente,109000,9,ALL JULES MICHELET,59392000AK0444,Maison,96,3.957503,50.286422
2025-755571,2025-06-03,Vente,129600,58,RTE VALENCIENNES I D T,593920000Q0295,Maison,110,3.970489,50.282903
2025-755630,2025-06-27,Vente,114000,2,ALL LOUIS 18,59392000AX0228,Maison,89,3.966497,50.287743
2025-755636,2025-06-12,Vente,40000,75,RUE DU CORBEAU,59392000AD0079,Maison,72,3.939311,50.27866
2025-755645,2025-06-30,Vente,100000,101,RES LE CLOS ST LOUIS RUE DE LA,59392000AG0341,Appartement,78,3.953556,50.277845
2025-755649,2025-06-27,Vente,75000,80,RES ILE DE FRANCE RUE G DUBUT,593920000L0095,Appartement,81,3.973516,50.273597
2025-755650,2025-06-03,Vente,41200,9,RUE DE LA POSTE,593920000U1335,Appartement,12,3.944428,50.271443
2025-755650,2025-06-03,Vente,41200,9,RUE DE LA POSTE,593920000U1335,Appartement,9,3.944428,50.271443
2025-755780,2025-07-04,Vente,89000,16,RUE PECART,593920000U0701,Maison,121,3.953162,50.272204
2025-755780,2025-07-04,Vente,89000,16,RUE PECART,593920000U0701,Maison,121,3.953162,50.272204
2025-755813,2025-06-30,Vente,59000,9,RTE DE MONS,593920000Q0652,Appartement,42,3.973343,50.283842
2025-755823,2025-07-04,Vente,38000,45,RES CITIZEN PARK RUE L BATHIAT,59392000AZ0845,Appartement,34,3.984378,50.286128
2025-755886,2025-07-07,Vente,199999,108,RTE D ELESMES,59392000AZ0626,Maison,145,3.984518,50.287108
2025-755898,2025-07-08,Vente,50940,1,RES BEAUSEJOUR AVE JEAN JAURES,593920000S0591,Appartement,60,3.963479,50.281554
2025-755945,2025-07-09,Vente,55000,43,RUE VICTOR HUGO,59392000AD0791,Maison,91,3.937152,50.278613
2025-755997,2025-06-25,Vente,48000,9,RTE DE MONS,593920000Q0652,Appartement,42,3.973343,50.283842
2025-756108,2025-07-11,Vente,99000,12,RUE DES ALLIES,593920000T0314,Maison,105,3.956046,50.276002
2025-756134,2025-07-15,Vente,101000,11,RUE ADOLPHE MATHA,593920000I0007,Maison,78,3.964683,50.265054
2025-756138,2025-07-11,Vente,115000,17,RUE DU CAPITAINE,59392000AG0194,Maison,103,3.954811,50.279071
2025-756157,2025-06-30,Vente,41500,12,RUE P DE COUBERTIN,59392000AG0077,Maison,56,3.952371,50.28116
2025-756158,2025-07-03,Vente,40000,13,RUE DES BLEUETS,59392000AF0652,Maison,92,3.944866,50.272641
2025-756164,2025-07-04,Vente,33000,45,RES CITIZEN PARK RUE L BATHIAT,59392000AZ0845,Appartement,30,3.984378,50.286128
2025-756175,2025-07-11,Vente,33000,1,IMM LE SUEDE BD DE L EUROP,593920000P0135,Appartement,66,3.969745,50.281511
2025-756215,2025-05-28,Vente,190000,171,RUE DE LA LIBERTE,59392000AE0338,Maison,98,3.948864,50.278532
2025-756224,2025-07-16,Vente,35000,7,IMM LUXEMBOURG BD DE L EUR,593920000P0133,Appartement,67,3.969212,50.28132
2025-756383,2025-07-22,Vente,100000,6,RUE CLEMENT ADER,59392000AZ0209,Maison,85,3.987107,50.284662
2025-756422,2025-07-09,Vente,84000,37,LDT MAIL DE LA SAMBRE,593920000O0063,Appartement,110,3.971758,50.277076
2025-756439,2025-07-24,Vente,99500,11,LDT MAIL DE LA SAMBRE,593920000O0063,Appartement,90,3.971758,50.277076
2025-756442,2025-07-22,Vente,55000,9,RUE SAINT ANTOINE,593920000T0728,Appartement,70,3.954882,50.276734
2025-756442,2025-07-22,Vente,55000,9,RUE SAINT ANTOINE,593920000T0728,Appartement,70,3.954882,50.276734
2025-756445,2025-07-23,Vente,98000,37,AV NICOLAS BOILEAU,59392000AV0083,Maison,107,3.962151,50.291379
2025-756499,2025-06-25,Vente,227000,35,RUE DE ROUSIES,593920000H0136,Maison,87,3.973871,50.268721
2025-756559,2025-07-10,Vente,80000,9,RTE DE MONS,593920000Q0652,Appartement,62,3.973343,50.283842
2025-756694,2025-07-25,Vente,70000,52,BD FRANCOIS RENE CHATEAUBRIAN,59392000AK0516,Maison,92,3.95747,50.285785
2025-756764,2025-07-04,Vente,125000,480,RUE D HAUTMONT,59392000AB0430,Maison,117,3.933768,50.267153
2025-756770,2025-07-25,Vente,280000,26,RUE SAINTE EMILIE,593920000V0132,Appartement,70,3.942359,50.268397
2025-756770,2025-07-25,Vente,280000,26,RUE SAINTE EMILIE,593920000V0132,Appartement,53,3.942359,50.268397
2025-756770,2025-07-25,Vente,280000,26,RUE SAINTE EMILIE,593920000V0132,Appartement,57,3.942359,50.268397
2025-756770,2025-07-25,Vente,280000,26,RUE SAINTE EMILIE,593920000V0132,Appartement,70,3.942359,50.268397
2025-756770,2025-07-25,Vente,280000,26,RUE SAINTE EMILIE,593920000V0132,Appartement,57,3.942359,50.268397
2025-756770,2025-07-25,Vente,280000,26,RUE SAINTE EMILIE,593920000V0132,Appartement,57,3.942359,50.268397
2025-756770,2025-07-25,Vente,280000,26,RUE SAINTE EMILIE,593920000V0132,Appartement,53,3.942359,50.268397
2025-756770,2025-07-25,Vente,280000,26,RUE SAINTE EMILIE,593920000V0132,Appartement,70,3.942359,50.268397
2025-756770,2025-07-25,Vente,280000,26,RUE SAINTE EMILIE,593920000V0132,Appartement,57,3.942359,50.268397
2025-756770,2025-07-25,Vente,280000,26,RUE SAINTE EMILIE,593920000V0132,Appartement,70,3.942359,50.268397
2025-756776,2025-07-29,Vente,59000,69,RUE DES CROSSEURS,59392000AY0508,Maison,77,3.980321,50.288416
2025-756787,2025-07-29,Vente,15000,18,RUE DU MARAIS,59392000AD0358,Maison,58,3.93482,50.278258
2025-756826,2025-07-09,Vente,95000,13,RUE JEANNE D ARC,59392000AD0334,Maison,59,3.942413,50.280164
2025-756841,2025-07-30,Vente,114000,265,RTE DE MONS,593920000B0098,Maison,103,3.97598,50.297183
2025-756841,2025-07-30,Vente,114000,265,RTE DE MONS,593920000B0098,Maison,103,3.97598,50.297183
2025-756894,2025-07-04,Vente,135000,9004,RES VAUBAN BAT B,59392000BB0012,Appartement,104,3.977135,50.282234
2025-756977,2025-08-01,Vente,75000,111,RUE ERMITAGE,59392000AB0304,Maison,94,3.938882,50.27099
2025-757075,2025-08-05,Vente,208750,73,RES LE PRIEURE RUE VAUBAN,593920000N0180,Appartement,110,3.975737,50.279586
2025-757130,2025-08-01,Vente,68500,76,RES ILE DE FRANCE RUE G DUBUT,593920000L0095,Appartement,51,3.973516,50.273597
2025-757152,2025-08-07,Vente,130000,39,RUE LEON BATHIAT,59392000AZ0607,Maison,62,3.985373,50.286405
2025-757199,2025-08-05,Vente,149800,19,RUE JEAN RACINE,59392000AV0166,Maison,109,3.959917,50.291308
2025-757209,2025-07-30,Vente,127000,9004,RES VAUBAN BAT B,59392000BB0012,Appartement,114,3.977135,50.282234
2025-757210,2025-08-04,Vente,246750,171,RUE DE LA LIBERTE,59392000AE0317,Maison,98,3.948679,50.278284
2025-757210,2025-08-04,Vente,246750,171,RUE DE LA LIBERTE,59392000AE0317,Maison,98,3.948679,50.278284
2025-757305,2025-08-11,Vente,63000,63,RES LES IRIS AVE JEAN JAURES,593920000S0030,Appartement,72,3.963289,50.282042
2025-757308,2025-08-06,Vente,175000,48,RUE FERDINAND REQUILLE,593920000B0153,Maison,91,3.981791,50.297958
2025-757308,2025-08-06,Vente,175000,48,RUE FERDINAND REQUILLE,593920000B0153,Maison,91,3.981791,50.297958
2025-757324,2025-08-11,Vente,177375,304,AV JEAN JAURES,59392000AI0058,Maison,106,3.939239,50.281381
2025-757476,2025-08-20,Vente,90000,56,RUE JEANNE JUGAN,593920000V0013,Maison,85,3.938255,50.267723
2025-757481,2025-08-20,Vente,14000,25,RUE DE LA VICTOIRE,593920000T0158,Maison,56,3.954603,50.273044
2025-757482,2025-08-19,Vente,166300,56,RTE D ELESMES,59392000BB0050,Maison,90,3.980736,50.284812
2025-757482,2025-08-19,Vente,166300,56,RTE D ELESMES,59392000BB0050,Maison,90,3.980736,50.284812
2025-757532,2025-08-22,Vente,41500,1,IMM LE NICE RUE DE PROVENC,593920000L0077,Appartement,68,3.974308,50.274236
2025-757571,2025-08-25,Vente,265000,5,RUE DE TIVOLI,593920000Q0219,Maison,95,3.973694,50.285893
2025-757571,2025-08-25,Vente,265000,5,RUE DE TIVOLI,593920000Q0219,Maison,95,3.973694,50.285893
2025-757587,2025-08-26,Vente,250000,175,RUE GREVEAUX,59392000AT0208,Maison,108,3.921103,50.267483
2025-757587,2025-08-26,Vente,250000,175,RUE GREVEAUX,59392000AT0208,Maison,108,3.921103,50.267483
2025-757606,2025-08-26,Vente,133000,127,RUE DU PONT DE PIERRES,59392000AH0427,Maison,79,3.95652,50.284177
2025-757606,2025-08-26,Vente,133000,127,RUE DU PONT DE PIERRES,59392000AH0427,Maison,79,3.95652,50.284177
2025-757631,2025-08-28,Vente,80000,1,IMM LES NERVIENS LA CORNIC,593920000O0108,Appartement,81,3.972584,50.276135
2025-757654,2025-06-30,Vente,228400,35,RUE GREVEAUX,593920000Z0546,Maison,131,3.930687,50.273003
2025-757658,2025-08-28,Vente,125000,100,RUE GRAND BOIS,59392000AN0101,Maison,63,3.966253,50.303645
2025-757674,2025-08-27,Vente,128500,397,RTE DE MONS,593920000A0120,Maison,40,3.977287,50.303995
2025-757674,2025-08-27,Vente,128500,395,RTE DE MONS,593920000A0143,Maison,58,3.977292,50.303953
2025-757674,2025-08-27,Vente,128500,399,RTE DE MONS,593920000A0151,Maison,58,3.977081,50.304084
2025-757674,2025-08-27,Vente,128500,399,RTE DE MONS,593920000A0151,Maison,58,3.977081,50.304084
2025-757681,2025-08-14,Vente,142400,11,RUE NOUVELLE,59392000AH0001,Maison,103,3.959478,50.285234
2025-757705,2025-08-28,Vente,97500,14,RTE VALENCIENNES I D T,593920000Q0469,Maison,80,3.973414,50.282873
2025-757747,2025-08-07,Vente,47500,18,IMM PORTE DE FRANCE AVE C,593920000O0092,Appartement,65,3.972521,50.275608
2025-757795,2025-07-11,Vente,206600,7,SQ DES OISELEURS,59392000AF0697,Maison,88,3.942657,50.274694
2025-757820,2025-09-03,Vente,75000,47,RUE PECART,593920000U0549,Maison,104,3.951458,50.27283
2025-757823,2025-09-02,Vente,52000,16,RUE DU CHATEAU,593920000T0271,Maison,88,3.954795,50.276017
2025-757859,2025-09-05,Vente,159000,9,IMM LE DANEMARK PORTE DE B,593920000P0135,Appartement,121,3.969745,50.281511
2025-757863,2025-09-05,Vente,44000,4,IMM SAINT ELOI,593920000O0086,Appartement,66,3.972197,50.276137
2025-757898,2025-09-10,Vente,59848,9001,RES DU MOULIN BD DE L EUROPE,593920000S0490,Appartement,60,3.964484,50.279524
2025-757947,2025-08-14,Vente,220000,1,RLE DES VITRIERS,593920000C0558,Maison,94,3.975005,50.293603
2025-757951,2025-08-22,Vente,100000,101,RES LE CLOS ST LOUIS RUE DE LA,59392000AG0341,Appartement,79,3.953556,50.277845
2025-757956,2025-09-08,Vente,81700,22,PL DE LA CONCORDE,593920000N0051,Appartement,85,3.973311,50.278402
2025-757993,2025-09-10,Vente,78000,48,RES ILE DE FRANCE RUE G DUBUT,593920000L0095,Appartement,71,3.973516,50.273597
2025-758035,2025-08-29,Vente,123000,37,LE BUILDING PL DES NATIONS,593920000N0047,Appartement,105,3.974918,50.278426
2025-758060,2025-08-29,Vente,50750,57,RUE EMILE ZOLA,59392000AW0179,Maison,77,3.966682,50.293317
2025-758180,2025-09-16,Vente,43500,25,RUE DU GAUCHE PIED,593920000I0444,Maison,86,3.969101,50.268918
2025-758186,2025-09-15,Vente,30000,27,RUE JEANNE D ARC,59392000AE0130,Maison,61,3.941906,50.278674
2025-758200,2025-09-17,Vente,65000,5,BD FRANCOIS RENE CHATEAUBRIAN,59392000AK0128,Maison,93,3.957678,50.2873
2025-758238,2025-09-17,Vente,81000,38,RUE JOACHIM DU BELLAY,59392000AV0300,Maison,109,3.962221,50.288926
2025-758258,2025-09-19,Vente,85000,245,RUE DE LA LIBERTE,59392000AD0761,Maison,77,3.942378,50.280699
2025-758284,2025-08-29,Vente,94950,484,RUE D HAUTMONT,59392000AB0432,Maison,75,3.933627,50.267222
2025-758298,2025-09-18,Vente,90000,10,RUE SAINT JEAN,593920000P0031,Maison,88,3.96478,50.280693
2025-758324,2025-09-11,Vente,60000,9,RUE DES ALLIES,593920000T0304,Maison,92,3.955837,50.27635
2025-758358,2025-09-15,Vente,62500,9,RTE DE MONS,593920000Q0652,Appartement,54,3.973343,50.283842
2025-758389,2025-09-23,Vente,115000,18,ALL LOUIS 15,59392000AX0196,Maison,107,3.968627,50.28735
2025-758435,2025-09-17,Vente,89925,81,RUE DU GAUCHE PIED,593920000I0527,Maison,97,3.967756,50.266512
2025-758462,2025-08-29,Vente,130100,4,RUE DES ROSES,59392000AF0659,Maison,92,3.943385,50.272511
2025-758463,2025-08-26,Vente,52300,27,IMM GOUNOD RUE DES ARTS,593920000K0041,Appartement,58,3.970603,50.273669
2025-758499,2025-09-22,Vente,182000,10,BD DES OCEANS,59392000BB0160,Maison,110,3.981235,50.282291
2025-758499,2025-09-22,Vente,182000,10,BD DES OCEANS,59392000BB0160,Maison,110,3.981235,50.282291
2025-758506,2025-09-18,Vente,152500,15,RUE DU CAPITAINE,59392000AG0192,Maison,71,3.955009,50.279265
2025-758506,2025-09-18,Vente,152500,15,RUE DU CAPITAINE,59392000AG0192,Maison,71,3.955009,50.279265
2025-758526,2025-09-26,Vente,130000,25,LDT MAIL DE LA SAMBRE,593920000O0063,Appartement,77,3.971758,50.277076
2025-758545,2025-09-26,Vente,133000,47,RUE D HAUTMONT,593920000S0380,Maison,108,3.962275,50.276339
2025-758545,2025-09-26,Vente,133000,47,RUE D HAUTMONT,593920000S0380,Maison,108,3.962275,50.276339
2025-758559,2025-09-25,Vente,85000,11,LDT MAIL DE LA SAMBRE,593920000O0063,Appartement,91,3.971758,50.277076
2025-758601,2025-09-30,Vente,35000,45,IMM LE SUISSE BD DE L EURO,593920000K0033,Appartement,40,3.968895,50.275125
2025-758698,2025-10-01,Vente,50000,53,RUE CENT QUARANTE CINQ RI,593920000M0097,Appartement,60,3.976288,50.278993
2025-758698,2025-10-01,Vente,50000,53,RUE CENT QUARANTE CINQ RI,593920000M0097,Appartement,60,3.976288,50.278993
2025-758702,2025-10-02,Vente,66550,43,IMM LE SUISSE BD DE L EURO,593920000K0033,Appartement,65,3.968895,50.275125
2025-758792,2025-09-19,Vente,90000,346,RTE DE MONS,593920000A0228,Maison,101,3.977747,50.300814
2025-758795,2025-10-03,Vente,106000,125,RTE D ASSEVENT,59392000AZ0864,Maison,120,3.985433,50.284408
2025-758795,2025-10-03,Vente,106000,125,RTE D ASSEVENT,59392000AZ0864,Maison,120,3.985433,50.284408
2025-758894,2025-10-08,Vente,59000,51,IMM ITALIE BD DE L EUROPE,593920000K0033,Appartement,64,3.968895,50.275125
2025-758903,2025-10-08,Vente,76300,21,RUE DES SAULES,59392000AI0212,Maison,99,3.944337,50.282033
2025-758905,2025-10-07,Vente,50000,9,AV LAVOISIER,593920000Z0374,Maison,80,3.929898,50.272013
2025-758912,2025-10-03,Vente,96000,5,RUE LEON BATHIAT,59392000AZ0273,Maison,82,3.988344,50.286839
2025-758920,2025-10-06,Vente,115000,86,BD JEAN DE LA FONTAINE,59392000AW0347,Maison,120,3.963669,50.293664
2025-759047,2025-10-13,Vente,50000,51,RUE DE DOUZIES,593920000V0464,Maison,93,3.946024,50.269455
2025-759056,2025-10-13,Vente,98700,1,BD DE JEUMONT,59392000BB0021,Maison,70,3.977123,50.283109
2025-759060,2025-10-07,Vente,260000,9002,RLE LENGLET,593920000C0289,Maison,146,3.977525,50.291576
2025-759142,2025-10-14,Vente,75000,10,RUE DE LA CROIX DE LORRAINE,59392000AV0326,Maison,88,3.961253,50.287839
2025-759149,2025-10-10,Vente,66000,76,RUE DE MONTPLAISIR,593920000Z0028,Maison,78,3.932203,50.27082
2025-759151,2025-09-29,Vente,38000,45,RES CITIZEN PARK RUE L BATHIAT,59392000AZ0845,Appartement,22,3.984378,50.286128
2025-759203,2025-10-17,Vente,104000,18,RUE SOUS LE BOIS,59392000AC0492,Maison,149,3.938077,50.277692
2025-759245,2025-10-20,Vente,40000,31,RUE SAINTE EMILIE,593920000V0388,Maison,78,3.943378,50.268441
2025-759307,2025-09-24,Vente,125000,33,RUE DE LA CROIX DE LORRAINE,59392000AV0340,Maison,88,3.961381,50.287496
2025-759378,2025-10-21,Vente,157050,56,RUE DES CROSSEURS,59392000AY0135,Maison,106,3.980062,50.288012
2025-759378,2025-10-21,Vente,157050,56,RUE DES CROSSEURS,59392000AY0135,Maison,106,3.980062,50.288012
2025-759406,2025-10-21,Vente,105000,155,RTE DE MONS,593920000C0063,Maison,116,3.975033,50.292509
2025-759406,2025-10-21,Vente,105000,155,RTE DE MONS,593920000C0063,Maison,116,3.975033,50.292509
2025-759452,2025-10-10,Vente,52500,21,PL DES MINIERES,593920000U0908,Maison,51,3.946383,50.271914
2025-759509,2025-10-23,Vente,210000,57,RTE FEIGNIES RES CROIX S ANDRE,593920000R0571,Maison,114,3.963639,50.284326
2025-759591,2025-10-29,Vente,85000,9,RTE DE MONS,593920000Q0652,Appartement,54,3.973343,50.283842
2025-759619,2025-10-27,Vente,155150,87,BD DE JEUMONT,59392000BB0115,Maison,97,3.98323,50.284235
2025-759638,2025-10-24,Vente,33340,9001,IMM LE NICE RUE DE PROVENC,593920000L0077,Appartement,68,3.974308,50.274236
2025-759648,2025-10-29,Vente,53000,1,RES BEAUSEJOUR AVE JEAN JAURES,593920000S0591,Appartement,59,3.963479,50.281554
2025-759651,2025-10-29,Vente,90000,97,RUE DE DOUZIES,59392000AC0099,Maison,106,3.942136,50.272718
2025-759692,2025-10-03,Vente,76000,10,RUE D ALSACE LORRAINE,59392000AY0241,Maison,72,3.976299,50.285982
2025-759730,2025-10-06,Vente,180570,28,AV DU PONT ROUGE,59392000BB0137,Maison,116,3.982966,50.282474
2025-759730,2025-10-06,Vente,180570,28,AV DU PONT ROUGE,59392000BB0137,Maison,116,3.982966,50.282474
2025-759749,2025-10-28,Vente,147000,400,RUE D HAUTMONT,593920000X0017,Maison,105,3.938701,50.266114
2025-759749,2025-10-28,Vente,147000,400,RUE D HAUTMONT,593920000X0017,Maison,120,3.938701,50.266114
2025-759763,2025-10-31,Vente,137000,28,RUE DE LA CROIX,593920000M0009,Appartement,23,3.97707,50.27671
2025-759763,2025-10-31,Vente,137000,28,RUE DE LA CROIX,593920000M0009,Appartement,21,3.97707,50.27671
2025-759763,2025-10-31,Vente,137000,28,RUE DE LA CROIX,593920000M0009,Appartement,12,3.97707,50.27671
2025-759763,2025-10-31,Vente,137000,28,RUE DE LA CROIX,593920000M0009,Appartement,26,3.97707,50.27671
2025-759763,2025-10-31,Vente,137000,28,RUE DE LA CROIX,593920000M0009,Appartement,13,3.97707,50.27671
2025-759763,2025-10-31,Vente,137000,28,RUE DE LA CROIX,593920000M0009,Appartement,25,3.97707,50.27671
2025-759763,2025-10-31,Vente,137000,28,RUE DE LA CROIX,593920000M0009,Appartement,80,3.97707,50.27671
2025-759767,2025-10-31,Vente,152400,14,ALL LOUIS 16,59392000AX0216,Maison,95,3.967702,50.287177
2025-759773,2025-10-31,Vente,315000,8,AV DE L ATLANTIQUE,59392000BB0136,Maison,151,3.983154,50.282785
2025-759773,2025-10-31,Vente,315000,8,AV DE L ATLANTIQUE,59392000BB0136,Maison,151,3.983154,50.282785
2025-759794,2025-10-15,Vente,76000,2,RUE D HAUTMONT,593920000S0141,Maison,97,3.962932,50.277957
2025-759817,2025-10-29,Vente,95000,7,RUE DE ROUSIES,593920000H0351,Maison,70,3.975739,50.269716
2025-759878,2025-10-31,Vente,120000,9,ALL DIDIER DAURAT,59392000AZ0066,Maison,82,3.990935,50.286786
2025-759992,2025-11-05,Vente,255000,25,RUE DU PROGRES,59392000AG0120,Appartement,18,3.961399,50.28191
2025-759992,2025-11-05,Vente,255000,25,RUE DU PROGRES,59392000AG0120,Appartement,27,3.961399,50.28191
2025-759992,2025-11-05,Vente,255000,25,RUE DU PROGRES,59392000AG0120,Appartement,20,3.961399,50.28191
2025-759992,2025-11-05,Vente,255000,25,RUE DU PROGRES,59392000AG0120,Appartement,18,3.961399,50.28191
2025-759992,2025-11-05,Vente,255000,25,RUE DU PROGRES,59392000AG0120,Appartement,35,3.961399,50.28191
2025-759992,2025-11-05,Vente,255000,25,RUE DU PROGRES,59392000AG0120,Appartement,20,3.961399,50.28191
2025-760006,2025-11-07,Vente,76500,98,ALL VERTE,59392000AY0687,Maison,105,3.979173,50.287812
2025-760006,2025-11-07,Vente,76500,98,ALL VERTE,59392000AY0687,Maison,105,3.979173,50.287812
2025-760006,2025-11-07,Vente,76500,98,ALL VERTE,59392000AY0687,Maison,105,3.979173,50.287812
2025-760017,2025-11-06,Vente,45000,8,RUE DU PROGRES,593920000S0086,Maison,76,3.961475,50.280891
2025-760037,2025-11-03,Vente,30000,53,RUE D HAUTMONT,593920000S0276,Maison,124,3.961955,50.275901
2025-760037,2025-11-03,Vente,30000,53,RUE D HAUTMONT,593920000S0276,Maison,124,3.961955,50.275901
2025-760050,2025-10-30,Vente,105000,55,RES ILE DE FRANCE RUE G DUBUT,593920000L0095,Appartement,81,3.973516,50.273597
2025-760100,2025-11-12,Vente,200000,190,RUE DE LA LIBERTE,59392000AE0254,Maison,220,3.949638,50.279632
2025-760100,2025-11-12,Vente,200000,190,RUE DE LA LIBERTE,59392000AE0254,Maison,220,3.949638,50.279632
2025-760198,2025-10-16,Vente,69000,70,RTE D ASSEVENT,59392000BA0222,Maison,102,3.985421,50.283929
2025-760206,2025-11-14,Vente,177500,2,AV ALBERT 1ER,593920000N0026,Maison,64,3.974193,50.278895
2025-760210,2025-11-14,Vente,129000,11,RUE LOUIS BREGUET,59392000AZ0098,Maison,83,3.989534,50.287449
2025-760229,2025-10-25,Vente,100000,84,RTE VALENCIENNES I D T,593920000Q0313,Maison,95,3.968845,50.282808
2025-760325,2025-11-19,Vente,47500,53,RUE CHATEAU D EAU,593920000Y0550,Maison,82,3.928905,50.268896
2025-760347,2025-10-24,Vente,40000,2,RUE DE LA POSTE,593920000U1254,Appartement,50,3.944286,50.271092
2025-760380,2025-11-21,Vente,30000,55,RUE JEANNE D ARC,59392000AE0019,Maison,50,3.941554,50.278068
2025-760382,2025-11-21,Vente,53000,45,RES CITIZEN PARK RUE L BATHIAT,59392000AZ0845,Appartement,41,3.984378,50.286128
2025-760402,2025-11-21,Vente,25000,24,RUE DE LA LIBERTE,593920000S0600,Maison,85,3.960596,50.277299
2025-760403,2025-11-21,Vente,85000,15,RLE FIEVET,593920000T0598,Maison,80,3.955607,50.276576
2025-760403,2025-11-21,Vente,85000,15,RLE FIEVET,593920000T0598,Maison,80,3.955607,50.276576
2025-760415,2025-11-24,Vente,132300,3,RUE LUCIEN BRASSEUR,59392000AY0422,Maison,94,3.975708,50.288498
2025-760425,2025-11-24,Vente,120000,58,RUE DES ECOLES,593920000U0457,Maison,100,3.950735,50.271499
2025-760542,2025-11-26,Vente,60000,120,RTE DE MONS,593920000C0350,Maison,86,3.975356,50.290174
2025-760546,2025-11-26,Vente,206000,30,RUE D HAUTMONT,593920000S0426,Maison,147,3.960324,50.275784
2025-760546,2025-11-26,Vente,206000,30,RUE D HAUTMONT,593920000S0426,Maison,147,3.960324,50.275784
2025-760629,2025-11-14,Vente,40000,22,RUE DE LA BUTTE,593920000V0239,Maison,56,3.938331,50.266983
2025-760658,2025-11-06,Vente,40000,9,RUE DE LA BIENFAISANCE,593920000I0038,Maison,80,3.96528,50.266006
2025-760691,2025-11-19,Vente,80000,9006,RES VAUBAN BAT C,59392000BB0012,Appartement,80,3.977135,50.282234
2025-760703,2025-11-21,Vente,100000,54,RUE DE MONTPLAISIR,593920000Z0048,Maison,113,3.933145,50.271894
2025-760711,2025-11-24,Vente,80000,87,RTE D ELESMES,59392000AY0032,Maison,47,3.983153,50.28628
2025-760711,2025-11-24,Vente,80000,87,RTE D ELESMES,59392000AY0032,Maison,69,3.983153,50.28628
2025-760755,2025-11-28,Vente,35000,84,RUE DES ECOLES,593920000U0474,Appartement,45,3.95213,50.27225
2025-760755,2025-11-28,Vente,35000,84,RUE DES ECOLES,593920000U0474,Appartement,52,3.95213,50.27225
2025-760755,2025-11-28,Vente,35000,84,RUE DES ECOLES,593920000U0474,Appartement,45,3.95213,50.27225
2025-760755,2025-11-28,Vente,35000,84,RUE DES ECOLES,593920000U0474,Appartement,45,3.95213,50.27225
2025-760755,2025-11-28,Vente,35000,84,RUE DES ECOLES,593920000U0474,Appartement,45,3.95213,50.27225
2025-760756,2025-12-03,Vente,60000,32,RUE DU TILLEUL,593920000U0122,Maison,97,3.949004,50.26963
2025-760763,2025-11-28,Vente,80000,21,RUE DES ROSES,59392000AF0340,Maison,90,3.943152,50.271996
2025-760784,2025-11-19,Vente,60000,9002,RES VAUBAN BAT A,59392000BB0012,Appartement,75,3.977135,50.282234
2025-760785,2025-11-28,Vente,40000,7,IMM LE HOLLANDE BD DE L EU,593920000P0133,Appartement,62,3.969212,50.28132
2025-760854,2025-12-05,Vente,48333,4,IMM SAINT ELOI,593920000O0086,Appartement,56,3.972197,50.276137
2025-760857,2025-12-05,Vente,90000,124,AV JEAN JAURES,59392000AH0118,Maison,80,3.955172,50.281998
2025-760857,2025-12-05,Vente,90000,122,AV JEAN JAURES,59392000AH0309,Maison,131,3.955392,50.281986
2025-761108,2025-11-21,Vente,149500,53,RUE DES SARS,59392000AW0286,Maison,77,3.970427,50.291925
2025-761156,2025-12-11,Vente,636788.02,66,RUE D HAUTMONT,593920000T0173,Maison,95,3.956023,50.273125
2025-761156,2025-12-11,Vente,636788.02,101,RUE D HAUTMONT,593920000T0583,Maison,83,3.958729,50.274574
2025-761156,2025-12-11,Vente,636788.02,103,RUE D HAUTMONT,593920000T0584,Maison,94,3.958529,50.274482
2025-761233,2025-11-14,Vente,50000,342,RTE DE MONS,593920000A0249,Maison,141,3.978672,50.301281
2025-761254,2025-12-12,Vente,65000,10,IMP DU CHAMP L ABBESSE,59392000AJ0021,Maison,47,3.932566,50.28181
2025-761269,2025-12-15,Vente,130000,152,RTE DE FEIGNIES,59392000AV0337,Maison,99,3.961091,50.287195
2025-761271,2025-12-15,Vente,51000,49,RUE SAINTE EMILIE,593920000V0371,Maison,103,3.942543,50.267932
2025-761308,2025-12-15,Vente,189000,28,RUE D HAUTMONT,593920000S0255,Maison,117,3.960682,50.275939
2025-761308,2025-12-15,Vente,189000,28,RUE D HAUTMONT,593920000S0255,Maison,117,3.960682,50.275939
2025-761420,2025-12-16,Vente,17000,56,RUE KENNEDY,593920000V1210,Maison,76,3.940037,50.268826
2025-761427,2025-12-11,Vente,941944.53,37,RUE DE DOUZIES,593920000V0481,Maison,207,3.946441,50.268937
2025-761427,2025-12-11,Vente,941944.53,37,RUE DE DOUZIES,593920000V0481,Maison,207,3.946441,50.268937
2025-761460,2025-10-31,Vente,118800,1,ALL JEAN DE LA BRUYERE,59392000AV0116,Maison,92,3.96068,50.291071
2025-761485,2025-12-19,Vente,30000,1,IMM LE NICE RUE DE PROVENC,593920000L0077,Appartement,68,3.974308,50.274236
2025-761590,2025-12-17,Vente,123200,128,RUE DU PONT DE PIERRES,59392000AH0451,Maison,98,3.955115,50.284722
2025-761734,2025-12-19,Vente,149000,4,RUE CENTRALE,593920000Y0581,Maison,112,3.929504,50.2686
2025-761740,2025-12-05,Vente,100000,126,AV JEAN JAURES,59392000AH0117,Maison,90,3.954947,50.282026
2025-761740,2025-12-05,Vente,100000,126,AV JEAN JAURES,59392000AH0117,Maison,90,3.954947,50.282026
2025-761745,2025-12-22,Vente,30000,1,IMM LE TOULON RUE GEORGES,593920000L0077,Appartement,68,3.974308,50.274236
2025-761858,2025-12-30,Vente,65000,17,RUE DE GOGNIES CHAUSSEE,593920000R0299,Maison,60,3.968275,50.28494
2025-761915,2025-11-03,Vente,123200,20,RUE DE L EGLISE,593920000U0151,Maison,60,3.947568,50.269786
2025-761915,2025-11-03,Vente,123200,20,RUE DE L EGLISE,593920000U1318,Appartement,49,,
2025-761915,2025-11-03,Vente,123200,20,RUE DE L EGLISE,593920000U1318,Appartement,50,,
2025-762031,2025-12-26,Vente,90000,1,RUE DU FBG SAINTE ALDEGONDE,593920000H0250,Maison,60,3.977381,50.272011
2025-762031,2025-12-26,Vente,90000,1,RUE DU FBG SAINTE ALDEGONDE,593920000H0250,Maison,64,3.977381,50.272011
2025-762122,2025-12-30,Vente,72500,71,RES ILE DE FRANCE RUE G DUBUT,593920000L0095,Appartement,69,3.973516,50.273597
2025-762133,2025-12-30,Vente,125000,1,IMM LE DANEMARK PORTE DE B,593920000P0135,Appartement,110,3.969745,50.281511
2025-762199,2025-12-23,Vente,40000,45,RES CITIZEN PARK RUE L BATHIAT,59392000AZ0845,Appartement,33,3.984378,50.286128
2025-762222,2025-12-26,Vente,42000,73,RUE DES ECOLES,593920000U0491,Maison,87,3.95101,50.272244
2025-762223,2025-12-23,Vente,55000,134,RUE MINIERES,593920000U0958,Maison,93,3.951891,50.273338
2025-762313,2025-12-17,Vente,123200,35,RUE DE LA LIBERTE,593920000S0218,Maison,99,3.959718,50.276869
2025-762372,2025-12-23,Vente,110000,99,RTE D ELESMES,59392000AY0731,Maison,165,3.983764,50.287143
2025-762376,2025-12-23,Vente,40000,99,RTE D ELESMES,59392000AY0730,Maison,94,3.983779,50.287083
2025-762379,2025-12-30,Vente,61000,57,RUE EMILE ZOLA,59392000AW0179,Maison,77,3.966682,50.293317
2025-762409,2025-12-23,Vente,100000,73,RUE DE MONTPLAISIR,59392000AB0325,Maison,137,3.933013,50.270602
2025-762418,2025-08-01,Vente,150000,6,RUE CENT QUARANTE CINQ RI,593920000N0044,Appartement,86,3.974774,50.27933
2025-762418,2025-08-01,Vente,150000,6,RUE CENT QUARANTE CINQ RI,593920000N0044,Appartement,86,3.974774,50.27933
2025-762438,2025-11-27,Vente,100000,220,RUE D HAUTMONT,593920000U0877,Maison,98,3.948988,50.268932
2024-708107,2024-01-08,Vente,125000,33,RUE CHATEAU D EAU,593920000Y0638,Maison,88,3.928226,50.267992
2024-708162,2024-01-12,Vente,162900,188,RUE DU PONT DE PIERRES,59392000AK0500,Maison,90,3.948291,50.284976
2024-708162,2024-01-12,Vente,162900,188,RUE DU PONT DE PIERRES,59392000AK0500,Maison,90,3.948291,50.284976
2024-708193,2024-01-15,Vente,50000,36,RUE HENRI SCULFORT,593920000S0120,Maison,82,3.962784,50.279411
2024-708195,2024-01-15,Vente,90000,6,SQ SQU DES EGLANTIERS,59392000AI0261,Maison,89,3.944636,50.282806
2024-708196,2024-01-17,Vente,82000,13,RUE JOACHIM DU BELLAY,59392000AV0371,Maison,109,3.962402,50.288149
2024-708234,2024-01-18,Vente,98700,7,SQ SQU E DE FRANCE,593920000R0439,Maison,73,3.958698,50.282253
2024-708348,2024-01-24,Vente,105000,152,RUE DE MONTPLAISIR,593920000Y0502,Maison,66,3.931136,50.267964
2024-708369,2024-01-23,Vente,62200,118,RES ILE DE FRANCE RUE G DUBUT,593920000L0095,Appartement,77,3.973516,50.273597
2024-708445,2024-01-26,Vente,130000,8,RES LE CANNES,593920000G0173,Appartement,120,3.97468,50.274734
2024-708451,2024-01-25,Vente,55000,12,RUE DES SAPINS,59392000AI0300,Maison,68,3.945988,50.283425
2024-708539,2024-01-30,Vente,63000,1,IMM LE TOULON RUE GEORGES,593920000L0077,Appartement,68,3.974308,50.274236
2024-708576,2024-01-31,Vente,184000,1,RUE DU PROGRES,59392000AG0131,Appartement,63,3.960856,50.280582
2024-708576,2024-01-31,Vente,184000,1,RUE DU PROGRES,59392000AG0131,Appartement,33,3.960856,50.280582
2024-708576,2024-01-31,Vente,184000,1,RUE DU PROGRES,59392000AG0131,Appartement,16,3.960856,50.280582
2024-708576,2024-01-31,Vente,184000,1,RUE DU PROGRES,59392000AG0131,Appartement,64,3.960856,50.280582
2024-708605,2024-01-31,Vente,68000,29,IMM CESAR FRANCK RUE DES A,593920000K0042,Appartement,79,3.971366,50.273551
2024-708650,2024-01-16,Vente,153000,8,RTE FEIGNIES RES CROIX S ANDRE,593920000R0576,Maison,97,3.963152,50.283933
2024-708719,2024-02-02,Vente,116000,37,RUE DES SAULES,59392000AI0204,Maison,81,3.943506,50.282484
2024-708728,2024-02-05,Vente,140000,29,RUE PIERRE DE RONSARD,59392000AV0277,Maison,88,3.959816,50.288301
2024-708757,2024-01-22,Vente,108000,21,RUE JEANNE D ARC,59392000AE0027,Maison,65,3.94192,50.279028
2024-708763,2024-02-07,Vente,30000,7,RUE SOUS LE BOIS,59392000AD0623,Maison,54,3.937898,50.278188
2024-708764,2024-02-08,Vente,49000,43,IMM LE SUISSE BD DE L EURO,593920000K0033,Appartement,50,3.968895,50.275125
2024-708812,2024-02-07,Vente,68000,46,AV JEAN JAURES,593920000R0124,Maison,84,3.964227,50.282499
2024-708830,2024-02-09,Vente,1071300,19,RTE D AVESNES,593920000I0532,Appartement,88,3.969658,50.270767
2024-708830,2024-02-09,Vente,1071300,19,RTE D AVESNES,593920000I0532,Appartement,88,3.969658,50.270767
2024-708830,2024-02-09,Vente,1071300,19,RTE D AVESNES,593920000I0532,Appartement,88,3.969658,50.270767
2024-708841,2024-02-09,Vente,68000,177,RTE DE MONS,593920000C0557,Maison,87,3.975488,50.293482
2024-708841,2024-02-09,Vente,68000,177,RTE DE MONS,593920000C0557,Maison,87,3.975488,50.293482
2024-708856,2024-02-14,Vente,46000,62,RUE PECART,593920000U0961,Maison,84,3.951428,50.27367
2024-708860,2024-02-13,Vente,158000,4,RUE RENE CAUDRON,59392000AZ0638,Maison,98,3.984929,50.28706
2024-708874,2024-02-13,Vente,88950,8,RUE CHATEAU D EAU,593920000Y0621,Maison,59,3.929209,50.267708
2024-708946,2024-02-15,Vente,20000,143,RUE MINIERES,593920000U0644,Maison,70,3.952,50.273787
2024-708955,2024-02-15,Vente,59130,12,RUE VAUBAN,593920000N0199,Appartement,57,3.975478,50.280009
2024-708955,2024-02-15,Vente,59130,12,RUE VAUBAN,593920000N0199,Appartement,34,3.975478,50.280009
2024-709145,2024-02-02,Vente,82700,71,RUE PECART,593920000U0608,Maison,84,3.950641,50.273645
2024-709148,2024-01-26,Vente,62000,59,RUE CHATEAU D EAU,593920000Y0553,Maison,59,3.929606,50.269159
2024-709247,2024-02-15,Vente,55000,18,IMM PORTE DE FRANCE AVE C,593920000O0092,Appartement,57,3.972521,50.275608
2024-709288,2024-02-21,Vente,50000,9001,IMM LE NICE RUE DE PROVENC,593920000L0077,Appartement,57,3.974308,50.274236
2024-709301,2024-02-22,Vente,40000,38,RUE JEANNE JUGAN,593920000V0837,Maison,116,3.939376,50.268226
2024-709318,2024-02-29,Vente,56800,43,IMM LE SUISSE BD DE L EURO,593920000K0033,Appartement,64,3.968895,50.275125
2024-709324,2024-02-28,Vente,170000,62,RUE D HAUTMONT,593920000T0175,Appartement,15,3.95609,50.2734
2024-709324,2024-02-28,Vente,170000,62,RUE D HAUTMONT,593920000T0175,Appartement,20,3.95609,50.2734
2024-709324,2024-02-28,Vente,170000,62,RUE D HAUTMONT,593920000T0175,Appartement,21,3.95609,50.2734
2024-709324,2024-02-28,Vente,170000,62,RUE D HAUTMONT,593920000T0175,Appartement,22,3.95609,50.2734
2024-709324,2024-02-28,Vente,170000,62,RUE D HAUTMONT,593920000T0175,Appartement,16,3.95609,50.2734
2024-709324,2024-02-28,Vente,170000,62,RUE D HAUTMONT,593920000T0175,Appartement,16,3.95609,50.2734
2024-709324,2024-02-28,Vente,170000,62,RUE D HAUTMONT,593920000T0175,Appartement,15,3.95609,50.2734
2024-709324,2024-02-28,Vente,170000,62,RUE D HAUTMONT,593920000T0175,Appartement,47,3.95609,50.2734
2024-709324,2024-02-28,Vente,170000,62,RUE D HAUTMONT,593920000T0175,Appartement,20,3.95609,50.2734
2024-709380,2024-02-26,Vente,118000,31,SQ SQR HELENE BOUCHER,59392000AZ0352,Maison,108,3.988508,50.28555
2024-709395,2024-03-04,Vente,45000,1,IMM MARSEILLE AVE PROV FRA,593920000L0077,Appartement,73,3.974308,50.274236
2024-709398,2024-03-01,Vente,75000,44,RUE ALFRED DE VIGNY,59392000AX0016,Maison,121,3.964807,50.288196
2024-709427,2024-03-05,Vente,75000,123,RES ILE DE FRANCE RUE G DUBUT,593920000L0095,Appartement,66,3.973516,50.273597
2024-709430,2024-03-04,Vente,140000,5,RES ROSETTE DES SARS ALL DES S,59392000AM0244,Maison,99,3.963966,50.299119
2024-709446,2024-03-06,Vente,105000,15,RUE DES SARS,59392000AX0125,Maison,196,3.973498,50.29
2024-709464,2024-02-27,Vente,68000,9,RTE DE MONS,593920000Q0652,Appartement,62,3.973343,50.283842
2024-709466,2024-03-04,Vente,30000,48,RUE DU MARAIS,59392000AD0346,Maison,100,3.933633,50.278963
2024-709511,2024-03-07,Vente,80000,54,RUE ERMITAGE,59392000AF0414,Maison,66,3.944066,50.272047
2024-709522,2024-02-23,Vente,54000,49,IMM ITALIE BD DE L EUROPE,593920000K0033,Appartement,50,3.968895,50.275125
2024-709593,2024-02-22,Vente,163000,85,RTE DE FEIGNIES,593920000R0688,Maison,84,3.962632,50.285353
2024-709623,2024-03-08,Vente,30000,12,RES BEAUSEJOUR AVE JEAN JAURES,593920000S0591,Appartement,60,3.963479,50.281554
2024-709643,2024-02-19,Vente,80500,61,RUE D HAUTMONT,593920000S0407,Maison,75,3.961554,50.275684
2024-709644,2024-03-06,Vente,98000,3,RUE DU COMMANDANT BROCARD,59392000AY0036,Maison,32,3.982143,50.286234
2024-709645,2024-02-19,Vente,90000,149,BD JEAN DE LA FONTAINE,59392000AW0023,Maison,106,3.966472,50.295403
2024-709646,2024-02-23,Vente,65400,7,RUE DU JEU DE PAUME,593920000U0025,Maison,70,3.944803,50.271163
2024-709698,2024-03-14,Vente,49480,89,RUE DES ECOLES,593920000U0478,Maison,69,3.95187,50.272432
2024-709724,2024-03-19,Vente,344000,489,RTE D ASSEVENT,59392000AP0419,Maison,209,4.008225,50.287582
2024-709724,2024-03-19,Vente,344000,489,RTE D ASSEVENT,59392000AP0419,Maison,209,4.008225,50.287582
2024-709780,2024-02-28,Vente,66000,41,IMM LE SUISSE BD DE L EURO,593920000K0033,Appartement,64,3.968895,50.275125
2024-709781,2024-03-18,Vente,139000,49,RUE DE MAIRIEUX,59392000AJ0259,Maison,112,3.939242,50.285436
2024-709781,2024-03-18,Vente,139000,49,RUE DE MAIRIEUX,59392000AJ0259,Maison,112,3.939242,50.285436
2024-709781,2024-03-18,Vente,139000,49,RUE DE MAIRIEUX,59392000AJ0259,Maison,112,3.939242,50.285436
2024-709792,2024-03-12,Vente,192350,208,RUE DE LA LIBERTE,59392000AE0300,Maison,73,3.947808,50.27996
2024-709793,2024-03-14,Vente,76300,213,RTE DE MONS,593920000B0174,Maison,40,3.975611,50.294861
2024-709799,2024-02-29,Vente,24000,16,RUE DES HAUTS FOURNEAUX,593920000V0355,Maison,106,3.942507,50.267455
2024-709830,2024-03-07,Vente,91500,262,RTE DE MONS,593920000B0087,Maison,67,3.977944,50.297606
2024-709830,2024-03-07,Vente,91500,262,RTE DE MONS,593920000B0087,Maison,62,3.977944,50.297606
2024-709830,2024-03-07,Vente,91500,262,RTE DE MONS,593920000B0087,Maison,62,3.977944,50.297606
2024-709830,2024-03-07,Vente,91500,262,RTE DE MONS,593920000B0087,Maison,67,3.977944,50.297606
2024-709835,2024-03-15,Vente,118600,25,RUE DU CAPITAINE,59392000AG0202,Maison,132,,
2024-709835,2024-03-15,Vente,118600,25,RUE DU CAPITAINE,59392000AG0202,Maison,110,,
2024-709838,2024-03-15,Vente,129000,149,RUE DE LA LIBERTE,59392000AG0588,Maison,82,3.950561,50.278612
2024-709854,2024-02-26,Vente,50000,63,AV NICOLAS BOILEAU,59392000AV0097,Maison,92,3.961381,50.292284
2024-709858,2024-03-21,Vente,56000,7,IMM LE HOLLANDE BD DE L EU,593920000P0133,Appartement,62,3.969212,50.28132
2024-709861,2024-03-21,Vente,40000,59,RUE DU CORBEAU,59392000AD0498,Maison,70,3.940556,50.278783
2024-709864,2024-03-21,Vente,48000,7,IMM LUXEMBOURG BD DE L EUR,593920000P0133,Appartement,77,3.969212,50.28132
2024-709931,2024-02-28,Vente,48000,8,RES LE CLOS DE L'AVESNOIS,593920000I0480,Appartement,37,3.971547,50.267816
2024-709942,2024-03-14,Vente,226500,111,RTE DE MONS,593920000C0503,Appartement,25,3.974793,50.290499
2024-709942,2024-03-14,Vente,226500,111,RTE DE MONS,593920000C0503,Appartement,21,3.974793,50.290499
2024-709942,2024-03-14,Vente,226500,111,RTE DE MONS,593920000C0503,Appartement,25,3.974793,50.290499
2024-709942,2024-03-14,Vente,226500,111,RTE DE MONS,593920000C0503,Appartement,27,3.974793,50.290499
2024-710031,2024-03-27,Vente,78347.75,17,RTE DE FEIGNIES,593920000R0407,Appartement,92,3.965397,50.283511
2024-710036,2024-03-28,Vente,80000,51,LDT MAIL DE LA SAMBRE,593920000O0063,Appartement,90,3.971758,50.277076
2024-710107,2024-04-02,Vente,120000,1,RUE NOUVELLE,59392000AH0006,Maison,46,3.959293,50.284705
2024-710117,2024-03-04,Vente,125000,64,RUE JEANNE D ARC,59392000AD0090,Maison,90,3.940276,50.277611
2024-710124,2024-04-02,Vente,110000,2,RUE CHARLES PERRAULT,59392000AW0428,Maison,62,3.970958,50.291628
2024-710127,2024-03-27,Vente,128500,39,RUE JOACHIM DU BELLAY,59392000AV0284,Maison,72,3.960684,50.28853
2024-710202,2024-03-20,Vente,75210,16,RUE DU CHEMIN VERT,593920000H0043,Maison,66,3.973754,50.270032
2024-710205,2024-04-03,Vente,238000,63,RTE D AVESNES,593920000I0079,Appartement,55,3.967155,50.269018
2024-710205,2024-04-03,Vente,238000,63,RTE D AVESNES,593920000I0079,Appartement,50,3.967155,50.269018
2024-710205,2024-04-03,Vente,238000,63,RTE D AVESNES,593920000I0079,Appartement,43,3.967155,50.269018
2024-710205,2024-04-03,Vente,238000,63,RTE D AVESNES,593920000I0079,Appartement,70,3.967155,50.269018
2024-710205,2024-04-03,Vente,238000,63,RTE D AVESNES,593920000I0079,Appartement,60,3.967155,50.269018
2024-710206,2024-04-05,Vente,101500,71,RUE VICTOR HUGO,59392000AC0151,Maison,106,3.93588,50.276552
2024-710321,2024-03-26,Vente,89900,250,RUE D HAUTMONT,593920000V0975,Maison,85,3.947389,50.268105
2024-710324,2024-03-26,Vente,111200,252,RUE D HAUTMONT,593920000V0978,Maison,85,3.947256,50.268214
2024-710324,2024-03-26,Vente,111200,252,RUE D HAUTMONT,593920000V0978,Maison,85,3.947256,50.268214
2024-710326,2024-04-02,Vente,55000,34,RUE DES SARS,593920000C0222,Maison,43,3.972663,50.290793
2024-710336,2024-04-05,Vente,42000,65,RES ILE DE FRANCE RUE G DUBUT,593920000L0095,Appartement,69,3.973516,50.273597
2024-710362,2024-04-11,Vente,140000,88,RUE DE LA FLAMENNE,59392000AB0341,Maison,155,3.937765,50.272332
2024-710362,2024-04-11,Vente,140000,88,RUE DE LA FLAMENNE,59392000AB0341,Maison,155,3.937765,50.272332
2024-710362,2024-04-11,Vente,140000,88,RUE DE LA FLAMENNE,59392000AB0341,Maison,155,3.937765,50.272332
2024-710370,2024-03-26,Vente,104600,24,RUE DES ECOLES,593920000U0258,Maison,65,3.949405,50.270991
2024-710383,2024-04-12,Vente,30000,9001,IMM LE NICE RUE DE PROVENC,593920000L0077,Appartement,57,3.974308,50.274236
2024-710406,2024-04-12,Vente,100000,68,BD FRANCOIS RENE CHATEAUBRIAN,59392000AK0524,Maison,86,3.958754,50.285745
2024-710481,2024-04-17,Vente,138000,9002,RES VAUBAN BAT A,59392000BB0012,Appartement,100,3.977135,50.282234
2024-710502,2024-04-18,Vente,100000,74,BD FRANCOIS RENE CHATEAUBRIAN,59392000AK0527,Maison,95,3.958951,50.285261
2024-710719,2024-04-18,Vente,63000,15,AV FRANKLIN ROOSEVELT,593920000N0007,Appartement,84,3.972199,50.27899
2024-710722,2024-04-19,Vente,113300,9002,RES VAUBAN BAT A,59392000BB0012,Appartement,100,3.977135,50.282234
2024-710803,2024-04-25,Vente,120050,8,RUE DES FRENES,59392000AI0253,Maison,85,3.94608,50.282568
2024-710820,2024-04-24,Vente,1955635,149,RUE D HAUTMONT,593920000X0113,Appartement,14,3.943362,50.265819
2024-710820,2024-04-24,Vente,1955635,149,RUE D HAUTMONT,593920000X0113,Appartement,14,3.943362,50.265819
2024-710820,2024-04-24,Vente,1955635,149,RUE D HAUTMONT,593920000X0113,Appartement,14,3.943362,50.265819
2024-710820,2024-04-24,Vente,1955635,149,RUE D HAUTMONT,593920000X0113,Appartement,14,3.943362,50.265819
2024-710820,2024-04-24,Vente,1955635,149,RUE D HAUTMONT,593920000X0113,Appartement,13,3.943362,50.265819
2024-710820,2024-04-24,Vente,1955635,149,RUE D HAUTMONT,593920000X0113,Appartement,12,3.943362,50.265819
2024-710841,2024-04-22,Vente,65000,7,IMM MARSEILLE AVE PROV FRA,593920000L0077,Appartement,73,3.974308,50.274236
2024-710859,2024-04-26,Vente,108000,113,RUE DE LA FLAMENNE,59392000AC0340,Maison,160,3.937894,50.27113
2024-710859,2024-04-26,Vente,108000,113,RUE DE LA FLAMENNE,59392000AC0340,Maison,160,3.937894,50.27113
2024-710859,2024-04-26,Vente,108000,113,RUE DE LA FLAMENNE,59392000AC0346,Appartement,23,,
2024-710859,2024-04-26,Vente,108000,113,RUE DE LA FLAMENNE,59392000AC0346,Appartement,23,,
2024-710859,2024-04-26,Vente,108000,113,RUE DE LA FLAMENNE,59392000AC0346,Appartement,20,,
2024-710859,2024-04-26,Vente,108000,113,RUE DE LA FLAMENNE,59392000AC0346,Appartement,20,,
2024-710859,2024-04-26,Vente,108000,113,RUE DE LA FLAMENNE,59392000AC0346,Appartement,23,,
2024-710859,2024-04-26,Vente,108000,113,RUE DE LA FLAMENNE,59392000AC0346,Appartement,18,,
2024-710859,2024-04-26,Vente,108000,113,RUE DE LA FLAMENNE,59392000AC0346,Appartement,23,,
2024-710859,2024-04-26,Vente,108000,113,RUE DE LA FLAMENNE,59392000AC0346,Appartement,23,,
2024-710876,2024-04-26,Vente,97600,116,RUE DU PONT DE PIERRES,59392000AH0461,Maison,64,3.956163,50.284793
2024-710963,2024-04-29,Vente,105000,351,AV JEAN JAURES,59392000AD0849,Maison,112,3.933676,50.280679
2024-710983,2024-04-24,Vente,161450,9,RUE DU MARAIS,59392000AD0691,Maison,104,3.935181,50.2777
2024-710983,2024-04-24,Vente,161450,9,RUE DU MARAIS,59392000AD0691,Maison,104,3.935181,50.2777
2024-711025,2024-05-07,Vente,106200,237,RUE DU PONT DE PIERRES,59392000AI0090,Maison,62,3.946015,50.28477
2024-711093,2024-04-19,Vente,140000,14,RES ROSETTE DES SARS ALL DES S,59392000AM0242,Maison,92,3.963958,50.298903
2024-711132,2024-05-02,Vente,45000,43,IMM LE SUISSE BD DE L EURO,593920000K0033,Appartement,50,3.968895,50.275125
2024-711221,2024-05-07,Vente,127000,10,RUE ECOLE MATERNELLE,593920000Z0009,Maison,82,3.930751,50.269712
2024-711221,2024-05-07,Vente,127000,10,RUE ECOLE MATERNELLE,593920000Z0009,Maison,82,3.930751,50.269712
2024-711232,2024-05-07,Vente,50000,13,RUE DES RAMONEURS,593920000S0520,Maison,70,3.962148,50.281333
2024-711234,2024-05-07,Vente,66000,23,RUE LUCIEN BRASSEUR,59392000AY0409,Maison,102,3.976869,50.288593
2024-711241,2024-05-03,Vente,44000,43,IMM LE SUISSE BD DE L EURO,593920000K0033,Appartement,50,3.968895,50.275125
2024-711316,2024-05-13,Vente,28000,29,RUE DE LA VICTOIRE,593920000T0151,Maison,70,3.954587,50.272956
2024-711316,2024-05-13,Vente,28000,27,RUE DE LA VICTOIRE,593920000T0152,Maison,60,3.954597,50.272992
2024-711384,2024-04-30,Vente,40000,54,RUE PECART,593920000U0656,Appartement,81,3.951703,50.273259
2024-711384,2024-04-30,Vente,40000,54,RUE PECART,593920000U0656,Appartement,75,3.951703,50.273259
2024-711399,2024-05-17,Vente,115000,5,ALL DIDIER DAURAT,59392000AZ0068,Maison,82,3.990575,50.286853
2024-711406,2024-05-17,Vente,155400,95,AV DE FRANCE,593920000L0006,Appartement,60,3.972266,50.27331
2024-711408,2024-05-17,Vente,125700,7,RUE DE FLEURUS,593920000N0146,Appartement,104,3.972877,50.279874
2024-711408,2024-05-17,Vente,125700,7,RUE DE FLEURUS,593920000N0146,Appartement,84,3.972877,50.279874
2024-711408,2024-05-17,Vente,125700,7,RUE DE FLEURUS,593920000N0149,Appartement,66,3.973034,50.27988
2024-711430,2024-05-14,Vente,119880,213,RTE DE MONS,593920000B0032,Maison,103,3.975371,50.29484
2024-711433,2024-04-25,Vente,190000,101,RTE D AVESNES,593920000I0040,Maison,71,3.964966,50.266218
2024-711435,2024-05-03,Vente,85020,24,RUE KENNEDY,593920000V0829,Maison,60,3.940412,50.267725
2024-711519,2024-05-27,Vente,71000,31,LDT LE MANOIR,59392000AW0270,Maison,92,3.968244,50.292061
2024-711522,2024-05-07,Vente,120000,4,RUE FRANCIS JAMMES,59392000AX0055,Maison,86,3.969867,50.290698
2024-711523,2024-05-22,Vente,70000,43,RES ILE DE FRANCE RUE G DUBUT,593920000L0095,Appartement,71,3.973516,50.273597
2024-711551,2024-05-23,Vente,77000,7,RUE DU CEDRE BLEU,593920000C0137,Maison,55,3.973634,50.291578
2024-711606,2024-05-27,Vente,120000,2,SQ SQU DES ERABLES,59392000AI0099,Maison,96,3.946407,50.284572
2024-711637,2024-05-02,Vente,72500,43,IMM LE SUISSE BD DE L EURO,593920000K0033,Appartement,64,3.968895,50.275125
2024-711643,2024-05-17,Vente,50000,2,RUE DES SARS,593920000C0481,Maison,51,3.974206,50.290006
2024-711668,2024-05-29,Vente,70000,17,RTE DE FEIGNIES,593920000R0407,Appartement,92,3.965397,50.283511
2024-711675,2024-05-29,Vente,20000,71,RUE HAUTE,593920000V0050,Maison,53,3.939218,50.268896
2024-711705,2024-05-29,Vente,55000,152,RUE DU PONT DE PIERRES,59392000AH0441,Maison,56,3.954292,50.284834
2024-711757,2024-05-14,Vente,750000,26,RUE HOSPICE,593920000O0056,Appartement,27,3.973395,50.277101
2024-711757,2024-05-14,Vente,750000,26,RUE HOSPICE,593920000O0056,Appartement,20,3.973395,50.277101
2024-711757,2024-05-14,Vente,750000,26,RUE HOSPICE,593920000O0056,Appartement,20,3.973395,50.277101
2024-711757,2024-05-14,Vente,750000,26,RUE HOSPICE,593920000O0056,Appartement,35,3.973395,50.277101
2024-711757,2024-05-14,Vente,750000,26,RUE HOSPICE,593920000O0056,Appartement,35,3.973395,50.277101
2024-711757,2024-05-14,Vente,750000,26,RUE HOSPICE,593920000O0056,Appartement,15,3.973395,50.277101
2024-711757,2024-05-14,Vente,750000,26,RUE HOSPICE,593920000O0056,Appartement,15,3.973395,50.277101
2024-711757,2024-05-14,Vente,750000,26,RUE HOSPICE,593920000O0056,Appartement,18,3.973395,50.277101
2024-711757,2024-05-14,Vente,750000,26,RUE HOSPICE,593920000O0056,Appartement,37,3.973395,50.277101
2024-711757,2024-05-14,Vente,750000,26,RUE HOSPICE,593920000O0056,Appartement,26,3.973395,50.277101
2024-711757,2024-05-14,Vente,750000,26,RUE HOSPICE,593920000O0056,Appartement,29,3.973395,50.277101
2024-711757,2024-05-14,Vente,750000,26,RUE HOSPICE,593920000O0056,Appartement,22,3.973395,50.277101
2024-711757,2024-05-14,Vente,750000,26,RUE HOSPICE,593920000O0056,Appartement,45,3.973395,50.277101
2024-711757,2024-05-14,Vente,750000,26,RUE HOSPICE,593920000O0056,Appartement,62,3.973395,50.277101
2024-711757,2024-05-14,Vente,750000,26,RUE HOSPICE,593920000O0056,Appartement,20,3.973395,50.277101
2024-711757,2024-05-14,Vente,750000,26,RUE HOSPICE,593920000O0056,Appartement,20,3.973395,50.277101
2024-711757,2024-05-14,Vente,750000,26,RUE HOSPICE,593920000O0056,Appartement,4,3.973395,50.277101
2024-711757,2024-05-14,Vente,750000,26,RUE HOSPICE,593920000O0056,Appartement,65,3.973395,50.277101
2024-711757,2024-05-14,Vente,750000,26,RUE HOSPICE,593920000O0056,Appartement,55,3.973395,50.277101
2024-711757,2024-05-14,Vente,750000,26,RUE HOSPICE,593920000O0056,Appartement,50,3.973395,50.277101
2024-711757,2024-05-14,Vente,750000,26,RUE HOSPICE,593920000O0056,Appartement,28,3.973395,50.277101
2024-711757,2024-05-14,Vente,750000,26,RUE HOSPICE,593920000O0056,Appartement,28,3.973395,50.277101
2024-711757,2024-05-14,Vente,750000,26,RUE HOSPICE,593920000O0056,Appartement,22,3.973395,50.277101
2024-711886,2024-05-31,Vente,202000,20,RUE DU GAUCHE PIED,593920000I0093,Maison,125,3.96846,50.268833
2024-711891,2024-05-15,Vente,32000,37,RUE TRIEU AU VIN,593920000S0311,Maison,65,3.965614,50.277354
2024-711905,2024-05-29,Vente,70000,8,RES LE CANNES,593920000G0173,Appartement,120,3.97468,50.274734
2024-711919,2024-06-05,Vente,129000,26,RUE BRIQUE MONTPLAISIR,593920000Z0086,Maison,92,3.931398,50.273778
2024-711936,2024-06-10,Vente,49500,29,RES LE CLOS DE L'AVESNOIS,593920000I0480,Appartement,37,3.971547,50.267816
2024-711992,2024-06-07,Vente,156000,19,RTE FEIGNIES RES CROIX S ANDRE,593920000R0597,Maison,97,3.962676,50.28339
2024-711999,2024-05-30,Vente,137300,1,RES LE CANNES,593920000G0173,Appartement,120,3.97468,50.274734
2024-712009,2024-05-30,Vente,275000,20,RUE ERMITAGE,59392000AF0444,Maison,237,3.94597,50.272914
2024-712009,2024-05-30,Vente,275000,20,RUE ERMITAGE,59392000AF0444,Maison,237,3.94597,50.272914
2024-712009,2024-05-30,Vente,275000,20,RUE ERMITAGE,59392000AF0444,Maison,237,3.94597,50.272914
2024-712009,2024-05-30,Vente,275000,20,RUE ERMITAGE,59392000AF0444,Maison,237,3.94597,50.272914
2024-712041,2024-05-17,Vente,55000,29,LDT MAIL DE LA SAMBRE,593920000O0063,Appartement,94,3.971758,50.277076
2024-712046,2024-06-10,Vente,40000,41,IMM LE SUISSE BD DE L EURO,593920000K0033,Appartement,64,3.968895,50.275125
2024-712061,2024-06-10,Vente,35000,208,RUE D HAUTMONT,593920000U0305,Maison,70,3.949815,50.269403
2024-712089,2024-06-14,Vente,128500,6,CITE LA SATINETTE RTE D ASSEVEN,59392000BA0126,Maison,85,3.991348,50.283737
2024-712103,2024-06-10,Vente,49999,1,IMM LE SUEDE BD DE L EUROP,593920000P0135,Appartement,66,3.969745,50.281511
2024-712112,2024-06-11,Vente,98100,37,RUE GREVEAUX,593920000Z0456,Maison,68,3.929618,50.272777
2024-712124,2024-06-12,Vente,73000,43,RES ILE DE FRANCE RUE G DUBUT,593920000L0095,Appartement,58,3.973516,50.273597
2024-712156,2024-06-04,Vente,78000,9004,RES VAUBAN BAT B,59392000BB0012,Appartement,80,3.977135,50.282234
2024-712202,2024-05-27,Vente,76660,1,RUE DU SERGENT VERDIER,59392000AY0050,Maison,45,3.982418,50.286544
2024-712204,2024-05-23,Vente,95000,32,RUE JOACHIM DU BELLAY,59392000AV0380,Maison,92,3.962704,50.288697
2024-712230,2024-06-17,Vente,20000,97,RUE DES ECOLES,593920000U0475,Maison,69,3.952091,50.27255
2024-712457,2024-06-24,Vente,36000,13,CORO RAMBAUD TIVOLI,593920000R0550,Maison,64,3.967194,50.284679
2024-712460,2024-06-21,Vente,44629,7,IMM LUXEMBOURG BD DE L EUR,593920000P0133,Appartement,67,3.969212,50.28132
2024-712467,2024-06-24,Vente,79000,5,RUE GASTON SAMAIN,593920000T0238,Maison,102,3.953747,50.275269
2024-712467,2024-06-24,Vente,79000,5,RUE GASTON SAMAIN,593920000T0238,Maison,89,3.953747,50.275269
2024-712509,2024-06-26,Vente,110000,32,RUE DES TROENES,59392000AZ0076,Maison,82,3.990442,50.287013
2024-712542,2024-06-10,Vente,45000,7,IMM LUXEMBOURG BD DE L EUR,593920000P0133,Appartement,67,3.969212,50.28132
2024-712557,2024-05-30,Vente,65000,1,RES BEAUSEJOUR AVE JEAN JAURES,593920000S0591,Appartement,64,3.963479,50.281554
2024-712625,2024-06-28,Vente,68000,9,RTE DE MONS,593920000Q0652,Appartement,54,3.973343,50.283842
2024-712628,2024-06-27,Vente,125000,53,RUE DES USINES,593920000U0630,Maison,109,3.951767,50.274104
2024-712648,2024-06-28,Vente,75000,2,RUE DES TULIPES,59392000AF0732,Maison,92,3.947393,50.273936
2024-712681,2024-05-30,Vente,53000,128,RUE D HAUTMONT,593920000U0813,Maison,69,3.95316,50.271249
2024-712683,2024-05-31,Vente,53000,21,AV DE FRANCE,593920000L0086,Appartement,16,3.973549,50.275772
2024-712683,2024-05-31,Vente,53000,21,AV DE FRANCE,593920000L0086,Appartement,21,3.973549,50.275772
2024-712683,2024-05-31,Vente,53000,21,AV DE FRANCE,593920000L0086,Appartement,18,3.973549,50.275772
2024-712711,2024-07-03,Vente,180000,1,RES LE CANNES,593920000G0173,Appartement,159,3.97468,50.274734
2024-712876,2024-07-03,Vente,51000,3,RUE DUPUY DE LOME,59392000BB0090,Maison,83,3.982606,50.285393
2024-712877,2024-07-04,Vente,123000,3,ALL LOUIS 15,59392000AX0186,Maison,87,3.968568,50.288155
2024-712883,2024-07-03,Vente,95000,3,RUE LEON BATHIAT,59392000AZ0272,Maison,89,3.988452,50.286838
2024-712885,2024-07-02,Vente,175000,75,RTE DE MONS,593920000Q0674,Maison,185,3.974242,50.288335
2024-712896,2024-07-05,Vente,42000,91,RES DU MOULIN BD DE L EUROPE,593920000S0490,Appartement,60,3.964484,50.279524
2024-712953,2024-07-08,Vente,103000,153,RTE DE MONS,593920000C0554,Maison,177,3.97504,50.292398
2024-712953,2024-07-08,Vente,103000,153,RTE DE MONS,593920000C0554,Maison,177,3.97504,50.292398
2024-712961,2024-07-08,Vente,45000,2,ALL JEAN DE LA BRUYERE,59392000AV0156,Maison,87,3.960847,50.290888
2024-713051,2024-07-10,Vente,100000,373,RTE DE MONS,593920000A0111,Maison,102,3.977454,50.302613
2024-713059,2024-07-09,Vente,65400,334,RTE DE MONS,593920000A0163,Maison,102,3.97772,50.300261
2024-713059,2024-07-09,Vente,65400,334,RTE DE MONS,593920000A0163,Maison,102,3.97772,50.300261
2024-713205,2024-07-12,Vente,94750,5,RUE ADRIENNE BOLLAND,59392000AZ0421,Maison,81,3.986909,50.28609
2024-713266,2024-07-15,Vente,50000,8,RES BENJ DELESSERT SOUS LE BOI,59392000AC0616,Maison,76,,
2024-713267,2024-07-15,Vente,73000,25,RUE PIERRE DE RONSARD,59392000AV0282,Maison,76,3.960296,50.288636
2024-713324,2024-06-28,Vente,131088,9,RUE GUSTAVE FLAUBERT,59392000AW0212,Maison,92,3.966924,50.293591
2024-713364,2024-07-18,Vente,69000,40,RUE DE LA LIBERTE,593920000S0568,Maison,102,3.959659,50.277289
2024-713369,2024-07-18,Vente,52000,284,RUE DU PONT DE PIERRES,59392000AK0805,Maison,60,3.940699,50.285928
2024-713394,2024-07-17,Vente,125000,10,RUE DE LA CERAMIQUE,593920000U1210,Appartement,100,3.949573,50.269738
2024-713412,2024-07-18,Vente,187000,6,PL DE L INDUSTRIE,593920000U0173,Maison,141,3.947487,50.270041
2024-713412,2024-07-18,Vente,187000,14,RUE DES ECOLES,593920000U0245,Maison,71,3.94892,50.270809
2024-713494,2024-07-22,Vente,63000,115,RES ILE DE FRANCE RUE G DUBUT,593920000L0095,Appartement,66,3.973516,50.273597
2024-713513,2024-07-19,Vente,35000,72,RUE ERMITAGE,59392000AF0382,Maison,62,3.943154,50.271743
2024-713586,2024-07-22,Vente,200000,21,AV JEAN JAURES,593920000P0157,Maison,82,3.967236,50.282003
2024-713586,2024-07-22,Vente,200000,21,AV JEAN JAURES,593920000P0157,Maison,82,3.967236,50.282003
2024-713671,2024-07-25,Vente,216000,7,BD DE JEUMONT,59392000BB0026,Maison,120,3.97793,50.283424
2024-713671,2024-07-25,Vente,216000,7,BD DE JEUMONT,59392000BB0026,Maison,120,3.97793,50.283424
2024-713712,2024-07-25,Vente,110500,73,RES LE PRIEURE RUE VAUBAN,593920000N0180,Appartement,84,3.975737,50.279586
2024-713764,2024-07-26,Vente,103000,105,RUE DES CROSSEURS,59392000AY0014,Maison,45,3.982767,50.287677
2024-713792,2024-07-04,Vente,137000,175,RUE GRAND BOIS,59392000AN0225,Maison,92,3.963317,50.301952
2024-713793,2024-07-29,Vente,61000,61,RUE DES CROSSEURS,59392000AY0507,Maison,97,3.979746,50.28859
2024-714060,2024-08-05,Vente,81750,83,RUE DE DOUZIES,59392000AC0093,Maison,88,3.942214,50.272085
2024-714065,2024-08-01,Vente,85000,27,IMM GOUNOD RUE DES ARTS,593920000K0041,Appartement,71,3.970603,50.273669
2024-714217,2024-07-26,Vente,93000,104,RUE MINIERES,593920000U0543,Maison,86,3.950631,50.272697
2024-714226,2024-08-09,Vente,96000,50,RUE DE MONTPLAISIR,593920000Z0056,Maison,72,3.933487,50.272156
2024-714252,2024-07-26,Vente,76000,86,ALL VERTE,59392000AY0155,Maison,106,3.978358,50.287348
2024-714338,2024-08-21,Vente,55000,123,RTE D ASSEVENT,59392000AZ0860,Maison,69,3.98544,50.284223
2024-714365,2024-08-09,Vente,60000,71,IMM LE SUISSE BD DE L EURO,593920000K0033,Appartement,64,3.968895,50.275125
2024-714392,2024-08-22,Vente,105000,22,RUE JEAN BART,593920000C0390,Maison,81,3.973096,50.292194
2024-714538,2024-08-19,Vente,50000,7,IMM LUXEMBOURG BD DE L EUR,593920000P0133,Appartement,67,3.969212,50.28132
2024-714608,2024-08-28,Vente,273000,21,RUE EDMOND ROSTAND,593920000Q0659,Maison,169,3.973811,50.288386
2024-714625,2024-08-28,Vente,152000,6,RLE LEMY,593920000T0587,Maison,82,3.954856,50.273992
2024-714625,2024-08-28,Vente,152000,6,RLE LEMY,593920000T0587,Maison,82,3.954856,50.273992
2024-714650,2024-08-23,Vente,135000,29,RUE DE GOGNIES CHAUSSEE,593920000R0615,Maison,93,3.967528,50.285384
2024-714654,2024-08-30,Vente,150000,8,AV DU COLONEL SCHOULLER,593920000O0039,Appartement,106,3.969624,50.27581
2024-714662,2024-08-30,Vente,65000,4,RUE PIERRE COLART,593920000R0151,Maison,95,3.965959,50.282749
2024-714663,2024-08-30,Vente,49500,29,RUE DU FAUBOURG ST QUENTIN,593920000S0113,Maison,62,3.962946,50.280082
2024-714670,2024-08-30,Vente,180000,363,RTE DE MONS,593920000A0307,Appartement,90,3.977385,50.302159
2024-714670,2024-08-30,Vente,180000,363,RTE DE MONS,593920000A0307,Maison,85,3.977385,50.302159
2024-714670,2024-08-30,Vente,180000,363,RTE DE MONS,593920000A0307,Appartement,90,3.977385,50.302159
2024-714674,2024-08-30,Vente,63000,9,RTE DE MONS,593920000Q0652,Appartement,62,3.973343,50.283842
2024-714675,2024-08-30,Vente,165400,7,ALL LOUIS 16,59392000AX0204,Maison,99,3.967895,50.287793
2024-714727,2024-09-02,Vente,50000,5,RUE DE MONTPLAISIR,59392000AB0060,Maison,98,3.93436,50.273633
2024-714752,2024-09-02,Vente,95000,96,RUE DES SARS,593920000C0253,Maison,55,3.969765,50.293142
2024-714752,2024-09-02,Vente,95000,96,RUE DES SARS,593920000C0253,Maison,86,3.969765,50.293142
2024-714764,2024-08-30,Vente,114500,1,RES LE CANNES,593920000G0173,Appartement,120,3.97468,50.274734
2024-714766,2024-09-05,Vente,57000,56,RUE DE LA LIBERTE,593920000S0653,Maison,98,3.958777,50.277264
2024-714768,2024-09-03,Vente,209700,35,RUE DE ROUSIES,593920000H0136,Maison,87,3.973871,50.268721
2024-714879,2024-08-28,Vente,87000,11,RUE CHARLES PERRAULT,59392000AX0089,Maison,67,3.970758,50.290631
2024-714976,2024-08-28,Vente,119000,19,ALL LOUIS 16,59392000AX0198,Maison,105,3.968082,50.287158
2024-715014,2024-09-11,Vente,35000,94,RUE DES USINES,593920000T0079,Maison,78,3.952161,50.274476
2024-715019,2024-09-17,Vente,70000,331,AV JEAN JAURES,59392000AD0543,Maison,49,3.936398,50.280856
2024-715036,2024-08-29,Vente,120000,24,CITE DE LA CERAMIQUE RUE GREVAU,593920000Z0503,Maison,102,3.928187,50.273021
2024-715142,2024-09-17,Vente,50000,2,RUE DU SGT ACQUART,59392000AY0069,Maison,40,3.981391,50.287272
2024-715196,2024-09-16,Vente,90000,34,RUE DE GOGNIES CHAUSSEE,593920000Q0528,Maison,79,3.967441,50.286213
2024-715196,2024-09-16,Vente,90000,34,RUE DE GOGNIES CHAUSSEE,593920000Q0528,Maison,79,3.967441,50.286213
2024-715208,2024-09-18,Vente,55000,1,IMM TOURAINE LES PROV FRAN,593920000G0145,Appartement,68,3.974961,50.272945
2024-715472,2024-09-27,Vente,147000,10,RUE JEAN BART,593920000C0404,Maison,87,3.972229,50.291846
2024-715473,2024-09-25,Vente,93000,9002,RES VAUBAN BAT A,59392000BB0012,Appartement,90,3.977135,50.282234
2024-715479,2024-09-26,Vente,18000,124,RUE MINIERES,593920000U0555,Maison,94,3.951269,50.273065
2024-715507,2024-09-18,Vente,77000,51,IMM ITALIE BD DE L EUROPE,593920000K0033,Appartement,74,3.968895,50.275125
2024-715508,2024-09-30,Vente,49000,68,RUE DE LA LIBERTE,593920000S0459,Maison,72,3.958003,50.277336
2024-715508,2024-09-30,Vente,49000,68,RUE DE LA LIBERTE,593920000S0459,Maison,72,3.958003,50.277336
2024-715511,2024-09-25,Vente,104000,137,RTE D ASSEVENT,59392000AZ0198,Maison,90,3.986757,50.284326
2024-715518,2024-09-30,Vente,76000,66,RUE DE LA LIBERTE,593920000S0460,Maison,123,3.958237,50.27727
2024-715518,2024-09-30,Vente,76000,66,RUE DE LA LIBERTE,593920000S0460,Maison,123,3.958237,50.27727
2024-715531,2024-09-26,Vente,47000,49,IMM ITALIE BD DE L EUROPE,593920000K0033,Appartement,64,3.968895,50.275125
2024-715534,2024-09-30,Vente,242000,4,AV ANDRE CHAUSSON,59392000AT0442,Maison,82,3.92583,50.271478
2024-715534,2024-09-30,Vente,242000,4,AV ANDRE CHAUSSON,59392000AT0442,Maison,82,3.92583,50.271478
2024-715537,2024-09-30,Vente,45000,10,RES LE CANNES,593920000G0173,Appartement,64,3.97468,50.274734
2024-715577,2024-09-30,Vente,121850,78,RUE DE DOUZIES,59392000AF0361,Maison,71,3.942743,50.27286
2024-715622,2024-09-27,Vente,100000,15,RUE DE LA POSTE,593920000U0969,Maison,62,3.944689,50.271616
2024-715622,2024-09-27,Vente,100000,15,RUE DE LA POSTE,593920000U0969,Maison,62,3.944689,50.271616
2024-715649,2024-09-24,Vente,49500,51,LDT MAIL DE LA SAMBRE,593920000O0063,Appartement,80,3.971758,50.277076
2024-715686,2024-10-04,Vente,120000,6,AV DU COLONEL SCHOULLER,593920000O0039,Appartement,106,3.969624,50.27581
2024-715694,2024-10-02,Vente,117000,10,RES LE CANNES,593920000G0173,Appartement,120,3.97468,50.274734
2024-715739,2024-10-07,Vente,60000,13,RUE CENT QUARANTE CINQ RI,593920000N0117,Maison,35,3.975011,50.279516
2024-715791,2024-10-02,Vente,100000,36,AV DE FRANCE,593920000K0027,Appartement,100,3.972331,50.274657
2024-715791,2024-10-02,Vente,100000,36,AV DE FRANCE,593920000K0027,Appartement,100,3.972331,50.274657
2024-715860,2024-09-30,Vente,169000,4,RUE DU GENERAL VANUXEM,59392000BA0055,Maison,94,3.988388,50.283231
2024-715877,2024-10-14,Vente,110000,86,BD FRANCOIS RENE CHATEAUBRIAN,59392000AK0533,Maison,86,3.959577,50.28564
2024-715911,2024-10-07,Vente,40500,63,RES LES IRIS AVE JEAN JAURES,593920000S0030,Appartement,72,3.963289,50.282042
2024-715920,2024-10-14,Vente,65000,67,RES ILE DE FRANCE RUE G DUBUT,593920000L0095,Appartement,81,3.973516,50.273597
2024-715923,2024-10-14,Vente,114700,39,AV NICOLAS BOILEAU,59392000AV0084,Maison,92,3.962279,50.291478
2024-715939,2024-09-19,Vente,140000,2,RUE DU PONT DE PIERRES,593920000R0655,Maison,57,3.96291,50.284784
2024-715946,2024-10-14,Vente,120000,17,RUE JEAN BOUIN,59392000AG0573,Maison,76,3.950531,50.27784
2024-716135,2024-10-17,Vente,55500,9,RUE DU CHEMIN DE FER,593920000Y0091,Maison,84,3.932693,50.268192
2024-716147,2024-10-17,Vente,80000,24,PL DE LA CONCORDE,593920000N0052,Appartement,85,3.973026,50.278452
2024-716148,2024-10-15,Vente,162000,18,RUE DU PONT DE PIERRES,593920000R0643,Maison,89,3.961571,50.284866
2024-716227,2024-10-21,Vente,69000,26,LE BUILDING PL DES NATIONS,593920000N0047,Appartement,78,3.974918,50.278426
2024-716228,2024-10-23,Vente,221750,14,RUE DE LA COUTURELLE,59392000AC0623,Maison,93,3.937919,50.273374
2024-716265,2024-10-28,Vente,125000,8,RUE BERTHOLLET,593920000Z0404,Maison,78,3.929843,50.271238
2024-716293,2024-09-30,Vente,81500,12,AV FRANKLIN ROOSEVELT,593920000N0060,Appartement,30,3.971458,50.278812
2024-716293,2024-09-30,Vente,81500,12,AV FRANKLIN ROOSEVELT,593920000N0060,Appartement,30,3.971458,50.278812
2024-716376,2024-10-24,Vente,33000,17,RUE RENELDE BERIOT,59392000AB0316,Maison,70,3.938292,50.269852
2024-716401,2024-09-20,Vente,95000,11,RTE DE FEIGNIES,593920000R0173,Maison,110,3.966794,50.282914
2024-716403,2024-10-04,Vente,250000,4,RLE DES VITRIERS,593920000B0179,Maison,120,3.974029,50.294481
2024-716403,2024-10-04,Vente,250000,4,RLE DES VITRIERS,593920000B0179,Maison,120,3.974029,50.294481
2024-716404,2024-10-25,Vente,281990,40,AV DE FERRIERE,593920000H0176,Maison,288,3.976766,50.26961
2024-716410,2024-10-24,Vente,30500,45,RES CITIZEN PARK RUE L.BATHIAT,59392000AZ0845,Appartement,21,3.984378,50.286128
2024-716446,2024-10-25,Vente,337485.66,17,AV DE FRANCE,593920000O0027,Appartement,31,3.973515,50.275901
2024-716446,2024-10-25,Vente,337485.66,17,AV DE FRANCE,593920000O0027,Appartement,55,3.973515,50.275901
2024-716446,2024-10-25,Vente,337485.66,17,AV DE FRANCE,593920000O0027,Appartement,44,3.973515,50.275901
2024-716446,2024-10-25,Vente,337485.66,17,AV DE FRANCE,593920000O0027,Appartement,50,3.973515,50.275901
2024-716446,2024-10-25,Vente,337485.66,17,AV DE FRANCE,593920000O0027,Appartement,31,3.973515,50.275901
2024-716446,2024-10-25,Vente,337485.66,17,AV DE FRANCE,593920000O0027,Appartement,65,3.973515,50.275901
2024-716446,2024-10-25,Vente,337485.66,9,AV DE FRANCE,593920000O0028,Appartement,75,3.9737,50.275959
2024-716446,2024-10-25,Vente,337485.66,9,AV DE FRANCE,593920000O0028,Appartement,43,3.9737,50.275959
2024-716446,2024-10-25,Vente,337485.66,9,AV DE FRANCE,593920000O0028,Appartement,75,3.9737,50.275959
2024-716446,2024-10-25,Vente,337485.66,9,AV DE FRANCE,593920000O0028,Appartement,75,3.9737,50.275959
2024-716446,2024-10-25,Vente,337485.66,9,AV DE FRANCE,593920000O0028,Appartement,75,3.9737,50.275959
2024-716446,2024-10-25,Vente,337485.66,9,AV DE FRANCE,593920000O0028,Appartement,42,3.9737,50.275959
2024-716446,2024-10-25,Vente,337485.66,9,AV DE FRANCE,593920000O0028,Appartement,43,3.9737,50.275959
2024-716446,2024-10-25,Vente,337485.66,5,AV DE FRANCE,593920000O0029,Appartement,40,3.973665,50.276059
2024-716446,2024-10-25,Vente,337485.66,5,AV DE FRANCE,593920000O0029,Appartement,90,3.973665,50.276059
2024-716446,2024-10-25,Vente,337485.66,5,AV DE FRANCE,593920000O0029,Appartement,120,3.973665,50.276059
2024-716446,2024-10-25,Vente,337485.66,2,RUE HENRI DURRE,593920000O0033,Appartement,37,3.973881,50.276008
2024-716446,2024-10-25,Vente,337485.66,2,RUE HENRI DURRE,593920000O0033,Appartement,44,3.973881,50.276008
2024-716446,2024-10-25,Vente,337485.66,2,RUE HENRI DURRE,593920000O0033,Appartement,30,3.973881,50.276008
2024-716446,2024-10-25,Vente,337485.66,2,RUE HENRI DURRE,593920000O0033,Appartement,31,3.973881,50.276008
2024-716446,2024-10-25,Vente,337485.66,2,RUE HENRI DURRE,593920000O0033,Appartement,44,3.973881,50.276008
2024-716446,2024-10-25,Vente,337485.66,2,RUE HENRI DURRE,593920000O0033,Appartement,46,3.973881,50.276008
2024-716446,2024-10-25,Vente,337485.66,2,RUE HENRI DURRE,593920000O0033,Appartement,35,3.973881,50.276008
2024-716446,2024-10-25,Vente,337485.66,2,RUE HENRI DURRE,593920000O0033,Appartement,44,3.973881,50.276008
2024-716446,2024-10-25,Vente,337485.66,2,RUE HENRI DURRE,593920000O0033,Appartement,37,3.973881,50.276008
2024-716446,2024-10-25,Vente,337485.66,2,RUE HENRI DURRE,593920000O0033,Appartement,46,3.973881,50.276008
2024-716446,2024-10-25,Vente,337485.66,2,RUE HENRI DURRE,593920000O0033,Appartement,35,3.973881,50.276008
2024-716446,2024-10-25,Vente,337485.66,2,RUE HENRI DURRE,593920000O0033,Appartement,20,3.973881,50.276008
2024-716446,2024-10-25,Vente,337485.66,2,RUE HENRI DURRE,593920000O0033,Appartement,51,3.973881,50.276008
2024-716446,2024-10-25,Vente,337485.66,2,RUE HENRI DURRE,593920000O0033,Appartement,48,3.973881,50.276008
2024-716446,2024-10-25,Vente,337485.66,2,RUE HENRI DURRE,593920000O0033,Appartement,31,3.973881,50.276008
2024-716446,2024-10-25,Vente,337485.66,6,RES BAERT,593920000O0035,Appartement,75,3.973753,50.275853
2024-716446,2024-10-25,Vente,337485.66,6,RES BAERT,593920000O0035,Appartement,60,3.973753,50.275853
2024-716446,2024-10-25,Vente,337485.66,6,RES BAERT,593920000O0035,Appartement,56,3.973753,50.275853
2024-716446,2024-10-25,Vente,337485.66,6,RES BAERT,593920000O0035,Appartement,60,3.973753,50.275853
2024-716446,2024-10-25,Vente,337485.66,8,RES BAERT,593920000O0036,Appartement,38,3.973791,50.275797
2024-716446,2024-10-25,Vente,337485.66,8,RES BAERT,593920000O0036,Appartement,66,3.973791,50.275797
2024-716446,2024-10-25,Vente,337485.66,8,RES BAERT,593920000O0036,Appartement,53,3.973791,50.275797
2024-716446,2024-10-25,Vente,337485.66,8,RES BAERT,593920000O0036,Appartement,53,3.973791,50.275797
2024-716489,2024-10-28,Vente,120000,4,RUE DE LOUVROIL,593920000H0079,Appartement,30,3.97516,50.270732
2024-716489,2024-10-28,Vente,120000,4,RUE DE LOUVROIL,593920000H0079,Appartement,45,3.97516,50.270732
2024-716489,2024-10-28,Vente,120000,4,RUE DE LOUVROIL,593920000H0079,Appartement,44,3.97516,50.270732
2024-716489,2024-10-28,Vente,120000,4,RUE DE LOUVROIL,593920000H0079,Appartement,42,3.97516,50.270732
2024-716522,2024-10-31,Vente,162900,9,RUE DE TIVOLI,593920000Q0237,Maison,81,3.973216,50.28575
2024-716522,2024-10-31,Vente,162900,9,RUE DE TIVOLI,593920000Q0237,Maison,81,3.973216,50.28575
2024-716526,2024-10-31,Vente,142500,12,RUE EDMOND ROSTAND,593920000Q0542,Maison,96,3.972579,50.288313
2024-716528,2024-10-31,Vente,37000,93,RUE DES FONDERIES,59392000AC0062,Maison,58,3.940496,50.270621
2024-716560,2024-10-28,Vente,151400,1,IMM MONACO RUE N REGNIER,593920000P0042,Appartement,130,3.968316,50.280679
2024-716666,2024-11-04,Vente,125000,25,RUE LOUIS BREGUET,59392000AZ0083,Maison,82,3.990639,50.287451
2024-716811,2024-10-25,Vente,172000,87,RUE DU GAUCHE PIED,593920000I0345,Maison,74,3.966955,50.265631
2024-716855,2024-11-12,Vente,35000,144,RUE D HAUTMONT,593920000U0385,Maison,119,3.952523,50.270898
2024-716915,2024-11-14,Vente,156000,4,ALL DE LA POLYCLINIQUE,59392000BA0053,Maison,94,3.98838,50.283529
2024-717051,2024-09-19,Vente,75000,5,RUE LOUIS BLERIOT,59392000AZ0585,Maison,87,3.985167,50.285812
2024-717133,2024-11-12,Vente,175000,13,RUE NEUILLES,593920000H0666,Maison,66,3.976169,50.268993
2024-717193,2024-11-19,Vente,32500,16,RUE HENRI SCULFORT,593920000S0144,Maison,60,3.962779,50.278338
2024-717226,2024-10-29,Vente,40000,39,RUE CENT QUARANTE CINQ RI,593920000N0036,Appartement,38,3.975878,50.279235
2024-717252,2024-11-27,Vente,40000,23,RUE TRIEU AU VIN,593920000S0418,Maison,112,3.964673,50.277073
2024-717260,2024-11-27,Vente,207000,165,RTE D ELESMES,59392000AO0064,Maison,51,3.986253,50.289735
2024-717260,2024-11-27,Vente,207000,165,RTE D ELESMES,59392000AO0064,Maison,51,3.986253,50.289735
2024-717260,2024-11-27,Vente,207000,165,RTE D ELESMES,59392000AO0064,Maison,113,3.986253,50.289735
2024-717260,2024-11-27,Vente,207000,165,RTE D ELESMES,59392000AO0064,Maison,113,3.986253,50.289735
2024-717263,2024-11-22,Vente,50000,7,RES LE CLOS DE L'AVESNOIS,593920000I0480,Appartement,37,3.971547,50.267816
2024-717268,2024-11-22,Vente,35000,45,RES CITIZEN PARK RUE L.BATHIAT,59392000AZ0845,Appartement,21,3.984378,50.286128
2024-717274,2024-11-22,Vente,35000,45,RES CITIZEN PARK RUE L.BATHIAT,59392000AZ0845,Appartement,20,3.984378,50.286128
2024-717287,2024-11-26,Vente,70000,78,RUE DU FAUBOURG SAINT LAZARE,593920000I0187,Maison,82,3.972438,50.266184
2024-717309,2024-11-14,Vente,123400,11,RUE JEAN BOUIN,59392000AG0570,Maison,83,3.950702,50.278045
2024-717447,2024-11-20,Vente,36000,9001,RES DU MOULIN BD DE L EUROPE,593920000S0490,Appartement,40,3.964484,50.279524
2024-717464,2024-12-02,Vente,240000,2,RUE RIBAUT,59392000AD0450,Maison,198,3.941067,50.280492
2024-717464,2024-12-02,Vente,240000,2,RUE RIBAUT,59392000AD0450,Maison,198,3.941067,50.280492
2024-717470,2024-11-22,Vente,80000,9,RTE DE MONS,593920000Q0652,Appartement,62,3.973343,50.283842
2024-717475,2024-12-02,Vente,43500,11,RUE ADOLPHE MATHA,593920000I0007,Maison,78,3.964683,50.265054
2024-717514,2024-11-28,Vente,235000,22,RUE LUCIEN BRASSEUR,59392000AY0389,Maison,164,3.977518,50.287943
2024-717587,2024-11-20,Vente,55000,1,IMM MARSEILLE AVE PROV FRA,593920000L0077,Appartement,73,3.974308,50.274236
2024-717768,2024-11-14,Vente,28000,79,RUE DU TILLEUL,593920000U0437,Maison,56,3.950766,50.270724
2024-717786,2024-12-11,Vente,48000,57,RUE DES ECOLES,593920000U0501,Maison,114,3.950293,50.271883
2024-717884,2024-12-11,Vente,52000,58,RUE DES FONDERIES,593920000V0439,Maison,101,3.944081,50.268449
2024-717884,2024-12-11,Vente,52000,58,RUE DES FONDERIES,593920000V0440,Maison,36,3.944018,50.268462
2024-717944,2024-12-16,Vente,68000,44,IMM BERLIOZ RUE DES ARTS,593920000K0020,Appartement,73,3.971239,50.273209
2024-717950,2024-12-16,Vente,75000,43,IMM LE SUISSE BD DE L EURO,593920000K0033,Appartement,65,3.968895,50.275125
2024-717963,2024-12-16,Vente,42000,14,RUE JEANNE JUGAN,593920000V0094,Maison,80,3.941655,50.269202
2024-717966,2024-12-13,Vente,58000,45,IMM LE SUISSE BD DE L EURO,593920000K0033,Appartement,64,3.968895,50.275125
2024-718077,2024-12-12,Vente,100000,19,ALL DES PLATANES,59392000AH0211,Maison,89,3.957598,50.283953
2024-718106,2024-12-19,Vente,94382.4,5001,AV DE LA REPUBLIQUE,59392000AH0551,Appartement,61,3.953146,50.28236
2024-718106,2024-12-19,Vente,94382.4,5001,AV DE LA REPUBLIQUE,59392000AH0551,Appartement,51,3.953146,50.28236
2024-718106,2024-12-19,Vente,94382.4,5001,AV DE LA REPUBLIQUE,59392000AH0551,Appartement,61,3.953146,50.28236
2024-718106,2024-12-19,Vente,94382.4,5001,AV DE LA REPUBLIQUE,59392000AH0551,Appartement,51,3.953146,50.28236
2024-718106,2024-12-19,Vente,94382.4,5001,AV DE LA REPUBLIQUE,59392000AH0551,Appartement,51,3.953146,50.28236
2024-718106,2024-12-19,Vente,94382.4,5001,AV DE LA REPUBLIQUE,59392000AH0551,Appartement,61,3.953146,50.28236
2024-718106,2024-12-19,Vente,94382.4,5001,AV DE LA REPUBLIQUE,59392000AH0551,Appartement,51,3.953146,50.28236
2024-718106,2024-12-19,Vente,94382.4,5001,AV DE LA REPUBLIQUE,59392000AH0551,Appartement,61,3.953146,50.28236
2024-718106,2024-12-19,Vente,94382.4,5001,AV DE LA REPUBLIQUE,59392000AH0551,Appartement,51,3.953146,50.28236
2024-718106,2024-12-19,Vente,94382.4,5001,AV DE LA REPUBLIQUE,59392000AH0551,Appartement,61,3.953146,50.28236
2024-718106,2024-12-19,Vente,94382.4,5001,AV DE LA REPUBLIQUE,59392000AH0551,Appartement,51,3.953146,50.28236
2024-718106,2024-12-19,Vente,94382.4,5001,AV DE LA REPUBLIQUE,59392000AH0551,Appartement,61,3.953146,50.28236
2024-718106,2024-12-19,Vente,94382.4,5001,AV DE LA REPUBLIQUE,59392000AH0551,Appartement,51,3.953146,50.28236
2024-718106,2024-12-19,Vente,94382.4,5001,AV DE LA REPUBLIQUE,59392000AH0551,Appartement,51,3.953146,50.28236
2024-718106,2024-12-19,Vente,94382.4,5001,AV DE LA REPUBLIQUE,59392000AH0551,Appartement,61,3.953146,50.28236
2024-718106,2024-12-19,Vente,94382.4,5001,AV DE LA REPUBLIQUE,59392000AH0551,Appartement,51,3.953146,50.28236
2024-718106,2024-12-19,Vente,94382.4,5001,AV DE LA REPUBLIQUE,59392000AH0551,Appartement,61,3.953146,50.28236
2024-718106,2024-12-19,Vente,94382.4,5001,AV DE LA REPUBLIQUE,59392000AH0551,Appartement,61,3.953146,50.28236
2024-718106,2024-12-19,Vente,94382.4,5001,AV DE LA REPUBLIQUE,59392000AH0551,Appartement,51,3.953146,50.28236
2024-718106,2024-12-19,Vente,94382.4,5001,AV DE LA REPUBLIQUE,59392000AH0551,Appartement,61,3.953146,50.28236
2024-718106,2024-12-19,Vente,94382.4,5001,AV DE LA REPUBLIQUE,59392000AH0551,Appartement,51,3.953146,50.28236
2024-718106,2024-12-19,Vente,94382.4,5001,AV DE LA REPUBLIQUE,59392000AH0551,Appartement,61,3.953146,50.28236
2024-718106,2024-12-19,Vente,94382.4,5001,AV DE LA REPUBLIQUE,59392000AH0551,Appartement,51,3.953146,50.28236
2024-718106,2024-12-19,Vente,94382.4,5001,AV DE LA REPUBLIQUE,59392000AH0551,Appartement,61,3.953146,50.28236
2024-718106,2024-12-19,Vente,94382.4,5001,AV DE LA REPUBLIQUE,59392000AH0551,Appartement,51,3.953146,50.28236
2024-718106,2024-12-19,Vente,94382.4,5001,AV DE LA REPUBLIQUE,59392000AH0551,Appartement,61,3.953146,50.28236
2024-718106,2024-12-19,Vente,94382.4,5001,AV DE LA REPUBLIQUE,59392000AH0551,Appartement,51,3.953146,50.28236
2024-718106,2024-12-19,Vente,94382.4,5001,AV DE LA REPUBLIQUE,59392000AH0551,Appartement,61,3.953146,50.28236
2024-718106,2024-12-19,Vente,94382.4,5001,AV DE LA REPUBLIQUE,59392000AH0551,Appartement,51,3.953146,50.28236
2024-718106,2024-12-19,Vente,94382.4,5001,AV DE LA REPUBLIQUE,59392000AH0551,Appartement,61,3.953146,50.28236
2024-718106,2024-12-19,Vente,94382.4,5001,AV DE LA REPUBLIQUE,59392000AH0551,Appartement,51,3.953146,50.28236
2024-718106,2024-12-19,Vente,94382.4,5001,AV DE LA REPUBLIQUE,59392000AH0551,Appartement,61,3.953146,50.28236
2024-718207,2024-12-13,Vente,85000,16,AV DE FERRIERE,593920000H0081,Maison,110,3.975356,50.270536
2024-718306,2024-12-20,Vente,51000,47,IMM ITALIE BD DE L EUROPE,593920000K0033,Appartement,64,3.968895,50.275125
2024-718385,2024-12-16,Vente,109500,64,RUE SAINTE EMILIE,593920000V0214,Maison,131,3.940048,50.267293
2024-718513,2024-12-09,Vente,179500,5,RUE DU CHEMIN VERT,593920000H0063,Maison,110,3.973783,50.270929
2024-718539,2024-12-23,Vente,165000,13,RUE DE LA LIBERTE,593920000S0231,Maison,105,3.961508,50.277066
2024-718567,2024-12-12,Vente,57500,156,RUE DU PONT DE PIERRES,59392000AH0047,Maison,82,3.953798,50.284768
2024-718582,2024-12-20,Vente,87200,72,RUE HAUTE,59392000AB0485,Maison,115,3.938332,50.268593
2024-718586,2024-12-23,Vente,186150,1,RUE DU CEDRE BLEU,593920000C0197,Maison,114,3.974681,50.291248
2024-718586,2024-12-23,Vente,186150,1,RUE DU CEDRE BLEU,593920000C0197,Maison,114,3.974681,50.291248
2024-718587,2024-12-23,Vente,68000,7,IMM LE HOLLANDE BD DE L EU,593920000P0133,Appartement,62,3.969212,50.28132
2024-718588,2024-12-23,Vente,27813,41,RUE DU TILLEUL,593920000U0783,Maison,70,3.949164,50.270083
2024-718599,2024-12-20,Vente,161500,51,RTE D AVESNES,593920000I0104,Maison,105,3.96756,50.269791
2024-718608,2024-12-23,Vente,35000,75,RUE SAINTE EMILIE,593920000V1037,Maison,69,3.94099,50.267326
2024-718614,2024-12-23,Vente,123000,52,RUE AMPERE,59392000AC0570,Maison,85,3.9398,50.274911
2024-718614,2024-12-23,Vente,123000,52,RUE AMPERE,59392000AC0570,Maison,85,3.9398,50.274911
2024-718623,2024-12-23,Vente,11000,9002,RES VAUBAN BAT A,59392000BB0012,Appartement,100,3.977135,50.282234
2024-718687,2024-12-27,Vente,110000,70,RUE DES FONDERIES,59392000AC0191,Maison,110,3.940854,50.27086
2024-718697,2024-12-27,Vente,63000,14,RUE CHARLES NUNGESSER,59392000AZ0411,Maison,67,3.986733,50.286605
2024-718702,2024-12-27,Vente,189000,1,RUE DU CDT CHARCOT,593920000C0441,Appartement,13,3.970328,50.292971
2024-718702,2024-12-27,Vente,189000,1,RUE DU CDT CHARCOT,593920000C0441,Appartement,12,3.970328,50.292971
2024-718702,2024-12-27,Vente,189000,1,RUE DU CDT CHARCOT,593920000C0441,Appartement,12,3.970328,50.292971
2024-718702,2024-12-27,Vente,189000,1,RUE DU CDT CHARCOT,593920000C0441,Maison,96,3.970328,50.292971
2024-718704,2024-12-27,Vente,109000,45,RUE VICTOR HUGO,59392000AD0444,Maison,96,3.937152,50.278497
2024-718704,2024-12-27,Vente,109000,45,RUE VICTOR HUGO,59392000AD0444,Maison,96,3.937152,50.278497
2024-718704,2024-12-27,Vente,109000,,RUE VICTOR HUGO,59392000AD0794,Appartement,58,3.936936,50.278556
2024-718756,2024-12-30,Vente,92100,1,IMM LES NERVIENS LA CORNIC,593920000O0108,Appartement,81,3.972584,50.276135
2024-718889,2024-12-26,Vente,30000,7,IMM LUXEMBOURG BD DE L EUR,593920000P0133,Appartement,51,3.969212,50.28132
2024-718993,2024-12-23,Vente,126000,48,RTE D ELESMES,59392000BB0045,Maison,73,3.980109,50.284692
2024-718999,2024-02-19,Vente,90000,54,RUE DE MONTPLAISIR,593920000Z0049,Maison,150,3.933189,50.27196
2024-718999,2024-02-19,Vente,90000,54,RUE DE MONTPLAISIR,593920000Z0049,Maison,150,3.933189,50.27196
2024-719002,2024-04-15,Vente,78000,31,RUE DE LA QUINCAILLERIE,59392000AG0184,Maison,79,3.955877,50.280271
2024-719007,2024-09-18,Vente,138000,380,RTE DE MONS,593920000A0222,Maison,105,3.979143,50.301958
2024-719007,2024-09-18,Vente,138000,380,RTE DE MONS,593920000A0222,Maison,105,3.979143,50.301958
2023-785084,2023-01-06,Vente,80000,91,RUE DU CORBEAU,59392000AD0387,Maison,72,3.938945,50.277937
2023-785084,2023-01-06,Vente,80000,91,RUE DU CORBEAU,59392000AD0387,Maison,72,3.938945,50.277937
2023-785084,2023-01-06,Vente,80000,91,RUE DU CORBEAU,59392000AD0387,Maison,72,3.938945,50.277937
2023-785093,2023-01-04,Vente,394000,124,RUE DE LA LIBERTE,59392000AG0208,Maison,42,3.955076,50.277816
2023-785093,2023-01-04,Vente,394000,122,RUE DE LA LIBERTE,59392000AG0209,Maison,89,3.95505,50.27776
2023-785093,2023-01-04,Vente,394000,120,RUE DE LA LIBERTE,59392000AG0210,Maison,31,3.954939,50.277706
2023-785093,2023-01-04,Vente,394000,120,RUE DE LA LIBERTE,59392000AG0210,Maison,113,3.954939,50.277706
2023-785093,2023-01-04,Vente,394000,118,RUE DE LA LIBERTE,59392000AG0408,Maison,25,3.955036,50.277692
2023-785093,2023-01-04,Vente,394000,128,RUE DE LA LIBERTE,59392000AG0439,Maison,69,3.954786,50.277905
2023-785093,2023-01-04,Vente,394000,126,RUE DE LA LIBERTE,59392000AG0441,Maison,61,3.954912,50.277902
2023-785093,2023-01-04,Vente,394000,124,RUE DE LA LIBERTE,59392000AG0461,Maison,47,3.955002,50.277825
2023-785101,2023-01-07,Vente,63700,75,RTE D AVESNES,593920000I0070,Maison,51,3.966507,50.268041
2023-785112,2023-01-05,Vente,30000,24,RUE DES LAMINOIRS,593920000U1261,Maison,63,3.9506,50.27038
2023-785112,2023-01-05,Vente,30000,24,RUE DES LAMINOIRS,593920000U1261,Maison,55,3.9506,50.27038
2023-785135,2023-01-11,Vente,142000,329,RTE DE MONS,593920000A0168,Maison,50,3.976765,50.300427
2023-785135,2023-01-11,Vente,142000,329,RTE DE MONS,593920000A0168,Maison,50,3.976765,50.300427
2023-785225,2023-01-17,Vente,118000,101,RUE DES FONDERIES,59392000AC0068,Maison,130,3.9405,50.270871
2023-785229,2023-01-16,Vente,93580,39,RUE DES TROENES,59392000AZ0140,Maison,82,3.989511,50.286797
2023-785274,2023-01-19,Vente,58200,42,LE BUILDING PL DES NATIONS,593920000N0047,Appartement,48,3.974918,50.278426
2023-785281,2023-01-17,Vente,123000,47,RUE JEANNE JUGAN,593920000V1134,Maison,100,3.938673,50.267574
2023-785346,2023-01-04,Vente,27000,64,RTE D ASSEVENT,59392000BA0108,Maison,56,3.985124,50.283873
2023-785370,2023-01-19,Vente,100600,18,RUE CASIMIR FOURNIER,593920000N0131,Appartement,82,3.975222,50.279944
2023-785452,2023-01-23,Vente,27000,47,IMM ITALIE BD DE L EUROPE,593920000K0033,Appartement,40,3.968895,50.275125
2023-785473,2023-01-17,Vente,50000,5,RUE DU TILLEUL,593920000U0144,Maison,137,3.947918,50.269593
2023-785483,2023-01-24,Vente,50000,144,RUE MINIERES,593920000U0651,Maison,70,3.952344,50.273465
2023-785532,2023-01-12,Vente,155000,20,RUE ADOLPHE MATHA,59392000AS0063,Maison,84,3.964943,50.264539
2023-785532,2023-01-12,Vente,155000,20,RUE ADOLPHE MATHA,59392000AS0063,Maison,84,3.964943,50.264539
2023-785563,2023-01-27,Vente,40000,36,RUE AMPERE,59392000AC0562,Maison,65,3.939304,50.274338
2023-785570,2023-01-31,Vente,85000,17,RUE CHARLES PERRAULT,59392000AX0092,Maison,80,3.970528,50.29035
2023-785639,2023-01-20,Vente,55000,41,RUE DE DOUZIES,593920000V1250,Maison,90,3.946507,50.26912
2023-785661,2023-01-23,Vente,53490,14,RUE D ALSACE LORRAINE,59392000AY0618,Maison,86,3.976543,50.285889
2023-785952,2023-01-25,Vente,235000,11,BD DES OCEANS,59392000BB0141,Maison,112,3.982024,50.282066
2023-785952,2023-01-25,Vente,235000,11,BD DES OCEANS,59392000BB0141,Maison,112,3.982024,50.282066
2023-785961,2023-01-19,Vente,114500,1,RES LE CANNES,593920000G0173,Appartement,120,3.97468,50.274734
2023-785964,2023-01-27,Vente,169500,26,RTE D AVESNES,593920000J0050,Maison,134,3.966908,50.270337
2023-785964,2023-01-27,Vente,169500,26,RTE D AVESNES,593920000J0050,Maison,134,3.966908,50.270337
2023-785989,2023-02-09,Vente,60000,27,AV NICOLAS BOILEAU,59392000AV0078,Maison,88,3.961777,50.290906
2023-785990,2023-02-08,Vente,365000,222,RUE DE LA LIBERTE,59392000AE0226,Maison,283,3.947286,50.280286
2023-785990,2023-02-08,Vente,365000,222,RUE DE LA LIBERTE,59392000AE0226,Maison,283,3.947286,50.280286
2023-785993,2023-02-10,Vente,48000,19,RUE NEUILLES,593920000H0165,Maison,56,3.975819,50.268783
2023-785995,2023-02-08,Vente,155000,9,RUE SAINTE EMILIE,593920000V0459,Maison,106,3.945169,50.269059
2023-786043,2023-01-19,Vente,117000,202,RTE DE MONS,593920000B0177,Maison,80,3.97632,50.294604
2023-786129,2023-02-14,Vente,47500,99,RTE D ASSEVENT,59392000AZ0550,Maison,49,3.984196,50.284135
2023-786133,2023-02-14,Vente,65000,46,RTE D ELESMES,59392000BB0036,Maison,56,3.979692,50.284415
2023-786162,2023-02-20,Vente,30000,16,RUE DE LOUVROIL,593920000H0328,Maison,55,3.974482,50.270361
2023-786162,2023-02-20,Vente,30000,16,RUE DE LOUVROIL,593920000H0329,Appartement,16,3.974556,50.270289
2023-786164,2023-02-16,Vente,39000,2,IMM SAINT ELOI,593920000O0086,Appartement,56,3.972197,50.276137
2023-786166,2023-02-20,Vente,135000,43,RTE D AVESNES,593920000I0108,Maison,94,3.967744,50.270047
2023-786185,2023-02-20,Vente,100000,7,ALL DIDIER DAURAT,59392000AZ0067,Maison,82,3.990803,50.286876
2023-786232,2023-02-03,Vente,48000,47,IMM ITALIE BD DE L EUROPE,593920000K0033,Appartement,64,3.968895,50.275125
2023-786240,2023-02-15,Vente,103050,101,RES LE CLOS ST LOUIS RUE DE LA,59392000AG0341,Appartement,68,3.953556,50.277845
2023-786268,2023-02-28,Vente,114900,10,RUE DES FRENES,59392000AI0252,Maison,62,3.945922,50.282603
2023-786346,2023-02-24,Vente,53000,11,RES LE CLOS DE L'AVESNOIS,593920000I0480,Appartement,37,3.971547,50.267816
2023-786384,2023-02-21,Vente,100000,5,LES ORMES,59392000AH0143,Maison,67,3.947966,50.284193
2023-786388,2023-02-24,Vente,65000,91,RUE DE DOUZIES,59392000AC0096,Maison,111,3.942099,50.272465
2023-786402,2023-02-23,Vente,165000,9,IMM LE DANEMARK PORTE DE B,593920000P0135,Appartement,121,3.969745,50.281511
2023-786406,2023-02-27,Vente,55000,49,IMM ITALIE BD DE L EUROPE,593920000K0033,Appartement,64,3.968895,50.275125
2023-786536,2023-03-01,Vente,120000,24,RUE HENRI BECQUEREL,59392000AC0479,Maison,93,3.935116,50.274706
2023-786583,2023-03-03,Vente,178000,12,RUE SAINT JEAN,593920000P0030,Maison,106,3.964803,50.280756
2023-786609,2023-03-09,Vente,100000,181,RTE D ASSEVENT,59392000AZ0178,Appartement,104,3.988974,50.284465
2023-786649,2023-02-15,Vente,180500,41,RTE D ELESMES,59392000AY0200,Maison,73,3.977726,50.284483
2023-786681,2023-02-28,Vente,66000,7,IMM LUXEMBOURG BD DE L EUR,593920000P0133,Appartement,77,3.969212,50.28132
2023-786710,2023-02-28,Vente,153225,51,BD FRANCOIS RENE CHATEAUBRIAN,59392000AK0560,Maison,83,3.959292,50.286436
2023-786728,2023-03-10,Vente,128000,4,RTE VALENCIENNES I D T,593920000Q0459,Maison,97,3.974136,50.283066
2023-786878,2023-03-07,Vente,128500,9004,RES VAUBAN BAT B,59392000BB0012,Appartement,114,3.977135,50.282234
2023-786922,2023-03-16,Vente,97000,341,RTE DE MONS,593920000A0092,Maison,59,3.977111,50.301091
2023-786946,2023-03-14,Vente,9000,2,IMM SAINT ELOI,593920000O0086,Appartement,65,3.972197,50.276137
2023-787062,2023-03-21,Vente,62000,43,IMM LE SUISSE BD DE L EURO,593920000K0033,Appartement,64,3.968895,50.275125
2023-787071,2023-03-10,Vente,60000,184,RUE D HAUTMONT,593920000U1283,Maison,87,3.95106,50.270256
2023-787071,2023-03-10,Vente,60000,184,RUE D HAUTMONT,593920000U1283,Maison,143,3.95106,50.270256
2023-787076,2023-03-17,Vente,230000,271,AV JEAN JAURES,59392000AD0010,Maison,48,3.942903,50.281175
2023-787076,2023-03-17,Vente,230000,273,AV JEAN JAURES,59392000AD0011,Appartement,20,3.942826,50.281173
2023-787076,2023-03-17,Vente,230000,273,AV JEAN JAURES,59392000AD0011,Appartement,20,3.942826,50.281173
2023-787076,2023-03-17,Vente,230000,273,AV JEAN JAURES,59392000AD0012,Maison,40,3.942766,50.28117
2023-787076,2023-03-17,Vente,230000,273,AV JEAN JAURES,59392000AD0012,Maison,30,3.942766,50.28117
2023-787076,2023-03-17,Vente,230000,273,AV JEAN JAURES,59392000AD0013,Appartement,21,3.942778,50.281059
2023-787076,2023-03-17,Vente,230000,273,AV JEAN JAURES,59392000AD0013,Appartement,21,3.942778,50.281059
2023-787076,2023-03-17,Vente,230000,273,AV JEAN JAURES,59392000AD0013,Appartement,25,3.942778,50.281059
2023-787076,2023-03-17,Vente,230000,273,AV JEAN JAURES,59392000AD0013,Appartement,25,3.942778,50.281059
2023-787076,2023-03-17,Vente,230000,273,AV JEAN JAURES,59392000AD0013,Appartement,25,3.942778,50.281059
2023-787076,2023-03-17,Vente,230000,273,AV JEAN JAURES,59392000AD0013,Appartement,25,3.942778,50.281059
2023-787086,2023-02-28,Vente,105000,8,AV DU COLONEL SCHOULLER,593920000O0039,Appartement,106,3.969624,50.27581
2023-787098,2023-03-21,Vente,130000,7,RUE DUPUY DE LOME,59392000BB0088,Maison,84,3.982734,50.284987
2023-787100,2023-03-20,Vente,20000,50,RUE DE LA LIBERTE,593920000S0580,Maison,65,3.959094,50.277225
2023-787183,2023-03-17,Vente,145000,2,RUE DES SARS,593920000C0490,Maison,94,3.974402,50.290027
2023-787261,2023-03-24,Vente,50000,9002,RES VAUBAN BAT A,59392000BB0012,Appartement,90,3.977135,50.282234
2023-787346,2023-03-24,Vente,180000,81,RTE DE FEIGNIES,593920000R0686,Maison,182,3.96236,50.28514
2023-787468,2023-03-31,Vente,48500,7,IMM LUXEMBOURG BD DE L EUR,593920000P0133,Appartement,67,3.969212,50.28132
2023-787470,2023-03-29,Vente,67500,53,RUE SAINT ANTOINE,593920000T0028,Maison,69,3.953036,50.275388
2023-787473,2023-03-30,Vente,85000,157,RTE D ASSEVENT,59392000AZ0188,Maison,105,3.987686,50.284382
2023-787551,2023-04-03,Vente,23500,76,RUE DE DOUZIES,59392000AF0354,Maison,68,3.942807,50.272589
2023-787584,2023-03-31,Vente,96000,1,RUE SAINT-EXUPERY,59392000AZ0534,Maison,82,3.986234,50.284217
2023-787635,2023-04-11,Vente,129000,11,ALL LOUIS 18,59392000AX0220,Maison,95,3.967176,50.287331
2023-787675,2023-03-31,Vente,146000,49,RUE DE ROUSIES,593920000H0147,Maison,120,3.972785,50.268454
2023-787711,2023-04-05,Vente,40000,1,IMM MARSEILLE AVE PROV FRA,593920000L0077,Appartement,73,3.974308,50.274236
2023-787719,2023-03-17,Vente,90000,143,RTE D ASSEVENT,59392000AZ0195,Maison,100,3.987064,50.284373
2023-787722,2023-04-11,Vente,67790,9,RTE DE MONS,593920000Q0652,Appartement,54,3.973343,50.283842
2023-787723,2023-04-11,Vente,78000,21,RES LE CLOS DE L'AVESNOIS,593920000I0480,Appartement,55,3.971547,50.267816
2023-787732,2023-04-06,Vente,65000,59,RES ILE DE FRANCE RUE G DUBUT,593920000L0095,Appartement,81,3.973516,50.273597
2023-787740,2023-04-07,Vente,42000,69,AV DE FRANCE,593920000L0019,Appartement,96,3.972702,50.274051
2023-787839,2023-03-27,Vente,530000,2,RUE DES RAMONEURS,593920000S0044,Appartement,27,3.962257,50.280618
2023-787839,2023-03-27,Vente,530000,2,RUE DES RAMONEURS,593920000S0044,Appartement,24,3.962257,50.280618
2023-787839,2023-03-27,Vente,530000,2,RUE DES RAMONEURS,593920000S0044,Appartement,13,3.962257,50.280618
2023-787839,2023-03-27,Vente,530000,2,RUE DES RAMONEURS,593920000S0044,Appartement,41,3.962257,50.280618
2023-787839,2023-03-27,Vente,530000,2,RUE DES RAMONEURS,593920000S0044,Appartement,11,3.962257,50.280618
2023-787839,2023-03-27,Vente,530000,2,RUE DES RAMONEURS,593920000S0044,Appartement,16,3.962257,50.280618
2023-787839,2023-03-27,Vente,530000,2,RUE DES RAMONEURS,593920000S0045,Appartement,19,3.962254,50.280581
2023-787839,2023-03-27,Vente,530000,2,RUE DES RAMONEURS,593920000S0045,Appartement,27,3.962254,50.280581
2023-787839,2023-03-27,Vente,530000,50,RUE DU FAUBOURG ST QUENTIN,593920000S0046,Maison,43,3.96223,50.280534
2023-787839,2023-03-27,Vente,530000,52,RUE DU FAUBOURG ST QUENTIN,593920000S0047,Maison,20,3.962132,50.280506
2023-787839,2023-03-27,Vente,530000,2,RUE DES RAMONEURS,593920000S0048,Maison,45,3.962152,50.280591
2023-787839,2023-03-27,Vente,530000,2,RUE DES RAMONEURS,593920000S0048,Appartement,42,3.962152,50.280591
2023-787839,2023-03-27,Vente,530000,2,RUE DES RAMONEURS,593920000S0048,Appartement,37,3.962152,50.280591
2023-787839,2023-03-27,Vente,530000,2,RUE DES RAMONEURS,593920000S0048,Appartement,34,3.962152,50.280591
2023-787862,2023-03-31,Vente,90000,8,RUE NOUVELLE,593920000R0048,Maison,101,3.959926,50.284891
2023-787886,2023-04-12,Vente,26750,19,RUE JEANNE JUGAN,593920000V0187,Maison,67,3.94061,50.268411
2023-788071,2023-04-19,Vente,185000,39,RUE LUCIEN BRASSEUR,59392000AY0401,Maison,104,3.977899,50.288369
2023-788109,2023-04-25,Vente,63000,9,RTE DE MONS,593920000Q0652,Appartement,54,3.973343,50.283842
2023-788114,2023-04-25,Vente,42000,102,RUE DES ECOLES,593920000U1013,Maison,53,3.953152,50.272655
2023-788125,2023-04-27,Vente,65000,9,RTE DE MONS,593920000Q0652,Appartement,42,3.973343,50.283842
2023-788171,2023-04-04,Vente,180000,60,RUE DES TULIPES,59392000AF0680,Maison,89,3.943466,50.275467
2023-788173,2023-03-30,Vente,70000,37,LE BUILDING PL DES NATIONS,593920000N0047,Appartement,105,3.974918,50.278426
2023-788177,2023-04-28,Vente,109000,189,RTE DE MONS,593920000B0039,Maison,58,3.975542,50.29422
2023-788180,2023-04-28,Vente,45000,229,RUE DE LA LIBERTE,59392000AD0047,Maison,133,3.943851,50.280378
2023-788182,2023-04-28,Vente,57000,71,RTE DE MONS,593920000Q0614,Maison,64,3.974361,50.287955
2023-788198,2023-04-17,Vente,37000,69,RUE DE L ANCIENNE PLACE,593920000T0100,Maison,89,3.952901,50.274251
2023-788200,2023-05-02,Vente,75000,9004,RES VAUBAN BAT B,59392000BB0012,Appartement,75,3.977135,50.282234
2023-788209,2023-04-12,Vente,76500,101,RES LE CLOS ST LOUIS RUE DE LA,59392000AG0341,Appartement,79,3.953556,50.277845
2023-788333,2023-04-24,Vente,72490,2,SQ DE LIEGE R J WALRAND,593920000N0016,Appartement,91,3.973491,50.279346
2023-788358,2023-05-03,Vente,131787,1,RES LE CANNES,593920000G0173,Appartement,120,3.97468,50.274734
2023-788396,2023-05-04,Vente,350000,9,RTE D AVESNES,593920000H0354,Maison,136,3.971685,50.270983
2023-788396,2023-05-04,Vente,350000,9,RTE D AVESNES,593920000H0354,Maison,136,3.971685,50.270983
2023-788509,2023-05-02,Vente,75000,9,RUE GREVEAUX,593920000Z0116,Maison,83,3.932336,50.275145
2023-788509,2023-05-02,Vente,75000,7,RUE GREVEAUX,593920000Z0117,Maison,60,3.932393,50.275165
2023-788529,2023-04-14,Vente,119500,202,RUE D HAUTMONT,593920000U0308,Maison,157,3.950034,50.269542
2023-788529,2023-04-14,Vente,119500,202,RUE D HAUTMONT,593920000U0308,Maison,157,3.950034,50.269542
2023-788619,2023-05-10,Vente,179500,140,RTE DE MONS,593920000C0111,Maison,127,3.975625,50.291418
2023-788630,2023-05-12,Vente,100000,18,RTE DE MONS,59392000AY0224,Maison,84,3.975309,50.28472
2023-788632,2023-05-03,Vente,145900,35,RUE DE GOGNIES CHAUSSEE,593920000R0432,Maison,96,,
2023-788632,2023-05-03,Vente,145900,35,RUE DE GOGNIES CHAUSSEE,593920000R0432,Maison,96,,
2023-788637,2023-05-12,Vente,76950,12,RUE LAZARE CARNOT,593920000O0047,Appartement,30,3.972807,50.277501
2023-788637,2023-05-12,Vente,76950,12,RUE LAZARE CARNOT,593920000O0047,Appartement,40,3.972807,50.277501
2023-788762,2023-05-16,Vente,67000,266,AV JEAN JAURES,59392000AI0028,Maison,165,3.943838,50.281485
2023-788789,2023-05-15,Vente,95000,8,RUE SAINT-EXUPERY,59392000AZ0205,Maison,80,3.986606,50.284648
2023-788897,2023-05-22,Vente,45000,12,RUE AUGUSTIN BRASSEUR,593920000U0691,Maison,71,3.953564,50.27244
2023-788905,2023-05-15,Vente,212000,30,RUE FERDINAND REQUILLE,593920000B0141,Maison,149,3.97921,50.298061
2023-788905,2023-05-15,Vente,212000,30,RUE FERDINAND REQUILLE,593920000B0141,Maison,149,3.97921,50.298061
2023-788949,2023-05-17,Vente,27820,10,RUE VAUBAN,593920000N0199,Appartement,32,3.975478,50.280009
2023-788957,2023-05-24,Vente,15000,103,RTE D AVESNES,593920000I0026,Maison,39,3.964402,50.265795
2023-789030,2023-05-26,Vente,50000,1,IMM LE NICE RUE DE PROVENC,593920000L0077,Appartement,57,3.974308,50.274236
2023-789115,2023-05-30,Vente,64500,96,RUE DE DOUZIES,59392000AF0369,Maison,84,3.94264,50.273614
2023-789116,2023-06-02,Vente,81740,253,RUE DE LA LIBERTE,59392000AD0035,Maison,87,3.941771,50.280837
2023-789154,2023-05-30,Vente,68500,21,IMM BIZET RUE DES ARTS,593920000K0040,Appartement,81,,
2023-789182,2023-06-01,Vente,82500,9004,RES VAUBAN BAT B,59392000BB0012,Appartement,104,3.977135,50.282234
2023-789187,2023-06-01,Vente,304050,62,RUE DU FAUBOURG SAINT LAZARE,593920000I0429,Maison,96,3.971384,50.266813
2023-789187,2023-06-01,Vente,304050,62,RUE DU FAUBOURG SAINT LAZARE,593920000I0429,Maison,96,3.971384,50.266813
2023-789224,2023-05-15,Vente,100000,80,RUE VICTOR HUGO,59392000AD0367,Maison,75,3.93466,50.276388
2023-789224,2023-05-15,Vente,100000,80,RUE VICTOR HUGO,59392000AD0367,Maison,58,3.93466,50.276388
2023-789224,2023-05-15,Vente,100000,78,RUE VICTOR HUGO,59392000AD0370,Maison,62,3.934781,50.276528
2023-789331,2023-05-31,Vente,107600,66,RUE ROLAND GARROS,59392000AZ0256,Maison,92,3.989193,50.286449
2023-789520,2023-06-06,Vente,270000,46,RUE DES CROSSEURS,59392000AY0147,Maison,109,3.979277,50.288166
2023-789520,2023-06-06,Vente,270000,46,RUE DES CROSSEURS,59392000AY0147,Maison,109,3.979277,50.288166
2023-789601,2023-06-14,Vente,65000,73,RUE DE TIVOLI,593920000Q0065,Maison,108,3.968061,50.283457
2023-789632,2023-06-13,Vente,211600,6,RES LES RIVES DE LA FLAMENNE,59392000AC0609,Maison,90,3.940241,50.272393
2023-789644,2023-06-15,Vente,60000,2,IMM SAINT ELOI,593920000O0086,Appartement,65,3.972197,50.276137
2023-789661,2023-06-09,Vente,112000,2,IMM SAINT ELOI,593920000O0086,Appartement,80,3.972197,50.276137
2023-789686,2023-06-14,Vente,115527,9001,RES LE PRIEURE RUE VAUBAN,593920000N0180,Appartement,84,3.975737,50.279586
2023-789689,2023-05-31,Vente,57770,18,IMM PORTE DE FRANCE AVE C,593920000O0092,Appartement,57,3.972521,50.275608
2023-789690,2023-06-16,Vente,138000,15,ALL LOUIS 18,59392000AX0218,Maison,95,3.967152,50.287046
2023-789715,2023-05-31,Vente,80000,14,RUE JEAN BART,593920000C0406,Maison,105,3.972515,50.291838
2023-789717,2023-06-15,Vente,152450,21,RTE DE MONS,593920000Q0550,Maison,93,3.974441,50.284935
2023-789720,2023-06-19,Vente,40000,44,IMM BERLIOZ RUE DES ARTS,593920000K0020,Appartement,41,3.971239,50.273209
2023-789722,2023-05-30,Vente,56400,36,LE BUILDING PL DES NATIONS,593920000N0047,Appartement,78,3.974918,50.278426
2023-789760,2023-06-20,Vente,155000,221,RTE DE MONS,593920000B0162,Maison,99,3.975479,50.295598
2023-789760,2023-06-20,Vente,155000,221,RTE DE MONS,593920000B0162,Maison,99,3.975479,50.295598
2023-789776,2023-06-15,Vente,85000,6,RTE D ELESMES,59392000BB0017,Maison,54,3.976792,50.283293
2023-789777,2023-06-22,Vente,30000,10,RUE DES HAUTS FOURNEAUX,593920000V0349,Maison,52,3.94253,50.267242
2023-789784,2023-06-19,Vente,80000,20,RUE FRANCOIS VILLON,59392000AV0201,Maison,76,3.959538,50.289966
2023-789824,2023-06-21,Vente,57000,94,RUE DU PONT DE PIERRES,59392000AH0016,Maison,41,3.958093,50.284668
2023-789824,2023-06-21,Vente,57000,94,RUE DU PONT DE PIERRES,59392000AH0016,Maison,42,3.958093,50.284668
2023-789838,2023-06-21,Vente,210000,2,BD DE L EUROPE,593920000P0228,Maison,130,3.970608,50.282295
2023-789927,2023-05-30,Vente,150650,71,RTE D AVESNES,593920000I0508,Maison,160,3.966719,50.268169
2023-789927,2023-05-30,Vente,150650,71,RTE D AVESNES,593920000I0508,Appartement,20,3.966719,50.268169
2023-789927,2023-05-30,Vente,150650,71,RTE D AVESNES,593920000I0508,Appartement,20,3.966719,50.268169
2023-789927,2023-05-30,Vente,150650,71,RTE D AVESNES,593920000I0508,Appartement,20,3.966719,50.268169
2023-789932,2023-06-26,Vente,165000,9,IMM MONACO RUE N REGNIER,593920000P0042,Appartement,131,3.968316,50.280679
2023-789935,2023-06-22,Vente,52500,7,IMM LUXEMBOURG BD DE L EUR,593920000P0133,Appartement,67,3.969212,50.28132
2023-789939,2023-06-23,Vente,57500,9002,RES VAUBAN BAT A,59392000BB0012,Appartement,75,3.977135,50.282234
2023-789942,2023-06-21,Vente,64000,8,RUE AMPERE,59392000AC0548,Maison,65,3.938156,50.273684
2023-790027,2023-06-16,Vente,55000,2,AV DE FRANCE,593920000O0080,Appartement,83,3.973099,50.27614
2023-790057,2023-06-26,Vente,102619,114,ALL VERTE,59392000AY0142,Maison,71,3.978929,50.288571
2023-790057,2023-06-26,Vente,102619,108,ALL VERTE,59392000AY0143,Maison,75,3.978919,50.288487
2023-790075,2023-06-30,Vente,15000,62,RUE DES USINES,593920000T0146,Maison,89,3.953828,50.273206
2023-790095,2023-06-28,Vente,39000,8,RUE DU TRAVAIL,593920000T0117,Maison,113,3.953477,50.273789
2023-790183,2023-06-30,Vente,117000,9,IMM MONACO RUE N REGNIER,593920000P0042,Appartement,105,3.968316,50.280679
2023-790223,2023-06-29,Vente,45000,2,IMM SAINT ELOI,593920000O0086,Appartement,65,3.972197,50.276137
2023-790273,2023-06-27,Vente,25000,22,RUE DU TRAVAIL,593920000T0203,Maison,58,3.954417,50.274643
2023-790309,2023-06-22,Vente,60000,19,RUE JACQUES CARTIER,593920000C0474,Maison,68,3.97292,50.293747
2023-790366,2023-07-07,Vente,70850,37,RUE CHATEAU D EAU,593920000Y0542,Maison,61,3.927864,50.268264
2023-790367,2023-07-03,Vente,55000,53,RUE DU CHEMIN VERT,593920000H0161,Maison,88,3.975427,50.26854
2023-790399,2023-07-03,Vente,75000,74,RUE ROLAND GARROS,59392000AZ0260,Maison,81,3.989113,50.28675
2023-790436,2023-06-09,Vente,88000,11,ALL PHILIPPE DE COMMYNES,59392000AK0472,Maison,83,3.956989,50.285538
2023-790482,2023-06-30,Vente,25000,45,RES CITIZEN PARK RUE L.BATHIAT,59392000AZ0845,Appartement,20,3.984378,50.286128
2023-790541,2023-07-12,Vente,76300,31,RUE CHATEAU D EAU,593920000Y0637,Maison,68,3.92838,50.267886
2023-790562,2023-07-10,Vente,75000,7,RUE NICOLAS FOCQ,59392000BB0043,Maison,88,3.980426,50.284484
2023-790565,2023-07-07,Vente,70000,40,AV JEAN JAURES,593920000R0129,Maison,105,3.96479,50.282571
2023-790611,2023-07-11,Vente,93000,30,RUE MARIE CURIE,59392000AC0432,Maison,89,3.936828,50.27493
2023-790620,2023-07-11,Vente,70000,39,RUE JEANNE JUGAN,593920000V0207,Maison,110,3.939257,50.26775
2023-790682,2023-07-13,Vente,457000,35,RUE GREVEAUX,593920000Z0625,Maison,196,3.930946,50.272609
2023-790682,2023-07-13,Vente,457000,35,RUE GREVEAUX,593920000Z0625,Maison,196,3.930946,50.272609
2023-790813,2023-07-19,Vente,55000,32,RUE KENNEDY,593920000V0181,Maison,70,3.940298,50.267924
2023-790858,2023-07-11,Vente,214500,242,RUE D HAUTMONT,593920000V0499,Maison,119,3.947694,50.268264
2023-790858,2023-07-11,Vente,214500,246,RUE D HAUTMONT,593920000V1131,Appartement,36,3.947607,50.268147
2023-790858,2023-07-11,Vente,214500,246,RUE D HAUTMONT,593920000V1131,Appartement,61,3.947607,50.268147
2023-790858,2023-07-11,Vente,214500,246,RUE D HAUTMONT,593920000V1131,Maison,43,3.947607,50.268147
2023-790858,2023-07-11,Vente,214500,246,RUE D HAUTMONT,593920000V1131,Appartement,89,3.947607,50.268147
2023-790884,2023-07-21,Vente,140000,51,RTE D AVESNES,593920000I0104,Maison,105,3.96756,50.269791
2023-790975,2023-07-20,Vente,69000,173,RUE D HAUTMONT,593920000Y0358,Maison,62,3.933813,50.266565
2023-790975,2023-07-20,Vente,69000,173,RUE D HAUTMONT,593920000Y0358,Maison,62,3.933813,50.266565
2023-790976,2023-07-03,Vente,139990,48,RUE DE GOGNIES CHAUSSEE,59392000AX0280,Maison,69,3.966104,50.28719
2023-791114,2023-07-26,Vente,100000,3,LDT CHEMIN DE HALAGE,593920000S0274,Maison,68,3.962276,50.2754
2023-791115,2023-07-19,Vente,52000,9,AV FRANKLIN ROOSEVELT,593920000N0005,Appartement,60,3.971846,50.279052
2023-791120,2023-07-24,Vente,70000,16,RUE SAINT-EXUPERY,59392000AZ0483,Maison,69,3.986612,50.285222
2023-791176,2023-07-25,Vente,120000,14,PL DE L INDUSTRIE,593920000U0169,Maison,100,3.947797,50.270152
2023-791236,2023-07-27,Vente,70000,150,RUE MINIERES,593920000U1252,Maison,122,3.95256,50.273573
2023-791237,2023-07-28,Vente,45000,2,RUE BRIQUE MONTPLAISIR,593920000Z0098,Maison,74,3.93362,50.27303
2023-791238,2023-07-28,Vente,85800,32,RUE DU TRAVAIL,593920000T0213,Maison,67,3.954742,50.274723
2023-791238,2023-07-28,Vente,85800,89,RUE DE L ANCIENNE PLACE,593920000T0705,Maison,74,3.952494,50.274641
2023-791242,2023-07-31,Vente,233000,3,ALL OCEAN ANTARCTIQUE,59392000BB0159,Maison,107,3.980915,50.282057
2023-791242,2023-07-31,Vente,233000,3,ALL OCEAN ANTARCTIQUE,59392000BB0159,Maison,107,3.980915,50.282057
2023-791245,2023-06-15,Vente,135501,107,RTE D ASSEVENT,59392000AZ0544,Maison,135,3.984606,50.284507
2023-791245,2023-06-15,Vente,135501,107,RTE D ASSEVENT,59392000AZ0544,Maison,135,3.984606,50.284507
2023-791250,2023-07-31,Vente,52000,7,IMM LUXEMBOURG BD DE L EUR,593920000P0133,Appartement,67,3.969212,50.28132
2023-791276,2023-07-21,Vente,80000,79,AV JEAN JAURES,59392000AG0115,Maison,73,3.960565,50.28189
2023-791337,2023-07-12,Vente,150000,152,RTE D ELESMES,59392000AZ0737,Maison,98,3.985561,50.288568
2023-791371,2023-07-31,Vente,69000,69,RUE DU CORBEAU,59392000AD0075,Maison,92,3.939613,50.27872
2023-791371,2023-07-31,Vente,69000,69,RUE DU CORBEAU,59392000AD0075,Maison,92,3.939613,50.27872
2023-791426,2023-07-06,Vente,90000,32,RUE FERDINAND REQUILLE,593920000B0108,Maison,89,3.979147,50.297451
2023-791426,2023-07-06,Vente,90000,32,RUE FERDINAND REQUILLE,593920000B0108,Maison,89,3.979147,50.297451
2023-791476,2023-07-25,Vente,174000,1,ALL VERTE,59392000AY0214,Maison,95,3.975717,50.284221
2023-791480,2023-08-04,Vente,233400,60,RUE FERDINAND REQUILLE,593920000B0158,Maison,118,3.982803,50.297818
2023-791480,2023-08-04,Vente,233400,60,RUE FERDINAND REQUILLE,593920000B0158,Maison,118,3.982803,50.297818
2023-791503,2023-08-01,Vente,43000,1,IMM LE SUEDE BD DE L EUROP,593920000P0135,Appartement,52,3.969745,50.281511
2023-791616,2023-08-09,Vente,108000,163,RTE D ELESMES,59392000AO0066,Maison,68,3.986265,50.28951
2023-791669,2023-08-10,Vente,60000,215,RUE DU PONT DE PIERRES,59392000AH0151,Maison,63,3.949178,50.284523
2023-791672,2023-08-10,Vente,62000,120,RTE DE MONS,593920000C0141,Maison,68,3.975449,50.290212
2023-791700,2023-08-10,Vente,62500,15,RUE JEAN BOUIN,59392000AG0572,Maison,82,3.95058,50.277938
2023-791728,2023-08-18,Vente,58000,161,AV JEAN JAURES,59392000AG0255,Maison,90,3.952546,50.281599
2023-791730,2023-07-26,Vente,21000,11,RUE GASTON SAMAIN,593920000T0234,Maison,85,3.953925,50.275166
2023-791733,2023-08-21,Vente,124600,143,RUE DU PONT DE PIERRES,59392000AH0546,Maison,74,3.953567,50.284261
2023-791734,2023-08-21,Vente,48200,2,IMM SAINT ELOI,593920000O0086,Appartement,56,3.972197,50.276137
2023-791735,2023-08-16,Vente,66000,114,RUE SAINT ANTOINE,59392000AF0789,Maison,100,3.949739,50.273753
2023-791735,2023-08-16,Vente,66000,114,RUE SAINT ANTOINE,59392000AF0789,Maison,54,3.949739,50.273753
2023-791741,2023-08-18,Vente,110000,1,ALL PHILIPPE DE COMMYNES,59392000AK0467,Maison,90,3.956576,50.28607
2023-791750,2023-08-21,Vente,410000,49,RTE D ELESMES,59392000AY0537,Appartement,26,3.978161,50.284888
2023-791750,2023-08-21,Vente,410000,49,RTE D ELESMES,59392000AY0537,Appartement,27,3.978161,50.284888
2023-791750,2023-08-21,Vente,410000,49,RTE D ELESMES,59392000AY0537,Appartement,22,3.978161,50.284888
2023-791750,2023-08-21,Vente,410000,49,RTE D ELESMES,59392000AY0537,Appartement,21,3.978161,50.284888
2023-791750,2023-08-21,Vente,410000,49,RTE D ELESMES,59392000AY0537,Appartement,25,3.978161,50.284888
2023-791750,2023-08-21,Vente,410000,49,RTE D ELESMES,59392000AY0537,Appartement,26,3.978161,50.284888
2023-791750,2023-08-21,Vente,410000,49,RTE D ELESMES,59392000AY0537,Appartement,22,3.978161,50.284888
2023-791750,2023-08-21,Vente,410000,49,RTE D ELESMES,59392000AY0537,Appartement,23,3.978161,50.284888
2023-791750,2023-08-21,Vente,410000,49,RTE D ELESMES,59392000AY0537,Appartement,23,3.978161,50.284888
2023-791750,2023-08-21,Vente,410000,49,RTE D ELESMES,59392000AY0537,Appartement,22,3.978161,50.284888
2023-791750,2023-08-21,Vente,410000,49,RTE D ELESMES,59392000AY0537,Appartement,23,3.978161,50.284888
2023-791750,2023-08-21,Vente,410000,49,RTE D ELESMES,59392000AY0537,Appartement,23,3.978161,50.284888
2023-791750,2023-08-21,Vente,410000,49,RTE D ELESMES,59392000AY0537,Appartement,26,3.978161,50.284888
2023-791750,2023-08-21,Vente,410000,49,RTE D ELESMES,59392000AY0537,Appartement,25,3.978161,50.284888
2023-791750,2023-08-21,Vente,410000,49,RTE D ELESMES,59392000AY0537,Appartement,22,3.978161,50.284888
2023-791750,2023-08-21,Vente,410000,49,RTE D ELESMES,59392000AY0537,Appartement,27,3.978161,50.284888
2023-791750,2023-08-21,Vente,410000,49,RTE D ELESMES,59392000AY0537,Appartement,26,3.978161,50.284888
2023-791750,2023-08-21,Vente,410000,49,RTE D ELESMES,59392000AY0537,Appartement,21,3.978161,50.284888
2023-791757,2023-08-18,Vente,58000,48,RUE DE LA LIBERTE,593920000S0578,Maison,57,3.959158,50.277244
2023-791778,2023-08-22,Vente,70000,20,RUE DU COMMANDANT BROCARD,59392000AY0088,Maison,60,3.98078,50.286975
2023-791783,2023-08-21,Vente,100000,4,RUE PAUL VALERY,59392000AX0077,Maison,69,3.972238,50.290457
2023-791787,2023-08-21,Vente,82000,9002,RES VAUBAN BAT A,59392000BB0012,Appartement,100,3.977135,50.282234
2023-791800,2023-08-21,Vente,35000,86,RUE DU CHEMIN DE FER,593920000Y0450,Maison,61,3.934022,50.26923
2023-791821,2023-08-11,Vente,73030,15,RUE GAY LUSSAC,593920000Z0396,Maison,80,3.931319,50.27161
2023-791866,2023-08-22,Vente,150000,113,RTE D ASSEVENT,59392000AZ0540,Maison,113,3.985006,50.284347
2023-792046,2023-08-11,Vente,110000,11,RUE DE LOUVROIL,593920000H0088,Maison,119,3.974653,50.270003
2023-792258,2023-09-05,Vente,35000,488,RUE D HAUTMONT,593920000Y0455,Maison,100,3.933189,50.267607
2023-792263,2023-09-04,Vente,220000,140,BD JEAN DE LA FONTAINE,59392000AW0034,Maison,84,3.966804,50.294938
2023-792337,2023-09-11,Vente,120000,26,RUE JEAN BART,593920000C0492,Maison,68,3.973273,50.292458
2023-792344,2023-09-08,Vente,140000,18,BD MALHERBE,59392000AW0296,Maison,90,3.969512,50.291623
2023-792519,2023-09-15,Vente,74000,6,AV DU COLONEL SCHOULLER,593920000O0039,Appartement,106,3.969624,50.27581
2023-792527,2023-09-01,Vente,165000,19,RUE BERNARD PALISSY,593920000Z0353,Maison,105,3.931871,50.271418
2023-792527,2023-09-01,Vente,165000,19,RUE BERNARD PALISSY,593920000Z0353,Maison,105,3.931871,50.271418
2023-792548,2023-09-15,Vente,74000,17,RUE GEORGES GUYNEMER,59392000AZ0592,Maison,68,3.98461,50.285687
2023-792604,2023-09-15,Vente,98100,26,RUE SAINTE EMILIE,593920000V0132,Appartement,70,3.942359,50.268397
2023-792604,2023-09-15,Vente,98100,26,RUE SAINTE EMILIE,593920000V0132,Appartement,57,3.942359,50.268397
2023-792604,2023-09-15,Vente,98100,26,RUE SAINTE EMILIE,593920000V0132,Appartement,53,3.942359,50.268397
2023-792604,2023-09-15,Vente,98100,26,RUE SAINTE EMILIE,593920000V0132,Appartement,70,3.942359,50.268397
2023-792604,2023-09-15,Vente,98100,26,RUE SAINTE EMILIE,593920000V0132,Appartement,57,3.942359,50.268397
2023-792604,2023-09-15,Vente,98100,26,RUE SAINTE EMILIE,593920000V0132,Appartement,57,3.942359,50.268397
2023-792604,2023-09-15,Vente,98100,26,RUE SAINTE EMILIE,593920000V0132,Appartement,70,3.942359,50.268397
2023-792604,2023-09-15,Vente,98100,26,RUE SAINTE EMILIE,593920000V0132,Appartement,53,3.942359,50.268397
2023-792604,2023-09-15,Vente,98100,26,RUE SAINTE EMILIE,593920000V0132,Appartement,70,3.942359,50.268397
2023-792604,2023-09-15,Vente,98100,26,RUE SAINTE EMILIE,593920000V0132,Appartement,57,3.942359,50.268397
2023-792681,2023-09-18,Vente,45000,9001,RES DU MOULIN BD DE L EUROPE,593920000S0490,Appartement,60,3.964484,50.279524
2023-792740,2023-09-04,Vente,260568.52,19,RUE BERNARD PALISSY,593920000Z0353,Maison,105,3.931871,50.271418
2023-792740,2023-09-04,Vente,260568.52,19,RUE BERNARD PALISSY,593920000Z0353,Maison,105,3.931871,50.271418
2023-792759,2023-09-21,Vente,70000,63,RUE DES ECOLES,593920000U0498,Maison,97,3.950547,50.272014
2023-792858,2023-09-05,Vente,107000,20,RUE MARIE CURIE,59392000AC0437,Maison,92,3.936492,50.274646
2023-792860,2023-09-06,Vente,80000,21,RUE JACQUES CARTIER,593920000C0303,Maison,59,3.972961,50.293825
2023-792861,2023-08-29,Vente,69500,43,RUE JEANNE JUGAN,593920000V1281,Maison,76,3.93908,50.267708
2023-792862,2023-09-07,Vente,155900,195,RUE DES SARS,59392000AM0280,Maison,91,3.964967,50.299059
2023-792865,2023-09-25,Vente,45000,2,IMM SAINT ELOI,593920000O0086,Appartement,65,3.972197,50.276137
2023-792871,2023-08-31,Vente,120000,9,RUE DU FAUBOURG SAINT LAZARE,593920000H0007,Maison,37,3.97067,50.270939
2023-792871,2023-08-31,Vente,120000,11,RUE DU FAUBOURG SAINT LAZARE,593920000H0008,Maison,44,3.970658,50.270892
2023-792876,2023-08-30,Vente,82000,20,AV DU PONT ROUGE,593920000S0539,Maison,81,3.965611,50.277524
2023-792878,2023-09-25,Vente,126400,29,RUE DES RAMONEURS,593920000S0065,Appartement,37,3.9625,50.281841
2023-792878,2023-09-25,Vente,126400,29,RUE DES RAMONEURS,593920000S0065,Appartement,37,3.9625,50.281841
2023-792878,2023-09-25,Vente,126400,31,RUE DES RAMONEURS,593920000S0066,Maison,30,3.962551,50.281889
2023-792879,2023-08-30,Vente,130000,10,RUE SYDNEY THOMAS,59392000AH0193,Maison,77,3.957194,50.283321
2023-792885,2023-09-25,Vente,55000,1,SQ DES CYTISES,59392000AF0798,Appartement,81,3.94496,50.274313
2023-792885,2023-09-25,Vente,55000,1,SQ DES CYTISES,59392000AF0798,Appartement,81,3.94496,50.274313
2023-792885,2023-09-25,Vente,55000,1,SQ DES CYTISES,59392000AF0798,Appartement,53,3.94496,50.274313
2023-792885,2023-09-25,Vente,55000,1,SQ DES CYTISES,59392000AF0798,Appartement,72,3.94496,50.274313
2023-792885,2023-09-25,Vente,55000,1,SQ DES CYTISES,59392000AF0798,Appartement,67,3.94496,50.274313
2023-792885,2023-09-25,Vente,55000,1,SQ DES CYTISES,59392000AF0798,Appartement,67,3.94496,50.274313
2023-792885,2023-09-25,Vente,55000,1,SQ DES CYTISES,59392000AF0798,Appartement,81,3.94496,50.274313
2023-792885,2023-09-25,Vente,55000,1,SQ DES CYTISES,59392000AF0798,Appartement,81,3.94496,50.274313
2023-792885,2023-09-25,Vente,55000,1,SQ DES CYTISES,59392000AF0798,Maison,108,3.94496,50.274313
2023-792885,2023-09-25,Vente,55000,1,SQ DES CYTISES,59392000AF0798,Appartement,67,3.94496,50.274313
2023-792885,2023-09-25,Vente,55000,1,SQ DES CYTISES,59392000AF0798,Appartement,67,3.94496,50.274313
2023-792885,2023-09-25,Vente,55000,1,SQ DES CYTISES,59392000AF0798,Appartement,81,3.94496,50.274313
2023-792885,2023-09-25,Vente,55000,1,SQ DES CYTISES,59392000AF0798,Appartement,67,3.94496,50.274313
2023-792885,2023-09-25,Vente,55000,1,SQ DES CYTISES,59392000AF0798,Appartement,57,3.94496,50.274313
2023-792885,2023-09-25,Vente,55000,1,SQ DES CYTISES,59392000AF0798,Appartement,67,3.94496,50.274313
2023-792885,2023-09-25,Vente,55000,1,SQ DES CYTISES,59392000AF0798,Appartement,57,3.94496,50.274313
2023-792885,2023-09-25,Vente,55000,1,SQ DES CYTISES,59392000AF0798,Appartement,49,3.94496,50.274313
2023-792885,2023-09-25,Vente,55000,1,SQ DES CYTISES,59392000AF0798,Appartement,54,3.94496,50.274313
2023-792885,2023-09-25,Vente,55000,1,SQ DES CYTISES,59392000AF0798,Appartement,63,3.94496,50.274313
2023-792885,2023-09-25,Vente,55000,1,SQ DES CYTISES,59392000AF0798,Maison,104,3.94496,50.274313
2023-792885,2023-09-25,Vente,55000,1,SQ DES CYTISES,59392000AF0798,Maison,104,3.94496,50.274313
2023-792885,2023-09-25,Vente,55000,1,SQ DES CYTISES,59392000AF0798,Maison,104,3.94496,50.274313
2023-792885,2023-09-25,Vente,55000,1,SQ DES CYTISES,59392000AF0798,Appartement,67,3.94496,50.274313
2023-792885,2023-09-25,Vente,55000,1,SQ DES CYTISES,59392000AF0798,Appartement,57,3.94496,50.274313
2023-792885,2023-09-25,Vente,55000,1,SQ DES CYTISES,59392000AF0798,Appartement,67,3.94496,50.274313
2023-792885,2023-09-25,Vente,55000,1,SQ DES CYTISES,59392000AF0798,Appartement,67,3.94496,50.274313
2023-792885,2023-09-25,Vente,55000,1,SQ DES CYTISES,59392000AF0798,Appartement,81,3.94496,50.274313
2023-792885,2023-09-25,Vente,55000,1,SQ DES CYTISES,59392000AF0798,Appartement,67,3.94496,50.274313
2023-792885,2023-09-25,Vente,55000,1,SQ DES CYTISES,59392000AF0798,Maison,88,3.94496,50.274313
2023-792885,2023-09-25,Vente,55000,1,SQ DES CYTISES,59392000AF0798,Maison,104,3.94496,50.274313
2023-792885,2023-09-25,Vente,55000,1,SQ DES CYTISES,59392000AF0798,Maison,104,3.94496,50.274313
2023-792885,2023-09-25,Vente,55000,1,SQ DES CYTISES,59392000AF0798,Maison,88,3.94496,50.274313
2023-792885,2023-09-25,Vente,55000,1,SQ DES CYTISES,59392000AF0798,Maison,88,3.94496,50.274313
2023-792885,2023-09-25,Vente,55000,1,SQ DES CYTISES,59392000AF0798,Maison,88,3.94496,50.274313
2023-792885,2023-09-25,Vente,55000,1,SQ DES CYTISES,59392000AF0798,Appartement,53,3.94496,50.274313
2023-792885,2023-09-25,Vente,55000,1,SQ DES CYTISES,59392000AF0798,Appartement,72,3.94496,50.274313
2023-792885,2023-09-25,Vente,55000,1,SQ DES CYTISES,59392000AF0798,Appartement,81,3.94496,50.274313
2023-792885,2023-09-25,Vente,55000,1,SQ DES CYTISES,59392000AF0798,Appartement,81,3.94496,50.274313
2023-792885,2023-09-25,Vente,55000,1,SQ DES CYTISES,59392000AF0798,Appartement,57,3.94496,50.274313
2023-792885,2023-09-25,Vente,55000,1,SQ DES CYTISES,59392000AF0798,Appartement,81,3.94496,50.274313
2023-792885,2023-09-25,Vente,55000,1,SQ DES CYTISES,59392000AF0798,Appartement,81,3.94496,50.274313
2023-792885,2023-09-25,Vente,55000,1,SQ DES CYTISES,59392000AF0798,Appartement,81,3.94496,50.274313
2023-792885,2023-09-25,Vente,55000,1,SQ DES CYTISES,59392000AF0798,Appartement,57,3.94496,50.274313
2023-792885,2023-09-25,Vente,55000,1,SQ DES CYTISES,59392000AF0798,Appartement,67,3.94496,50.274313
2023-792885,2023-09-25,Vente,55000,1,SQ DES CYTISES,59392000AF0798,Maison,108,3.94496,50.274313
2023-792885,2023-09-25,Vente,55000,1,SQ DES CYTISES,59392000AF0798,Maison,108,3.94496,50.274313
2023-792885,2023-09-25,Vente,55000,1,SQ DES CYTISES,59392000AF0798,Maison,108,3.94496,50.274313
2023-792885,2023-09-25,Vente,55000,1,SQ DES CYTISES,59392000AF0798,Maison,108,3.94496,50.274313
2023-792885,2023-09-25,Vente,55000,1,SQ DES CYTISES,59392000AF0798,Appartement,81,3.94496,50.274313
2023-792890,2023-09-25,Vente,240000,2,RUE CASIMIR FOURNIER,593920000N0124,Appartement,17,3.974716,50.279651
2023-792890,2023-09-25,Vente,240000,2,RUE CASIMIR FOURNIER,593920000N0124,Appartement,16,3.974716,50.279651
2023-792890,2023-09-25,Vente,240000,2,RUE CASIMIR FOURNIER,593920000N0124,Appartement,15,3.974716,50.279651
2023-792890,2023-09-25,Vente,240000,2,RUE CASIMIR FOURNIER,593920000N0124,Appartement,16,3.974716,50.279651
2023-792890,2023-09-25,Vente,240000,2,RUE CASIMIR FOURNIER,593920000N0124,Appartement,20,3.974716,50.279651
2023-792903,2023-09-25,Vente,199000,20,RUE ALFRED DE VIGNY,593920000R0735,Maison,104,3.963558,50.286783
2023-792903,2023-09-25,Vente,199000,20,RUE ALFRED DE VIGNY,593920000R0735,Maison,104,3.963558,50.286783
2023-792904,2023-09-22,Vente,106000,35,RUE GREVEAUX,593920000Z0454,Maison,68,3.930164,50.272645
2023-792949,2023-09-27,Vente,82700,44,IMM BERLIOZ RUE DES ARTS,593920000K0020,Appartement,74,3.971239,50.273209
2023-792967,2023-09-27,Vente,28000,41,IMM LE SUISSE BD DE L EURO,593920000K0033,Appartement,40,3.968895,50.275125
2023-792972,2023-09-26,Vente,185000,9,RUE MICHEL DE MONTAIGNE,59392000AW0320,Maison,120,3.964657,50.292973
2023-793008,2023-09-26,Vente,85000,14,PL JEAN MERMOZ,59392000AZ0575,Maison,108,3.986011,50.285447
2023-793039,2023-09-29,Vente,64500,2,IMM SAINT ELOI,593920000O0086,Appartement,56,3.972197,50.276137
2023-793052,2023-10-03,Vente,61000,24,LDT LE MANOIR,59392000AW0065,Maison,92,3.968507,50.292338
2023-793068,2023-09-28,Vente,35000,15,RUE RENELDE BERIOT,59392000AB0317,Maison,77,3.938377,50.269827
2023-793133,2023-09-29,Vente,64000,9,RTE DE MONS,593920000Q0652,Appartement,54,3.973343,50.283842
2023-793136,2023-09-22,Vente,70000,14,LDT LE MANOIR,59392000AW0061,Maison,80,3.969155,50.292419
2023-793199,2023-10-06,Vente,182000,23,RUE PIERRE MARTIN,59392000AH0362,Maison,118,3.954821,50.282236
2023-793263,2023-10-10,Vente,7500,63,RUE DES ECOLES,593920000U0499,Maison,60,3.950501,50.27199
2023-793358,2023-10-09,Vente,25000,26,RUE DE LA CERAMIQUE,593920000U0781,Maison,60,3.94905,50.270135
2023-793411,2023-10-09,Vente,115000,16,RUE DES ALLIES,593920000T0520,Maison,135,3.956291,50.275994
2023-793493,2023-10-05,Vente,104500,10,RES LE CANNES,593920000G0173,Appartement,120,3.97468,50.274734
2023-793625,2023-10-12,Vente,88150,7,RUE CHATEAU D EAU,593920000Y0612,Maison,79,3.930176,50.267401
2023-793656,2023-09-26,Vente,110000,123,RUE DU FAUBOURG ST QUENTIN,59392000AG0167,Maison,83,3.956569,50.280049
2023-793666,2023-10-13,Vente,70000,7,IMM LE HOLLANDE BD DE L EU,593920000P0133,Appartement,62,3.969212,50.28132
2023-793671,2023-09-15,Vente,150000,40,RUE DU CHEMIN VERT,593920000H0627,Maison,115,,
2023-793671,2023-09-15,Vente,150000,40,RUE DU CHEMIN VERT,593920000H0627,Maison,115,,
2023-793674,2023-10-13,Vente,29500,45,IMM LE SUISSE BD DE L EURO,593920000K0033,Appartement,40,3.968895,50.275125
2023-793682,2023-09-21,Vente,44000,1,IMM LE NICE RUE DE PROVENC,593920000L0077,Appartement,68,3.974308,50.274236
2023-793684,2023-10-20,Vente,80987,9002,RES VAUBAN BAT A,59392000BB0012,Appartement,90,3.977135,50.282234
2023-793693,2023-10-23,Vente,75000,64,RES ILE DE FRANCE RUE G DUBUT,593920000L0095,Appartement,51,3.973516,50.273597
2023-793810,2023-10-20,Vente,40000,254,RUE DE LA LIBERTE,59392000AE0172,Maison,102,3.944216,50.280713
2023-793845,2023-10-24,Vente,165900,18,RUE JEAN BART,593920000C0392,Maison,78,3.973205,50.291881
2023-793871,2023-10-12,Vente,121294,7,IMM MARSEILLE AVE PROV FRA,593920000L0077,Appartement,73,3.974308,50.274236
2023-793956,2023-10-31,Vente,66000,9001,IMM LE NICE RUE DE PROVENC,593920000L0077,Appartement,37,3.974308,50.274236
2023-793957,2023-10-30,Vente,92000,31,RUE ADOLPHE WARNOTTE,59392000AY0340,Maison,86,3.977371,50.287698
2023-793957,2023-10-30,Vente,92000,29,RUE ADOLPHE WARNOTTE,59392000AY0341,Maison,80,3.977259,50.287763
2023-793980,2023-10-10,Vente,80000,83,RUE GREVEAUX,59392000AT0471,Maison,109,3.926507,50.270311
2023-793980,2023-10-10,Vente,80000,83,RUE GREVEAUX,59392000AT0471,Maison,109,3.926507,50.270311
2023-794074,2023-10-09,Vente,45000,9,RTE DE MONS,593920000Q0652,Appartement,42,3.973343,50.283842
2023-794079,2023-10-24,Vente,133000,46,RUE HENRI SCULFORT,593920000S0116,Maison,112,3.962802,50.279746
2023-794111,2023-10-11,Vente,67200,11,RUE DES LAMINOIRS,593920000U0263,Maison,56,3.949708,50.270751
2023-794209,2023-10-30,Vente,85000,9001,RES DU MOULIN BD DE L EUROPE,593920000S0490,Appartement,73,3.964484,50.279524
2023-794258,2023-11-03,Vente,102000,34,RTE DE MONS,59392000AY0246,Maison,93,3.975133,50.286015
2023-794313,2023-11-07,Vente,38000,97,RTE DE FEIGNIES,593920000R0622,Maison,59,3.962222,50.28578
2023-794315,2023-11-08,Vente,275000,47,RUE DE ROUSIES,593920000H0146,Maison,122,3.973,50.268383
2023-794437,2023-11-10,Vente,68400,58,RUE JEANNE JUGAN,593920000V0010,Maison,80,3.938093,50.267693
2023-794463,2023-11-10,Vente,55000,25,RUE DU CORBEAU,59392000AE0117,Maison,91,3.942299,50.279302
2023-794464,2023-11-09,Vente,120000,38,RUE DE LA CERAMIQUE,593920000U0253,Maison,105,3.948998,50.27043
2023-794480,2023-11-15,Vente,70000,17,RTE DE FEIGNIES,593920000R0407,Appartement,92,3.965397,50.283511
2023-794693,2023-11-28,Vente,35000,482,RUE D HAUTMONT,59392000AB0431,Maison,89,3.933701,50.267191
2023-794698,2023-11-24,Vente,200000,3,PL DES NATIONS,593920000N0023,Appartement,42,3.973573,50.278762
2023-794699,2023-11-23,Vente,145724.45,117,RUE SAINT ANTOINE,593920000U0593,Maison,107,3.949847,50.27327
2023-794701,2023-11-23,Vente,72500,26,AV LAVOISIER,593920000Z0215,Maison,87,3.928515,50.27171
2023-794717,2023-11-24,Vente,55000,43,IMM LE SUISSE BD DE L EURO,593920000K0033,Appartement,64,3.968895,50.275125
2023-794719,2023-11-24,Vente,75000,52,RUE EMILE ZOLA,59392000AW0130,Maison,92,3.965989,50.294244
2023-794783,2023-11-23,Vente,65000,2,AV DE FRANCE,593920000O0080,Appartement,83,3.973099,50.27614
2023-794850,2023-11-27,Vente,43000,58,RTE VALENCIENNES I D T,593920000Q0295,Maison,110,3.970489,50.282903
2023-794887,2023-11-29,Vente,47500,45,IMM LE SUISSE BD DE L EURO,593920000K0033,Appartement,40,3.968895,50.275125
2023-794897,2023-11-29,Vente,108000,88,BD FRANCOIS RENE CHATEAUBRIAN,59392000AK0534,Maison,86,3.959469,50.285667
2023-794898,2023-11-30,Vente,49000,1,RUE ERMITAGE,593920000U0232,Maison,72,3.947702,50.272572
2023-794916,2023-11-16,Vente,105000,96,RUE DE DOUZIES,59392000AF0370,Maison,96,3.942703,50.273694
2023-795015,2023-12-05,Vente,465400,20,RUE DES ECOLES,593920000U0256,Maison,143,3.949323,50.270811
2023-795015,2023-12-05,Vente,465400,22,RUE DES ECOLES,593920000U0257,Maison,120,3.949311,50.270943
2023-795015,2023-12-05,Vente,465400,22,RUE DES ECOLES,593920000U0257,Appartement,60,3.949311,50.270943
2023-795015,2023-12-05,Vente,465400,22,RUE DES ECOLES,593920000U0257,Appartement,50,3.949311,50.270943
2023-795051,2023-12-01,Vente,65000,108,RUE SAINT ANTOINE,59392000AF0716,Appartement,12,3.9501,50.274159
2023-795051,2023-12-01,Vente,65000,108,RUE SAINT ANTOINE,59392000AF0716,Appartement,16,3.9501,50.274159
2023-795051,2023-12-01,Vente,65000,108,RUE SAINT ANTOINE,59392000AF0716,Appartement,11,3.9501,50.274159
2023-795051,2023-12-01,Vente,65000,108,RUE SAINT ANTOINE,59392000AF0716,Appartement,11,3.9501,50.274159
2023-795083,2023-12-07,Vente,42000,45,RES CITIZEN PARK RUE L.BATHIAT,59392000AZ0845,Appartement,30,3.984378,50.286128
2023-795162,2023-11-28,Vente,180000,22,RUE DE L EGLISE,593920000U1231,Maison,135,3.947178,50.270081
2023-795170,2023-12-08,Vente,84000,93,RUE HAUTE,593920000V1146,Maison,80,3.938606,50.268199
2023-795170,2023-12-08,Vente,84000,93,RUE HAUTE,593920000V1146,Maison,63,3.938606,50.268199
2023-795198,2023-11-30,Vente,195000,169,RTE D ELESMES,59392000AO0057,Maison,125,3.986932,50.289846
2023-795202,2023-12-01,Vente,99000,3,RUE GIPPUS,593920000M0039,Appartement,44,3.976651,50.277189
2023-795202,2023-12-01,Vente,99000,3,RUE GIPPUS,593920000M0039,Appartement,31,3.976651,50.277189
2023-795202,2023-12-01,Vente,99000,3,RUE GIPPUS,593920000M0039,Appartement,45,3.976651,50.277189
2023-795203,2023-11-30,Vente,115000,10,RUE ADOLPHE WARNOTTE,59392000AY0322,Maison,120,3.975944,50.287531
2023-795256,2023-12-11,Vente,245000,18,RUE DE LA LIBERTE,593920000S0506,Maison,206,3.960899,50.277454
2023-795256,2023-12-11,Vente,245000,18,RUE DE LA LIBERTE,593920000S0506,Maison,206,3.960899,50.277454
2023-795348,2023-11-23,Vente,85000,74,AV JEAN JAURES,593920000R0087,Maison,250,3.96165,50.282528
2023-795348,2023-11-23,Vente,85000,74,AV JEAN JAURES,593920000R0087,Maison,250,3.96165,50.282528
2023-795378,2023-12-14,Vente,113000,31,LDT MAIL DE LA SAMBRE,593920000O0063,Appartement,183,3.971758,50.277076
2023-795421,2023-12-15,Vente,60000,39,RUE DU FAUBOURG SAINT LAZARE,593920000H0576,Maison,75,3.972012,50.269146
2023-795437,2023-12-15,Vente,106000,35,RUE GREVEAUX,593920000Z0455,Maison,68,3.929998,50.27269
2023-795446,2023-12-13,Vente,23000,16,RUE DES ECOLES,593920000U0254,Maison,108,3.949133,50.270746
2023-795504,2023-11-29,Vente,100000,6,RUE JOACHIM DU BELLAY,59392000AV0389,Maison,92,3.963431,50.288141
2023-795521,2023-12-18,Vente,75000,16,RUE DU CDT CHARCOT,593920000C0342,Maison,75,3.971058,50.292721
2023-795536,2023-12-13,Vente,145350,2,RUE HENRI FARMAN,59392000AZ0677,Maison,98,3.985512,50.287525
2023-795559,2023-11-27,Vente,70000,49,RUE DE GRATTIERES,593920000Y0285,Maison,55,3.929437,50.265936
2023-795560,2023-11-23,Vente,73000,15,RUE RENE DESCARTES,59392000AW0310,Maison,92,3.965298,50.29363
2023-795625,2023-12-19,Vente,61000,10,RUE VEDRINNES,59392000AZ0315,Maison,67,3.987762,50.286361
2023-795653,2023-12-22,Vente,90000,59,RUE DE LA LIBERTE,593920000T0294,Maison,100,3.957624,50.276973
2023-795784,2023-12-13,Vente,140000,1,RUE DU PROGRES,59392000AG0130,Appartement,36,3.960847,50.280664
2023-795784,2023-12-13,Vente,140000,1,RUE DU PROGRES,59392000AG0130,Appartement,18,3.960847,50.280664
2023-795784,2023-12-13,Vente,140000,1,RUE DU PROGRES,59392000AG0130,Appartement,48,3.960847,50.280664
2023-795915,2023-12-18,Vente,165000,2,RTE DE FEIGNIES,593920000Q0681,Maison,55,3.969015,50.283125
2023-795922,2023-12-20,Vente,41000,45,RES CITIZEN PARK RUE L.BATHIAT,59392000AZ0845,Appartement,31,3.984378,50.286128
2023-795927,2023-12-18,Vente,122000,164,RUE DU PONT DE PIERRES,59392000AH0278,Maison,69,3.952712,50.284802
2023-795955,2023-12-15,Vente,70850,51,RES ILE DE FRANCE RUE G DUBUT,593920000L0095,Appartement,69,3.973516,50.273597
2023-795964,2023-12-18,Vente,6577770,2,RTE DE FEIGNIES,593920000Q0681,Maison,55,3.969015,50.283125
2023-795966,2023-12-28,Vente,60000,2,IMM SAINT ELOI,593920000O0086,Appartement,56,3.972197,50.276137
2023-795983,2023-12-29,Vente,50000,17,RUE DE LA CROIX,593920000M0045,Appartement,65,3.976475,50.276946
2023-795987,2023-12-29,Vente,71940,1,IMM LE SUEDE BD DE L EUROP,593920000P0135,Appartement,65,3.969745,50.281511
2023-796034,2023-12-21,Vente,80000,16,LE BUILDING PL DES NATIONS,593920000N0047,Appartement,85,3.974918,50.278426
2023-796096,2023-12-27,Vente,74000,101,RES LE CLOS ST LOUIS RUE DE LA,59392000AG0341,Appartement,78,3.953556,50.277845
2023-796114,2023-12-28,Vente,75000,57,RUE SAINTE EMILIE,593920000V0937,Maison,116,3.941794,50.267642
2023-796127,2023-12-29,Vente,32000,52,RUE DES LAMINOIRS,593920000U0523,Maison,95,3.949008,50.271987
2023-796131,2023-12-29,Vente,20000,30,RLE LEMY,593920000T0170,Maison,69,3.955485,50.2733
2023-796333,2023-12-15,Vente,175000,18,PL DE L INDUSTRIE,593920000U0167,Appartement,15,3.947917,50.270263
2023-796333,2023-12-15,Vente,175000,18,PL DE L INDUSTRIE,593920000U0167,Appartement,15,3.947917,50.270263
2023-796333,2023-12-15,Vente,175000,18,PL DE L INDUSTRIE,593920000U0167,Appartement,15,3.947917,50.270263
2023-796333,2023-12-15,Vente,175000,18,PL DE L INDUSTRIE,593920000U0167,Appartement,15,3.947917,50.270263
2023-796389,2023-07-07,Adjudication,42000,57,LE BUILDING PL DES NATIONS,593920000N0047,Appartement,105,3.974918,50.278426
2022-967955,2022-01-06,Vente,130000,8,AV DU COLONEL SCHOULLER,593920000O0039,Appartement,106,3.969624,50.27581
2022-967960,2022-01-10,Vente,125000,3,AV NICOLAS BOILEAU,59392000AV0177,Maison,92,3.959796,50.290661
2022-967975,2022-01-17,Vente,70300,49,RUE DES ECOLES,593920000U0505,Maison,89,3.950013,50.271729
2022-967985,2022-01-14,Vente,110000,24,RUE BRIQUE MONTPLAISIR,593920000Z0087,Maison,133,3.931847,50.273752
2022-967985,2022-01-14,Vente,110000,24,RUE BRIQUE MONTPLAISIR,593920000Z0087,Maison,133,3.931847,50.273752
2022-967997,2022-01-17,Vente,49286,12,RES BEAUSEJOUR AVE JEAN JAURES,593920000S0591,Appartement,78,3.963479,50.281554
2022-968016,2022-01-18,Vente,170000,323,RTE DE MONS,593920000A0301,Maison,100,3.976869,50.300169
2022-968019,2022-01-14,Vente,75000,9,PL VERTE,593920000M0176,Appartement,110,3.974326,50.277569
2022-968021,2022-01-21,Vente,40000,18,IMM PORTE DE FRANCE AVE C,593920000O0092,Appartement,57,3.972521,50.275608
2022-968036,2022-01-25,Vente,138000,14,RTE FEIGNIES RES CROIX S ANDRE,593920000R0579,Maison,97,3.962507,50.283804
2022-968060,2022-01-27,Vente,65000,79,RUE DE L ANCIENNE PLACE,593920000T0089,Maison,89,3.952661,50.274436
2022-968065,2022-01-29,Vente,113500,131,RUE DE MONTPLAISIR,593920000Y0480,Maison,47,3.932076,50.268063
2022-968065,2022-01-29,Vente,113500,131,RUE DE MONTPLAISIR,593920000Y0480,Maison,40,3.932076,50.268063
2022-968087,2022-01-14,Vente,60000,7,IMM MARSEILLE AVE PROV FRA,593920000L0077,Appartement,73,3.974308,50.274236
2022-968095,2022-01-26,Vente,54000,29,IMM CESAR FRANCK RUE DES A,593920000K0042,Appartement,66,3.971366,50.273551
2022-968101,2022-01-31,Vente,112900,9004,RES VAUBAN BAT B,59392000BB0012,Appartement,105,3.977135,50.282234
2022-968102,2022-01-28,Vente,180000,16,RUE CASIMIR FOURNIER,593920000N0130,Maison,90,3.975158,50.279897
2022-968147,2022-02-07,Vente,90000,11,LES PEUPLIERS,59392000AI0248,Maison,66,3.946018,50.282901
2022-968153,2022-02-01,Vente,85000,51,RUE DES ECOLES,593920000U0504,Maison,38,3.950073,50.271746
2022-968153,2022-02-01,Vente,85000,51,RUE DES ECOLES,593920000U0504,Maison,44,3.950073,50.271746
2022-968153,2022-02-01,Vente,85000,51,RUE DES ECOLES,593920000U0504,Maison,27,3.950073,50.271746
2022-968170,2022-01-31,Vente,165000,30,RUE DES LAMINOIRS,593920000U1242,Maison,180,3.950602,50.270858
2022-968170,2022-01-31,Vente,165000,30,RUE DES LAMINOIRS,593920000U1242,Maison,180,3.950602,50.270858
2022-968201,2022-01-21,Vente,60000,5,RUE ADOLPHE WARNOTTE,59392000AY0365,Maison,103,3.975751,50.287861
2022-968203,2022-02-14,Vente,65000,9002,RES VAUBAN BAT A,59392000BB0012,Appartement,75,3.977135,50.282234
2022-968220,2022-01-20,Vente,57500,2,IMM SAINT ELOI,593920000O0086,Appartement,65,3.972197,50.276137
2022-968235,2022-02-07,Vente,53000,5,BD ERNEST LAVISSE,59392000AK0439,Maison,90,3.956577,50.286784
2022-968236,2022-02-04,Vente,90000,9,RUE DU CAPITAINE,59392000AG0304,Maison,66,3.955374,50.279891
2022-968239,2022-02-07,Vente,40000,51,IMM ITALIE BD DE L EUROPE,593920000K0033,Appartement,65,3.968895,50.275125
2022-968240,2022-02-04,Vente,73100,64,RUE SAINT ANTOINE,59392000AF0542,Maison,87,3.952241,50.275517
2022-968247,2022-02-11,Vente,115300,11,RUE ADRIENNE BOLLAND,59392000AZ0424,Maison,82,3.987191,50.286116
2022-968259,2022-02-11,Vente,72000,42,RUE ROYALE,59392000AG0642,Maison,88,3.954471,50.280174
2022-968296,2022-01-28,Vente,111000,39,RTE D ELESMES,59392000AY0202,Maison,83,3.977561,50.284369
2022-968362,2022-01-03,Vente,87900,349,AV JEAN JAURES,59392000AD0566,Maison,75,3.933587,50.280715
2022-968364,2022-01-26,Vente,111500,237,RTE DE MONS,593920000B0013,Maison,64,3.976162,50.295841
2022-968364,2022-01-26,Vente,111500,235,RTE DE MONS,593920000B0014,Maison,102,3.975829,50.295888
2022-968364,2022-01-26,Vente,111500,235,RTE DE MONS,593920000B0014,Maison,102,3.975829,50.295888
2022-968364,2022-01-26,Vente,111500,235,RTE DE MONS,593920000B0014,Maison,102,3.975829,50.295888
2022-968364,2022-01-26,Vente,111500,235,RTE DE MONS,593920000B0014,Maison,102,3.975829,50.295888
2022-968365,2022-01-27,Vente,153500,66,RUE DES CROSSEURS,59392000AY0082,Maison,118,3.981519,50.287727
2022-968374,2022-02-18,Vente,27500,9,RUE DE MONTPLAISIR,59392000AB0058,Maison,133,3.93437,50.273394
2022-968374,2022-02-18,Vente,27500,9,RUE DE MONTPLAISIR,59392000AB0058,Maison,133,3.93437,50.273394
2022-968379,2022-02-21,Vente,52000,74,RUE DU CHEMIN DE FER,593920000Y0049,Maison,57,3.933524,50.268898
2022-968380,2022-02-21,Vente,45000,63,RUE GREVEAUX,593920000Z0462,Maison,72,3.927669,50.271519
2022-968385,2022-02-25,Vente,54000,43,IMM LE SUISSE BD DE L EURO,593920000K0033,Appartement,64,3.968895,50.275125
2022-968396,2022-02-22,Vente,65669.5,15,RUE DU FAUBOURG ST QUENTIN,593920000S0131,Maison,126,3.963477,50.280185
2022-968397,2022-02-23,Vente,60000,71,RUE DU TILLEUL,593920000U0803,Maison,105,3.949755,50.270431
2022-968415,2022-02-23,Vente,125000,42,AV DE FERRIERE,593920000H0177,Maison,150,3.976889,50.269542
2022-968417,2022-02-23,Vente,30000,5,RUE SOUS LE BOIS,59392000AD0194,Maison,105,3.937644,50.278197
2022-968417,2022-02-23,Vente,30000,5,RUE SOUS LE BOIS,59392000AD0194,Maison,105,3.937644,50.278197
2022-968427,2022-02-24,Vente,115500,1,IMM LE DANEMARK PORTE DE B,593920000P0135,Appartement,121,3.969745,50.281511
2022-968434,2022-02-24,Vente,145000,12,RUE EDMOND ROSTAND,593920000Q0542,Maison,96,3.972579,50.288313
2022-968456,2022-02-25,Vente,161000,150,RTE D ELESMES,59392000AZ0734,Maison,104,3.985643,50.288347
2022-968460,2022-02-25,Vente,125000,6,RLE LEMY,593920000T0587,Maison,82,3.954856,50.273992
2022-968460,2022-02-25,Vente,125000,6,RLE LEMY,593920000T0587,Maison,82,3.954856,50.273992
2022-968463,2022-02-28,Vente,95000,29,RUE DE MAIRIEUX,59392000AK0053,Maison,46,3.946695,50.291963
2022-968467,2022-02-23,Vente,143000,263,RUE DE LA LIBERTE,59392000AD0902,Maison,111,3.941224,50.280866
2022-968475,2022-03-02,Vente,60000,2,IMM SAINT ELOI,593920000O0086,Appartement,56,3.972197,50.276137
2022-968477,2022-02-17,Vente,5500,81,RUE DE L ANCIENNE PLACE,593920000T0086,Maison,89,3.952628,50.274499
2022-968481,2022-02-23,Vente,56000,12,RES BEAUSEJOUR AVE JEAN JAURES,593920000S0591,Appartement,79,3.963479,50.281554
2022-968484,2022-03-04,Vente,100000,3,RUE D HAUTMONT,593920000S0330,Maison,145,3.964038,50.277479
2022-968494,2022-03-02,Vente,65000,1,PL VERTE,593920000M0178,Appartement,100,3.973976,50.277187
2022-968498,2022-03-02,Vente,45000,47,IMM ITALIE BD DE L EUROPE,593920000K0033,Appartement,42,3.968895,50.275125
2022-968524,2022-02-26,Vente,241300,40,RUE JEANNE D ARC,59392000AD0509,Maison,110,3.941183,50.278706
2022-968524,2022-02-26,Vente,241300,40,RUE JEANNE D ARC,59392000AD0509,Maison,110,3.941183,50.278706
2022-968528,2022-03-14,Vente,122700,82,RTE D ASSEVENT,59392000BA0035,Maison,74,3.986366,50.283762
2022-968528,2022-03-14,Vente,122700,82,RTE D ASSEVENT,59392000BA0035,Maison,74,3.986366,50.283762
2022-968562,2022-03-11,Vente,217400,326,RTE DE MONS,593920000A0285,Maison,129,3.977591,50.300022
2022-968564,2022-03-11,Vente,246950,104,RTE DE MONS,59392000AY0479,Maison,129,3.975302,50.289323
2022-968564,2022-03-11,Vente,246950,104,RTE DE MONS,59392000AY0479,Maison,129,3.975302,50.289323
2022-968572,2022-03-11,Vente,75000,2,RUE DE GRATTIERES,59392000AT0562,Maison,102,3.927202,50.265509
2022-968572,2022-03-11,Vente,75000,2,RUE DE GRATTIERES,59392000AT0562,Maison,102,3.927202,50.265509
2022-968579,2022-03-04,Vente,110000,21,RUE VEDRINNES,59392000AZ0303,Maison,108,3.98831,50.286633
2022-968581,2022-03-08,Vente,58000,220,ALL VERTE,59392000AY0123,Maison,76,3.978743,50.287294
2022-968585,2022-03-11,Vente,70000,18,IMM PORTE DE FRANCE AVE C,593920000O0092,Appartement,68,3.972521,50.275608
2022-968621,2022-03-11,Vente,109000,55,LDT LE MANOIR,59392000AW0251,Maison,98,3.967954,50.292184
2022-968652,2022-03-16,Vente,60000,50,RUE ERMITAGE,59392000AF0418,Maison,93,3.944192,50.272114
2022-968653,2022-03-18,Vente,70500,95,RUE SAINT ANTOINE,593920000U0622,Maison,62,3.951241,50.274188
2022-968675,2022-03-25,Vente,45000,30,RUE ANCIEN PONT ROUGE,59392000BB0109,Maison,71,3.983372,50.284571
2022-968676,2022-03-07,Vente,78000,45,IMM LE SUISSE BD DE L EURO,593920000K0033,Appartement,74,3.968895,50.275125
2022-968722,2022-03-16,Vente,91000,52,LDT LE MANOIR,59392000AW0155,Maison,92,3.966378,50.292748
2022-968727,2022-03-31,Vente,87000,95,RUE EMILE ZOLA,59392000AW0088,Maison,76,3.969008,50.292762
2022-968730,2022-03-30,Vente,70000,55,RUE SAINT ANTOINE,593920000T0029,Maison,70,3.953079,50.275247
2022-968731,2022-03-29,Vente,120000,9,RUE ADOLPHE MATHA,593920000I0008,Maison,88,3.964555,50.265154
2022-968735,2022-03-28,Vente,34000,7,IMM LUXEMBOURG BD DE L EUR,593920000P0133,Appartement,51,3.969212,50.28132
2022-968757,2022-03-25,Vente,35000,104,RUE DES SARS,593920000C0293,Maison,60,3.969726,50.293785
2022-968779,2022-03-30,Vente,98300,6,ALL DIDIER DAURAT,59392000AZ0056,Maison,82,3.990224,50.286414
2022-968790,2022-04-04,Vente,107500,27,RUE DU MARAIS,59392000AD0731,Maison,127,3.934466,50.277886
2022-968816,2022-04-05,Vente,86500,12,RUE DES FRENES,59392000AI0251,Maison,64,3.945838,50.282666
2022-968818,2022-04-05,Vente,95000,7,RUE ECOLE MATERNELLE,593920000Y0136,Maison,72,3.930915,50.269287
2022-968818,2022-04-05,Vente,95000,7,RUE ECOLE MATERNELLE,593920000Y0136,Maison,72,3.930915,50.269287
2022-968822,2022-03-29,Vente,87200,7,SQ SQU DES CERISIERS,59392000AI0291,Maison,67,3.945841,50.283671
2022-968824,2022-03-18,Vente,166000,6,SQ SQU DES POMMIERS,59392000AI0189,Maison,122,3.943817,50.283739
2022-968832,2022-04-01,Vente,159000,399,RTE DE MONS,593920000A0237,Maison,135,3.977127,50.30419
2022-968838,2022-03-30,Vente,60000,18,IMM PORTE DE FRANCE AVE C,593920000O0092,Appartement,65,3.972521,50.275608
2022-968853,2022-04-11,Vente,114000,7,RUE ADRIENNE BOLLAND,59392000AZ0422,Maison,80,3.986992,50.286109
2022-968914,2022-04-11,Vente,165000,71,RUE DU MARAIS,59392000AD0711,Maison,71,3.933881,50.27975
2022-968936,2022-04-14,Vente,90470,121,RUE DES ECOLES,593920000U0679,Maison,112,3.953101,50.27303
2022-968937,2022-04-14,Vente,77200,10,RUE DU TRAVAIL,593920000T0116,Maison,108,3.953543,50.273836
2022-968972,2022-04-08,Vente,161000,92,ALL VERTE,59392000AY0578,Maison,126,3.978629,50.287617
2022-968972,2022-04-08,Vente,161000,92,ALL VERTE,59392000AY0578,Maison,126,3.978629,50.287617
2022-968988,2022-04-14,Vente,75000,28,RTE VALENCIENNES I D T,593920000Q0273,Maison,90,3.97248,50.282985
2022-968989,2022-04-25,Vente,190000,33,RUE DE LA LIBERTE,593920000S0219,Maison,122,3.959831,50.276886
2022-968991,2022-04-07,Vente,71000,9,RTE DE MONS,593920000Q0652,Appartement,54,3.973343,50.283842
2022-968992,2022-04-12,Vente,140000,142,RUE DE LA LIBERTE,59392000AG0751,Maison,76,3.953174,50.278393
2022-969014,2022-04-07,Vente,218000,240,RUE DE LA LIBERTE,59392000AE0186,Maison,43,3.945154,50.280587
2022-969014,2022-04-07,Vente,218000,240,RUE DE LA LIBERTE,59392000AE0186,Maison,58,3.945154,50.280587
2022-969014,2022-04-07,Vente,218000,240,RUE DE LA LIBERTE,59392000AE0186,Maison,35,3.945154,50.280587
2022-969014,2022-04-07,Vente,218000,240,RUE DE LA LIBERTE,59392000AE0186,Maison,58,3.945154,50.280587
2022-969014,2022-04-07,Vente,218000,240,RUE DE LA LIBERTE,59392000AE0186,Maison,35,3.945154,50.280587
2022-969014,2022-04-07,Vente,218000,240,RUE DE LA LIBERTE,59392000AE0186,Maison,43,3.945154,50.280587
2022-969014,2022-04-07,Vente,218000,240,RUE DE LA LIBERTE,59392000AE0186,Maison,58,3.945154,50.280587
2022-969014,2022-04-07,Vente,218000,240,RUE DE LA LIBERTE,59392000AE0186,Maison,58,3.945154,50.280587
2022-969022,2022-04-19,Vente,75000,36,RUE DU MARAIS,59392000AD0675,Maison,67,3.934123,50.278404
2022-969031,2022-04-07,Vente,17000,95,RUE DES HAUTS FOURNEAUX,59392000AB0224,Maison,90,3.939235,50.270901
2022-969035,2022-04-13,Vente,37000,28,RUE DU TRAVAIL,593920000T0437,Maison,58,3.954586,50.274716
2022-969038,2022-04-20,Vente,36000,18,IMM PORTE DE FRANCE AVE C,593920000O0092,Appartement,57,3.972521,50.275608
2022-969039,2022-04-20,Vente,70000,15,RUE LOUIS BREGUET,59392000AZ0096,Maison,100,3.989793,50.28744
2022-969042,2022-04-08,Vente,73000,22,RUE DES SARS,593920000C0216,Maison,60,3.973616,50.290237
2022-969042,2022-04-08,Vente,73000,24,RUE DES SARS,593920000C0535,Maison,64,3.973679,50.290249
2022-969047,2022-05-03,Vente,81750,52,RUE DE GOGNIES CHAUSSEE,59392000AX0278,Maison,68,3.966141,50.287389
2022-969051,2022-04-22,Vente,167900,9,RUE TRIEU AU VIN,593920000S0296,Appartement,80,3.963773,50.276809
2022-969051,2022-04-22,Vente,167900,9,RUE TRIEU AU VIN,593920000S0296,Appartement,38,3.963773,50.276809
2022-969051,2022-04-22,Vente,167900,9,RUE TRIEU AU VIN,593920000S0296,Appartement,38,3.963773,50.276809
2022-969051,2022-04-22,Vente,167900,9,RUE TRIEU AU VIN,593920000S0296,Appartement,33,3.963773,50.276809
2022-969051,2022-04-22,Vente,167900,9,RUE TRIEU AU VIN,593920000S0296,Appartement,33,3.963773,50.276809
2022-969051,2022-04-22,Vente,167900,9,RUE TRIEU AU VIN,593920000S0296,Appartement,38,3.963773,50.276809
2022-969051,2022-04-22,Vente,167900,9,RUE TRIEU AU VIN,593920000S0296,Appartement,33,3.963773,50.276809
2022-969051,2022-04-22,Vente,167900,9,RUE TRIEU AU VIN,593920000S0296,Appartement,33,3.963773,50.276809
2022-969051,2022-04-22,Vente,167900,9,RUE TRIEU AU VIN,593920000S0296,Appartement,38,3.963773,50.276809
2022-969051,2022-04-22,Vente,167900,9,RUE TRIEU AU VIN,593920000S0296,Appartement,80,3.963773,50.276809
2022-969055,2022-04-12,Vente,60000,9,AV DU LNT COLONEL M MARTIN,593920000N0047,Appartement,85,3.974918,50.278426
2022-969072,2022-04-12,Vente,108000,4,PL VAUBAN,593920000N0154,Appartement,77,3.973856,50.279544
2022-969114,2022-04-25,Vente,125000,9001,RES LE PRIEURE RUE VAUBAN,593920000N0180,Appartement,115,3.975737,50.279586
2022-969123,2022-04-27,Vente,102400,9004,RES VAUBAN BAT B,59392000BB0012,Appartement,104,3.977135,50.282234
2022-969128,2022-04-27,Vente,18000,3,RUE DES HAUTS FOURNEAUX,593920000V1053,Maison,71,3.942156,50.267188
2022-969129,2022-04-27,Vente,150000,16,RUE DU CAPITAINE,59392000AG0032,Appartement,21,3.954793,50.279995
2022-969129,2022-04-27,Vente,150000,16,RUE DU CAPITAINE,59392000AG0032,Appartement,16,3.954793,50.279995
2022-969129,2022-04-27,Vente,150000,16,RUE DU CAPITAINE,59392000AG0032,Appartement,36,3.954793,50.279995
2022-969130,2022-04-27,Vente,40000,33,AV JEAN JAURES,593920000P0180,Maison,94,3.965696,50.282139
2022-969134,2022-04-29,Vente,70000,63,RUE DE DOUZIES,59392000AC0398,Maison,78,3.942514,50.271171
2022-969134,2022-04-29,Vente,70000,63,RUE DE DOUZIES,59392000AC0398,Maison,60,3.942514,50.271171
2022-969134,2022-04-29,Vente,70000,63,RUE DE DOUZIES,59392000AC0398,Maison,20,3.942514,50.271171
2022-969134,2022-04-29,Vente,70000,63,RUE DE DOUZIES,59392000AC0398,Maison,20,3.942514,50.271171
2022-969134,2022-04-29,Vente,70000,63,RUE DE DOUZIES,59392000AC0398,Maison,78,3.942514,50.271171
2022-969134,2022-04-29,Vente,70000,63,RUE DE DOUZIES,59392000AC0398,Maison,60,3.942514,50.271171
2022-969134,2022-04-29,Vente,70000,63,RUE DE DOUZIES,59392000AC0398,Maison,20,3.942514,50.271171
2022-969134,2022-04-29,Vente,70000,63,RUE DE DOUZIES,59392000AC0398,Maison,20,3.942514,50.271171
2022-969137,2022-04-29,Vente,60000,4,AV DE VERDUN,593920000K0002,Appartement,82,3.9691,50.274502
2022-969142,2022-04-28,Vente,160320,22,RTE D ELESMES,59392000BB0024,Maison,103,3.977595,50.283763
2022-969149,2022-05-06,Vente,23200,45,RES CITIZEN PARK RUE L.BATHIAT,59392000AZ0845,Appartement,20,3.984378,50.286128
2022-969172,2022-05-06,Vente,50000,1,IMM LE SUEDE BD DE L EUROP,593920000P0135,Appartement,66,3.969745,50.281511
2022-969192,2022-04-26,Vente,50000,18,IMM PORTE DE FRANCE AVE C,593920000O0092,Appartement,65,3.972521,50.275608
2022-969196,2022-04-27,Vente,73000,16,RES REINE ASTRID ALLEE VERTE,59392000AY0284,Maison,91,3.976836,50.286876
2022-972361,2022-05-11,Vente,219000,72,RUE DE MAIRIEUX,59392000AK0582,Maison,83,3.941888,50.287186
2022-972371,2022-05-06,Vente,97000,223,RUE DU PONT DE PIERRES,59392000AI0112,Maison,56,3.947667,50.284593
2022-972484,2022-05-16,Vente,90000,56,RUE JEANNE JUGAN,593920000V0013,Maison,85,3.938255,50.267723
2022-972502,2022-05-16,Vente,16500,39,RUE DE LA COUTURELLE,59392000AC0165,Maison,81,3.934488,50.275279
2022-972558,2022-05-03,Vente,190000,3,RUE MICHEL DE MONTAIGNE,59392000AW0314,Maison,120,3.964707,50.293407
2022-972562,2022-05-03,Vente,178500,23,RUE DU BICENTENAIRE 1789 1989,59392000AK0319,Maison,77,3.96023,50.286254
2022-972562,2022-05-03,Vente,178500,23,RUE DU BICENTENAIRE 1789 1989,59392000AK0319,Maison,77,3.96023,50.286254
2022-972563,2022-05-03,Vente,130000,233,RUE DE LA LIBERTE,59392000AD0842,Maison,192,3.943441,50.280425
2022-972563,2022-05-03,Vente,130000,233,RUE DE LA LIBERTE,59392000AD0842,Maison,192,3.943441,50.280425
2022-972564,2022-05-05,Vente,126000,10,ALL LOUIS 18,59392000AX0232,Maison,95,3.966567,50.287345
2022-972566,2022-05-03,Vente,170000,12,RTE DE MONS,59392000AY0217,Maison,142,3.975572,50.284456
2022-972566,2022-05-03,Vente,170000,12,RTE DE MONS,59392000AY0217,Maison,142,3.975572,50.284456
2022-972626,2022-05-09,Vente,75000,8,RES REINE ASTRID RTE DE MONS,59392000AY0698,Maison,66,3.975535,50.286732
2022-972716,2022-05-19,Vente,125280,148,RUE DE MONTPLAISIR,593920000Y0781,Maison,60,3.931189,50.268589
2022-972716,2022-05-19,Vente,125280,148,RUE DE MONTPLAISIR,593920000Y0781,Maison,61,3.931189,50.268589
2022-972727,2022-05-18,Vente,96000,1,RES LE CANNES,593920000G0173,Appartement,120,3.97468,50.274734
2022-972738,2022-05-17,Vente,77000,26,RTE VALENCIENNES I D T,593920000Q0272,Maison,78,3.972604,50.282994
2022-972773,2022-05-13,Vente,105000,31,RUE DE LA CROIX DE LORRAINE,59392000AV0341,Maison,88,3.961439,50.287577
2022-972783,2022-05-16,Vente,80400,27,RUE ADRIENNE BOLLAND,59392000AZ0325,Maison,80,3.988553,50.286158
2022-972800,2022-05-17,Vente,77600,129,RUE DE LA LIBERTE,59392000AG0269,Maison,80,3.952555,50.278237
2022-972813,2022-05-16,Vente,100000,38,RUE DU CAPITAINE,59392000AG0026,Maison,134,3.954247,50.278961
2022-972918,2022-05-16,Vente,180000,11,RUE NOUVELLE,59392000AH0001,Maison,103,3.959478,50.285234
2022-972919,2022-05-06,Vente,58000,70,RES ILE DE FRANCE RUE G DUBUT,593920000L0095,Appartement,51,3.973516,50.273597
2022-972942,2022-05-18,Vente,87200,9006,RES VAUBAN BAT C,59392000BB0012,Appartement,97,3.977135,50.282234
2022-972996,2022-04-22,Vente,82000,8,RUE VEDRINNES,59392000AZ0316,Maison,69,3.987635,50.286393
2022-973008,2022-05-18,Vente,145000,17,ALL LOUIS 15,59392000AX0179,Maison,87,3.969169,50.287535
2022-973015,2022-05-04,Vente,114500,90,AV NICOLAS BOILEAU,59392000AV0023,Maison,76,3.962415,50.292179
2022-973016,2022-04-28,Vente,65000,95,RUE MINIERES,593920000U0568,Maison,53,3.949963,50.272954
2022-973066,2022-05-24,Vente,119380,9001,RES LE PRIEURE RUE VAUBAN,593920000N0180,Appartement,115,3.975737,50.279586
2022-973070,2022-05-24,Vente,90000,9001,RES LE PRIEURE RUE VAUBAN,593920000N0180,Appartement,84,3.975737,50.279586
2022-973080,2022-05-23,Vente,87500,9006,RES VAUBAN BAT C,59392000BB0012,Appartement,105,3.977135,50.282234
2022-973097,2022-05-24,Vente,52500,7,IMM LUXEMBOURG BD DE L EUR,593920000P0133,Appartement,67,3.969212,50.28132
2022-973103,2022-05-24,Vente,105000,1,RES LE CANNES,593920000G0173,Appartement,120,3.97468,50.274734
2022-973135,2022-05-30,Vente,55000,7,IMM LUXEMBOURG BD DE L EUR,593920000P0133,Appartement,77,3.969212,50.28132
2022-973183,2022-05-11,Vente,43000,45,IMM LE SUISSE BD DE L EURO,593920000K0033,Appartement,40,3.968895,50.275125
2022-973194,2022-05-31,Vente,60000,27,IMM GOUNOD RUE DES ARTS,593920000K0041,Appartement,71,3.970603,50.273669
2022-973228,2022-05-30,Vente,60000,32,RUE ERMITAGE,59392000AF0432,Maison,128,3.945072,50.272363
2022-973272,2022-06-01,Vente,23000,269,AV JEAN JAURES,59392000AD0009,Maison,94,3.942974,50.281146
2022-973359,2022-06-02,Vente,65000,1,IMM LE SUEDE BD DE L EUROP,593920000P0135,Appartement,67,3.969745,50.281511
2022-973449,2022-05-23,Vente,41000,61,LE BUILDING PL DES NATIONS,593920000N0047,Appartement,48,3.974918,50.278426
2022-973454,2022-05-24,Vente,130000,13,RUE DU CHEMIN VERT,593920000H0065,Maison,120,3.973695,50.270759
2022-973458,2022-05-31,Vente,304000,19,RUE SAINT ANTOINE,593920000T0266,Appartement,32,3.95401,50.276168
2022-973458,2022-05-31,Vente,304000,19,RUE SAINT ANTOINE,593920000T0266,Appartement,16,3.95401,50.276168
2022-973458,2022-05-31,Vente,304000,19,RUE SAINT ANTOINE,593920000T0266,Appartement,17,3.95401,50.276168
2022-973458,2022-05-31,Vente,304000,19,RUE SAINT ANTOINE,593920000T0266,Appartement,23,3.95401,50.276168
2022-973458,2022-05-31,Vente,304000,19,RUE SAINT ANTOINE,593920000T0266,Appartement,21,3.95401,50.276168
2022-973458,2022-05-31,Vente,304000,19,RUE SAINT ANTOINE,593920000T0266,Appartement,33,3.95401,50.276168
2022-973458,2022-05-31,Vente,304000,47,RUE DU CHATEAU,593920000T0267,Maison,37,3.954143,50.276122
2022-973541,2022-06-07,Vente,146000,3,CITE LA SATINETTE RTE D ASSEVEN,59392000BA0111,Maison,83,3.991546,50.284441
2022-973557,2022-06-08,Vente,62000,9,RTE DE MONS,593920000Q0652,Appartement,54,3.973343,50.283842
2022-973572,2022-06-09,Vente,75000,34,RUE KENNEDY,593920000V0710,Maison,80,3.940492,50.267983
2022-973624,2022-06-01,Vente,285000,64,RUE DE GRATTIERES,59392000AT0563,Maison,113,3.926796,50.265795
2022-973624,2022-06-01,Vente,285000,64,RUE DE GRATTIERES,59392000AT0563,Maison,113,3.926796,50.265795
2022-973649,2022-06-09,Vente,150000,114,RUE DE LA LIBERTE,59392000AG0214,Maison,67,3.955281,50.277714
2022-973649,2022-06-09,Vente,150000,114,RUE DE LA LIBERTE,59392000AG0406,Maison,87,,
2022-973649,2022-06-09,Vente,150000,114,RUE DE LA LIBERTE,59392000AG0406,Maison,87,,
2022-973684,2022-06-13,Vente,280000,118,RUE D HAUTMONT,593920000U0405,Appartement,90,3.953581,50.271369
2022-973684,2022-06-13,Vente,280000,118,RUE D HAUTMONT,593920000U0405,Appartement,44,3.953581,50.271369
2022-973684,2022-06-13,Vente,280000,118,RUE D HAUTMONT,593920000U0405,Appartement,55,3.953581,50.271369
2022-973684,2022-06-13,Vente,280000,118,RUE D HAUTMONT,593920000U0405,Appartement,58,3.953581,50.271369
2022-973684,2022-06-13,Vente,280000,118,RUE D HAUTMONT,593920000U0405,Appartement,75,3.953581,50.271369
2022-973780,2022-05-24,Vente,125200,18,RUE ROYALE,59392000AG0424,Maison,69,3.95358,50.278884
2022-973782,2022-06-04,Vente,120200,38,RTE VALENCIENNES I D T,593920000Q0279,Maison,68,3.971894,50.282781
2022-973784,2022-06-08,Vente,125000,36,RUE D HAUTMONT,593920000S0551,Maison,195,3.960232,50.275459
2022-973791,2022-06-09,Vente,115000,23,RUE VICTOR HUGO,59392000AD0178,Maison,48,3.937312,50.279318
2022-973791,2022-06-09,Vente,115000,25,RUE VICTOR HUGO,59392000AD0179,Maison,52,3.937362,50.279295
2022-973791,2022-06-09,Vente,115000,27,RUE VICTOR HUGO,59392000AD0180,Maison,17,3.937426,50.279282
2022-973791,2022-06-09,Vente,115000,27,RUE VICTOR HUGO,59392000AD0180,Maison,41,3.937426,50.279282
2022-973815,2022-06-20,Vente,49800,18,RUE CASIMIR FOURNIER,593920000N0131,Appartement,41,3.975222,50.279944
2022-973855,2022-06-20,Vente,207675,159,RUE DE LA LIBERTE,59392000AG0711,Maison,188,3.950123,50.27868
2022-973864,2022-06-17,Vente,82000,9,RTE DE MONS,593920000Q0652,Appartement,72,3.973343,50.283842
2022-973904,2022-06-15,Vente,78000,20,RUE DES SAPINS,59392000AI0296,Maison,71,3.945093,50.283369
2022-973909,2022-06-15,Vente,145000,22,RTE DE FEIGNIES,593920000Q0234,Maison,113,3.96779,50.282749
2022-973927,2022-06-16,Vente,65000,1,RUE DES RAMONEURS,593920000S0555,Appartement,61,3.961864,50.280721
2022-973927,2022-06-16,Vente,65000,1,RUE DES RAMONEURS,593920000S0555,Appartement,61,3.961864,50.280721
2022-973960,2022-06-23,Vente,34000,51,IMM ITALIE BD DE L EUROPE,593920000K0033,Appartement,40,3.968895,50.275125
2022-974145,2022-06-22,Vente,56000,20,RUE ECOLE MATERNELLE,593920000Z0003,Maison,57,3.930313,50.269598
2022-974150,2022-06-22,Vente,140000,6,RUE JACQUES CARTIER,593920000C0364,Maison,93,3.973319,50.29322
2022-974198,2022-06-24,Vente,53700,16,BD FRANCOIS RENE CHATEAUBRIAN,59392000AK0128,Maison,93,3.957678,50.2873
2022-974201,2022-06-17,Vente,9000,116,RTE DE FEIGNIES,593920000R0347,Maison,84,3.962916,50.286043
2022-974214,2022-06-22,Vente,93000,25,AV FRANKLIN ROOSEVELT,593920000N0025,Appartement,80,3.973504,50.278736
2022-974214,2022-06-22,Vente,93000,25,AV FRANKLIN ROOSEVELT,593920000N0025,Appartement,81,3.973504,50.278736
2022-974220,2022-06-27,Vente,70000,204,RUE D HAUTMONT,593920000U1212,Maison,90,3.950073,50.269424
2022-974336,2022-06-24,Vente,160000,7,RUE FERDINAND REQUILLE,593920000A0057,Maison,85,3.978834,50.298511
2022-974399,2022-06-30,Vente,45000,20,RUE DES SARS,593920000C0214,Maison,37,3.973614,50.290187
2022-974482,2022-06-28,Vente,91437,18,AV DU PONT ROUGE,593920000S0543,Maison,82,,
2022-974503,2022-06-24,Vente,155000,5,RUE HOSPICE ST-NICOLAS,593920000N0103,Appartement,139,3.970797,50.277471
2022-974503,2022-06-24,Vente,155000,3,RUE HOSPICE ST-NICOLAS,593920000N0104,Appartement,112,3.970702,50.277471
2022-974503,2022-06-24,Vente,155000,3,RUE HOSPICE ST-NICOLAS,593920000N0104,Appartement,27,3.970702,50.277471
2022-974662,2022-07-01,Vente,350000,37,RUE DU FAUBOURG ST QUENTIN,593920000S0103,Appartement,22,3.962576,50.280248
2022-974662,2022-07-01,Vente,350000,37,RUE DU FAUBOURG ST QUENTIN,593920000S0103,Appartement,18,3.962576,50.280248
2022-974662,2022-07-01,Vente,350000,37,RUE DU FAUBOURG ST QUENTIN,593920000S0103,Appartement,23,3.962576,50.280248
2022-974662,2022-07-01,Vente,350000,37,RUE DU FAUBOURG ST QUENTIN,593920000S0103,Appartement,17,3.962576,50.280248
2022-974662,2022-07-01,Vente,350000,37,RUE DU FAUBOURG ST QUENTIN,593920000S0103,Appartement,52,3.962576,50.280248
2022-974662,2022-07-01,Vente,350000,37,RUE DU FAUBOURG ST QUENTIN,593920000S0103,Appartement,18,3.962576,50.280248
2022-974662,2022-07-01,Vente,350000,37,RUE DU FAUBOURG ST QUENTIN,593920000S0103,Appartement,18,3.962576,50.280248
2022-974662,2022-07-01,Vente,350000,37,RUE DU FAUBOURG ST QUENTIN,593920000S0103,Appartement,20,3.962576,50.280248
2022-974662,2022-07-01,Vente,350000,37,RUE DU FAUBOURG ST QUENTIN,593920000S0103,Appartement,21,3.962576,50.280248
2022-974662,2022-07-01,Vente,350000,37,RUE DU FAUBOURG ST QUENTIN,593920000S0103,Appartement,18,3.962576,50.280248
2022-974705,2022-06-27,Vente,72000,2,IMM SAINT ELOI,593920000O0086,Appartement,80,3.972197,50.276137
2022-974775,2022-07-05,Vente,45000,71,RES ILE DE FRANCE RUE G DUBUT,593920000L0095,Appartement,69,3.973516,50.273597
2022-974822,2022-07-06,Vente,56000,84,RUE DU MARAIS,59392000AD0642,Maison,75,3.935095,50.279951
2022-974822,2022-07-06,Vente,56000,84,RUE DU MARAIS,59392000AD0642,Maison,75,3.935095,50.279951
2022-974842,2022-07-13,Vente,111000,62,RUE EMILE ZOLA,59392000AW0137,Maison,92,3.965871,50.293662
2022-974861,2022-07-07,Vente,600000,9001,RES FLORALIES RUE DE LA CROIX,593920000M0303,Appartement,105,3.97438,50.276531
2022-974963,2022-06-24,Vente,146000,171,RUE DE LA LIBERTE,59392000AE0308,Maison,91,3.94915,50.279078
2022-974981,2022-06-24,Vente,190000,41,RUE DE LA LIBERTE,593920000S0215,Maison,128,3.959201,50.276779
2022-975032,2022-06-29,Vente,200000,9,AV FRANKLIN ROOSEVELT,593920000N0005,Appartement,18,3.971846,50.279052
2022-975045,2022-07-05,Vente,208000,6,RES LES RIVES DE LA FLAMENNE,59392000AC0609,Maison,90,3.940241,50.272393
2022-975055,2022-07-12,Vente,68500,135,RTE D ELESMES,59392000AO0091,Maison,51,3.985002,50.288682
2022-975080,2022-07-12,Vente,90000,85,RUE DES SARS,59392000AW0050,Maison,97,3.969084,50.293407
2022-975085,2022-07-11,Vente,80000,5,RUE DU CHATEAU,593920000T0208,Maison,83,3.955135,50.274326
2022-975180,2022-07-11,Vente,50000,108,RUE EMILE ZOLA,59392000AW0082,Maison,98,3.96837,50.292666
2022-975184,2022-07-18,Vente,118000,9,BD JEAN DE LA FONTAINE,59392000AV0258,Maison,78,3.959431,50.289493
2022-975303,2022-07-19,Vente,190000,35,RTE D AVESNES,593920000I0494,Maison,150,3.96807,50.270245
2022-975304,2022-07-19,Vente,47000,9,RUE DE LA PAIX,593920000T0128,Maison,70,3.953705,50.273632
2022-975441,2022-07-26,Vente,255000,38,RUE P DE COUBERTIN,59392000AG0624,Maison,150,3.951838,50.279895
2022-975468,2022-07-25,Vente,142500,49,RUE DE LA COUTURELLE,59392000AC0169,Maison,78,3.934747,50.275603
2022-975482,2022-07-26,Vente,92000,7,RUE CHARLES PERRAULT,59392000AX0087,Maison,80,3.970826,50.290884
2022-975484,2022-07-25,Vente,20000,31,RUE KENNEDY,593920000V0198,Maison,58,3.939922,50.268046
2022-975512,2022-07-22,Vente,137000,31,RUE DU BICENTENAIRE 1789 1989,59392000AK0137,Maison,84,3.960824,50.286535
2022-975532,2022-07-20,Vente,29000,9001,RES DU MOULIN BD DE L EUROPE,593920000S0490,Appartement,40,3.964484,50.279524
2022-975563,2022-07-26,Vente,165000,248,AV JEAN JAURES,59392000AI0016,Maison,35,3.945009,50.281524
2022-975563,2022-07-26,Vente,165000,250,AV JEAN JAURES,59392000AI0017,Maison,129,3.944952,50.281528
2022-975563,2022-07-26,Vente,165000,246,AV JEAN JAURES,59392000AI0533,Maison,49,3.945009,50.281584
2022-975563,2022-07-26,Vente,165000,246,AV JEAN JAURES,59392000AI0533,Maison,49,3.945009,50.281584
2022-975576,2022-07-28,Vente,150800,5,RUE DU CAPITAINE,59392000AG0187,Maison,82,3.955439,50.280167
2022-975582,2022-07-01,Vente,70500,17,RUE DE LA CROIX,593920000M0045,Appartement,80,3.976475,50.276946
2022-975583,2022-07-28,Vente,118200,39,RUE DU DEPART,593920000Z0132,Maison,108,3.931808,50.275461
2022-975593,2022-07-01,Vente,49000,17,RUE DE LA CROIX,593920000M0045,Appartement,66,3.976475,50.276946
2022-975718,2022-08-01,Vente,120000,67,RUE DE GOGNIES CHAUSSEE,59392000AX0273,Maison,68,3.965636,50.287841
2022-975734,2022-07-29,Vente,63000,29,IMM CESAR FRANCK RUE DES A,593920000K0042,Appartement,63,3.971366,50.273551
2022-975789,2022-07-29,Vente,64000,2,IMM SAINT ELOI,593920000O0086,Appartement,56,3.972197,50.276137
2022-975790,2022-07-29,Vente,133000,1,IMM MONACO RUE N REGNIER,593920000P0042,Appartement,131,3.968316,50.280679
2022-975793,2022-07-29,Vente,69000,50,RES ILE DE FRANCE RUE G DUBUT,593920000L0095,Appartement,81,3.973516,50.273597
2022-975795,2022-07-29,Vente,133000,9001,RES DU MOULIN BD DE L EUROPE,593920000S0490,Appartement,73,3.964484,50.279524
2022-975828,2022-07-28,Vente,125000,58,RUE DE MONTPLAISIR,593920000Z0045,Maison,164,3.933055,50.271767
2022-975901,2022-07-26,Vente,162000,5,PTE DE FRANCE,593920000K0029,Appartement,78,3.972458,50.274887
2022-975901,2022-07-26,Vente,162000,5,PTE DE FRANCE,593920000K0029,Appartement,78,3.972458,50.274887
2022-976023,2022-08-01,Vente,85000,1,IMM LES NERVIENS LA CORNIC,593920000O0108,Appartement,82,3.972584,50.276135
2022-976027,2022-08-01,Vente,90000,43,RUE DE ROUSIES,593920000H0142,Maison,70,3.973227,50.268544
2022-976072,2022-08-08,Vente,82300,12,RUE DU NORD,593920000Y0605,Maison,75,3.92942,50.268204
2022-976074,2022-08-08,Vente,124200,12,RUE GEORGES GUYNEMER,59392000AZ0568,Maison,78,3.985134,50.28544
2022-976102,2022-08-04,Vente,110000,14,RUE ADRIENNE BOLLAND,59392000AZ0354,Maison,80,3.988343,50.285836
2022-976107,2022-07-20,Vente,65000,1,IMM MARSEILLE AVE PROV FRA,593920000L0077,Appartement,73,3.974308,50.274236
2022-976124,2022-07-15,Vente,241376,10,RUE GRAND BOIS,593920000A0312,Maison,118,3.976562,50.303563
2022-976124,2022-07-15,Vente,241376,10,RUE GRAND BOIS,593920000A0312,Maison,118,3.976562,50.303563
2022-976139,2022-08-09,Vente,125260,17,RUE CHATEAU D EAU,593920000Y0629,Maison,118,3.929461,50.26716
2022-976160,2022-08-08,Vente,90000,39,RUE DE LA LIBERTE,593920000S0216,Maison,75,3.959376,50.276796
2022-976160,2022-08-08,Vente,90000,39,RUE DE LA LIBERTE,593920000S0216,Maison,75,3.959376,50.276796
2022-976168,2022-08-08,Vente,156010,167,RUE GRAND BOIS,59392000AN0329,Appartement,8,3.965011,50.303003
2022-976168,2022-08-08,Vente,156010,167,RUE GRAND BOIS,59392000AN0342,Maison,141,3.964993,50.302911
2022-976187,2022-07-08,Vente,72000,1,IMP SENELLE,593920000X0032,Maison,171,3.936075,50.265852
2022-976192,2022-06-28,Vente,135200,2,RTE D ELESMES,59392000BB0016,Maison,98,3.976484,50.282983
2022-976194,2022-06-30,Vente,140000,54,AV NICOLAS BOILEAU,59392000AV0042,Maison,117,3.962307,50.29071
2022-976217,2022-08-12,Vente,40000,141,RTE D ELESMES,59392000AO0089,Maison,39,3.985155,50.28877
2022-976217,2022-08-12,Vente,40000,139,RTE D ELESMES,59392000AO0090,Maison,54,3.985085,50.288756
2022-976219,2022-08-10,Vente,47000,72,RES ILE DE FRANCE RUE G DUBUT,593920000L0095,Appartement,71,3.973516,50.273597
2022-976226,2022-08-11,Vente,120000,12,ALL LOUIS 16,59392000AX0215,Maison,95,3.967519,50.287299
2022-976277,2022-08-16,Vente,113000,9006,RES VAUBAN BAT C,59392000BB0012,Appartement,114,3.977135,50.282234
2022-976281,2022-08-19,Vente,176000,9001,RES LE PRIEURE RUE VAUBAN,593920000N0180,Appartement,115,3.975737,50.279586
2022-976351,2022-08-17,Vente,150000,6,RUE DU GENERAL VANUXEM,59392000BA0056,Maison,94,3.988032,50.283329
2022-976365,2022-08-18,Vente,30000,45,RES CITIZEN PARK RUE L.BATHIAT,59392000AZ0845,Appartement,20,3.984378,50.286128
2022-976393,2022-08-20,Vente,125000,3,AV DE FERRIERE,593920000H0189,Maison,122,3.976049,50.27079
2022-976404,2022-08-23,Vente,140900,105,RUE DE DOUZIES,59392000AC0103,Maison,111,3.942043,50.272995
2022-976410,2022-07-15,Vente,66000,22,CITE DE LA CERAMIQUE RUE GREVAU,593920000Z0502,Maison,54,3.92822,50.272979
2022-976418,2022-08-22,Vente,100000,32,RUE LUCIEN BRASSEUR,59392000AY0395,Maison,70,3.978075,50.288027
2022-976444,2022-08-19,Vente,55000,47,IMM ITALIE BD DE L EUROPE,593920000K0033,Appartement,74,3.968895,50.275125
2022-976458,2022-08-23,Vente,81500,2,SQ DE LIEGE R J WALRAND,593920000N0016,Appartement,71,3.973491,50.279346
2022-976620,2022-08-30,Vente,87000,1,IMM LES NERVIENS LA CORNIC,593920000O0108,Appartement,83,3.972584,50.276135
2022-976625,2022-08-26,Vente,59800,27,IMM GOUNOD RUE DES ARTS,593920000K0041,Appartement,58,3.970603,50.273669
2022-976671,2022-09-01,Vente,261300,127,RUE GRAND BOIS,59392000AN0048,Maison,124,3.96704,50.302425
2022-976671,2022-09-01,Vente,261300,127,RUE GRAND BOIS,59392000AN0048,Maison,124,3.96704,50.302425
2022-976682,2022-08-31,Vente,182000,34,RUE DE L'EGALITE,59392000AI0338,Maison,92,3.943543,50.283882
2022-976682,2022-08-31,Vente,182000,34,RUE DE L'EGALITE,59392000AI0338,Maison,92,3.943543,50.283882
2022-976715,2022-08-26,Vente,120000,3,RUE DE LA CENTRALE ELECTRIQUE,593920000Y0351,Maison,132,3.933256,50.26642
2022-976785,2022-09-02,Vente,67350,9,RTE DE MONS,593920000Q0652,Appartement,62,3.973343,50.283842
2022-976792,2022-08-30,Vente,70000,9004,RES VAUBAN BAT B,59392000BB0012,Appartement,80,3.977135,50.282234
2022-976800,2022-08-31,Vente,76780,1,IMM LES NERVIENS LA CORNIC,593920000O0108,Appartement,83,3.972584,50.276135
2022-976802,2022-09-02,Vente,95000,2,PL VAUBAN,593920000N0154,Appartement,78,3.973856,50.279544
2022-976817,2022-08-31,Vente,50000,43,IMM LE SUISSE BD DE L EURO,593920000K0033,Appartement,64,3.968895,50.275125
2022-976892,2022-08-24,Vente,100000,7,ALL JEAN DE LA BRUYERE,59392000AV0119,Maison,92,3.960985,50.291436
2022-976922,2022-09-05,Vente,179900,23,RUE DES BLEUETS,59392000AF0663,Maison,105,3.943424,50.273058
2022-976925,2022-09-01,Vente,80000,101,RES LE CLOS ST LOUIS RUE DE LA,59392000AG0341,Appartement,80,3.953556,50.277845
2022-976955,2022-09-02,Vente,50000,189,AV JEAN JAURES,59392000AE0100,Maison,49,3.949413,50.281452
2022-976955,2022-09-02,Vente,50000,187,AV JEAN JAURES,59392000AE0101,Maison,48,3.949488,50.281431
2022-976981,2022-09-01,Vente,234000,212,RTE DE MONS,593920000B0167,Maison,112,3.977106,50.294986
2022-976981,2022-09-01,Vente,234000,212,RTE DE MONS,593920000B0167,Maison,112,3.977106,50.294986
2022-976983,2022-08-29,Vente,80000,60,RUE JEANNE JUGAN,593920000V0009,Maison,53,3.938052,50.267691
2022-977013,2022-09-01,Vente,100000,95,RTE D AVESNES,593920000I0044,Maison,94,3.965283,50.266446
2022-977054,2022-08-26,Vente,115000,17,RUE DE LA LIBERTE,593920000S0229,Maison,73,3.961263,50.276975
2022-977207,2022-09-07,Vente,62000,3,RUE SOUS LE BOIS,59392000AD0195,Maison,105,3.937468,50.278083
2022-977207,2022-09-07,Vente,62000,3,RUE SOUS LE BOIS,59392000AD0196,Maison,69,3.937351,50.27804
2022-977208,2022-09-16,Vente,75210,335,AV JEAN JAURES,59392000AD0834,Maison,91,3.935785,50.280731
2022-977211,2022-09-16,Vente,132100,10,RUE DE TIVOLI,593920000Q0145,Maison,102,3.973081,50.286382
2022-977211,2022-09-16,Vente,132100,10,RUE DE TIVOLI,593920000Q0145,Maison,102,3.973081,50.286382
2022-977217,2022-09-13,Vente,179800,8,RUE DU SERGENT VERDIER,59392000AY0043,Maison,80,3.983162,50.28654
2022-977293,2022-09-12,Vente,105000,4,ALL JULES MICHELET,59392000AK0453,Maison,83,3.956594,50.286541
2022-977301,2022-09-09,Vente,85000,81,RES ILE DE FRANCE RUE G DUBUT,593920000L0095,Appartement,69,3.973516,50.273597
2022-977302,2022-09-07,Vente,110000,53,LDT MAIL DE LA SAMBRE,593920000O0063,Appartement,98,3.971758,50.277076
2022-977309,2022-09-12,Vente,65000,22,RUE DES HAUTS FOURNEAUX,593920000V0358,Maison,105,3.942344,50.267602
2022-977353,2022-09-02,Vente,145000,6,RUE D HAUTMONT,593920000S0163,Maison,134,3.962439,50.277625
2022-977411,2022-09-16,Vente,93000,23,AV LAVOISIER,593920000Z0221,Maison,80,3.928488,50.271173
2022-977411,2022-09-16,Vente,93000,23,AV LAVOISIER,593920000Z0221,Maison,80,3.928488,50.271173
2022-977415,2022-09-21,Vente,252600,64,RUE DE GRATTIERES,59392000AT0563,Maison,113,3.926796,50.265795
2022-977415,2022-09-21,Vente,252600,64,RUE DE GRATTIERES,59392000AT0563,Maison,113,3.926796,50.265795
2022-977418,2022-09-14,Vente,50000,7,IMM LUXEMBOURG BD DE L EUR,593920000P0133,Appartement,77,3.969212,50.28132
2022-977421,2022-09-14,Vente,90000,15,RUE DU CAPITAINE,59392000AG0193,Maison,104,3.954958,50.279099
2022-977531,2022-09-16,Vente,90000,87,RUE DE LA LIBERTE,593920000T0395,Maison,79,3.955548,50.277076
2022-977533,2022-09-23,Vente,100000,8,RUE DE LA POSTE,593920000U1241,Maison,87,3.944348,50.271157
2022-977635,2022-09-16,Vente,147850,106,AV JEAN JAURES,593920000R0063,Maison,115,3.958043,50.282233
2022-977642,2022-09-26,Vente,124600,87,RUE DU TILLEUL,593920000U0433,Maison,105,3.951088,50.270874
2022-977713,2022-09-20,Vente,49000,1,IMM LE NICE RUE DE PROVENC,593920000L0077,Appartement,68,3.974308,50.274236
2022-977714,2022-09-19,Vente,41350,3,RUE DU SGT ACQUART,59392000AY0078,Maison,44,3.981804,50.287402
2022-977761,2022-09-30,Vente,260000,123,RUE DES SARS,59392000AW0035,Maison,91,3.967187,50.295053
2022-977774,2022-09-19,Vente,25000,2,AV FRANKLIN ROOSEVELT,593920000N0063,Appartement,40,3.971193,50.278916
2022-977823,2022-09-26,Vente,55000,144,RUE D HAUTMONT,593920000U0385,Maison,119,3.952523,50.270898
2022-977875,2022-09-12,Vente,48000,1,RES BEAUSEJOUR AVE JEAN JAURES,593920000S0591,Appartement,78,3.963479,50.281554
2022-977878,2022-09-23,Vente,55000,1,IMM LE TOULON RUE GEORGES,593920000L0077,Appartement,68,3.974308,50.274236
2022-977921,2022-09-28,Vente,437426.1,2,RUE LAZARE CARNOT,593920000O0042,Appartement,85,3.97218,50.277587
2022-977921,2022-09-28,Vente,437426.1,2,RUE LAZARE CARNOT,593920000O0042,Appartement,299,3.97218,50.277587
2022-977921,2022-09-28,Vente,437426.1,2,RUE LAZARE CARNOT,593920000O0042,Appartement,252,3.97218,50.277587
2022-977935,2022-09-27,Vente,74000,114,RTE DE MONS,593920000C0555,Maison,79,3.975215,50.289939
2022-977942,2022-09-30,Vente,80000,27,RUE DES RAMONEURS,593920000S0434,Maison,104,3.962422,50.281788
2022-977965,2022-09-26,Vente,50000,7,RUE DU SKATING,593920000U0219,Maison,70,3.947133,50.272181
2022-977981,2022-09-30,Vente,188000,14,RUE RENE FONCK,59392000AZ0648,Maison,104,3.986114,50.287146
2022-978046,2022-09-30,Vente,120000,8,LDT LE MANOIR,59392000AW0058,Maison,84,3.969551,50.292414
2022-978221,2022-09-16,Vente,144450,13,SQ SQU BERTHELOT,593920000Z0373,Maison,80,3.929713,50.271783
2022-978240,2022-09-27,Vente,78000,22,RUE DU FAUBOURG ST QUENTIN,593920000S0018,Maison,93,3.964012,50.280413
2022-978276,2022-09-27,Vente,147500,8,RUE CHARLES PERRAULT,59392000AX0066,Maison,84,3.970415,50.291088
2022-978297,2022-10-06,Vente,41000,1,RES BEAUSEJOUR AVE JEAN JAURES,593920000S0591,Appartement,52,3.963479,50.281554
2022-978354,2022-09-20,Vente,60000,19,RUE DE LA QUINCAILLERIE,59392000AG0267,Maison,53,3.955876,50.279991
2022-978391,2022-10-07,Vente,248000,64,RUE DU FAUBOURG SAINT LAZARE,593920000I0373,Maison,147,3.971976,50.26646
2022-978391,2022-10-07,Vente,248000,64,RUE DU FAUBOURG SAINT LAZARE,593920000I0373,Maison,147,3.971976,50.26646
2022-978421,2022-09-27,Vente,800000,42,RUE DE TIVOLI,593920000Q0636,Maison,150,3.970767,50.285986
2022-978421,2022-09-27,Vente,800000,42,RUE DE TIVOLI,593920000Q0636,Maison,150,3.970767,50.285986
2022-978469,2022-10-11,Vente,40500,116,RES ILE DE FRANCE RUE G DUBUT,593920000L0095,Appartement,77,3.973516,50.273597
2022-978474,2022-10-01,Vente,80000,32,RUE DE LA CERAMIQUE,593920000U0290,Maison,64,3.948938,50.270235
2022-978485,2022-10-13,Vente,143500,43,BD JEAN DE LA FONTAINE,59392000AV0189,Maison,90,3.958669,50.290471
2022-978495,2022-10-13,Vente,140400,12,RUE EMILE ZOLA,59392000AW0110,Maison,92,3.968028,50.293568
2022-978537,2022-10-07,Vente,109000,1,RUE DE LA CROIX DE LORRAINE,59392000AV0321,Maison,88,3.96037,50.287901
2022-978669,2022-10-20,Vente,80000,408,RUE D HAUTMONT,593920000X0012,Maison,110,3.937844,50.26617
2022-978730,2022-10-17,Vente,80000,71,RES REINE ASTRID ALLEE VERTE,59392000AY0624,Maison,69,3.977495,50.287147
2022-978735,2022-10-14,Vente,50000,30,AV LAVOISIER,593920000Z0217,Maison,80,3.928248,50.271583
2022-978738,2022-10-14,Vente,67000,1,IMM LES NERVIENS LA CORNIC,593920000O0108,Appartement,72,3.972584,50.276135
2022-978800,2022-10-18,Vente,125000,10,AV DU COLONEL SCHOULLER,593920000O0039,Appartement,106,3.969624,50.27581
2022-978801,2022-10-20,Vente,62500,9004,RES VAUBAN BAT B,59392000BB0012,Appartement,80,3.977135,50.282234
2022-978804,2022-10-18,Vente,253000,162,AV JEAN JAURES,59392000AH0265,Appartement,32,3.95289,50.282086
2022-978804,2022-10-18,Vente,253000,162,AV JEAN JAURES,59392000AH0265,Appartement,22,3.95289,50.282086
2022-978804,2022-10-18,Vente,253000,162,AV JEAN JAURES,59392000AH0265,Appartement,15,3.95289,50.282086
2022-978804,2022-10-18,Vente,253000,162,AV JEAN JAURES,59392000AH0265,Appartement,17,3.95289,50.282086
2022-978804,2022-10-18,Vente,253000,162,AV JEAN JAURES,59392000AH0265,Appartement,95,3.95289,50.282086
2022-978810,2022-10-20,Vente,158000,29,RUE DE ROUSIES,593920000H0267,Maison,92,3.974361,50.268893
2022-978877,2022-10-13,Vente,400000,4,RUE DE L EGLISE,593920000U0092,Appartement,14,3.948409,50.269012
2022-978877,2022-10-13,Vente,400000,4,RUE DE L EGLISE,593920000U0092,Appartement,14,3.948409,50.269012
2022-978877,2022-10-13,Vente,400000,4,RUE DE L EGLISE,593920000U0092,Appartement,14,3.948409,50.269012
2022-978877,2022-10-13,Vente,400000,4,RUE DE L EGLISE,593920000U0092,Appartement,16,3.948409,50.269012
2022-978877,2022-10-13,Vente,400000,4,RUE DE L EGLISE,593920000U0092,Appartement,14,3.948409,50.269012
2022-978877,2022-10-13,Vente,400000,4,RUE DE L EGLISE,593920000U0092,Appartement,14,3.948409,50.269012
2022-978877,2022-10-13,Vente,400000,4,RUE DE L EGLISE,593920000U0092,Appartement,14,3.948409,50.269012
2022-978877,2022-10-13,Vente,400000,4,RUE DE L EGLISE,593920000U0092,Appartement,14,3.948409,50.269012
2022-978877,2022-10-13,Vente,400000,4,RUE DE L EGLISE,593920000U0092,Appartement,14,3.948409,50.269012
2022-978877,2022-10-13,Vente,400000,4,RUE DE L EGLISE,593920000U0092,Appartement,14,3.948409,50.269012
2022-978877,2022-10-13,Vente,400000,2,RUE DE DOUZIES,593920000U1100,Appartement,24,3.94812,50.268734
2022-978877,2022-10-13,Vente,400000,2,RUE DE DOUZIES,593920000U1100,Appartement,20,3.94812,50.268734
2022-978877,2022-10-13,Vente,400000,2,RUE DE DOUZIES,593920000U1100,Appartement,22,3.94812,50.268734
2022-978877,2022-10-13,Vente,400000,2,RUE DE DOUZIES,593920000U1100,Appartement,18,3.94812,50.268734
2022-978877,2022-10-13,Vente,400000,2,RUE DE DOUZIES,593920000U1100,Appartement,24,3.94812,50.268734
2022-978877,2022-10-13,Vente,400000,2,RUE DE DOUZIES,593920000U1100,Appartement,25,3.94812,50.268734
2022-978877,2022-10-13,Vente,400000,2,RUE DE DOUZIES,593920000U1100,Appartement,30,3.94812,50.268734
2022-978877,2022-10-13,Vente,400000,2,RUE DE DOUZIES,593920000U1100,Appartement,20,3.94812,50.268734
2022-978877,2022-10-13,Vente,400000,2,RUE DE DOUZIES,593920000U1100,Appartement,18,3.94812,50.268734
2022-978906,2022-09-20,Vente,171800,15,RUE DU BICENTENAIRE 1789 1989,593920000R0042,Maison,92,3.960716,50.28537
2022-978926,2022-09-29,Vente,109500,8,SQ SQR DINANT R J WALRAND,593920000N0021,Appartement,95,3.973682,50.278998
2022-978934,2022-09-27,Vente,87900,82,RUE MINIERES,593920000U0533,Maison,104,3.949856,50.272328
2022-979085,2022-11-03,Vente,105000,40,RUE DU CAPITAINE,59392000AG0025,Maison,71,3.954202,50.278858
2022-979144,2022-10-21,Vente,50000,91,RUE DU CORBEAU,59392000AD0387,Maison,72,3.938945,50.277937
2022-979144,2022-10-21,Vente,50000,91,RUE DU CORBEAU,59392000AD0387,Maison,72,3.938945,50.277937
2022-979144,2022-10-21,Vente,50000,91,RUE DU CORBEAU,59392000AD0387,Maison,72,3.938945,50.277937
2022-979165,2022-11-02,Vente,64400,43,IMM LE SUISSE BD DE L EURO,593920000K0033,Appartement,50,3.968895,50.275125
2022-979170,2022-10-24,Vente,93500,2,RUE NICOLAS FOCQ,59392000BB0037,Maison,66,3.979814,50.284323
2022-979172,2022-10-24,Vente,79300,30,RUE DE LA POSTE,593920000U0017,Maison,111,3.945239,50.271342
2022-979173,2022-10-25,Vente,60000,9006,RES VAUBAN BAT C,59392000BB0012,Appartement,80,3.977135,50.282234
2022-979179,2022-10-24,Vente,30000,12,RUE GASTON SAMAIN,593920000T0033,Maison,71,3.953453,50.275016
2022-979184,2022-10-26,Vente,98000,9,RUE DE LA CROIX DE LORRAINE,59392000AV0317,Maison,104,3.960703,50.288115
2022-979204,2022-10-24,Vente,53500,9001,RES DU MOULIN BD DE L EUROPE,593920000S0490,Appartement,60,3.964484,50.279524
2022-979211,2022-11-02,Vente,65000,4,RUE BEAUSEJOUR,593920000R0119,Maison,70,3.964309,50.28274
2022-979269,2022-10-27,Vente,115000,10,RUE FRANCOIS VILLON,59392000AV0212,Maison,75,3.960274,50.290011
2022-979273,2022-10-27,Vente,51000,1,RLE LEMY,593920000T0500,Maison,92,3.95554,50.273981
2022-979273,2022-10-27,Vente,51000,1,RLE LEMY,593920000T0500,Maison,92,3.95554,50.273981
2022-979278,2022-10-27,Vente,138000,92,RUE DU PONT DE PIERRES,59392000AH0276,Maison,110,3.958145,50.284549
2022-979340,2022-10-26,Vente,125200,12,RUE SYDNEY THOMAS,59392000AH0192,Maison,68,3.957256,50.283433
2022-979343,2022-10-21,Vente,65000,61,RES LES IRIS AVE JEAN JAURES,593920000S0030,Appartement,72,3.963289,50.282042
2022-979438,2022-11-03,Vente,107000,280,RUE DU PONT DE PIERRES,59392000AK0714,Maison,75,3.940975,50.28602
2022-979439,2022-11-08,Vente,145050,175,RTE D ASSEVENT,59392000AZ0180,Maison,116,3.988823,50.284439
2022-979448,2022-09-19,Vente,75408,16,RUE RENE FONCK,59392000AZ0649,Maison,96,3.986339,50.287237
2022-979461,2022-11-09,Vente,238500,9001,RTE VALENCIENNES I D T,593920000Q0553,Maison,118,3.970339,50.283222
2022-979461,2022-11-09,Vente,238500,9001,RTE VALENCIENNES I D T,593920000Q0553,Maison,118,3.970339,50.283222
2022-979462,2022-11-02,Vente,80000,14,RUE DES CHENES,59392000AI0166,Maison,65,3.946186,50.284262
2022-979464,2022-11-02,Vente,88235,2,SQ DE LIEGE R J WALRAND,593920000N0016,Appartement,71,3.973491,50.279346
2022-979490,2022-11-03,Vente,45000,252,RUE DE LA LIBERTE,59392000AE0174,Maison,92,3.944372,50.280719
2022-979504,2022-10-26,Vente,75000,1,IMM LE NICE RUE DE PROVENC,593920000L0077,Appartement,68,3.974308,50.274236
2022-979515,2022-11-08,Vente,39500,7,IMM LUXEMBOURG BD DE L EUR,593920000P0133,Appartement,67,3.969212,50.28132
2022-979673,2022-11-15,Vente,106500,241,RUE DU PONT DE PIERRES,59392000AI0088,Maison,62,3.945604,50.284772
2022-979690,2022-11-10,Vente,170000,12,RUE DE LA MACHINE OUTIL,593920000H0144,Maison,131,3.973502,50.26833
2022-979690,2022-11-10,Vente,170000,12,RUE DE LA MACHINE OUTIL,593920000H0144,Maison,131,3.973502,50.26833
2022-979690,2022-11-10,Vente,170000,12,RUE DE LA MACHINE OUTIL,593920000H0144,Maison,131,3.973502,50.26833
2022-979692,2022-11-10,Vente,40000,26,RUE PECART,593920000U0791,Maison,58,3.952688,50.272419
2022-979738,2022-11-15,Vente,64140,1,IMM LE TOULON RUE GEORGES,593920000L0077,Appartement,68,3.974308,50.274236
2022-979745,2022-11-15,Vente,160000,22,AV DE FERRIERE,593920000H0102,Maison,304,3.975607,50.270359
2022-979769,2022-11-16,Vente,32000,38,RUE DE GRATTIERES,593920000Y0245,Maison,95,3.928864,50.266246
2022-979794,2022-11-18,Vente,214964,104,RUE DE MAIRIEUX,59392000AK0360,Maison,134,3.944764,50.289685
2022-979794,2022-11-18,Vente,214964,104,RUE DE MAIRIEUX,59392000AK0360,Maison,134,3.944764,50.289685
2022-979799,2022-11-18,Vente,95000,14,RUE BRIQUE MONTPLAISIR,593920000Z0092,Maison,88,3.932579,50.27353
2022-979838,2022-11-02,Vente,82000,167,RTE D ASSEVENT,59392000AZ0183,Maison,86,3.98818,50.2844
2022-979845,2022-11-17,Vente,135000,11,RUE DU PROGRES,59392000AG0126,Appartement,49,3.961053,50.28105
2022-979845,2022-11-17,Vente,135000,11,RUE DU PROGRES,59392000AG0126,Appartement,31,3.961053,50.28105
2022-979845,2022-11-17,Vente,135000,11,RUE DU PROGRES,59392000AG0126,Appartement,18,3.961053,50.28105
2022-979845,2022-11-17,Vente,135000,11,RUE DU PROGRES,59392000AG0126,Appartement,49,3.961053,50.28105
2022-979856,2022-11-04,Vente,131000,19,RUE SAINT-EXUPERY,59392000AZ0525,Maison,81,3.985993,50.28484
2022-979869,2022-11-18,Vente,160000,28,RUE LEON BATHIAT,59392000AZ0840,Maison,92,3.985996,50.286804
2022-980015,2022-11-25,Vente,79600,9004,RES VAUBAN BAT B,59392000BB0012,Appartement,105,3.977135,50.282234
2022-980041,2022-11-24,Vente,30000,1,IMM LE NICE RUE DE PROVENC,593920000L0077,Appartement,68,3.974308,50.274236
2022-980046,2022-11-24,Vente,86500,23,RUE DES SAULES,59392000AI0211,Maison,99,3.944211,50.282078
2022-980135,2022-11-28,Vente,72000,6,CHE LATERAL,59392000AJ0081,Maison,67,3.932064,50.281505
2022-980187,2022-12-05,Vente,158000,19,RUE EDMOND ROSTAND,593920000Q0546,Maison,106,3.973513,50.288366
2022-980295,2022-12-01,Vente,30000,7,IMM LUXEMBOURG BD DE L EUR,593920000P0133,Appartement,51,3.969212,50.28132
2022-980500,2022-12-05,Vente,75000,280,AV JEAN JAURES,59392000AI0037,Maison,73,3.941635,50.281551
2022-980504,2022-12-02,Vente,40000,55,RUE PECART,593920000U0556,Maison,77,3.951432,50.273077
2022-980507,2022-12-05,Vente,125000,16,RUE DE LA BIENFAISANCE,593920000I0032,Maison,86,3.965494,50.265333
2022-980507,2022-12-05,Vente,125000,16,RUE DE LA BIENFAISANCE,593920000I0032,Maison,86,3.965494,50.265333
2022-980522,2022-12-06,Vente,77000,22,RES LE CLOS DE L'AVESNOIS,593920000I0480,Appartement,55,3.971547,50.267816
2022-980576,2022-12-09,Vente,75000,237,RUE DU PONT DE PIERRES,59392000AI0090,Maison,62,3.946015,50.28477
2022-980577,2022-12-09,Vente,62500,18,CITE DE LA CERAMIQUE RUE GREVAU,593920000Z0500,Maison,71,3.928327,50.272883
2022-980577,2022-12-09,Vente,62500,20,CITE DE LA CERAMIQUE RUE GREVAU,593920000Z0501,Maison,71,3.928257,50.272948
2022-980646,2022-12-14,Vente,218000,288,AV JEAN JAURES,59392000AI0046,Maison,141,3.940215,50.281434
2022-980740,2022-12-12,Vente,145000,6,RUE DES RAMONEURS,593920000S0039,Maison,116,3.962451,50.281012
2022-980762,2022-12-14,Vente,87200,11,PL SAINT-GHISLAIN,593920000R0220,Maison,82,3.965008,50.284603
2022-980778,2022-12-13,Vente,89000,2,IMM SAINT ELOI,593920000O0086,Appartement,79,3.972197,50.276137
2022-980782,2022-12-06,Vente,93000,84,RUE EMILE ZOLA,59392000AW0170,Maison,109,3.966557,50.293052
2022-980802,2022-12-13,Vente,107500,9002,RES VAUBAN BAT A,59392000BB0012,Appartement,90,3.977135,50.282234
2022-980895,2022-12-20,Vente,188400,198,RUE DE LA LIBERTE,59392000AE0284,Maison,89,3.948784,50.279732
2022-980895,2022-12-20,Vente,188400,198,RUE DE LA LIBERTE,59392000AE0284,Maison,89,3.948784,50.279732
2022-980979,2022-12-16,Vente,62000,49,IMM ITALIE BD DE L EUROPE,593920000K0033,Appartement,64,3.968895,50.275125
2022-980984,2022-12-16,Vente,112500,25,RUE D ALSACE LORRAINE,59392000AY0266,Maison,104,3.976955,50.286293
2022-980985,2022-12-16,Vente,87500,17,LDT MAIL DE LA SAMBRE,593920000O0063,Appartement,95,3.971758,50.277076
2022-980989,2022-12-16,Vente,35000,24,RTE D ASSEVENT,59392000BB0129,Maison,94,3.981776,50.283653
2022-981002,2022-12-16,Vente,57000,47,IMM ITALIE BD DE L EUROPE,593920000K0033,Appartement,40,3.968895,50.275125
2022-981096,2022-12-19,Vente,84000,81,RTE D AVESNES,593920000I0062,Maison,125,3.96638,50.267347
2022-981237,2022-12-21,Vente,420000,20,RUE DU PROGRES,593920000S0082,Appartement,19,3.961507,50.281107
2022-981237,2022-12-21,Vente,420000,20,RUE DU PROGRES,593920000S0082,Appartement,19,3.961507,50.281107
2022-981237,2022-12-21,Vente,420000,20,RUE DU PROGRES,593920000S0082,Appartement,21,3.961507,50.281107
2022-981237,2022-12-21,Vente,420000,20,RUE DU PROGRES,593920000S0082,Appartement,13,3.961507,50.281107
2022-981237,2022-12-21,Vente,420000,20,RUE DU PROGRES,593920000S0082,Appartement,30,3.961507,50.281107
2022-981237,2022-12-21,Vente,420000,14,RUE DU PROGRES,593920000S0084,Maison,49,3.961468,50.281004
2022-981243,2022-12-21,Vente,685000,57,RUE DU FAUBOURG ST QUENTIN,59392000AG0665,Appartement,52,3.961079,50.280131
2022-981243,2022-12-21,Vente,685000,57,RUE DU FAUBOURG ST QUENTIN,59392000AG0665,Appartement,62,3.961079,50.280131
2022-981243,2022-12-21,Vente,685000,57,RUE DU FAUBOURG ST QUENTIN,59392000AG0665,Appartement,52,3.961079,50.280131
2022-981243,2022-12-21,Vente,685000,57,RUE DU FAUBOURG ST QUENTIN,59392000AG0665,Appartement,62,3.961079,50.280131
2022-981243,2022-12-21,Vente,685000,57,RUE DU FAUBOURG ST QUENTIN,59392000AG0665,Appartement,47,3.961079,50.280131
2022-981243,2022-12-21,Vente,685000,57,RUE DU FAUBOURG ST QUENTIN,59392000AG0665,Appartement,66,3.961079,50.280131
2022-981243,2022-12-21,Vente,685000,51,RUE DU FAUBOURG ST QUENTIN,59392000AG0667,Appartement,50,3.961261,50.280196
2022-981243,2022-12-21,Vente,685000,51,RUE DU FAUBOURG ST QUENTIN,59392000AG0667,Appartement,50,3.961261,50.280196
2022-981243,2022-12-21,Vente,685000,51,RUE DU FAUBOURG ST QUENTIN,59392000AG0667,Appartement,50,3.961261,50.280196
2022-981243,2022-12-21,Vente,685000,51,RUE DU FAUBOURG ST QUENTIN,59392000AG0667,Appartement,50,3.961261,50.280196
2022-981243,2022-12-21,Vente,685000,51,RUE DU FAUBOURG ST QUENTIN,59392000AG0667,Appartement,40,3.961261,50.280196
2022-981243,2022-12-21,Vente,685000,51,RUE DU FAUBOURG ST QUENTIN,59392000AG0667,Appartement,43,3.961261,50.280196
2022-981243,2022-12-21,Vente,685000,51,RUE DU FAUBOURG ST QUENTIN,59392000AG0667,Appartement,52,3.961261,50.280196
2022-981244,2022-12-21,Vente,125000,26,RUE SAINT-EXUPERY,59392000AZ0488,Maison,69,3.986622,50.285507
2022-981245,2022-12-21,Vente,80000,9001,RES DU MOULIN BD DE L EUROPE,593920000S0490,Appartement,73,3.964484,50.279524
2022-981299,2022-12-22,Vente,159751,206,RUE DE LA LIBERTE,59392000AE0297,Maison,101,3.947718,50.279761
2022-981351,2022-12-06,Vente,30000,43,RUE DES CROSSEURS,59392000AY0502,Maison,59,3.978473,50.289153
2022-981474,2022-12-09,Vente,130000,1,IMM MONACO RUE N REGNIER,593920000P0042,Appartement,131,3.968316,50.280679
2022-981477,2022-12-06,Vente,55000,49,IMM ITALIE BD DE L EUROPE,593920000K0033,Appartement,50,3.968895,50.275125
2022-981483,2022-11-24,Vente,65400,9,RTE DE MONS,593920000Q0652,Appartement,54,3.973343,50.283842
2022-981552,2022-12-22,Vente,160000,14,AV DE FRANCE,593920000O0076,Appartement,59,3.972914,50.275784
2022-981552,2022-12-22,Vente,160000,14,AV DE FRANCE,593920000O0076,Appartement,58,3.972914,50.275784
2022-981552,2022-12-22,Vente,160000,14,AV DE FRANCE,593920000O0076,Appartement,59,3.972914,50.275784
2022-981629,2022-12-27,Vente,150000,130,RUE DES SARS,593920000C0167,Maison,82,3.969183,50.294358
2022-981629,2022-12-27,Vente,150000,130,RUE DES SARS,593920000C0167,Maison,82,3.969183,50.294358
2022-981656,2022-12-30,Vente,60000,9,RUE DE LA BIENFAISANCE,593920000I0038,Maison,80,3.96528,50.266006
2022-981663,2022-12-29,Vente,1950689,54,Z.I.PETITE SAVATE RUE MAIR,59392000AI0517,Maison,37,3.940004,50.284718
2022-981935,2022-11-18,Adjudication,41250,69,RUE DU CORBEAU,59392000AD0075,Maison,92,3.939613,50.27872
2022-981935,2022-11-18,Adjudication,41250,69,RUE DU CORBEAU,59392000AD0075,Maison,92,3.939613,50.27872
2022-981938,2022-12-16,Adjudication,60600,10,RUE D HAUTMONT,593920000S0239,Maison,112,3.96193,50.276892
