id_mutation,date_mutation,nature_mutation,valeur_fonciere,adresse_numero,adresse_nom_voie,id_parcelle,type_local,surface_reelle_bati,longitude,latitude
2025-750609,2025-01-08,Vente,140000,53,RUE CHARLES QUINT,596060000K0066,Maison,100,3.533456,50.355453
2025-750625,2025-01-08,Vente,157000,16,ENC LES LYS,59606000AB0250,Maison,65,3.491601,50.352191
2025-750649,2025-01-20,Vente,69000,18,RUE DES BRECHES,59606000AR0739,Appartement,26,3.530135,50.361352
2025-750658,2025-01-09,Vente,216500,182,AV DAMPIERRE,59606000AL0011,Maison,80,3.508098,50.361871
2025-750713,2025-01-18,Vente,327000,51,BD PATER,596060000I0002,Maison,172,3.532349,50.359155
2025-750729,2025-01-16,Vente,140000,239,AV DE REIMS,596060000T1509,Maison,80,3.526097,50.34258
2025-750740,2025-01-13,Vente,127840,28,RUE FLORIAN PARMENTIER,596060000S0359,Maison,75,3.532117,50.345395
2025-750748,2025-01-24,Vente,106300,6,RUE CHARLES QUINT,596060000J0019,Maison,81,3.53282,50.353701
2025-750749,2025-01-24,Vente,134000,81,RUE DE LA DIGUE RESID RUBENS,596060000P0304,Appartement,72,3.517633,50.353679
2025-750753,2025-01-09,Vente,245000,1,RUE LOUIS SERBAT,596060000I0693,Appartement,65,3.531998,50.361033
2025-750776,2025-01-23,Vente,173650,14,RUE DES FLORALIES,596060000I0463,Appartement,103,3.533509,50.360055
2025-750814,2025-01-13,Vente,125000,143,AV DE REIMS,596060000S0171,Maison,114,3.525907,50.34616
2025-750814,2025-01-13,Vente,125000,143,AV DE REIMS,596060000S0171,Maison,114,3.525907,50.34616
2025-750815,2025-01-10,Vente,1700000,102,AV DU FBG DE CAMBRAI,596060000V0068,Appartement,13,3.50912,50.342286
2025-750815,2025-01-10,Vente,1700000,102,AV DU FBG DE CAMBRAI,596060000V0068,Appartement,15,3.50912,50.342286
2025-750815,2025-01-10,Vente,1700000,102,AV DU FBG DE CAMBRAI,596060000V0068,Appartement,14,3.50912,50.342286
2025-750815,2025-01-10,Vente,1700000,102,AV DU FBG DE CAMBRAI,596060000V0068,Appartement,13,3.50912,50.342286
2025-750815,2025-01-10,Vente,1700000,102,AV DU FBG DE CAMBRAI,596060000V0068,Appartement,12,3.50912,50.342286
2025-750815,2025-01-10,Vente,1700000,102,AV DU FBG DE CAMBRAI,596060000V0068,Appartement,17,3.50912,50.342286
2025-750815,2025-01-10,Vente,1700000,100,AV DU FBG DE CAMBRAI,596060000V0069,Maison,99,3.509195,50.342325
2025-750815,2025-01-10,Vente,1700000,98,AV DU FBG DE CAMBRAI,596060000V0070,Maison,84,3.509324,50.342326
2025-750815,2025-01-10,Vente,1700000,96,AV DU FBG DE CAMBRAI,596060000V0071,Maison,129,3.509211,50.342635
2025-750815,2025-01-10,Vente,1700000,96,AV DU FBG DE CAMBRAI,596060000V0071,Maison,129,3.509211,50.342635
2025-750815,2025-01-10,Vente,1700000,104,AV DU FBG DE CAMBRAI,596060000V0185,Appartement,16,3.508687,50.342211
2025-750815,2025-01-10,Vente,1700000,104,AV DU FBG DE CAMBRAI,596060000V0185,Maison,96,3.508687,50.342211
2025-750815,2025-01-10,Vente,1700000,104,AV DU FBG DE CAMBRAI,596060000V0185,Appartement,16,3.508687,50.342211
2025-750815,2025-01-10,Vente,1700000,104,AV DU FBG DE CAMBRAI,596060000V0185,Appartement,25,3.508687,50.342211
2025-750815,2025-01-10,Vente,1700000,104,AV DU FBG DE CAMBRAI,596060000V0185,Appartement,16,3.508687,50.342211
2025-750815,2025-01-10,Vente,1700000,104,AV DU FBG DE CAMBRAI,596060000V0185,Appartement,16,3.508687,50.342211
2025-750815,2025-01-10,Vente,1700000,104,AV DU FBG DE CAMBRAI,596060000V0185,Appartement,16,3.508687,50.342211
2025-750815,2025-01-10,Vente,1700000,104,AV DU FBG DE CAMBRAI,596060000V0185,Appartement,16,3.508687,50.342211
2025-750815,2025-01-10,Vente,1700000,104,AV DU FBG DE CAMBRAI,596060000V0185,Appartement,16,3.508687,50.342211
2025-750815,2025-01-10,Vente,1700000,104,AV DU FBG DE CAMBRAI,596060000V0185,Appartement,16,3.508687,50.342211
2025-750815,2025-01-10,Vente,1700000,104,AV DU FBG DE CAMBRAI,596060000V0185,Appartement,16,3.508687,50.342211
2025-750815,2025-01-10,Vente,1700000,104,AV DU FBG DE CAMBRAI,596060000V0185,Appartement,16,3.508687,50.342211
2025-750815,2025-01-10,Vente,1700000,104,AV DU FBG DE CAMBRAI,596060000V0185,Appartement,16,3.508687,50.342211
2025-750815,2025-01-10,Vente,1700000,104,AV DU FBG DE CAMBRAI,596060000V0185,Appartement,16,3.508687,50.342211
2025-750815,2025-01-10,Vente,1700000,104,AV DU FBG DE CAMBRAI,596060000V0185,Appartement,16,3.508687,50.342211
2025-750815,2025-01-10,Vente,1700000,104,AV DU FBG DE CAMBRAI,596060000V0185,Appartement,16,3.508687,50.342211
2025-750815,2025-01-10,Vente,1700000,104,AV DU FBG DE CAMBRAI,596060000V0185,Appartement,16,3.508687,50.342211
2025-750815,2025-01-10,Vente,1700000,104,AV DU FBG DE CAMBRAI,596060000V0185,Appartement,16,3.508687,50.342211
2025-750815,2025-01-10,Vente,1700000,104,AV DU FBG DE CAMBRAI,596060000V0185,Appartement,16,3.508687,50.342211
2025-750815,2025-01-10,Vente,1700000,104,AV DU FBG DE CAMBRAI,596060000V0185,Appartement,16,3.508687,50.342211
2025-750815,2025-01-10,Vente,1700000,104,AV DU FBG DE CAMBRAI,596060000V0185,Appartement,16,3.508687,50.342211
2025-750815,2025-01-10,Vente,1700000,104,AV DU FBG DE CAMBRAI,596060000V0185,Appartement,16,3.508687,50.342211
2025-750815,2025-01-10,Vente,1700000,104,AV DU FBG DE CAMBRAI,596060000V0185,Appartement,16,3.508687,50.342211
2025-750815,2025-01-10,Vente,1700000,104,AV DU FBG DE CAMBRAI,596060000V0185,Appartement,16,3.508687,50.342211
2025-750815,2025-01-10,Vente,1700000,104,AV DU FBG DE CAMBRAI,596060000V0185,Maison,96,3.508687,50.342211
2025-750815,2025-01-10,Vente,1700000,104,AV DU FBG DE CAMBRAI,596060000V0185,Appartement,25,3.508687,50.342211
2025-750815,2025-01-10,Vente,1700000,104,AV DU FBG DE CAMBRAI,596060000V0185,Appartement,16,3.508687,50.342211
2025-750815,2025-01-10,Vente,1700000,104,AV DU FBG DE CAMBRAI,596060000V0185,Appartement,16,3.508687,50.342211
2025-750815,2025-01-10,Vente,1700000,104,AV DU FBG DE CAMBRAI,596060000V0185,Appartement,16,3.508687,50.342211
2025-750815,2025-01-10,Vente,1700000,104,AV DU FBG DE CAMBRAI,596060000V0185,Appartement,16,3.508687,50.342211
2025-750815,2025-01-10,Vente,1700000,104,AV DU FBG DE CAMBRAI,596060000V0185,Appartement,16,3.508687,50.342211
2025-750815,2025-01-10,Vente,1700000,104,AV DU FBG DE CAMBRAI,596060000V0185,Appartement,16,3.508687,50.342211
2025-750815,2025-01-10,Vente,1700000,104,AV DU FBG DE CAMBRAI,596060000V0185,Appartement,16,3.508687,50.342211
2025-750815,2025-01-10,Vente,1700000,104,AV DU FBG DE CAMBRAI,596060000V0185,Appartement,16,3.508687,50.342211
2025-750819,2025-01-10,Vente,150000,74,RUE BAUDOUIN L EDIFIEUR,596060000M0697,Appartement,59,3.527601,50.351755
2025-750823,2025-01-09,Vente,110000,118,CHE DE PROUVY,59606000AB0170,Appartement,50,3.496314,50.350859
2025-750825,2025-01-08,Vente,79900,232,BD HARPIGNIES,59606000AZ0144,Appartement,42,3.526504,50.364673
2025-750836,2025-01-22,Vente,40000,19,RUE POTTIER JAN,59606000AO0100,Maison,59,3.518499,50.371316
2025-750839,2025-01-28,Vente,204000,18,RUE DE L ABBE VICTOR SENEZ,59606000AQ0539,Maison,91,3.518731,50.360634
2025-750839,2025-01-28,Vente,204000,16,RUE DE L ABBE VICTOR SENEZ,59606000AQ0540,Maison,42,3.518641,50.360552
2025-750839,2025-01-28,Vente,204000,16,RUE DE L ABBE VICTOR SENEZ,59606000AQ0540,Maison,63,3.518641,50.360552
2025-750839,2025-01-28,Vente,204000,16,RUE DE L ABBE VICTOR SENEZ,59606000AQ0540,Maison,109,3.518641,50.360552
2025-750845,2025-01-03,Vente,145000,11,LE VIGNOBLE RES LE COTEAU,59606000AY0337,Maison,76,3.501102,50.352291
2025-750888,2025-01-31,Vente,70000,45,RUE CHARLES TAUCHON,59606000AH0416,Maison,79,3.49567,50.359207
2025-750912,2025-01-09,Vente,150000,55,RUE DE PARIS,59606000AQ0132,Maison,115,3.521172,50.359037
2025-750919,2025-01-28,Vente en l'état futur d'achèvement,171600,209,AV DE DENAIN,59606000AB0466,Appartement,43,3.492043,50.35069
2025-750920,2025-01-29,Vente,160000,145,RUE MARC LEFRANCQ,59606000AZ0142,Appartement,71,3.526887,50.36552
2025-750949,2025-01-28,Vente,202648.48,12,RUE DU ROLEUR,596060000I0067,Maison,91,3.536882,50.363083
2025-750958,2025-01-20,Vente,254000,1,RUE COMTESSE,59606000AS0485,Maison,149,3.525475,50.353402
2025-750997,2025-01-16,Vente,95400,4,PL CHARLES DE GAULLE,59606000AV0351,Appartement,75,3.524897,50.35955
2025-751003,2025-01-23,Vente,91000,5,PL CHARLES DE GAULLE,59606000AU0247,Appartement,110,3.524376,50.359678
2025-751017,2025-01-15,Vente,211560,11,RUE SALLE LE COMTE,59606000AR0166,Appartement,105,3.528258,50.36249
2025-751027,2025-01-15,Vente,107800,9001,LE VIGNOBLE RES DIANE,59606000AB0479,Appartement,72,3.494095,50.350626
2025-751027,2025-01-15,Vente,107800,9001,LE VIGNOBLE RES FLORE,59606000AB0479,Appartement,73,3.494095,50.350626
2025-751042,2025-01-24,Vente,260000,23,ALL DES CEPAGES LE VIGNOBLE,59606000AY0522,Maison,121,3.497951,50.349356
2025-751054,2025-01-13,Vente,115000,127,RUE JEAN BART,59606000AI0327,Maison,90,3.503778,50.36377
2025-751062,2025-01-24,Vente,48070,320,BD HARPIGNIES,59606000AZ0056,Appartement,18,3.524966,50.364608
2025-751064,2025-01-17,Vente,403000,43,RUE DES RECOLLETS,59606000AQ0098,Appartement,40,3.519994,50.358174
2025-751064,2025-01-17,Vente,403000,43,RUE DES RECOLLETS,59606000AQ0098,Appartement,28,3.519994,50.358174
2025-751064,2025-01-17,Vente,403000,43,RUE DES RECOLLETS,59606000AQ0098,Appartement,61,3.519994,50.358174
2025-751064,2025-01-17,Vente,403000,43,RUE DES RECOLLETS,59606000AQ0098,Appartement,52,3.519994,50.358174
2025-751064,2025-01-17,Vente,403000,43,RUE DES RECOLLETS,59606000AQ0098,Appartement,35,3.519994,50.358174
2025-751064,2025-01-17,Vente,403000,43,RUE DES RECOLLETS,59606000AQ0098,Appartement,30,3.519994,50.358174
2025-751064,2025-01-17,Vente,403000,43,RUE DES RECOLLETS,59606000AQ0098,Appartement,28,3.519994,50.358174
2025-751064,2025-01-17,Vente,403000,43,RUE DES RECOLLETS,59606000AQ0098,Appartement,28,3.519994,50.358174
2025-751077,2025-01-31,Vente,370000,5,RUE DES RECOLLETS,59606000AU0238,Appartement,50,3.521762,50.358119
2025-751077,2025-01-31,Vente,370000,5,RUE DES RECOLLETS,59606000AU0238,Appartement,50,3.521762,50.358119
2025-751117,2025-01-23,Vente,98000,84,RUE DURIN,596060000M0632,Appartement,48,3.534138,50.349533
2025-751118,2025-01-24,Vente,183000,4,RUE BAUDOUIN RES MARIN L MESLE,596060000M0490,Appartement,91,3.528375,50.350242
2025-751127,2025-01-27,Vente,152300,141,AV DE LIEGE,596060000F0176,Appartement,83,3.538554,50.364834
2025-751134,2025-01-29,Vente,37000,93,AV DAMPIERRE,59606000AI0503,Appartement,27,3.508371,50.363683
2025-751147,2025-01-16,Vente,134700,26,AV DESANDROUINS COUR LOMPREZ,59606000AH0257,Maison,44,3.494149,50.36111
2025-751203,2025-02-04,Vente,78000,56,AV VILLARS,59606000AJ0433,Appartement,56,3.508138,50.358004
2025-751229,2025-01-20,Vente,86000,8,RUE FERNIG,59606000AL0133,Maison,63,3.510463,50.365303
2025-751240,2025-01-20,Vente,150000,118,AV DAMPIERRE,59606000AL0031,Maison,57,3.508634,50.362783
2025-751268,2025-02-04,Vente,137100,4,RUE HENRY DERYCKE LES TERTIALE,59606000AZ0139,Appartement,57,3.526148,50.365275
2025-751306,2025-02-14,Vente,115370,1,RUE DU PETIT FOSSART,59606000AS0161,Maison,47,3.528219,50.354738
2025-751314,2025-01-24,Vente,132100,184,AV DE LIEGE RES J. BREL,596060000H0117,Appartement,75,3.541944,50.365267
2025-751325,2025-02-13,Vente,180000,33,RUE DE ROMAINVILLE,596060000J0784,Appartement,91,3.536493,50.35455
2025-751330,2025-01-24,Vente,217500,7,RUE EDMOND GUILLAUME,59606000AT0924,Appartement,98,3.519625,50.355409
2025-751331,2025-01-27,Vente,123000,7,AV DES BOULEAUX,596060000T0162,Maison,69,3.523616,50.34472
2025-751333,2025-01-20,Vente,125000,7,AV DU MARECHAL LECLERC,59606000AQ0682,Maison,118,3.519146,50.36399
2025-751361,2025-02-06,Vente,124000,9001,BD WATTEAU RES LE CEDRE,596060000K0030,Appartement,62,3.53258,50.357728
2025-751366,2025-02-07,Vente,100000,55,RUE LOUISE D EPINAY,596060000R0321,Maison,40,3.520725,50.346333
2025-751431,2025-02-10,Vente,191000,1,RUE RAOUL FOLLEREAU,596060000D0486,Appartement,74,3.530967,50.367051
2025-751432,2025-01-23,Vente,87500,125,AV FAIDHERBE,596060000Y0908,Appartement,46,3.505192,50.355325
2025-751478,2025-02-14,Vente,102000,15,RUE ALFRED GIARD,59606000AJ0191,Maison,108,3.508182,50.355473
2025-751494,2025-01-31,Vente,225000,27,ALL DES COTEAUX,59606000AY0470,Maison,92,3.500452,50.349727
2025-751526,2025-02-19,Vente en l'état futur d'achèvement,167042,26,CHE DU HALAGE,59606000AP0243,Appartement,70,3.517353,50.36716
2025-751536,2025-02-17,Vente,222950,31,RUE DE LA LONGUE CHASSE,596060000A0043,Maison,195,3.53357,50.374869
2025-751563,2025-02-05,Vente,180000,15,CLOS DES TONNELIERS LE VIGNOBLE,59606000AY0558,Maison,100,3.501759,50.350064
2025-751596,2025-02-03,Vente,162200,12,RUE PAQUET,59606000AM0036,Appartement,33,3.511724,50.367545
2025-751596,2025-02-03,Vente,162200,12,RUE PAQUET,59606000AM0036,Appartement,50,3.511724,50.367545
2025-751596,2025-02-03,Vente,162200,12,RUE PAQUET,59606000AM0036,Appartement,30,3.511724,50.367545
2025-751598,2025-02-04,Vente,83500,189,AV DE DENAIN,59606000AB0070,Maison,76,3.492881,50.351004
2025-751599,2025-02-04,Vente,140000,7,AV TOURELLE CHEM PARTICULIER,596060000R0422,Maison,60,3.521439,50.348157
2025-751623,2025-02-24,Vente,310000,1,RUE LOUIS SERBAT,596060000I0693,Appartement,89,3.531998,50.361033
2025-751628,2025-02-06,Vente,150000,46,RUE PASTEUR,596060000E0318,Maison,73,3.533309,50.363922
2025-751651,2025-02-10,Vente,118000,4,AV DES HETRES,596060000T0257,Maison,69,3.524908,50.344292
2025-751659,2025-02-05,Vente,184000,192,CLOS CHENAS LE VIGNOBLE,59606000AB0409,Maison,102,3.492342,50.349097
2025-751664,2025-01-29,Vente,402903.06,2,RUE DES FLANDRES,596060000J0605,Maison,122,3.537028,50.357594
2025-751668,2025-02-05,Vente,190000,30,RUE DE LA DIGUE,596060000P0037,Maison,76,3.520064,50.353101
2025-751676,2025-01-31,Vente,175950,4,RES S LEBOUCQ AVE DENTELLI,59606000AT0849,Appartement,96,3.521159,50.357137
2025-751683,2025-01-30,Vente,137000,14,BD SALY,59606000AT0819,Appartement,58,3.521366,50.353997
2025-751712,2025-01-30,Vente,50000,25,RUE DU CLOS DES VILLAS,59606000AK0064,Maison,115,3.514413,50.354913
2025-751740,2025-02-20,Vente,73000,69,RUE DU MARQUIS RES FLANDRES,596060000H0118,Appartement,48,3.54262,50.364852
2025-751745,2025-02-03,Vente,297760,6,RUE DE LA POTERNE,59606000AR0992,Appartement,39,3.529027,50.362269
2025-751745,2025-02-03,Vente,297760,6,RUE DE LA POTERNE,59606000AR0992,Appartement,22,3.529027,50.362269
2025-751745,2025-02-03,Vente,297760,6,RUE DE LA POTERNE,59606000AR0992,Appartement,27,3.529027,50.362269
2025-751745,2025-02-03,Vente,297760,6,RUE DE LA POTERNE,59606000AR0992,Appartement,22,3.529027,50.362269
2025-751745,2025-02-03,Vente,297760,6,RUE DE LA POTERNE,59606000AR0992,Appartement,24,3.529027,50.362269
2025-751745,2025-02-03,Vente,297760,6,RUE DE LA POTERNE,59606000AR0992,Appartement,9,3.529027,50.362269
2025-751745,2025-02-03,Vente,297760,6,RUE DE LA POTERNE,59606000AR0993,Appartement,23,3.52907,50.362208
2025-751757,2025-02-07,Vente,123000,2,PL CARPEAUX,59606000AQ1074,Appartement,42,3.516913,50.360318
2025-751761,2025-02-05,Vente,124300,9001,LE VIGNOBLE RES DIANE,59606000AB0479,Appartement,48,3.494095,50.350626
2025-751761,2025-02-05,Vente,124300,9001,LE VIGNOBLE RES FLORE,59606000AB0479,Appartement,83,3.494095,50.350626
2025-751816,2025-02-24,Vente,153600,31,RUE D ANZIN,59606000AG0355,Maison,87,3.496092,50.364581
2025-751838,2025-01-28,Vente,73400,19,RUE CAPELLE,59606000AR0433,Maison,90,3.530238,50.359736
2025-751850,2025-03-04,Vente,177350,23,RUE MICHEL DUCHAUSSOY,59606000AH1575,Maison,81,3.493425,50.359228
2025-751852,2025-02-27,Vente,105950,124,RUE DEPORTES DU TRAIN DE LOOS,59606000AT0116,Maison,64,3.518011,50.356656
2025-751867,2025-03-04,Vente,51410,58,AV DE SAINT-AMAND,59606000AM0006,Appartement,21,3.511413,50.366912
2025-751870,2025-02-11,Vente,130000,11,RUE SALLE LE COMTE,59606000AR0166,Appartement,78,3.528258,50.36249
2025-751899,2025-02-12,Vente,89000,5,AV DU MARECHAL DE LATTRE,59606000AQ0700,Appartement,61,3.517855,50.364036
2025-751916,2025-02-28,Vente,265000,13,RUE DE BOURGOGNE,596060000J0736,Maison,124,3.538059,50.356518
2025-751927,2025-02-28,Vente,51500,9,RUE DU PETIT BRUILLE,59606000AT0137,Maison,37,3.516656,50.356516
2025-752009,2025-03-05,Vente,131000,84,RUE DURIN,596060000M0632,Appartement,48,3.534138,50.349533
2025-752015,2025-03-07,Vente,226500,2,VC RES SALY RUE SIMON LEBOUCQ,59606000AT0910,Appartement,128,3.518612,50.355883
2025-752025,2025-02-21,Vente,145000,51,RUE CHARLES QUINT,596060000K0067,Maison,111,3.533482,50.355364
2025-752030,2025-02-21,Vente,150000,84,RUE DE LA CITADELLE,59606000AJ0533,Maison,92,3.507686,50.360553
2025-752033,2025-02-21,Vente,66000,28,RUE DE LA BARRE,59606000AT1027,Maison,36,3.523207,50.353379
2025-752057,2025-03-11,Vente,69800,27,RUE DES FOULONS,59606000AT0598,Maison,36,3.522088,50.354772
2025-752121,2025-03-12,Vente,317000,36,RUE COMTESSE,59606000AS0057,Appartement,39,3.524501,50.353641
2025-752121,2025-03-12,Vente,317000,36,RUE COMTESSE,59606000AS0057,Appartement,28,3.524501,50.353641
2025-752121,2025-03-12,Vente,317000,36,RUE COMTESSE,59606000AS0057,Appartement,39,3.524501,50.353641
2025-752121,2025-03-12,Vente,317000,36,RUE COMTESSE,59606000AS0057,Appartement,44,3.524501,50.353641
2025-752121,2025-03-12,Vente,317000,36,RUE COMTESSE,59606000AS0057,Appartement,46,3.524501,50.353641
2025-752151,2025-03-14,Vente,383270,4,RUE WEDIERE,59606000AR0187,Maison,130,3.527625,50.360828
2025-752162,2025-02-17,Vente,170000,122,AV DESANDROUINS,59606000AG0523,Maison,135,3.497831,50.360886
2025-752207,2025-03-05,Vente,147000,1,RUE ERNEST HIOLLE RES POSIERE,596060000I0607,Appartement,48,3.533988,50.358259
2025-752208,2025-03-10,Vente,90000,41,RUE DESIRE GERNEZ,596060000Y0645,Maison,108,3.505392,50.354318
2025-752224,2025-03-03,Vente,90000,43,CHE DE PROUVY,596060000Y0460,Maison,65,3.5007,50.353373
2025-752230,2025-03-18,Vente,150000,104,AV DAMPIERRE,59606000AL0038,Maison,124,3.508791,50.363202
2025-752233,2025-02-28,Vente,105000,8,RUE DES INCAS,59606000AS0628,Appartement,62,3.52967,50.35672
2025-752237,2025-02-28,Vente,356000,19,BD FROISSART,59606000AQ0649,Maison,190,3.519065,50.362512
2025-752257,2025-03-04,Vente,143050,50,RUE DESIRE GERNEZ,596060000Y0051,Maison,120,3.50451,50.354055
2025-752276,2025-03-05,Vente,120000,16,AV DU SERGENT CAIRNS,596060000N0069,Maison,116,3.523343,50.351252
2025-752296,2025-03-20,Vente,189900,59,RUE ALFRED GIARD,59606000AJ0406,Maison,85,3.508843,50.356933
2025-752309,2025-03-14,Vente,145000,20,SEN DE LA PLACE D'ANZIN,59606000AF0413,Appartement,67,3.490147,50.368564
2025-752311,2025-02-28,Vente,165500,22,RUE DU DOMAINE,59606000AH0688,Maison,81,3.48995,50.358136
2025-752317,2025-02-26,Vente,75000,44,AV GEORGES CLEMENCEAU,59606000AQ0276,Appartement,39,3.52115,50.360598
2025-752340,2025-02-28,Vente,77000,5,RUE DES ANGES,59606000AT0259,Appartement,23,3.521099,50.357323
2025-752341,2025-03-06,Vente,152900,9,PL DE LA LIBERATION,596060000I0310,Maison,90,3.538657,50.360128
2025-752365,2025-03-10,Vente,62600,90,RUE DU QUESNOY,59606000AS0275,Appartement,32,3.527123,50.355765
2025-752368,2025-03-12,Vente,137390,5,RUE SIMON LEBOUCQ,59606000AT0167,Maison,44,3.517833,50.355896
2025-752371,2025-03-17,Vente,95000,11,AV TOURELLE CHEM PARTICULIER,596060000R0420,Maison,80,3.521386,50.348088
2025-752376,2025-02-28,Vente,130000,15,AV DESANDROUINS CORON HUREZ,59606000AH0323,Maison,83,3.495784,50.360651
2025-752383,2025-03-13,Vente,177690,46,RUE DE LA CITADELLE,59606000AJ0610,Maison,80,3.509878,50.360148
2025-752392,2025-02-24,Vente,90000,295,AV DESANDROUINS,59606000AE0410,Maison,94,3.485496,50.364918
2025-752428,2025-03-12,Vente,30000,58,RTE D AULNOY,596060000T0307,Maison,90,3.530766,50.343809
2025-752430,2025-03-20,Vente en l'état futur d'achèvement,168800,26,CHE DU HALAGE,59606000AP0243,Appartement,68,3.517353,50.36716
2025-752439,2025-03-19,Vente,360000,18,BD PATER,59606000AR0424,Maison,180,3.531195,50.360312
2025-752443,2025-03-05,Vente,67500,95,CHE DES BOURGEOIS,596060000T1239,Maison,72,3.520772,50.345381
2025-752444,2025-03-20,Vente,140000,2,RUE HENRI CAFFIAUX,59606000AK0145,Appartement,48,3.515537,50.353041
2025-752444,2025-03-20,Vente,140000,2,RUE HENRI CAFFIAUX,59606000AK0145,Appartement,55,3.515537,50.353041
2025-752452,2025-03-21,Vente,265000,107,AV VAUBAN,59606000AL0042,Maison,115,3.508971,50.362931
2025-752466,2025-03-19,Vente,93500,125,AV FAIDHERBE,596060000Y0908,Appartement,43,3.505192,50.355325
2025-752508,2025-03-05,Vente,154500,2,AV GEORGES CLEMENCEAU,59606000AU0217,Appartement,77,3.522565,50.35936
2025-752513,2025-03-10,Vente,280000,7,PL DES ILOTS,59606000AU0244,Appartement,151,3.52378,50.358922
2025-752522,2025-03-11,Vente,60000,26,RUE THOLOZE,59606000AQ0644,Appartement,45,3.518603,50.362563
2025-752522,2025-03-11,Vente,60000,26,RUE THOLOZE,59606000AQ0644,Appartement,30,3.518603,50.362563
2025-752543,2025-03-19,Vente,150000,12,RUE JEAN BONMARCHE,596060000N0096,Maison,120,3.524943,50.351951
2025-752556,2025-03-17,Vente,120000,137,RUE HENRY DERYCKE LES TERTIALE,59606000AZ0144,Appartement,49,3.526504,50.364673
2025-752561,2025-03-21,Vente,83850,86,RUE DE FAMARS,59606000AT0819,Appartement,40,3.521366,50.353997
2025-752592,2025-03-25,Vente,174000,1,RUE AULNOY RES ESCADRILLE CYGO,596060000T0557,Maison,97,3.529062,50.344151
2025-752663,2025-03-31,Vente,210000,22,ALL DES COTEAUX,59606000AY0488,Maison,92,3.499422,50.348923
2025-752665,2025-03-03,Vente,93500,119,AV DE DENAIN,596060000Z0500,Maison,94,3.497275,50.353157
2025-752666,2025-03-05,Vente,261500,26,RUE SAINT GERY,59606000AV0333,Appartement,52,3.52537,50.358941
2025-752666,2025-03-05,Vente,261500,26,RUE SAINT GERY,59606000AV0333,Appartement,52,3.52537,50.358941
2025-752666,2025-03-05,Vente,261500,26,RUE SAINT GERY,59606000AV0333,Appartement,42,3.52537,50.358941
2025-752691,2025-03-14,Vente,201600,21,RUE DES FLORALIES,596060000I0468,Appartement,98,3.532695,50.360161
2025-752716,2025-03-25,Vente,290000,58,RUE DE LA GARE DE MARLY,596060000M0257,Appartement,15,3.535254,50.350069
2025-752716,2025-03-25,Vente,290000,58,RUE DE LA GARE DE MARLY,596060000M0257,Appartement,17,3.535254,50.350069
2025-752716,2025-03-25,Vente,290000,58,RUE DE LA GARE DE MARLY,596060000M0257,Appartement,15,3.535254,50.350069
2025-752716,2025-03-25,Vente,290000,58,RUE DE LA GARE DE MARLY,596060000M0257,Appartement,13,3.535254,50.350069
2025-752716,2025-03-25,Vente,290000,58,RUE DE LA GARE DE MARLY,596060000M0257,Appartement,20,3.535254,50.350069
2025-752716,2025-03-25,Vente,290000,58,RUE DE LA GARE DE MARLY,596060000M0257,Appartement,15,3.535254,50.350069
2025-752716,2025-03-25,Vente,290000,58,RUE DE LA GARE DE MARLY,596060000M0257,Appartement,15,3.535254,50.350069
2025-752722,2025-03-28,Vente,155000,9001,RES ST MICHEL RUE DE L EPAIX,596060000D0437,Appartement,89,3.534971,50.365706
2025-752733,2025-03-17,Vente,128000,4,RUE DE LA SOLIDARITE RES DOREE,59606000AG0519,Appartement,66,3.497184,50.363719
2025-752767,2025-03-19,Vente,126000,84,RUE DURIN,596060000M0632,Appartement,51,3.534138,50.349533
2025-752787,2025-04-01,Vente,455000,1,RUE LOUIS SERBAT,596060000I0693,Appartement,122,3.531998,50.361033
2025-752821,2025-04-04,Vente,95000,1,AV DESANDROUINS CORON HUREZ,59606000AH0316,Maison,80,3.49621,50.361063
2025-752837,2025-03-27,Vente,223093,26,LE CLOS SAINT ROCH,596060000B0493,Maison,94,3.538803,50.369001
2025-752849,2025-04-03,Vente,123000,137,RUE HENRY DERYCKE LES TERTIALE,59606000AZ0144,Appartement,64,3.526504,50.364673
2025-752871,2025-03-26,Vente,152000,69,RUE DE L EPAIX,596060000D0159,Appartement,25,3.532624,50.366313
2025-752871,2025-03-26,Vente,152000,69,RUE DE L EPAIX,596060000D0159,Appartement,25,3.532624,50.366313
2025-752871,2025-03-26,Vente,152000,69,RUE DE L EPAIX,596060000D0159,Appartement,20,3.532624,50.366313
2025-752901,2025-04-02,Vente,96000,9011,RUE DU 10 SEPTEMBRE 1942,59606000AZ0122,Appartement,63,3.525465,50.365574
2025-752968,2025-03-25,Vente,192000,23,RLE MENNEVEUX,596060000D0095,Appartement,40,3.533583,50.367615
2025-752968,2025-03-25,Vente,192000,23,RLE MENNEVEUX,596060000D0095,Appartement,54,3.533583,50.367615
2025-752968,2025-03-25,Vente,192000,23,RLE MENNEVEUX,596060000D0095,Appartement,20,3.533583,50.367615
2025-752968,2025-03-25,Vente,192000,23,RLE MENNEVEUX,596060000D0095,Appartement,23,3.533583,50.367615
2025-752973,2025-03-28,Vente,119000,7,RUE DE LA FAUVETTE,596060000T0842,Maison,68,3.522408,50.346027
2025-752975,2025-03-28,Vente,170000,2,RUE PIERRE DAUTEL,596060000U0290,Maison,120,3.51322,50.343154
2025-752983,2025-03-26,Vente,76000,,RUE DES POILUS,596060000R0114,Appartement,28,3.51536,50.350141
2025-752984,2025-03-28,Vente,144000,,RUE DES POILUS,596060000R0114,Appartement,74,3.51536,50.350141
2025-752991,2025-03-28,Vente,135000,214,AV DE DENAIN,59606000AB0455,Maison,76,3.491452,50.351101
2025-753019,2025-04-09,Vente en l'état futur d'achèvement,170558,26,CHE DU HALAGE,59606000AP0243,Appartement,70,3.517353,50.36716
2025-753025,2025-04-14,Vente,63500,13,RUE JEAN BONMARCHE,596060000M0006,Appartement,31,3.526413,50.35105
2025-753032,2025-03-31,Vente,220000,8,RUE CLAUDIN LEJEUNE,596060000N0202,Appartement,88,3.525256,50.350731
2025-753047,2025-04-08,Vente,230000,20,AV DE LIEGE,596060000E0250,Maison,189,3.532847,50.362222
2025-753070,2025-03-19,Vente,121000,1,RUE DE JEMMAPES,59606000AR0859,Appartement,72,3.526951,50.363513
2025-753075,2025-04-03,Vente,184600,6,RUE DU CLOS DES VILLAS,59606000AK0051,Appartement,33,3.515031,50.355126
2025-753075,2025-04-03,Vente,184600,6,RUE DU CLOS DES VILLAS,59606000AK0051,Appartement,36,3.515031,50.355126
2025-753075,2025-04-03,Vente,184600,6,RUE DU CLOS DES VILLAS,59606000AK0051,Appartement,50,3.515031,50.355126
2025-753075,2025-04-03,Vente,184600,6,RUE DU CLOS DES VILLAS,59606000AK0051,Appartement,25,3.515031,50.355126
2025-753086,2025-03-18,Vente,90000,52,RUE DE LILLE,59606000AR0843,Appartement,49,3.5242,50.360515
2025-753112,2025-04-11,Vente,240000,17,LE CLOS SAINT ROCH,596060000B0516,Maison,106,3.538363,50.369498
2025-753114,2025-03-28,Vente,111500,125,AV FAIDHERBE,596060000Y0908,Appartement,48,3.505192,50.355325
2025-753144,2025-04-10,Vente,347000,63,RUE CHARLES QUINT,596060000K0096,Maison,130,3.533881,50.355843
2025-753144,2025-04-10,Vente,347000,63,RUE CHARLES QUINT,596060000K0096,Maison,130,3.533881,50.355843
2025-753152,2025-04-11,Vente,80000,6,RUE SOLIDARITE RES DAUPHINE,59606000AG0519,Appartement,50,3.497184,50.363719
2025-753176,2025-04-15,Vente,282000,23,RUE DE LA POTERNE,59606000AR0739,Appartement,125,3.530135,50.361352
2025-753264,2025-04-23,Vente,132150,17,RUE BARBE PARENT,59606000AL0197,Maison,83,3.511351,50.366141
2025-753300,2025-04-11,Vente,220000,14,BD FROISSART,59606000AQ0937,Appartement,89,3.519551,50.361948
2025-753303,2025-04-10,Vente,320000,5,RUE DE LA POSTE,59606000AU0270,Appartement,45,3.523541,50.359586
2025-753303,2025-04-10,Vente,320000,5,RUE DE LA POSTE,59606000AU0270,Appartement,40,3.523541,50.359586
2025-753303,2025-04-10,Vente,320000,5,RUE DE LA POSTE,59606000AU0270,Appartement,50,3.523541,50.359586
2025-753309,2025-03-31,Vente,350000,35,QUAI DES MINES,59606000AP0019,Appartement,216,3.516019,50.367741
2025-753321,2025-03-25,Vente,135500,27,RUE DUPONCHEL,59606000AO0233,Maison,91,3.518672,50.37041
2025-753324,2025-04-01,Vente,276000,7,AV D AMSTERDAM,59606000AR0740,Appartement,124,3.525667,50.359676
2025-753325,2025-04-02,Vente,78500,86,RUE DE FAMARS,59606000AT0819,Appartement,40,3.521366,50.353997
2025-753328,2025-04-01,Vente,150000,3,RUE DE LA CHASSE ROYALE,596060000Z0099,Maison,101,3.495932,50.353429
2025-753341,2025-04-22,Vente,111290,117,RUE DE PARIS,59606000AT0219,Appartement,59,3.519109,50.357459
2025-753344,2025-04-01,Vente,175000,19,RUE DES COQUELICOTS,59606000AH0425,Maison,120,3.494993,50.358471
2025-753389,2025-04-23,Vente,100000,13,RUE PECLET,59606000AO0177,Maison,141,3.520151,50.371377
2025-753403,2025-04-26,Vente,191500,21,RUE D ANJOU,596060000S0357,Maison,85,3.532432,50.345733
2025-753408,2025-04-28,Vente,145000,21,AV DENTELLIERE RES CATHERINE,59606000AT0928,Appartement,92,3.520249,50.356086
2025-753436,2025-04-28,Vente,142000,14,RUE THEODORE DEROMBY,59606000AJ0418,Maison,143,3.508067,50.357058
2025-753458,2025-04-07,Vente,170000,2,RUE BAUDOUIN RES MARIN L MESLE,596060000M0490,Appartement,91,3.528375,50.350242
2025-753462,2025-04-17,Vente,90000,25,RUE DES ANGES,59606000AT0245,Appartement,48,3.520564,50.357616
2025-753470,2025-04-03,Vente,155000,46,AV DE LA PLAINE,59606000AH0627,Maison,70,3.491216,50.358436
2025-753487,2025-04-04,Vente,110000,109,AV DESANDROUINS,59606000AH0310,Maison,75,3.495711,50.3612
2025-753499,2025-04-04,Vente,160000,39,AV SAINT ROCH,596060000E0165,Maison,123,3.533997,50.363699
2025-753516,2025-04-04,Vente,115500,43,PL D ARMES,59606000AU0215,Appartement,45,3.522615,50.358051
2025-753518,2025-04-04,Vente,130000,127,AV DE REIMS,596060000S0154,Maison,88,3.52592,50.346696
2025-753518,2025-04-04,Vente,130000,127,AV DE REIMS,596060000S0154,Maison,88,3.52592,50.346696
2025-753534,2025-04-30,Vente,183000,5,RUE JEHAN MOLINET,59606000AR0353,Maison,98,3.528099,50.361341
2025-753557,2025-04-04,Vente,86000,10,RUE HONHON,59606000AR0068,Appartement,54,3.522598,50.362081
2025-753650,2025-04-15,Vente,204000,84,RUE DURIN,596060000M0632,Appartement,77,3.534138,50.349533
2025-753687,2025-04-22,Vente,44000,18,RUE THOLOZE,59606000AQ0644,Appartement,13,3.518603,50.362563
2025-753697,2025-04-22,Vente,175000,79,RUE PIERRE LOTI,596060000X0236,Maison,87,3.503944,50.351331
2025-753711,2025-04-29,Vente,87000,70,AV GEORGES CLEMENCEAU,59606000AQ0876,Appartement,80,3.520984,50.361391
2025-753721,2025-04-14,Vente,100000,86,RUE BAUDOUIN L EDIFIEUR,596060000M0006,Appartement,43,3.526413,50.35105
2025-753740,2025-04-11,Vente,368000,44,RUE LA NOUVELLE HOLLANDE,59606000AV0293,Appartement,45,3.525469,50.357903
2025-753740,2025-04-11,Vente,368000,44,RUE LA NOUVELLE HOLLANDE,59606000AV0293,Appartement,42,3.525469,50.357903
2025-753740,2025-04-11,Vente,368000,44,RUE LA NOUVELLE HOLLANDE,59606000AV0293,Appartement,45,3.525469,50.357903
2025-753740,2025-04-11,Vente,368000,44,RUE LA NOUVELLE HOLLANDE,59606000AV0293,Appartement,42,3.525469,50.357903
2025-753740,2025-04-11,Vente,368000,44,RUE LA NOUVELLE HOLLANDE,59606000AV0293,Appartement,46,3.525469,50.357903
2025-753740,2025-04-11,Vente,368000,44,RUE LA NOUVELLE HOLLANDE,59606000AV0293,Appartement,42,3.525469,50.357903
2025-753756,2025-04-14,Vente,160000,28,AV DE SAINT-AMAND,59606000AM0101,Appartement,12,3.513411,50.366247
2025-753756,2025-04-14,Vente,160000,28,AV DE SAINT-AMAND,59606000AM0101,Appartement,19,3.513411,50.366247
2025-753756,2025-04-14,Vente,160000,28,AV DE SAINT-AMAND,59606000AM0101,Appartement,12,3.513411,50.366247
2025-753756,2025-04-14,Vente,160000,28,AV DE SAINT-AMAND,59606000AM0101,Appartement,18,3.513411,50.366247
2025-753756,2025-04-14,Vente,160000,28,AV DE SAINT-AMAND,59606000AM0101,Appartement,30,3.513411,50.366247
2025-753756,2025-04-14,Vente,160000,28,AV DE SAINT-AMAND,59606000AM0101,Appartement,14,3.513411,50.366247
2025-753756,2025-04-14,Vente,160000,28,AV DE SAINT-AMAND,59606000AM0101,Appartement,22,3.513411,50.366247
2025-753766,2025-04-10,Vente,135000,10,RUE DU FOUR DE LA PAIX,59606000AQ0362,Maison,38,3.522357,50.36104
2025-753766,2025-04-10,Vente,135000,12,RUE DU FOUR DE LA PAIX,59606000AQ0363,Maison,70,3.522317,50.361058
2025-753775,2025-04-15,Vente,169600,83,RUE DU VERGER,59606000AC0231,Maison,67,3.488637,50.357544
2025-753779,2025-04-16,Vente,153000,33,RUE CASIMIR PERIER,596060000Z0306,Maison,80,3.496763,50.356313
2025-753785,2025-04-15,Vente,39000,18,AV VILLARS,59606000AJ0365,Appartement,34,3.510997,50.358781
2025-753793,2025-03-28,Vente,81000,,RUE DES POILUS,596060000R0114,Appartement,34,3.51536,50.350141
2025-753795,2025-04-28,Vente,67500,125,AV FAIDHERBE,596060000Y0908,Appartement,33,3.505192,50.355325
2025-753811,2025-03-28,Vente,135000,26,RUE DU DOMAINE,59606000AH0690,Maison,83,3.48987,50.358022
2025-753812,2025-04-28,Vente,180000,23,RUE CHARLES QUINT,596060000L0135,Maison,106,3.532611,50.354124
2025-753824,2025-04-24,Vente,34000,14,RUE JEAN BERNIER,596060000R1066,Appartement,19,3.515777,50.347711
2025-753851,2025-04-25,Vente,80000,4,RUE DE LA SOLIDARITE RES DOREE,59606000AG0519,Appartement,55,3.497184,50.363719
2025-753880,2025-04-18,Vente,190000,2,VC RES SALY RUE SIMON LEBOUCQ,59606000AT0910,Appartement,128,3.518612,50.355883
2025-753884,2025-05-12,Vente,150000,2,RUE DU CAMP ROMAIN,596060000N0025,Appartement,22,3.523943,50.349977
2025-753884,2025-05-12,Vente,150000,2,RUE DU CAMP ROMAIN,596060000N0025,Appartement,66,3.523943,50.349977
2025-753884,2025-05-12,Vente,150000,2,RUE DU CAMP ROMAIN,596060000N0025,Appartement,23,3.523943,50.349977
2025-753892,2025-04-14,Vente,59900,1,RUE ERNEST HIOLLE RES POSIERE,596060000I0607,Appartement,23,3.533988,50.358259
2025-753926,2025-05-09,Vente,204900,42,RUE DE LA CITADELLE,59606000AJ0614,Maison,119,3.510062,50.360117
2025-753945,2025-04-30,Vente,60000,5,RUE MARTIN BERTEAU,596060000Y0666,Maison,48,3.503155,50.355636
2025-753961,2025-04-23,Vente,199500,2,RUE SAINT MICHEL,596060000E0006,Appartement,71,3.530942,50.363142
2025-753968,2025-04-30,Vente,230000,27,RUE DE FAMARS,59606000AT0505,Maison,90,3.522356,50.356317
2025-753978,2025-04-25,Vente,206000,12,RUE PILETTE,59606000AW0217,Appartement,110,3.5276,50.357482
2025-753983,2025-05-05,Vente,108000,22,RUE DU CHEMIN DES PLANCHES,596060000P0303,Appartement,49,3.518831,50.353247
2025-753988,2025-05-14,Vente,140000,13,RUE PILETTE,59606000AW0140,Appartement,79,3.527005,50.357623
2025-753993,2025-04-22,Vente,59000,18,RUE THOLOZE,59606000AQ0644,Appartement,18,3.518603,50.362563
2025-754016,2025-04-29,Vente,127000,28,RUE CHARLES QUINT,596060000J0640,Maison,97,3.53324,50.354143
2025-754049,2025-04-30,Vente,190000,11,RUE HENRI LEMAIRE,59606000AV0052,Maison,70,3.524806,50.356177
2025-754049,2025-04-30,Vente,190000,16,SQ CRASSEAU,59606000AV0061,Appartement,38,3.524887,50.356179
2025-754049,2025-04-30,Vente,190000,14,SQ CRASSEAU,59606000AV0062,Appartement,38,3.524849,50.356213
2025-754052,2025-05-15,Vente,163000,9,RUE FERRAND,59606000AQ1017,Appartement,35,3.518386,50.359829
2025-754052,2025-05-15,Vente,163000,9,RUE FERRAND,59606000AQ1017,Appartement,44,3.518386,50.359829
2025-754052,2025-05-15,Vente,163000,9,RUE FERRAND,59606000AQ1017,Appartement,40,3.518386,50.359829
2025-754069,2025-04-30,Vente,221000,3,BD EISEN,596060000E0006,Appartement,82,3.530942,50.363142
2025-754096,2025-04-30,Vente,160000,9001,BD WATTEAU RES LE CEDRE,596060000K0030,Appartement,102,3.53258,50.357728
2025-754101,2025-04-30,Vente,105000,33,RUE DE FAMARS,59606000AT0495,Appartement,50,3.522103,50.356165
2025-754102,2025-04-29,Vente,230000,56,RUE MILHOMME,596060000K0148,Appartement,97,3.533135,50.356684
2025-754108,2025-04-30,Vente,78500,56,RUE MILHOMME,596060000K0148,Appartement,38,3.533135,50.356684
2025-754113,2025-04-30,Vente,181210,13,RUE VIOLETTE LEDUC,59606000AD0443,Maison,78,3.477781,50.361069
2025-754126,2025-04-30,Vente,295000,13,RUE BAUDOUIN L EDIFIEUR,596060000M0080,Maison,120,3.53157,50.352733
2025-754128,2025-04-30,Vente,78000,95,RUE DU QUESNOY,59606000AS0526,Appartement,46,3.527803,50.356236
2025-754152,2025-04-30,Vente,85000,15,RUE DES ANGES,59606000AT0251,Appartement,29,3.520775,50.357523
2025-754152,2025-04-30,Vente,85000,15,RUE DES ANGES,59606000AT0251,Appartement,21,3.520775,50.357523
2025-754152,2025-04-30,Vente,85000,15,RUE DES ANGES,59606000AT0251,Appartement,14,3.520775,50.357523
2025-754152,2025-04-30,Vente,85000,15,RUE DES ANGES,59606000AT0251,Appartement,15,3.520775,50.357523
2025-754153,2025-04-22,Vente,99000,18,RUE THOLOZE,59606000AQ0644,Appartement,25,3.518603,50.362563
2025-754153,2025-04-22,Vente,99000,18,RUE THOLOZE,59606000AQ0644,Appartement,12,3.518603,50.362563
2025-754179,2025-05-07,Vente,289000,95,AV VAUBAN,59606000AL0574,Maison,93,3.509203,50.362659
2025-754212,2025-04-29,Vente,113000,4,CHE DU VIGNOBLE RES LEA,596060000Y0909,Maison,64,3.507381,50.351511
2025-754260,2025-04-26,Vente,111290,18,RUE DE L INTENDANCE,59606000AR0631,Appartement,51,3.52569,50.360015
2025-754263,2025-04-28,Vente,150150,9,RUE DES GLATIGNIES,59606000AT1059,Appartement,73,3.517569,50.357927
2025-754306,2025-05-19,Vente en l'état futur d'achèvement,177609.25,26,CHE DU HALAGE,59606000AP0243,Appartement,63,3.517353,50.36716
2025-754329,2025-05-15,Vente,49000,18,AV DESANDROUINS COUR LOMPREZ,59606000AH0262,Maison,50,3.494464,50.361264
2025-754361,2025-05-26,Vente,80000,69,RUE DU MARQUIS RES FLANDRES,596060000H0118,Appartement,48,3.54262,50.364852
2025-754375,2025-04-29,Vente,87000,15,AV DU MARECHAL FOCH,59606000AQ0874,Appartement,52,3.518799,50.362687
2025-754376,2025-05-13,Vente,80000,11,RUE DU CHATEAU D EAU,59606000AI0132,Maison,73,3.505589,50.360712
2025-754383,2025-04-28,Vente,80000,16,RUE CAPRON,59606000AT0258,Appartement,46,3.520752,50.357157
2025-754409,2025-05-14,Vente,180000,16,RUE DU POITOU,596060000S0382,Maison,110,3.530964,50.346195
2025-754423,2025-05-21,Vente,91000,36,RUE J PERDRIX RES ARC EN CIEL,596060000J0619,Appartement,46,3.535788,50.353551
2025-754475,2025-05-28,Vente,72000,1,RUE GEORGES CHASTELAIN,59606000AQ0125,Maison,101,3.51995,50.358606
2025-754477,2025-05-20,Vente,60000,52,AV DU FAUBOURG DE CAMBRAI,596060000V0145,Maison,60,3.512148,50.344068
2025-754496,2025-05-07,Vente,93000,3,AV DE L INDUSTRIE,59606000AZ0068,Appartement,48,3.52085,50.365118
2025-754497,2025-04-30,Vente,179000,9002,RES ST MICHEL AVE ST ROCH,596060000D0437,Appartement,96,3.534971,50.365706
2025-754499,2025-04-29,Vente,129500,184,AV DE LIEGE RES J BREL,596060000H0117,Appartement,63,3.541944,50.365267
2025-754510,2025-05-22,Vente,35000,32,RUE DU FAUBOURG DE PARIS,59606000AK0079,Maison,62,3.514662,50.354135
2025-754513,2025-05-22,Vente,64000,18,RUE DES BRECHES,59606000AR0739,Appartement,22,3.530135,50.361352
2025-754518,2025-05-20,Vente,141850,222,AV DE DENAIN,59606000AB0821,Maison,109,3.491189,50.350991
2025-754518,2025-05-20,Vente,141850,222,AV DE DENAIN,59606000AB0821,Maison,109,3.491189,50.350991
2025-754522,2025-05-23,Vente,371500,,RUE DES POILUS,596060000R0114,Appartement,190,3.51536,50.350141
2025-754543,2025-05-28,Vente,110000,137,RUE HENRY DERYCKE LES TERTIALE,59606000AZ0144,Appartement,48,3.526504,50.364673
2025-754568,2025-05-23,Vente,45000,99,RUE DE PARIS,59606000AQ0079,Appartement,19,3.519423,50.358234
2025-754606,2025-05-12,Vente,103000,113,RUE DU ROLEUR,596060000I0169,Maison,99,3.540945,50.362256
2025-754621,2025-05-15,Vente,123550,9001,LE VIGNOBLE RES FLORE,59606000AB0479,Appartement,76,3.494095,50.350626
2025-754658,2025-05-19,Vente,138500,2,RUE CH BRARD RES LES TANINS,59606000AB0169,Appartement,66,3.495532,50.351113
2025-754664,2025-06-02,Vente en l'état futur d'achèvement,208500,26,CHE DU HALAGE,59606000AP0243,Appartement,67,3.517353,50.36716
2025-754676,2025-05-22,Vente,81000,81,RUE DE LA DIGUE RESID RUBENS,596060000P0304,Appartement,35,3.517633,50.353679
2025-754694,2025-05-27,Vente,110000,79,RUE DE LA VILETTE,59606000AH0649,Maison,74,3.490635,50.359171
2025-754698,2025-05-26,Vente,56500,56,RUE MILHOMME,596060000K0148,Appartement,53,3.533135,50.356684
2025-754732,2025-05-27,Vente,122000,16,BD WATTEAU RES BEAUMONT,59606000AS0497,Appartement,80,3.529614,50.356137
2025-754734,2025-05-27,Vente,87000,6,RES VAL CLAIR R S LEBOUCQ,59606000AT0801,Appartement,62,3.518261,50.356154
2025-754774,2025-05-27,Vente,255000,30,RUE CHARLES QUINT,596060000J0825,Maison,129,3.533278,50.354177
2025-754788,2025-06-02,Vente,55000,23,RUE DE LA DELIVRANCE,59606000AJ0841,Appartement,24,3.510053,50.354774
2025-754836,2025-05-15,Vente,106500,37,RUE DES ANGES,59606000AT0237,Maison,48,3.519896,50.357774
2025-754837,2025-05-15,Vente,65000,33,RUE DELSAUX,59606000AS0247,Appartement,46,3.525187,50.355766
2025-754863,2025-06-09,Vente,188850,1,RUE LOUIS CELLIER,59606000AS0131,Appartement,20,3.525273,50.354428
2025-754863,2025-06-09,Vente,188850,1,RUE LOUIS CELLIER,59606000AS0131,Appartement,25,3.525273,50.354428
2025-754863,2025-06-09,Vente,188850,1,RUE LOUIS CELLIER,59606000AS0131,Appartement,22,3.525273,50.354428
2025-754863,2025-06-09,Vente,188850,1,RUE LOUIS CELLIER,59606000AS0131,Appartement,22,3.525273,50.354428
2025-754896,2025-05-28,Vente,239000,5,AV SENAC DE MEILHAN,596060000E0128,Maison,60,3.535617,50.364014
2025-754900,2025-06-12,Vente,156000,2,RES WATTEAU R S MARMION,596060000K0126,Appartement,76,3.532711,50.357418
2025-754932,2025-05-28,Vente,37000,34,RUE DE LA LONGUE CHASSE,596060000C0175,Appartement,21,3.532645,50.372745
2025-754932,2025-05-28,Vente,37000,34,RUE DE LA LONGUE CHASSE,596060000C0175,Appartement,21,3.532645,50.372745
2025-754942,2025-06-05,Vente,118000,10,CHE DU VIGNOBLE RES LEA,596060000Y0909,Maison,76,3.507381,50.351511
2025-754989,2025-06-03,Vente,96000,1,RUE DE JEMMAPES,59606000AR0859,Appartement,50,3.526951,50.363513
2025-755006,2025-06-06,Vente,190600,56,RUE MILHOMME,596060000K0148,Appartement,98,3.533135,50.356684
2025-755009,2025-06-13,Vente,119000,30,RUE DU MUGUET,59606000AH0737,Maison,83,3.490761,50.357679
2025-755012,2025-06-05,Vente,116000,137,RUE HENRY DERYCKE LES TERTIALE,59606000AZ0144,Appartement,64,3.526504,50.364673
2025-755025,2025-05-27,Vente,122000,1,RUE BURIANNE,59606000AV0385,Appartement,79,3.52435,50.358152
2025-755034,2025-05-22,Vente,47000,42,RUE DE L EPAIX,596060000D0111,Maison,54,3.53318,50.366524
2025-755037,2025-06-12,Vente en l'état futur d'achèvement,153000,16,RUE ERNEST MACAREZ,596060000D0538,Appartement,61,3.532546,50.3689
2025-755063,2025-06-17,Vente,130000,75,RUE DE LA VILETTE,59606000AH0651,Maison,83,3.490826,50.359147
2025-755075,2025-05-27,Vente,137000,30,RUE DU JOLIMETZ,596060000W0125,Maison,120,3.51264,50.351896
2025-755090,2025-05-19,Vente,105000,184,AV DE LIEGE RES J BREL,596060000H0117,Appartement,65,3.541944,50.365267
2025-755091,2025-06-06,Vente,89500,21,RUE DE LA PAIX,59606000AU0249,Appartement,56,3.524197,50.359415
2025-755111,2025-06-02,Vente,125000,5,RUE PIERRE FONTAINE,59606000AM0149,Maison,71,3.514612,50.367318
2025-755128,2025-05-28,Vente,245000,86,CLOS SAUMUR LE VIGNOBLE,59606000AY0260,Maison,94,3.499651,50.351993
2025-755129,2025-06-09,Vente,209000,54,RUE DE LILLE,59606000AR1094,Appartement,77,3.523377,50.361431
2025-755132,2025-06-13,Vente,217000,7,ALL DES COTEAUX,59606000AY0501,Maison,84,3.500355,50.349331
2025-755135,2025-05-30,Vente,156000,13,CLOS DES BLEUETS,59606000AC0208,Maison,65,3.488027,50.358337
2025-755145,2025-06-17,Vente,130250,8,RES VAL CLAIR R S LEBOUCQ,59606000AT0801,Appartement,71,3.518261,50.356154
2025-755159,2025-06-12,Vente,80000,8,RUE SAINT MICHEL,596060000E0217,Maison,113,3.532042,50.362984
2025-755165,2025-06-23,Vente,101730,12,RUE DU COLLEGE,596060000E0006,Appartement,48,3.530942,50.363142
2025-755195,2025-06-19,Vente,158000,1,CHE DU VIGNOBLE RES LEA,596060000Y0909,Maison,77,3.507381,50.351511
2025-755220,2025-06-16,Vente,149500,24,RUE E REY CHEM PARTICULIER,59606000AL0318,Maison,57,3.511574,50.36444
2025-755261,2025-06-25,Vente,174450,31,PL D ARMES,59606000AU0215,Appartement,91,3.522615,50.358051
2025-755274,2025-06-06,Vente,118000,18,RUE DUPONCHEL,59606000AO0161,Maison,68,3.519049,50.370669
2025-755278,2025-06-03,Vente,224000,2,RUE LOUISE D EPINAY,596060000R0285,Maison,148,3.518918,50.347231
2025-755278,2025-06-03,Vente,224000,2,RUE LOUISE D EPINAY,596060000R0285,Maison,148,3.518918,50.347231
2025-755288,2025-06-06,Vente,118000,21,RUE DE L EPAIX,596060000E0060,Maison,76,3.534109,50.365387
2025-755302,2025-06-10,Vente,112000,6,RES VAL CLAIR R S LEBOUCQ,59606000AT0801,Appartement,97,3.518261,50.356154
2025-755303,2025-06-10,Vente,147000,29,RUE JEAN MERMOZ,596060000T0353,Maison,76,3.528718,50.342156
2025-755305,2025-06-03,Vente,69000,22,RUE HUBERT CAILLEAU,59606000AD0574,Maison,54,3.483755,50.358458
2025-755377,2025-06-26,Vente,240000,69,RUE DE FAMARS,59606000AT0854,Maison,122,3.521702,50.355429
2025-755379,2025-06-23,Vente,125000,32,RUE ROUGEVILLE RES LES FORGES,596060000D0291,Appartement,70,3.534863,50.369261
2025-755390,2025-06-03,Vente,168100,6,RUE JACQUES PERDRIX,596060000J0041,Appartement,72,3.534078,50.35408
2025-755408,2025-05-15,Vente,200000,54,RUE DE LILLE,59606000AR1094,Appartement,78,3.523377,50.361431
2025-755419,2025-05-30,Vente,251160,161,AV DE LIEGE,596060000F0083,Maison,151,3.539422,50.365308
2025-755426,2025-06-23,Vente,118000,38,RUE MARC LEFRANCQ,59606000AZ0067,Appartement,70,3.527292,50.364577
2025-755431,2025-06-19,Vente,43500,34,RUE DE LA LONGUE CHASSE,596060000C0175,Appartement,21,3.532645,50.372745
2025-755432,2025-06-18,Vente,332000,91,RUE SAINT GERY,59606000AR0650,Maison,223,3.526286,50.360173
2025-755446,2025-06-19,Vente,122000,81,RUE DE LA DIGUE RESID RUBENS,596060000P0304,Appartement,51,3.517633,50.353679
2025-755455,2025-06-06,Vente,240000,23,AV DENTELLIERE RES CATHERINE,59606000AT0928,Appartement,117,3.520249,50.356086
2025-755470,2025-06-13,Vente,415000,19,BD WATTEAU,596060000K0022,Maison,237,3.532027,50.356799
2025-755491,2025-06-13,Vente,90000,9001,BD WATTEAU RES LE CEDRE,596060000K0030,Appartement,38,3.53258,50.357728
2025-755522,2025-06-26,Vente,240000,1,VC RES BOIS FONTAINE R AULNOY,596060000T1115,Maison,104,3.52762,50.343736
2025-755525,2025-06-16,Vente,132000,27,RUE DES RECOLLETS,59606000AU0350,Appartement,70,3.520531,50.358112
2025-755555,2025-06-13,Vente,162500,23,RUE JACQUES PERDRIX,596060000J0645,Appartement,82,3.535215,50.354595
2025-755580,2025-06-13,Vente,295000,40,RUE DE PARIS,59606000AU0281,Appartement,60,3.522055,50.359094
2025-755580,2025-06-13,Vente,295000,42,RUE DE PARIS,59606000AU0282,Appartement,58,3.521974,50.359089
2025-755581,2025-06-27,Vente,352500,115,RUE DE PARIS,59606000AT0223,Appartement,38,3.519096,50.357576
2025-755581,2025-06-27,Vente,352500,115,RUE DE PARIS,59606000AT0223,Appartement,40,3.519096,50.357576
2025-755581,2025-06-27,Vente,352500,115,RUE DE PARIS,59606000AT0223,Appartement,30,3.519096,50.357576
2025-755581,2025-06-27,Vente,352500,115,RUE DE PARIS,59606000AT0223,Appartement,55,3.519096,50.357576
2025-755581,2025-06-27,Vente,352500,115,RUE DE PARIS,59606000AT0223,Appartement,31,3.519096,50.357576
2025-755581,2025-06-27,Vente,352500,115,RUE DE PARIS,59606000AT0223,Appartement,32,3.519096,50.357576
2025-755581,2025-06-27,Vente,352500,115,RUE DE PARIS,59606000AT0223,Appartement,38,3.519096,50.357576
2025-755581,2025-06-27,Vente,352500,115,RUE DE PARIS,59606000AT0223,Appartement,50,3.519096,50.357576
2025-755598,2025-06-24,Vente,101500,10,RES VAL CLAIR R S LEBOUCQ,59606000AT0801,Appartement,60,3.518261,50.356154
2025-755640,2025-06-17,Vente,85142.46,224,AV DE DENAIN,59606000AB0828,Maison,65,3.491144,50.350941
2025-755677,2025-06-13,Vente,102500,3,BD DE LA LIBERTE RES BERCY,59606000AG0519,Appartement,67,3.497184,50.363719
2025-755690,2025-06-20,Vente,230000,20,AV DE VERDUN,596060000L0039,Maison,83,3.531659,50.353306
2025-755716,2025-06-03,Vente,193000,117,AV DE LIEGE,596060000F0103,Maison,120,3.537276,50.364415
2025-755774,2025-07-01,Vente,80000,77,RUE DE L EPAIX,596060000D0163,Maison,96,3.532402,50.366427
2025-755781,2025-06-13,Vente,40000,11,RUE SALLE LE COMTE,59606000AR0166,Appartement,21,3.528258,50.36249
2025-755846,2025-07-08,Vente,94000,69,RUE DU MARQUIS RES FLANDRES,596060000H0118,Appartement,64,3.54262,50.364852
2025-755853,2025-06-19,Vente,59000,1,RUE DE LA SOMME RES CLICHY,59606000AG0519,Appartement,32,3.497184,50.363719
2025-755862,2025-07-01,Vente,209000,54,RUE DE LILLE,59606000AR1094,Appartement,78,3.523377,50.361431
2025-755870,2025-06-30,Vente,43000,320,BD HARPIGNIES,59606000AZ0056,Appartement,18,3.524966,50.364608
2025-755871,2025-06-25,Vente,56000,27,RUE SAINT GERY COUR SAINT GERY,59606000AV0364,Appartement,26,3.525267,50.359152
2025-755873,2025-06-24,Vente,129000,41,RUE DESIRE GERNEZ,596060000Y0645,Maison,108,3.505392,50.354318
2025-755878,2025-06-26,Vente,177800,230,AV DAMPIERRE,59606000AJ0525,Maison,114,3.507064,50.360313
2025-755925,2025-06-11,Vente,366476,6,RUE MILHOMME,596060000L0057,Maison,119,3.531481,50.354125
2025-755939,2025-07-02,Vente,183400,11,RUE DE LA PAIX,59606000AU0250,Appartement,133,3.52408,50.359244
2025-755962,2025-06-27,Vente,59000,3,BD DE LA LIBERTE RES BERCY,59606000AG0519,Appartement,32,3.497184,50.363719
2025-755964,2025-06-30,Vente,175000,6,RUE JACQUES PERDRIX,596060000J0041,Appartement,60,3.534078,50.35408
2025-755967,2025-07-02,Vente,150500,13,RUE PILETTE,59606000AW0140,Appartement,79,3.527005,50.357623
2025-755969,2025-06-23,Vente,190000,9001,RES VAUBAN PCE W CHURCHILL,59606000AJ0764,Appartement,108,3.512026,50.359565
2025-755973,2025-06-27,Vente,100000,5,RUE ERNEST HIOLLE RES LAPRADE,596060000I0606,Appartement,36,3.534734,50.358249
2025-755979,2025-06-27,Vente,126500,26,AV FAIDHERBE,59606000AJ0218,Maison,86,3.509469,50.354364
2025-755983,2025-06-27,Vente,90000,47,AV DE SAINT-AMAND,59606000AL0189,Maison,109,3.511127,50.366425
2025-756013,2025-07-04,Vente,118360,125,AV FAIDHERBE,596060000Y0908,Appartement,55,3.505192,50.355325
2025-756025,2025-06-25,Vente,87000,26,AV MARECHAL JUIN,59606000AZ0001,Appartement,18,3.519829,50.364928
2025-756025,2025-06-25,Vente,87000,26,AV MARECHAL JUIN,59606000AZ0001,Appartement,20,3.519829,50.364928
2025-756040,2025-07-09,Vente,138650,9,RUE SAINT JEAN,59606000AU0312,Appartement,86,3.52135,50.358505
2025-756051,2025-07-09,Vente en l'état futur d'achèvement,247000,26,CHE DU HALAGE,59606000AP0243,Appartement,92,3.517353,50.36716
2025-756088,2025-06-26,Vente,91000,13,RUE PILETTE,59606000AW0140,Appartement,88,3.527005,50.357623
2025-756120,2025-06-20,Vente,65000,32,AV DE CONDE,59606000AM0041,Maison,110,3.511889,50.367615
2025-756128,2025-07-02,Vente,59000,1,RUE DE LA SOMME RES CLICHY,59606000AG0519,Appartement,32,3.497184,50.363719
2025-756130,2025-07-11,Vente,98000,13,RUE PILETTE,59606000AW0140,Appartement,88,3.527005,50.357623
2025-756131,2025-06-30,Vente,34137,34,RUE DE LA LONGUE CHASSE,596060000C0175,Appartement,21,3.532645,50.372745
2025-756137,2025-07-17,Vente,80000,37,RUE DE MONS,59606000AR0921,Appartement,73,3.528378,50.359859
2025-756141,2025-07-10,Vente,145000,166,AV DAMPIERRE,59606000AL0026,Appartement,70,3.508622,50.362344
2025-756152,2025-07-16,Vente,95000,18,RUE SAINT MARTIN,596060000E0171,Maison,62,3.533697,50.363853
2025-756159,2025-07-01,Vente,2232909.2,6,RUE DES COQUELICOTS,596060000Z0937,Maison,82,3.494966,50.357571
2025-756159,2025-07-01,Vente,2232909.2,8,RUE DES COQUELICOTS,596060000Z0938,Maison,82,3.494977,50.357639
2025-756159,2025-07-01,Vente,2232909.2,10,RUE DES COQUELICOTS,596060000Z0940,Maison,82,3.494968,50.35769
2025-756159,2025-07-01,Vente,2232909.2,12,RUE DES COQUELICOTS,596060000Z0941,Maison,82,3.494997,50.357759
2025-756159,2025-07-01,Vente,2232909.2,14,RUE DES COQUELICOTS,596060000Z0942,Maison,82,3.495019,50.357809
2025-756159,2025-07-01,Vente,2232909.2,16,RUE DES COQUELICOTS,596060000Z0944,Maison,82,3.495016,50.357893
2025-756159,2025-07-01,Vente,2232909.2,18,RUE DES COQUELICOTS,596060000Z0945,Maison,82,3.495095,50.357929
2025-756159,2025-07-01,Vente,2232909.2,20,RUE DES COQUELICOTS,596060000Z0946,Maison,82,3.495207,50.35795
2025-756159,2025-07-01,Vente,2232909.2,22,RUE DES COQUELICOTS,596060000Z0947,Maison,82,3.495274,50.357922
2025-756159,2025-07-01,Vente,2232909.2,24,RUE DES COQUELICOTS,596060000Z0948,Maison,82,3.49538,50.357954
2025-756159,2025-07-01,Vente,2232909.2,26,RUE DES COQUELICOTS,596060000Z0950,Maison,82,3.495189,50.358158
2025-756159,2025-07-01,Vente,2232909.2,28,RUE DES COQUELICOTS,596060000Z0951,Maison,82,3.495222,50.358241
2025-756159,2025-07-01,Vente,2232909.2,30,RUE DES COQUELICOTS,596060000Z0953,Maison,82,3.495266,50.358277
2025-756159,2025-07-01,Vente,2232909.2,32,RUE DES COQUELICOTS,596060000Z0954,Maison,82,3.495311,50.358348
2025-756159,2025-07-01,Vente,2232909.2,34,RUE DES COQUELICOTS,596060000Z0956,Maison,82,3.495369,50.358381
2025-756159,2025-07-01,Vente,2232909.2,36,RUE DES COQUELICOTS,596060000Z0957,Maison,82,3.495397,50.358459
2025-756159,2025-07-01,Vente,2232909.2,35,RUE DE LA VILETTE,596060000Z0960,Maison,82,3.495692,50.358371
2025-756159,2025-07-01,Vente,2232909.2,33,RUE DE LA VILETTE,596060000Z0961,Maison,82,3.495768,50.358324
2025-756159,2025-07-01,Vente,2232909.2,31,RUE DE LA VILETTE,596060000Z0963,Maison,82,3.495858,50.358302
2025-756159,2025-07-01,Vente,2232909.2,29,RUE DE LA VILETTE,596060000Z0964,Maison,82,3.495967,50.358269
2025-756159,2025-07-01,Vente,2232909.2,27,RUE DE LA VILETTE,596060000Z0967,Maison,82,3.495715,50.358051
2025-756159,2025-07-01,Vente,2232909.2,25,RUE DE LA VILETTE,596060000Z0968,Maison,82,3.495791,50.358004
2025-756159,2025-07-01,Vente,2232909.2,23,RUE DE LA VILETTE,596060000Z0969,Maison,82,3.495878,50.357997
2025-756159,2025-07-01,Vente,2232909.2,21,RUE DE LA VILETTE,596060000Z0970,Maison,82,3.495979,50.357967
2025-756159,2025-07-01,Vente,2232909.2,19,RUE DE LA VILETTE,596060000Z0971,Maison,82,3.496013,50.357902
2025-756159,2025-07-01,Vente,2232909.2,17,RUE DE LA VILETTE,596060000Z0972,Maison,82,3.49608,50.357849
2025-756159,2025-07-01,Vente,2232909.2,15,RUE DE LA VILETTE,596060000Z0973,Maison,82,3.496167,50.357828
2025-756159,2025-07-01,Vente,2232909.2,13,RUE DE LA VILETTE,596060000Z0974,Maison,82,3.496288,50.357818
2025-756159,2025-07-01,Vente,2232909.2,26,RUE DES OEILLETS,596060000Z1003,Maison,82,3.495571,50.357829
2025-756159,2025-07-01,Vente,2232909.2,28,RUE DES OEILLETS,596060000Z1004,Maison,82,3.495495,50.357763
2025-756159,2025-07-01,Vente,2232909.2,30,RUE DES OEILLETS,596060000Z1005,Maison,82,3.495415,50.357734
2025-756159,2025-07-01,Vente,2232909.2,32,RUE DES OEILLETS,596060000Z1006,Maison,82,3.49539,50.357673
2025-756159,2025-07-01,Vente,2232909.2,34,RUE DES OEILLETS,596060000Z1008,Maison,82,3.495302,50.357554
2025-756159,2025-07-01,Vente,2232909.2,34,RUE DES OEILLETS,596060000Z1008,Maison,82,3.495302,50.357554
2025-756160,2025-07-01,Vente,108500,10,RUE PIERRE FONTAINE,59606000AM0531,Maison,82,3.514854,50.367514
2025-756181,2025-07-01,Vente,190600,88,AV DES SPORTS,596060000S0242,Maison,62,3.528772,50.347381
2025-756191,2025-06-20,Vente,265000,309,AV DAMPIERRE,59606000AI0851,Appartement,12,3.504875,50.358082
2025-756191,2025-06-20,Vente,265000,309,AV DAMPIERRE,59606000AI0851,Appartement,14,3.504875,50.358082
2025-756191,2025-06-20,Vente,265000,309,AV DAMPIERRE,59606000AI0851,Appartement,14,3.504875,50.358082
2025-756191,2025-06-20,Vente,265000,309,AV DAMPIERRE,59606000AI0851,Appartement,11,3.504875,50.358082
2025-756191,2025-06-20,Vente,265000,309,AV DAMPIERRE,59606000AI0851,Appartement,12,3.504875,50.358082
2025-756191,2025-06-20,Vente,265000,309,AV DAMPIERRE,59606000AI0851,Appartement,9,3.504875,50.358082
2025-756191,2025-06-20,Vente,265000,309,AV DAMPIERRE,59606000AI0851,Appartement,14,3.504875,50.358082
2025-756191,2025-06-20,Vente,265000,309,AV DAMPIERRE,59606000AI0851,Appartement,6,3.504875,50.358082
2025-756194,2025-07-04,Vente,155000,7,RUE DE METZ,596060000R1079,Maison,110,3.514346,50.349002
2025-756218,2025-07-11,Vente,147000,36,RUE CLAUDIN LEJEUNE,596060000M0697,Appartement,59,3.527601,50.351755
2025-756231,2025-07-11,Vente,247000,41,RUE CHARLES QUINT,596060000K0089,Maison,79,3.533278,50.355104
2025-756267,2025-07-04,Vente,56000,46,RUE GAMBETTA,59606000AO0029,Maison,60,3.51713,50.3711
2025-756271,2025-07-09,Vente,94000,10,RES VAL CLAIR R S LEBOUCQ,59606000AT0801,Appartement,73,3.518261,50.356154
2025-756274,2025-07-11,Vente,173000,5,RUE CAPELLE,59606000AR0546,Maison,56,3.529826,50.360115
2025-756307,2025-07-15,Vente en l'état futur d'achèvement,216000,37,RUE DES POILUS,596060000Q0013,Appartement,61,3.517195,50.351578
2025-756332,2025-07-07,Vente,55000,34,AV FAIDHERBE,59606000AJ0843,Appartement,25,3.509414,50.354669
2025-756335,2025-07-04,Vente,80000,82,RUE DE LA CITADELLE,59606000AJ0534,Maison,75,3.507759,50.360509
2025-756379,2025-07-11,Vente,235000,1,RUE DE L ABREUVOIR,59606000AK0235,Appartement,50,3.514159,50.353674
2025-756379,2025-07-11,Vente,235000,1,RUE DE L ABREUVOIR,59606000AK0235,Appartement,25,3.514159,50.353674
2025-756379,2025-07-11,Vente,235000,1,RUE DE L ABREUVOIR,59606000AK0235,Appartement,28,3.514159,50.353674
2025-756379,2025-07-11,Vente,235000,1,RUE DE L ABREUVOIR,59606000AK0235,Appartement,30,3.514159,50.353674
2025-756379,2025-07-11,Vente,235000,1,RUE DE L ABREUVOIR,59606000AK0235,Appartement,32,3.514159,50.353674
2025-756384,2025-07-02,Vente,88000,9,RUE DELSAUX,59606000AW0133,Appartement,87,3.526288,50.357216
2025-756400,2025-07-18,Vente en l'état futur d'achèvement,153000,37,RUE DES POILUS,596060000Q0013,Appartement,45,3.517195,50.351578
2025-756413,2025-06-30,Vente,1400000,21,RUE DE LA LONGUE CHASSE,596060000A0053,Maison,84,3.533103,50.374248
2025-756413,2025-06-30,Vente,1400000,9,PL TAFFIN,59606000AG0008,Maison,133,3.4936,50.362906
2025-756413,2025-06-30,Vente,1400000,11,RUE SAUDEUR,59606000AL0229,Maison,64,3.511819,50.36595
2025-756413,2025-06-30,Vente,1400000,128,RUE DEPORTES DU TRAIN DE LOOS,59606000AT0119,Maison,86,3.517845,50.356575
2025-756413,2025-06-30,Vente,1400000,95,RUE PASTEUR,596060000E0055,Maison,70,3.534029,50.36506
2025-756414,2025-07-17,Vente,124500,6,RUE DES ROYES,596060000N0199,Appartement,57,3.52196,50.350199
2025-756415,2025-06-26,Vente,295000,2,RES WATTEAU R S MARMION,596060000K0126,Appartement,126,3.532711,50.357418
2025-756417,2025-07-18,Vente,110000,54,RUE MILHOMME,596060000K0125,Appartement,95,3.532833,50.356188
2025-756426,2025-07-01,Vente,76100,92,RUE DU QUESNOY,59606000AS0274,Appartement,29,3.527194,50.355718
2025-756452,2025-07-16,Vente,61000,26,RUE DADIER CTE LEBRUN,59606000AR0324,Maison,28,3.528775,50.361449
2025-756471,2025-07-10,Vente,65000,64,RUE EDMOND MEMBRE,59606000AQ1116,Maison,85,3.518097,50.360285
2025-756484,2025-07-10,Vente,145000,9001,RUE DU 10 SEPTEMBRE 1942,59606000AZ0146,Appartement,73,3.525584,50.365344
2025-756492,2025-07-11,Vente,140500,57,RUE SAUDEUR,59606000AL0300,Maison,84,3.511388,50.364919
2025-756553,2025-07-01,Vente,95000,14,PL DU COMMERCE,59606000AU0215,Appartement,117,3.522615,50.358051
2025-756582,2025-07-24,Vente,435000,12,RUE DAVID DESVACHEZ,596060000L0093,Maison,203,3.53306,50.354657
2025-756590,2025-07-08,Vente,175000,37,RUE DES RECOLLETS,59606000AQ0114,Maison,111,3.520193,50.358251
2025-756596,2025-07-28,Vente,151300,34,RUE DURIN,596060000M0278,Maison,93,3.532611,50.350387
2025-756612,2025-07-09,Vente,254000,36,RUE DU FAUBOURG DE PARIS,59606000AK0255,Maison,180,3.514074,50.35413
2025-756612,2025-07-09,Vente,254000,36,RUE DU FAUBOURG DE PARIS,59606000AK0255,Maison,180,3.514074,50.35413
2025-756733,2025-07-28,Vente,180000,7,BD LEOPOLD DEFAYS,596060000Z0017,Maison,93,3.493901,50.353145
2025-756749,2025-07-16,Vente,157900,135,RUE JEAN BART,59606000AI0332,Maison,84,3.503389,50.36397
2025-756762,2025-07-22,Vente,193500,1,RUE DE LA CITADELLE,59606000AJ0854,Appartement,72,3.511737,50.359067
2025-756763,2025-07-23,Vente,62000,45,AV DE LA TOURELLE,596060000R0465,Maison,57,3.522298,50.348718
2025-756768,2025-07-28,Vente,227000,9,RUE JEAN MERMOZ,596060000T0551,Maison,96,3.527365,50.342439
2025-756784,2025-07-29,Vente,105050,193,AV DE LIEGE,596060000F0071,Maison,91,3.54062,50.365607
2025-756794,2025-07-29,Vente,195000,179,CLOS POMMARD LE VIGNOBLE,59606000AY0245,Maison,106,3.495946,50.349277
2025-756803,2025-07-18,Vente,130000,81,RUE DE LA DIGUE RESID RUBENS,596060000P0304,Appartement,52,3.517633,50.353679
2025-756806,2025-07-18,Vente,7000,5,RUE POTTIER JAN,59606000AO0092,Maison,48,3.518374,50.371025
2025-756807,2025-07-23,Vente,73000,21,RUE VIEILLE POISSONNERIE,59606000AU0215,Appartement,73,3.522615,50.358051
2025-756821,2025-07-16,Vente,70000,13,RUE DADIER CTE LEBRUN,59606000AR0338,Maison,28,3.528486,50.361309
2025-756832,2025-07-30,Vente,175000,66,AV DE LIEGE,596060000E0277,Maison,137,3.535092,50.363022
2025-756862,2025-07-31,Vente,113000,72,RUE BAUDOUIN L EDIFIEUR,596060000M0697,Appartement,51,3.527601,50.351755
2025-756868,2025-07-04,Vente,131200,81,RUE DE LA DIGUE RESID RUBENS,596060000P0304,Appartement,55,3.517633,50.353679
2025-756907,2025-07-18,Vente,380000,11,RESIDENCE PIERRE SZEKELY,596060000G0129,Maison,158,3.540059,50.366728
2025-756995,2025-07-23,Vente,128000,6,BOULEVARD DES ALLIES,59606000AZ0132,Appartement,44,3.522416,50.365875
2025-756999,2025-07-29,Vente,39300,14,RUE JEAN BERNIER,596060000R1066,Appartement,19,3.515777,50.347711
2025-757000,2025-08-05,Vente,143000,6,AV DES SYCOMORES,596060000T0239,Maison,69,3.524876,50.344926
2025-757009,2025-07-25,Vente,82000,42,AV DU SENATEUR GIRARD,59606000AQ0633,Appartement,70,3.517928,50.362035
2025-757017,2025-07-24,Vente,77000,17,RUE CAHAUT,59606000AK0266,Appartement,35,3.515231,50.355499
2025-757034,2025-07-29,Vente,64500,18,RUE DES BRECHES,59606000AR0739,Appartement,24,3.530135,50.361352
2025-757069,2025-08-01,Vente,145000,9001,RES ST MICHEL RUE DE L EPAIX,596060000D0437,Appartement,75,3.534971,50.365706
2025-757072,2025-07-25,Vente,199000,6,RUE DE MONS,59606000AW0085,Appartement,61,3.52698,50.358128
2025-757080,2025-07-09,Vente,105000,30,RUE DE TINCHON,59606000AH0110,Maison,90,3.491482,50.362045
2025-757089,2025-07-10,Vente,70500,21,RUE THOLOZE,59606000AQ0623,Appartement,36,3.517946,50.362487
2025-757091,2025-07-29,Vente,94000,137,RUE HENRY DERYCKE LES TERTIALE,59606000AZ0144,Appartement,49,3.526504,50.364673
2025-757092,2025-07-30,Vente,146300,9,RUE EMMANUEL REY,59606000AL0537,Maison,94,3.513177,50.365383
2025-757103,2025-07-31,Vente,157000,35,AV VILLARS,59606000AJ0384,Appartement,60,3.509474,50.35787
2025-757103,2025-07-31,Vente,157000,35,AV VILLARS,59606000AJ0384,Appartement,59,3.509474,50.35787
2025-757107,2025-08-01,Vente,41400,112,RUE HENRI DURRE,59606000AJ0482,Appartement,37,3.507632,50.358579
2025-757116,2025-08-01,Vente,96500,7,RUE SAUDEUR,59606000AL0227,Maison,71,3.511843,50.366037
2025-757121,2025-07-18,Vente,207900,103,RUE SAUDEUR,59606000AL0353,Maison,185,3.511107,50.363855
2025-757122,2025-07-23,Vente,161000,74,RUE PASTEUR,596060000E0075,Maison,102,3.53434,50.364643
2025-757177,2025-08-07,Vente,385000,13,RUE DES MONNAYEURS,59606000AQ0665,Maison,255,3.519059,50.36334
2025-757186,2025-07-16,Vente,89500,69,RUE DU MARQUIS RES FLANDRES,596060000H0118,Appartement,49,3.54262,50.364852
2025-757189,2025-07-18,Vente,190000,7,RUE DE LA POSTE,59606000AU0269,Appartement,142,3.523634,50.359695
2025-757190,2025-07-23,Vente,118000,72,RUE BAUDOUIN L EDIFIEUR,596060000M0697,Appartement,53,3.527601,50.351755
2025-757195,2025-07-18,Vente,119000,18,RUE D ANZIN,59606000AG0066,Maison,69,3.496016,50.363825
2025-757221,2025-08-11,Vente,126000,62,RUE VEDRINES,596060000S0183,Maison,78,3.526848,50.345785
2025-757237,2025-07-28,Vente,196000,25,RUE DE L ABREUVOIR,59606000AK0118,Maison,113,3.513156,50.353616
2025-757244,2025-07-22,Vente,250000,18,AV DU GENERAL HORNE,596060000Q0220,Maison,163,3.521296,50.350611
2025-757256,2025-07-24,Vente,100000,10,CHE DES DAMES,596060000U0014,Maison,32,3.509962,50.342
2025-757259,2025-07-23,Vente,139000,5,RUE DE LA DELIVRANCE,59606000AJ0227,Maison,66,3.509846,50.354316
2025-757277,2025-08-07,Vente,198000,2,VC RES SALY RUE SIMON LEBOUCQ,59606000AT0910,Appartement,104,3.518612,50.355883
2025-757278,2025-08-11,Vente,110000,7,RUE DU MARQUIS,596060000I0146,Maison,77,3.541282,50.36249
2025-757279,2025-07-22,Vente,64000,3,AV D AMSTERDAM,59606000AR0740,Appartement,25,3.525667,50.359676
2025-757283,2025-07-22,Vente,97000,23,RUE DE LA PAIX,59606000AU0248,Appartement,59,3.524241,50.359474
2025-757284,2025-07-22,Vente,88500,1,RUE DE LA CITADELLE,59606000AJ0854,Appartement,38,3.511737,50.359067
2025-757285,2025-07-23,Vente,61100,6,RUE BAUDOUIN RES MARIN L MESLE,596060000M0490,Appartement,76,3.528375,50.350242
2025-757300,2025-08-05,Vente,97000,3,RUE THOLOZE,59606000AQ0587,Appartement,59,3.51926,50.361441
2025-757310,2025-07-08,Vente,100000,4,AV DESANDROUINS,59606000AI0508,Maison,92,3.504118,50.357217
2025-757329,2025-08-04,Vente,540400,44,RUE MILHOMME,596060000K0068,Maison,184,3.532565,50.35567
2025-757338,2025-08-12,Vente,132139,15,ENC LES LYS,59606000AB0251,Maison,85,3.491702,50.352265
2025-757342,2025-08-14,Vente,89000,125,AV FAIDHERBE,596060000Y0908,Appartement,45,3.505192,50.355325
2025-757371,2025-08-07,Vente,127000,76,RUE LOMPREZ,596060000Z0878,Maison,84,3.498291,50.356174
2025-757375,2025-08-06,Vente,75000,2,RUE DE LA POTERNE,59606000AR1088,Maison,108,3.528945,50.362391
2025-757377,2025-08-08,Vente,184500,2,RES WATTEAU R S MARMION,596060000K0126,Appartement,76,3.532711,50.357418
2025-757378,2025-08-07,Vente,29000,34,RUE DE LA LONGUE CHASSE,596060000C0175,Appartement,24,3.532645,50.372745
2025-757382,2025-08-08,Vente,134200,125,AV FAIDHERBE,596060000Y0908,Appartement,60,3.505192,50.355325
2025-757384,2025-08-08,Vente,383250,111,RUE SAINT GERY,59606000AR0184,Appartement,14,3.526658,50.360857
2025-757384,2025-08-08,Vente,383250,111,RUE SAINT GERY,59606000AR0184,Appartement,22,3.526658,50.360857
2025-757384,2025-08-08,Vente,383250,111,RUE SAINT GERY,59606000AR0184,Appartement,25,3.526658,50.360857
2025-757384,2025-08-08,Vente,383250,111,RUE SAINT GERY,59606000AR0184,Appartement,15,3.526658,50.360857
2025-757384,2025-08-08,Vente,383250,111,RUE SAINT GERY,59606000AR0184,Appartement,12,3.526658,50.360857
2025-757384,2025-08-08,Vente,383250,111,RUE SAINT GERY,59606000AR0184,Appartement,22,3.526658,50.360857
2025-757384,2025-08-08,Vente,383250,111,RUE SAINT GERY,59606000AR0184,Appartement,25,3.526658,50.360857
2025-757384,2025-08-08,Vente,383250,111,RUE SAINT GERY,59606000AR0184,Appartement,65,3.526658,50.360857
2025-757384,2025-08-08,Vente,383250,111,RUE SAINT GERY,59606000AR0184,Appartement,21,3.526658,50.360857
2025-757384,2025-08-08,Vente,383250,111,RUE SAINT GERY,59606000AR0184,Appartement,17,3.526658,50.360857
2025-757384,2025-08-08,Vente,383250,111,RUE SAINT GERY,59606000AR0184,Appartement,12,3.526658,50.360857
2025-757384,2025-08-08,Vente,383250,111,RUE SAINT GERY,59606000AR0184,Appartement,12,3.526658,50.360857
2025-757392,2025-08-08,Vente,45000,24,RUE SCHERER,59606000AJ0928,Maison,60,3.50623,50.358804
2025-757401,2025-08-13,Vente,80000,125,AV FAIDHERBE,596060000Y0908,Appartement,34,3.505192,50.355325
2025-757431,2025-08-18,Vente,84000,20,SEN DE LA PLACE D'ANZIN,59606000AF0413,Appartement,48,3.490147,50.368564
2025-757434,2025-08-14,Vente,87000,36,RUE J PERDRIX RES ARC EN CIEL,596060000J0619,Appartement,43,3.535788,50.353551
2025-757448,2025-08-04,Vente,95000,75,RUE PASTEUR,596060000E0045,Maison,80,3.533652,50.364782
2025-757485,2025-07-30,Vente,65000,1,RUE ERNEST HIOLLE RES POSIERE,596060000I0607,Appartement,25,3.533988,50.358259
2025-757491,2025-08-12,Vente,156000,98,RTE D AULNOY,596060000T0594,Maison,93,3.529307,50.341486
2025-757498,2025-08-25,Vente,151800,3,AV D AMSTERDAM,59606000AR0740,Appartement,78,3.525667,50.359676
2025-757501,2025-07-22,Vente,45000,16,RUE DES CAPUCINS,59606000AW0124,Appartement,29,3.52888,50.358798
2025-757518,2025-08-22,Vente,136500,19,RUE JEAN MERMOZ,596060000T0359,Maison,69,3.527992,50.342262
2025-757524,2025-08-13,Vente,115000,232,BD HARPIGNIES,59606000AZ0144,Appartement,54,3.526504,50.364673
2025-757524,2025-08-13,Vente,115000,1,RUE MAURICE RUFFIN,59606000AT1093,Appartement,56,3.518313,50.357323
2025-757526,2025-08-14,Vente,98000,64,RUE SAUDEUR,59606000AL0115,Maison,67,3.510687,50.364801
2025-757527,2025-08-11,Vente,120000,8,PL DE L ALGERIE,596060000Z0084,Maison,74,3.494882,50.354251
2025-757527,2025-08-11,Vente,120000,8,PL DE L ALGERIE,596060000Z0084,Maison,74,3.494882,50.354251
2025-757541,2025-08-21,Vente,55000,10,AV DU FAUBOURG DE CAMBRAI,596060000R1014,Appartement,35,3.514528,50.346267
2025-757573,2025-08-27,Vente,100000,51,AV FAIDHERBE,596060000Y0336,Maison,103,3.507596,50.354585
2025-757576,2025-08-22,Vente,133000,37,RUE CASIMIR PERIER,596060000Z0311,Maison,80,3.496583,50.35617
2025-757615,2025-08-19,Vente,130000,37,CHE DE PROUVY,596060000Y0457,Maison,65,3.50101,50.353465
2025-757619,2025-08-20,Vente,58000,24,RUE JEAN BONMARCHE,596060000N0198,Appartement,31,3.525905,50.350658
2025-757650,2025-08-28,Vente,72500,49,RUE DE LA DIGUE,596060000P0303,Appartement,33,3.518831,50.353247
2025-757665,2025-08-13,Vente,78300,119,RUE SAINT GERY,59606000AR0788,Appartement,32,3.526685,50.36104
2025-757687,2025-08-22,Vente,150000,3,RUE DE JEMMAPES,59606000AR0859,Appartement,64,3.526951,50.363513
2025-757712,2025-08-29,Vente,43500,56,RUE MILHOMME,596060000K0148,Appartement,19,3.533135,50.356684
2025-757757,2025-08-30,Vente,90500,90,RUE GAMBETTA,59606000AN0029,Maison,84,3.515417,50.369805
2025-757777,2025-08-22,Vente en l'état futur d'achèvement,181987.5,26,CHE DU HALAGE,59606000AP0243,Appartement,70,3.517353,50.36716
2025-757791,2025-09-01,Vente,103000,71,RUE JEAN BART,59606000AI0302,Maison,72,3.505368,50.363187
2025-757819,2025-09-03,Vente,179000,4,AV SAINT ROCH,596060000E0158,Maison,130,3.534381,50.363504
2025-757825,2025-08-26,Vente,66200,1,BD DE LA LIBERTE RES AUTEUIL,59606000AG0519,Appartement,50,3.497184,50.363719
2025-757826,2025-08-26,Vente,45000,18,RUE PERCEPAIN,59606000AR0841,Appartement,19,3.523925,50.362234
2025-757836,2025-09-02,Vente,295580,53,RUE DE PARIS,59606000AQ0131,Appartement,20,3.521245,50.359048
2025-757836,2025-09-02,Vente,295580,53,RUE DE PARIS,59606000AQ0131,Appartement,20,3.521245,50.359048
2025-757836,2025-09-02,Vente,295580,53,RUE DE PARIS,59606000AQ0131,Appartement,20,3.521245,50.359048
2025-757836,2025-09-02,Vente,295580,53,RUE DE PARIS,59606000AQ0131,Appartement,20,3.521245,50.359048
2025-757850,2025-08-21,Vente,70000,23,RUE ROUGEVILLE RES SAINT ROCH,596060000D0463,Appartement,47,3.533286,50.369406
2025-757868,2025-09-05,Vente,200000,60,AV DE SAINT-AMAND,59606000AM0407,Appartement,214,3.511246,50.366916
2025-757868,2025-09-05,Vente,200000,60,AV DE SAINT-AMAND,59606000AM0407,Appartement,26,3.511246,50.366916
2025-757868,2025-09-05,Vente,200000,60,AV DE SAINT-AMAND,59606000AM0407,Appartement,24,3.511246,50.366916
2025-757868,2025-09-05,Vente,200000,60,AV DE SAINT-AMAND,59606000AM0407,Appartement,34,3.511246,50.366916
2025-757872,2025-09-08,Vente,112000,5,RUE ERNEST HIOLLE RES LAPRADE,596060000I0606,Appartement,47,3.534734,50.358249
2025-757887,2025-09-09,Vente,72000,8,RUE DADIER CTE LEBRUN,59606000AR0315,Maison,24,3.528826,50.361429
2025-757889,2025-08-27,Vente,245000,8,PL VERTE,59606000AW0218,Appartement,100,3.527909,50.357203
2025-757921,2025-09-02,Vente,213000,14,RUE DES FLORALIES,596060000I0463,Appartement,103,3.533509,50.360055
2025-757959,2025-08-25,Vente,102600,49,RUE DE LA DIGUE,596060000P0303,Appartement,50,3.518831,50.353247
2025-758036,2025-09-03,Vente en l'état futur d'achèvement,155000,26,CHE DU HALAGE,59606000AP0243,Appartement,63,3.517353,50.36716
2025-758044,2025-08-21,Vente,40000,38,RUE DU VERT GAZON,596060000W0266,Maison,78,3.508566,50.347503
2025-758064,2025-09-04,Vente,110000,2,RUE DES PORCHELETS,59606000AQ0031,Appartement,63,3.51779,50.358757
2025-758067,2025-09-01,Vente,238785,14,ALL DES CEPAGES LE VIGNOBLE,59606000AY0451,Maison,93,3.497192,50.348669
2025-758068,2025-09-01,Vente,153000,8,RUE CASIMIR PERIER,596060000Z0337,Maison,118,3.497222,50.357541
2025-758085,2025-09-10,Vente,124346,12,RUE DU COLLEGE,596060000E0006,Appartement,46,3.530942,50.363142
2025-758107,2025-09-12,Vente,55900,16,RUE JEAN BERNIER,596060000R1066,Appartement,33,3.515777,50.347711
2025-758131,2025-09-12,Vente,54060,26,BD WATTEAU RES LA RHONELLE,59606000AS0493,Appartement,41,3.529369,50.355339
2025-758137,2025-09-15,Vente,130000,81,RUE DE LA DIGUE RESID RUBENS,596060000P0304,Appartement,59,3.517633,50.353679
2025-758146,2025-07-25,Vente,42990,16,RUE JEAN BERNIER,596060000R1066,Appartement,20,3.515777,50.347711
2025-758158,2025-08-29,Vente,250000,7,RUE DES FOULONS,59606000AT0519,Maison,124,3.523092,50.355832
2025-758161,2025-09-12,Vente,200000,3,RUE GUSTAVE CRAUK,59606000AS0469,Maison,127,3.527715,50.354161
2025-758170,2025-09-08,Vente,35000,30,RUE DUPONCHEL,59606000AO0155,Maison,56,3.518728,50.370795
2025-758208,2025-08-26,Vente,67000,4,RUE CH BRARD RES LES TANINS,59606000AB0169,Appartement,33,3.495532,50.351113
2025-758241,2025-09-12,Vente,65000,30,RUE DES RECOLLETS,59606000AQ0796,Appartement,40,3.520558,50.358478
2025-758254,2025-09-12,Vente,35000,11,RUE SALLE LE COMTE,59606000AR0166,Appartement,20,3.528258,50.36249
2025-758264,2025-09-12,Vente,50000,320,BD HARPIGNIES,59606000AZ0056,Appartement,18,3.524966,50.364608
2025-758273,2025-09-15,Vente,134700,18,RUE DU ROLEUR,596060000I0064,Maison,106,3.536985,50.362967
2025-758278,2025-09-17,Vente,98000,9001,LE VIGNOBLE RES DIANE,59606000AB0479,Appartement,72,3.494095,50.350626
2025-758319,2025-09-10,Vente,238000,79,AV DE VERDUN,596060000J0064,Maison,87,3.536157,50.352683
2025-758334,2025-09-15,Vente,215000,3,RUE THIERS,596060000Z0191,Maison,82,3.501679,50.356858
2025-758345,2025-09-18,Vente,120500,125,AV FAIDHERBE,596060000Y0908,Appartement,56,3.505192,50.355325
2025-758346,2025-09-23,Vente,130000,23,RUE JULES DELSART,59606000AM0075,Maison,100,3.512623,50.367465
2025-758390,2025-08-28,Vente,145000,11,RUE PIERRE LOTI,596060000Y0410,Maison,84,3.504421,50.353086
2025-758392,2025-08-29,Vente,190000,56,RUE DE PARIS,59606000AQ1035,Appartement,89,3.520392,50.359593
2025-758396,2025-08-28,Vente,85000,42,AV DU SENATEUR GIRARD,59606000AQ0634,Appartement,49,3.517889,50.36197
2025-758418,2025-09-03,Vente,161800,9002,RUE ESCADRILLE DES CIGOGNES,596060000T0704,Maison,65,3.526155,50.344668
2025-758423,2025-09-12,Vente,148700,11,FG SAINT CATH 30 RES TOURELLE,596060000Q0199,Maison,66,3.519357,50.351052
2025-758474,2025-09-04,Vente,125000,33,RUE ALPHONSE TERROIR,596060000U0377,Maison,75,3.511104,50.342322
2025-758481,2025-09-23,Vente,84000,4,RUE JEHAN MOLINET,59606000AR0304,Maison,54,3.528418,50.361239
2025-758505,2025-09-01,Vente,149500,28,CLOS DES BLEUETS,59606000AC0193,Maison,82,3.487747,50.359077
2025-758539,2025-09-29,Vente,255000,40,AV DU SERGENT CAIRNS,596060000N0031,Appartement,18,3.523831,50.350198
2025-758539,2025-09-29,Vente,255000,40,AV DU SERGENT CAIRNS,596060000N0031,Appartement,18,3.523831,50.350198
2025-758539,2025-09-29,Vente,255000,40,AV DU SERGENT CAIRNS,596060000N0031,Appartement,15,3.523831,50.350198
2025-758539,2025-09-29,Vente,255000,40,AV DU SERGENT CAIRNS,596060000N0031,Appartement,21,3.523831,50.350198
2025-758539,2025-09-29,Vente,255000,40,AV DU SERGENT CAIRNS,596060000N0031,Appartement,20,3.523831,50.350198
2025-758539,2025-09-29,Vente,255000,40,AV DU SERGENT CAIRNS,596060000N0031,Appartement,22,3.523831,50.350198
2025-758540,2025-09-05,Vente,285500,64,AV DE LIEGE,596060000E0276,Maison,155,3.535022,50.362988
2025-758544,2025-09-04,Vente,72500,65,AV VILLARS,59606000AJ0079,Appartement,50,3.5071,50.35731
2025-758558,2025-09-15,Vente,133000,10,PASSAGE DES CORDELIERS,59606000AR0915,Maison,75,3.523342,50.361638
2025-758573,2025-09-30,Vente,33000,13,AV DESANDROUINS CORON HUREZ,59606000AH0322,Maison,58,3.495835,50.360712
2025-758575,2025-09-17,Vente,65000,27,RUE JACQUES PERDRIX,596060000J0101,Maison,89,3.535346,50.354529
2025-758593,2025-09-26,Vente,68000,125,AV FAIDHERBE,596060000Y0908,Appartement,30,3.505192,50.355325
2025-758598,2025-09-17,Vente,382000,98,RUE DU QUESNOY,59606000AS0271,Appartement,30,3.527299,50.355557
2025-758598,2025-09-17,Vente,382000,98,RUE DU QUESNOY,59606000AS0271,Appartement,79,3.527299,50.355557
2025-758598,2025-09-17,Vente,382000,98,RUE DU QUESNOY,59606000AS0271,Appartement,21,3.527299,50.355557
2025-758598,2025-09-17,Vente,382000,98,RUE DU QUESNOY,59606000AS0271,Appartement,24,3.527299,50.355557
2025-758598,2025-09-17,Vente,382000,98,RUE DU QUESNOY,59606000AS0271,Appartement,24,3.527299,50.355557
2025-758632,2025-09-30,Vente,89000,1,RUE ERNEST HIOLLE RES POSIERE,596060000I0607,Appartement,32,3.533988,50.358259
2025-758666,2025-09-26,Vente,155000,42,RUE HENRI DURRE,59606000AJ0568,Maison,71,3.50871,50.360844
2025-758681,2025-09-18,Vente,205000,141,CLOS VOUVRAY LE VIGNOBLE,59606000AY0141,Maison,95,3.500066,50.350129
2025-758684,2025-10-02,Vente,76000,37,RUE DU ROLEUR,596060000I0091,Maison,65,3.537686,50.363255
2025-758690,2025-09-30,Vente,80000,52,RUE LOMPREZ,596060000Z0220,Maison,76,3.500143,50.35626
2025-758699,2025-09-05,Vente,83000,137,RUE HENRY DERYCKE LES TERTIALE,59606000AZ0144,Appartement,48,3.526504,50.364673
2025-758707,2025-09-04,Vente,143940,137,RUE HENRY DERYCKE LES TERTIALE,59606000AZ0144,Appartement,64,3.526504,50.364673
2025-758708,2025-09-04,Vente,98900,232,BD HARPIGNIES,59606000AZ0144,Appartement,48,3.526504,50.364673
2025-758732,2025-09-10,Vente,131000,12,RUE FBG DE CAMBRAI IMP CORBEAU,596060000R0230,Maison,82,3.514907,50.346796
2025-758736,2025-09-09,Vente,139000,44,RUE DU JOLIMETZ,596060000W0097,Maison,84,3.5118,50.350892
2025-758744,2025-09-29,Vente,85000,16,RUE PIERRE WARIN,59606000AF0237,Maison,67,3.492761,50.363289
2025-758759,2025-09-30,Vente,88000,10,AV DU FAUBOURG DE CAMBRAI,596060000R1014,Appartement,57,3.514528,50.346267
2025-758762,2025-09-05,Vente,123500,8,RUE THIERS,596060000Z0373,Maison,72,3.50131,50.357114
2025-758768,2025-10-01,Vente,408500,54,RUE DE LILLE,59606000AR1094,Appartement,171,3.523377,50.361431
2025-758775,2025-09-24,Vente,69000,15,RUE CHARLES LAMONINARY,59606000AD0540,Maison,54,3.482737,50.358826
2025-758784,2025-09-18,Vente,165000,33,BD CARPEAUX,596060000N0084,Maison,180,3.524057,50.351888
2025-758786,2025-09-24,Vente,233500,23,AV DE VERDUN,596060000J0002,Maison,135,3.532527,50.353547
2025-758817,2025-09-18,Vente,270000,2,RUE DAVAINE,59606000AR0001,Appartement,15,3.523521,50.364181
2025-758817,2025-09-18,Vente,270000,2,RUE DAVAINE,59606000AR0001,Appartement,16,3.523521,50.364181
2025-758817,2025-09-18,Vente,270000,2,RUE DAVAINE,59606000AR0001,Appartement,16,3.523521,50.364181
2025-758817,2025-09-18,Vente,270000,2,RUE DAVAINE,59606000AR0001,Appartement,14,3.523521,50.364181
2025-758817,2025-09-18,Vente,270000,2,RUE DAVAINE,59606000AR0001,Appartement,11,3.523521,50.364181
2025-758817,2025-09-18,Vente,270000,2,RUE DAVAINE,59606000AR0001,Appartement,15,3.523521,50.364181
2025-758817,2025-09-18,Vente,270000,2,RUE DAVAINE,59606000AR0001,Appartement,16,3.523521,50.364181
2025-758817,2025-09-18,Vente,270000,2,RUE DAVAINE,59606000AR0001,Appartement,16,3.523521,50.364181
2025-758817,2025-09-18,Vente,270000,2,RUE DAVAINE,59606000AR0001,Appartement,14,3.523521,50.364181
2025-758817,2025-09-18,Vente,270000,2,RUE DAVAINE,59606000AR0001,Appartement,11,3.523521,50.364181
2025-758817,2025-09-18,Vente,270000,2,RUE DAVAINE,59606000AR0001,Appartement,29,3.523521,50.364181
2025-758817,2025-09-18,Vente,270000,2,RUE DAVAINE,59606000AR0001,Appartement,16,3.523521,50.364181
2025-758823,2025-09-26,Vente,167000,5,RUE CHARLES QUINT,596060000L0064,Maison,84,3.532206,50.353781
2025-758848,2025-10-06,Vente,54000,1,RUE DES CHAUDRONS,59606000AQ0056,Appartement,35,3.518893,50.35852
2025-758850,2025-09-29,Vente,97000,125,AV FAIDHERBE,596060000Y0908,Appartement,48,3.505192,50.355325
2025-758854,2025-10-02,Vente,90000,184,AV DE LIEGE RES J BREL,596060000H0117,Appartement,54,3.541944,50.365267
2025-758858,2025-10-01,Vente,125000,22,BD CARPEAUX,59606000AS0008,Appartement,51,3.525385,50.352884
2025-758860,2025-10-04,Vente,125000,20,SEN DE LA PLACE D'ANZIN,59606000AF0413,Appartement,64,3.490147,50.368564
2025-758893,2025-09-12,Vente,120000,46,PL D ARMES,59606000AV0325,Appartement,70,3.524399,50.358677
2025-758896,2025-09-15,Vente,168350,84,RUE DURIN,596060000M0632,Appartement,76,3.534138,50.349533
2025-758942,2025-09-30,Vente,142000,8,RUE CLAUDIN LEJEUNE,596060000N0202,Appartement,59,3.525256,50.350731
2025-758946,2025-10-09,Vente,144000,23,RUE DU MARQUIS,596060000I0124,Maison,88,3.541061,50.363354
2025-758946,2025-10-09,Vente,144000,23,RUE DU MARQUIS,596060000I0124,Maison,88,3.541061,50.363354
2025-758972,2025-10-01,Vente,157100,41,RUE D ANZIN,59606000AG0533,Maison,93,3.496553,50.365028
2025-759005,2025-09-30,Vente,350000,9,RUE DE LA CHASSE ROYALE,596060000Z0902,Appartement,30,3.495706,50.353171
2025-759005,2025-09-30,Vente,350000,9,RUE DE LA CHASSE ROYALE,596060000Z0902,Appartement,42,3.495706,50.353171
2025-759005,2025-09-30,Vente,350000,9,RUE DE LA CHASSE ROYALE,596060000Z0902,Appartement,20,3.495706,50.353171
2025-759005,2025-09-30,Vente,350000,9,RUE DE LA CHASSE ROYALE,596060000Z0902,Appartement,32,3.495706,50.353171
2025-759005,2025-09-30,Vente,350000,9,RUE DE LA CHASSE ROYALE,596060000Z0902,Appartement,23,3.495706,50.353171
2025-759021,2025-09-17,Vente,118000,22,BD CARPEAUX,59606000AS0008,Appartement,51,3.525385,50.352884
2025-759027,2025-09-26,Vente,122000,9003,RES ST MICHEL AVE ST ROCH,596060000D0437,Appartement,70,3.534971,50.365706
2025-759048,2025-10-10,Vente,70000,31,RUE GUYNEMER,596060000S0301,Maison,63,3.528714,50.346247
2025-759067,2025-09-18,Vente,233830,64,RUE DE LA CITADELLE,59606000AJ0584,Maison,109,3.509081,50.36026
2025-759076,2025-09-19,Vente,62000,4,AV DU MARECHAL FOCH,59606000AQ0661,Appartement,37,3.519395,50.363148
2025-759086,2025-10-03,Vente,36000,34,RUE DE LA LONGUE CHASSE,596060000C0175,Appartement,25,3.532645,50.372745
2025-759121,2025-09-18,Vente,116100,8,RUE DE LA BARRE COUR LEFEVER,59606000AT0684,Maison,60,3.52305,50.35358
2025-759130,2025-09-30,Vente,318950,55,RUE MILHOMME,596060000K0153,Maison,78,3.53215,50.356331
2025-759181,2025-10-09,Vente,72000,13,RUE JEAN BONMARCHE,596060000M0006,Appartement,47,3.526413,50.35105
2025-759199,2025-10-01,Vente,198800,19,PL D ARMES,59606000AU0215,Appartement,115,3.522615,50.358051
2025-759204,2025-10-13,Vente,394870,19,RUE MILHOMME,596060000L0116,Maison,23,3.531028,50.354493
2025-759204,2025-10-13,Vente,394870,19,RUE MILHOMME,596060000L0116,Maison,112,3.531028,50.354493
2025-759208,2025-10-06,Vente,148500,18,RUE SAINT PIERRE,596060000D0364,Maison,85,3.534436,50.368348
2025-759215,2025-10-13,Vente,145000,16,RUE DE LA PAIX,59606000AV0190,Appartement,82,3.525024,50.359185
2025-759219,2025-09-30,Vente,25000,15,RUE FERRAND,59606000AQ1122,Appartement,37,3.517801,50.360098
2025-759219,2025-09-30,Vente,25000,15,RUE FERRAND,59606000AQ1122,Appartement,37,3.517801,50.360098
2025-759230,2025-10-08,Vente,153000,1,RUE SAINT JEAN,59606000AU0080,Appartement,64,3.521476,50.358961
2025-759232,2025-10-10,Vente,93000,13,RUE SCHERER,59606000AJ0070,Maison,90,3.507616,50.35833
2025-759234,2025-10-20,Vente,70000,56,AV DE VERDUN,596060000M0104,Maison,90,3.534488,50.352571
2025-759251,2025-10-01,Vente,83000,709,BD HARPIGNIES,59606000AQ0825,Maison,28,3.519484,50.364566
2025-759274,2025-10-15,Vente,70000,33,RUE DELSAUX,59606000AS0247,Appartement,39,3.525187,50.355766
2025-759302,2025-10-18,Vente,172000,33,RUE DE ROMAINVILLE,596060000J0784,Appartement,73,3.536493,50.35455
2025-759317,2025-09-29,Vente,60750,1,RUE DES CHAUDRONS,59606000AQ0056,Appartement,35,3.518893,50.35852
2025-759320,2025-09-29,Vente,263100,84,AV DE DENAIN,596060000Z0772,Maison,106,3.5003,50.355263
2025-759326,2025-10-22,Vente,152500,21,RUE DES BAJEUX,596060000J0380,Maison,71,3.537301,50.355892
2025-759352,2025-09-24,Vente,158800,17,AV DENTELLIERE RES CATHERINE,59606000AT0928,Appartement,72,3.520249,50.356086
2025-759353,2025-09-24,Vente,191200,35,RUE CHARLES QUINT,596060000L0131,Maison,105,3.532856,50.354539
2025-759357,2025-10-03,Vente,64000,2,RUE DU PROFOND SENS,59606000AS0298,Maison,100,3.527913,50.356634
2025-759449,2025-09-29,Vente,65000,25,RUE EDMOND MEMBRE,59606000AQ0965,Appartement,32,3.51848,50.360207
2025-759449,2025-09-29,Vente,65000,25,RUE EDMOND MEMBRE,59606000AQ0965,Appartement,15,3.51848,50.360207
2025-759465,2025-10-21,Vente en l'état futur d'achèvement,161767,26,CHE DU HALAGE,59606000AP0243,Appartement,63,3.517353,50.36716
2025-759467,2025-10-08,Vente,115000,49,AV DE LA PLAINE,59606000AH0727,Maison,71,3.490817,50.358245
2025-759477,2025-10-23,Vente en l'état futur d'achèvement,214000,37,RUE DES POILUS,596060000Q0013,Appartement,84,3.517195,50.351578
2025-759516,2025-10-17,Vente,400000,95,RUE DU QUESNOY,59606000AS0441,Appartement,32,3.527556,50.356031
2025-759516,2025-10-17,Vente,400000,95,RUE DU QUESNOY,59606000AS0441,Appartement,50,3.527556,50.356031
2025-759516,2025-10-17,Vente,400000,95,RUE DU QUESNOY,59606000AS0441,Appartement,69,3.527556,50.356031
2025-759516,2025-10-17,Vente,400000,95,RUE DU QUESNOY,59606000AS0441,Appartement,9,3.527556,50.356031
2025-759516,2025-10-17,Vente,400000,95,RUE DU QUESNOY,59606000AS0441,Appartement,21,3.527556,50.356031
2025-759516,2025-10-17,Vente,400000,95,RUE DU QUESNOY,59606000AS0441,Appartement,23,3.527556,50.356031
2025-759516,2025-10-17,Vente,400000,95,RUE DU QUESNOY,59606000AS0441,Appartement,23,3.527556,50.356031
2025-759516,2025-10-17,Vente,400000,95,RUE DU QUESNOY,59606000AS0441,Appartement,29,3.527556,50.356031
2025-759516,2025-10-17,Vente,400000,95,RUE DU QUESNOY,59606000AS0441,Appartement,37,3.527556,50.356031
2025-759516,2025-10-17,Vente,400000,95,RUE DU QUESNOY,59606000AS0441,Appartement,37,3.527556,50.356031
2025-759521,2025-10-17,Vente,248000,68,AV VAUBAN,59606000AL0059,Maison,146,3.509827,50.363068
2025-759525,2025-10-24,Vente,141000,30,BD DES BRUYERES,59606000AH1065,Maison,118,3.49302,50.357252
2025-759536,2025-10-08,Vente,120000,49,RUE DE LA DIGUE,596060000P0303,Appartement,49,3.518831,50.353247
2025-759547,2025-10-13,Vente,89000,62,RUE DU QUESNOY,59606000AW0134,Appartement,48,3.526173,50.356987
2025-759555,2025-10-20,Vente,120000,9,RUE DE LA LONGUE CHASSE,596060000C0108,Maison,91,3.531899,50.373335
2025-759567,2025-07-30,Vente,116500,72,RUE BAUDOUIN L EDIFIEUR,596060000M0697,Appartement,51,3.527601,50.351755
2025-759568,2025-10-24,Vente,31850,16,RUE JEAN BERNIER,596060000R1066,Appartement,20,3.515777,50.347711
2025-759622,2025-10-21,Vente,17000,34,RUE DE LA LONGUE CHASSE,596060000C0175,Appartement,21,3.532645,50.372745
2025-759623,2025-10-10,Vente,165000,9011,RUE DU 10 SEPTEMBRE 1942,59606000AZ0122,Appartement,69,3.525465,50.365574
2025-759633,2025-10-03,Vente,138000,14,RUE DES GODETS,59606000AQ0176,Maison,54,3.518329,50.359047
2025-759640,2025-10-09,Vente,125000,6,RUE CORNEILLE THEUNISSEN,596060000J0775,Appartement,63,3.53978,50.359202
2025-759697,2025-09-23,Vente,120000,9,RUE FERRAND,59606000AQ1017,Appartement,92,3.518386,50.359829
2025-759706,2025-10-15,Vente,113200,232,BD HARPIGNIES,59606000AZ0144,Appartement,48,3.526504,50.364673
2025-759727,2025-10-10,Vente,39500,34,RUE DE LA LONGUE CHASSE,596060000C0175,Appartement,25,3.532645,50.372745
2025-759745,2025-10-10,Vente,40000,8,RUE DU PONT NEUF,59606000AR0151,Appartement,43,3.526,50.361034
2025-759748,2025-11-03,Vente,50000,46,AV DU SENATEUR GIRARD,59606000AQ0631,Appartement,31,3.517899,50.362154
2025-759755,2025-11-03,Vente,60000,46,AV DU SENATEUR GIRARD,59606000AQ0631,Appartement,36,3.517899,50.362154
2025-759770,2025-10-16,Vente,365500,78,CLOS MARGAUX LE VIGNOBLE,596060000Z0795,Maison,158,3.496547,50.352287
2025-759779,2025-10-29,Vente,107500,184,AV DE LIEGE RES J BREL,596060000H0117,Appartement,54,3.541944,50.365267
2025-759787,2025-10-27,Vente,72500,11,RUE DES GLATIGNIES,59606000AT1059,Appartement,35,3.517569,50.357927
2025-759790,2025-10-23,Vente,180000,63,RUE PEGOUD,596060000S0474,Maison,133,3.529804,50.344755
2025-759790,2025-10-23,Vente,180000,63,RUE PEGOUD,596060000S0474,Maison,133,3.529804,50.344755
2025-759791,2025-10-24,Vente,119000,66,AV FAIDHERBE,59606000AJ0691,Maison,82,3.507908,50.355048
2025-759806,2025-10-06,Vente,47500,320,BD HARPIGNIES,59606000AZ0056,Appartement,18,3.524966,50.364608
2025-759809,2025-10-14,Vente,170000,8,RUE CLAUDIN LEJEUNE,596060000N0202,Appartement,71,3.525256,50.350731
2025-759820,2025-10-31,Vente,144500,6,PL DE L HOPITAL GENERAL,59606000AR0912,Appartement,42,3.5267,50.362732
2025-759825,2025-10-15,Vente,138000,15,RUE CHARLES TAUCHON,59606000AH0402,Maison,93,3.496573,50.360052
2025-759827,2025-10-14,Vente,86500,12,AV GEORGES CLEMENCEAU,59606000AU0314,Appartement,96,3.522104,50.359712
2025-759845,2025-10-16,Vente,269200,20,ALL DES CEPAGES LE VIGNOBLE,59606000AY0512,Maison,104,3.497774,50.348934
2025-759923,2025-10-29,Vente,259350,147,AV DE LIEGE,596060000F0184,Appartement,85,3.538775,50.365238
2025-759937,2025-10-30,Vente,135000,6,RUE BAUDOUIN RES MARIN L MESLE,596060000M0490,Appartement,66,3.528375,50.350242
2025-759956,2025-11-04,Vente,135000,12,RUE LEON DUBLED,59606000AB0159,Maison,125,3.4914,50.35169
2025-759958,2025-10-22,Vente,120000,40,RUE MALPLAQUET,596060000Y0381,Maison,78,3.507731,50.352638
2025-759977,2025-10-16,Vente,30000,6,RUE DES MONNAYEURS,59606000AQ0873,Appartement,25,3.518829,50.363806
2025-759979,2025-10-16,Vente,97000,43,RUE JEAN BAPTISTE COROT,59606000AC0389,Maison,94,3.485919,50.35449
2025-759999,2025-10-15,Vente,111600,16,AV ALBERT 1ER,59606000AV0151,Appartement,88,3.525612,50.358451
2025-760049,2025-10-21,Vente,245000,10,RUE BAUDOUIN IMP COURTIN,596060000M0061,Maison,130,3.531294,50.352347
2025-760063,2025-10-28,Vente,75000,2,RUE FRATERNITE RES VINCENNES,59606000AG0519,Appartement,55,3.497184,50.363719
2025-760064,2025-10-24,Vente,90000,7,PL TAFFIN,59606000AG0007,Maison,72,3.493559,50.362864
2025-760098,2025-11-14,Vente,78704,69,RUE DU MARQUIS RES FLANDRES,596060000H0118,Appartement,48,3.54262,50.364852
2025-760131,2025-10-30,Vente,180000,10,RUE DES CYTISES,596060000T0922,Maison,89,3.522717,50.343943
2025-760162,2025-10-29,Vente,183333.33,1,RUE LOUIS SERBAT,596060000I0693,Appartement,59,3.531998,50.361033
2025-760193,2025-10-30,Vente,196000,27,AV DU SERGENT CAIRNS,596060000N0120,Maison,114,3.524648,50.350501
2025-760303,2025-10-31,Vente,102000,36,ENC J PHILIPPE RAMEAU,59606000AC0360,Maison,94,3.484934,50.355582
2025-760305,2025-10-31,Vente,200000,19,RUE DAVID DESVACHEZ,596060000K0090,Appartement,43,3.533062,50.355022
2025-760305,2025-10-31,Vente,200000,19,RUE DAVID DESVACHEZ,596060000K0090,Appartement,40,3.533062,50.355022
2025-760305,2025-10-31,Vente,200000,19,RUE DAVID DESVACHEZ,596060000K0090,Appartement,51,3.533062,50.355022
2025-760306,2025-11-20,Vente,120000,39,RUE RENE GEORGES,596060000R0468,Maison,52,3.522465,50.348983
2025-760342,2025-10-24,Vente,172000,26,RUE MICHEL DUCHAUSSOY,59606000AH1669,Maison,82,3.493989,50.359006
2025-760345,2025-10-27,Vente,49000,8,RES VAL CLAIR R S LEBOUCQ,59606000AT0801,Appartement,24,3.518261,50.356154
2025-760359,2025-10-31,Vente,176500,321,AV DAMPIERRE,59606000AI0067,Appartement,43,3.504616,50.357767
2025-760359,2025-10-31,Vente,176500,321,AV DAMPIERRE,59606000AI0067,Appartement,42,3.504616,50.357767
2025-760362,2025-10-23,Vente,83500,3,RUE DES VIVIERS,59606000AT1053,Appartement,22,3.521457,50.356101
2025-760385,2025-10-31,Vente,80000,231,AV DE DENAIN CORON FRANCART,59606000AB0883,Appartement,33,3.491192,50.350294
2025-760385,2025-10-31,Vente,80000,231,AV DE DENAIN CORON FRANCART,59606000AB0883,Appartement,20,3.491192,50.350294
2025-760385,2025-10-31,Vente,80000,231,AV DE DENAIN CORON FRANCART,59606000AB0883,Appartement,24,3.491192,50.350294
2025-760385,2025-10-31,Vente,80000,231,AV DE DENAIN CORON FRANCART,59606000AB0883,Appartement,20,3.491192,50.350294
2025-760393,2025-11-19,Vente,149000,1,RUE GUSTAVE CRAUK,59606000AS0173,Appartement,33,3.527592,50.354183
2025-760394,2025-10-30,Vente,122250,9,AV TOURELLE CHEM PARTICULIER,596060000R0421,Maison,55,3.52144,50.348115
2025-760412,2025-10-31,Vente,331500,16,RUE FLEURIE,59606000AI0231,Maison,155,3.506236,50.361965
2025-760437,2025-10-31,Vente,264000,21,PL DU HUIT MAI 1945,59606000AT1122,Appartement,48,3.518972,50.357103
2025-760437,2025-10-31,Vente,264000,21,PL DU HUIT MAI 1945,59606000AT1122,Appartement,42,3.518972,50.357103
2025-760437,2025-10-31,Vente,264000,21,PL DU HUIT MAI 1945,59606000AT1122,Appartement,68,3.518972,50.357103
2025-760437,2025-10-31,Vente,264000,21,PL DU HUIT MAI 1945,59606000AT1122,Appartement,57,3.518972,50.357103
2025-760437,2025-10-31,Vente,264000,21,PL DU HUIT MAI 1945,59606000AT1122,Appartement,45,3.518972,50.357103
2025-760454,2025-11-21,Vente en l'état futur d'achèvement,165283,26,CHE DU HALAGE,59606000AP0243,Appartement,68,3.517353,50.36716
2025-760457,2025-11-14,Vente,165000,44,RUE DE L ABBE VICTOR SENEZ,59606000AQ1095,Appartement,28,3.519507,50.361037
2025-760457,2025-11-14,Vente,165000,44,RUE DE L ABBE VICTOR SENEZ,59606000AQ1095,Appartement,50,3.519507,50.361037
2025-760457,2025-11-14,Vente,165000,44,RUE DE L ABBE VICTOR SENEZ,59606000AQ1095,Appartement,50,3.519507,50.361037
2025-760488,2025-11-04,Vente,95000,48,RUE DELSAUX,59606000AT0554,Appartement,24,3.52462,50.35568
2025-760488,2025-11-04,Vente,95000,48,RUE DELSAUX,59606000AT0554,Appartement,37,3.52462,50.35568
2025-760491,2025-11-19,Vente,54000,69,RUE DU MARQUIS RES FLANDRES,596060000H0118,Appartement,48,3.54262,50.364852
2025-760525,2025-11-17,Vente,4000,9001,BD WATTEAU RES LE CEDRE,596060000K0030,Appartement,38,3.53258,50.357728
2025-760564,2025-11-05,Vente,235945,32,AV DES SPORTS,596060000S0088,Maison,139,3.526407,50.347476
2025-760565,2025-11-19,Vente,230000,80,AV DE REIMS,596060000S0028,Maison,81,3.5243,50.348063
2025-760572,2025-11-05,Vente,239200,9001,BD WATTEAU RES LE CEDRE,596060000K0030,Appartement,100,3.53258,50.357728
2025-760576,2025-11-12,Vente,136250,16,AV D'AMSTERDAM COUR ST GERY,59606000AV0209,Appartement,82,3.525396,50.359281
2025-760606,2025-11-06,Vente,130000,23,RUE DERRIERE LES MURS DE BAVAY,59606000AU0144,Maison,112,3.522056,50.360346
2025-760654,2025-11-10,Vente,228500,33,RUE DE ROMAINVILLE,596060000J0784,Appartement,88,3.536493,50.35455
2025-760657,2025-11-10,Vente,240450,108,RUE SAUDEUR,59606000AL0070,Maison,146,3.51007,50.363663
2025-760660,2025-11-27,Vente en l'état futur d'achèvement,184625,26,CHE DU HALAGE,59606000AP0243,Appartement,64,3.517353,50.36716
2025-760661,2025-11-28,Vente,711000,37,RUE DES POILUS,596060000Q0013,Appartement,61,3.517195,50.351578
2025-760661,2025-11-28,Vente,711000,37,RUE DES POILUS,596060000Q0013,Appartement,65,3.517195,50.351578
2025-760661,2025-11-28,Vente,711000,37,RUE DES POILUS,596060000Q0013,Appartement,61,3.517195,50.351578
2025-760661,2025-11-28,Vente,711000,37,RUE DES POILUS,596060000Q0013,Appartement,65,3.517195,50.351578
2025-760679,2025-11-21,Vente,84500,98,AV DUCHESNOIS,596060000G0142,Maison,59,3.540292,50.36744
2025-760684,2025-11-19,Vente,365050,5,CLOS LA TREILLE LE VIGNOBLE,59606000AY0391,Maison,123,3.496183,50.347301
2025-760689,2025-11-06,Vente,73000,25,RUE AUBRY,59606000AD0142,Maison,80,3.48321,50.35923
2025-760696,2025-11-06,Vente,190208,10,AV DUCHESNOIS,596060000F0013,Maison,97,3.53661,50.364919
2025-760697,2025-11-19,Vente,97000,36,AV DU SENATEUR GIRARD,59606000AQ0635,Appartement,19,3.517871,50.361895
2025-760697,2025-11-19,Vente,97000,36,AV DU SENATEUR GIRARD,59606000AQ0635,Appartement,25,3.517871,50.361895
2025-760726,2025-11-13,Vente,119000,63,RUE BAUDOUIN L EDIFIEUR,596060000M0446,Appartement,65,3.528555,50.350983
2025-760729,2025-11-12,Vente,185000,61,RUE DE TINCHON,59606000AH0761,Maison,89,3.490311,50.359962
2025-760736,2025-11-13,Vente,55500,46,AV DE SAINT-AMAND,59606000AM0307,Appartement,43,3.511942,50.366683
2025-760740,2025-11-28,Vente,137000,27,RUE FONTAINE SAINT GILLES,596060000Q0287,Appartement,28,3.52088,50.351774
2025-760740,2025-11-28,Vente,137000,27,RUE FONTAINE SAINT GILLES,596060000Q0287,Appartement,29,3.52088,50.351774
2025-760740,2025-11-28,Vente,137000,27,RUE FONTAINE SAINT GILLES,596060000Q0287,Appartement,37,3.52088,50.351774
2025-760753,2025-11-13,Vente,162500,7,RUE SAINT ELOI,59606000AC0041,Maison,85,3.489104,50.360466
2025-760779,2025-12-01,Vente,96500,10,CHE PLANCHES ALL ARBALETRIERS,596060000Q0049,Maison,79,3.518998,50.351814
2025-760796,2025-12-02,Vente en l'état futur d'achèvement,170558,26,CHE DU HALAGE,59606000AP0243,Appartement,73,3.517353,50.36716
2025-760805,2025-11-10,Vente,232200,106,CLOS CHINON LE VIGNOBLE,59606000AY0282,Maison,94,3.500679,50.351296
2025-760819,2025-12-05,Vente,90000,3,RUE DE JEMMAPES,59606000AR0859,Appartement,49,3.526951,50.363513
2025-760825,2025-11-06,Vente,105000,32,RUE KILMAINE,59606000AL0002,Appartement,23,3.508524,50.361611
2025-760825,2025-11-06,Vente,105000,32,RUE KILMAINE,59606000AL0002,Appartement,38,3.508524,50.361611
2025-760869,2025-11-21,Vente,69000,8,AV D AMSTERDAM,59606000AV0352,Appartement,20,3.525222,50.359376
2025-760874,2025-12-01,Vente,132050,29,RUE DU VERGER,59606000AH0810,Maison,83,3.491384,50.35663
2025-760919,2025-11-13,Vente,341500,7,AV D AMSTERDAM,59606000AR0740,Appartement,127,3.525667,50.359676
2025-760947,2025-11-14,Vente,171000,7,RUE EDMOND GUILLAUME,59606000AT0924,Appartement,98,3.519625,50.355409
2025-760953,2025-12-08,Vente,100000,81,RUE DE LA DIGUE RESID RUBENS,596060000P0304,Appartement,46,3.517633,50.353679
2025-760954,2025-11-14,Vente,185000,43,AV VAUBAN,59606000AJ0640,Maison,104,3.511012,50.360651
2025-760955,2025-11-15,Vente,82000,202,RUE LOMPREZ,59606000AC0501,Maison,97,3.487387,50.353754
2025-760972,2025-11-14,Vente,81070,9,RUE DELSAUX,59606000AW0133,Appartement,74,3.526288,50.357216
2025-761007,2025-12-02,Vente,72000,16,RUE DES CAPUCINS,59606000AW0124,Appartement,57,3.52888,50.358798
2025-761013,2025-11-28,Vente,94000,10,RUE DES GLATIGNIES,59606000AQ0031,Appartement,47,3.51779,50.358757
2025-761037,2025-12-05,Vente,110000,2,IMPASSE DU TONKIN,596060000M0710,Appartement,43,3.530342,50.350938
2025-761038,2025-12-09,Vente,170000,22,RUE DE TINCHON,59606000AH0106,Maison,113,3.491984,50.362173
2025-761054,2025-12-11,Vente,307700,128,RUE EMMANUEL REY,59606000AL0408,Maison,120,3.51116,50.362126
2025-761075,2025-12-11,Vente,158500,52,AV DES SPORTS,596060000S0098,Maison,77,3.52712,50.347427
2025-761100,2025-12-04,Vente,68850,17,RUE CAHAUT,59606000AK0266,Appartement,26,3.515231,50.355499
2025-761111,2025-11-22,Vente,156250,5,RUE DES CYTISES,596060000T0906,Maison,72,3.52312,50.344248
2025-761112,2025-11-28,Vente,250000,33,PL DE LA BARRE,59606000AT0712,Maison,95,3.523798,50.353179
2025-761112,2025-11-28,Vente,250000,33,PL DE LA BARRE,59606000AT0712,Maison,130,3.523798,50.353179
2025-761116,2025-12-05,Vente,275000,127,AV FAIDHERBE,596060000Y0021,Maison,220,3.505434,50.355962
2025-761119,2025-12-04,Vente,85000,6,RUE DU SAINT CORDON,59606000AW0160,Appartement,38,3.526247,50.356096
2025-761152,2025-12-01,Vente,622500,27,BD CARPEAUX,596060000N0088,Maison,193,3.524652,50.352177
2025-761152,2025-12-01,Vente,622500,25,BD CARPEAUX,596060000N0089,Appartement,44,3.524707,50.352256
2025-761152,2025-12-01,Vente,622500,25,BD CARPEAUX,596060000N0089,Appartement,46,3.524707,50.352256
2025-761161,2025-12-10,Vente,290000,10,RUE SAINT GERY,59606000AV0328,Maison,75,3.524796,50.358832
2025-761163,2025-11-28,Vente en l'état futur d'achèvement,159040,209,AV DE DENAIN,59606000AB0466,Appartement,61,3.492043,50.35069
2025-761165,2025-12-11,Vente,314500,105,AV DUCHESNOIS,596060000B0114,Maison,173,3.541381,50.368539
2025-761172,2025-12-12,Vente,82000,1,RUE DE LA SOMME RES CLICHY,59606000AG0519,Appartement,50,3.497184,50.363719
2025-761177,2025-12-11,Vente,170000,19,RUE DU JOLIMETZ,596060000W0500,Maison,93,3.513901,50.352482
2025-761186,2025-11-28,Vente,105000,184,AV DE LIEGE RES J BREL,596060000H0117,Appartement,54,3.541944,50.365267
2025-761213,2025-11-25,Vente,480000,2,RUE DE BRETAGNE,596060000J0762,Maison,124,3.536633,50.356237
2025-761239,2025-11-21,Vente,137300,3,RUE DE STRASBOURG,596060000R0111,Maison,76,3.515384,50.349809
2025-761244,2025-12-03,Vente,480000,8,RUE DU BEGUINAGE,59606000AS0130,Maison,212,3.525496,50.354378
2025-761244,2025-12-03,Vente,480000,5,RUE LOUIS CELLIER,59606000AS0130,Maison,197,3.525496,50.354378
2025-761247,2025-11-21,Vente,88500,84,RUE DURIN,596060000M0632,Appartement,50,3.534138,50.349533
2025-761250,2025-11-21,Vente,86000,16,RUE CAPRON,59606000AT0258,Appartement,46,3.520752,50.357157
2025-761251,2025-11-20,Vente,88000,74,AV DE REIMS,596060000S0023,Maison,89,3.524273,50.348196
2025-761270,2025-12-17,Vente,159000,86,AV FAIDHERBE,59606000AJ0141,Maison,92,3.507283,50.355584
2025-761314,2025-12-16,Vente,160550,22,RUE DE L ABBE VICTOR SENEZ,59606000AQ0535,Appartement,25,3.518837,50.360725
2025-761314,2025-12-16,Vente,160550,22,RUE DE L ABBE VICTOR SENEZ,59606000AQ0535,Appartement,15,3.518837,50.360725
2025-761314,2025-12-16,Vente,160550,22,RUE DE L ABBE VICTOR SENEZ,59606000AQ0535,Appartement,30,3.518837,50.360725
2025-761320,2025-12-09,Vente,53000,10,RUE DU PONT NEUF,59606000AR0149,Appartement,42,3.525781,50.361067
2025-761346,2025-12-04,Vente en l'état futur d'achèvement,138000,209,AV DE DENAIN,59606000AB0466,Appartement,43,3.492043,50.35069
2025-761355,2025-12-11,Vente,340000,49,AV FAIDHERBE,596060000Y0494,Appartement,39,3.507666,50.354541
2025-761355,2025-12-11,Vente,340000,49,AV FAIDHERBE,596060000Y0494,Appartement,25,3.507666,50.354541
2025-761355,2025-12-11,Vente,340000,49,AV FAIDHERBE,596060000Y0494,Appartement,27,3.507666,50.354541
2025-761355,2025-12-11,Vente,340000,49,AV FAIDHERBE,596060000Y0494,Appartement,27,3.507666,50.354541
2025-761355,2025-12-11,Vente,340000,49,AV FAIDHERBE,596060000Y0494,Appartement,15,3.507666,50.354541
2025-761355,2025-12-11,Vente,340000,49,AV FAIDHERBE,596060000Y0494,Appartement,24,3.507666,50.354541
2025-761355,2025-12-11,Vente,340000,49,AV FAIDHERBE,596060000Y0494,Appartement,46,3.507666,50.354541
2025-761388,2025-12-12,Vente,150000,6,PL DU COMMERCE,59606000AU0215,Appartement,98,3.522615,50.358051
2025-761408,2025-11-28,Vente,135000,38,RUE DU VERGER,59606000AH0841,Maison,67,3.490867,50.357026
2025-761441,2025-12-03,Vente,270000,122,RUE DU QUESNOY,59606000AS0667,Maison,133,3.527849,50.355088
2025-761445,2025-12-19,Vente,52000,8,RES VAL CLAIR R S LEBOUCQ,59606000AT0801,Appartement,24,3.518261,50.356154
2025-761451,2025-12-12,Vente,380000,17,RUE DE LA POSTE,59606000AU0266,Appartement,68,3.523882,50.359831
2025-761451,2025-12-12,Vente,380000,17,RUE DE LA POSTE,59606000AU0266,Appartement,65,3.523882,50.359831
2025-761451,2025-12-12,Vente,380000,17,RUE DE LA POSTE,59606000AU0266,Appartement,65,3.523882,50.359831
2025-761465,2025-11-15,Vente,72270,29,RUE DU FAUBOURG DE PARIS,59606000AK0287,Appartement,37,3.51528,50.353974
2025-761467,2025-12-02,Vente,119000,184,AV DE LIEGE RES J BREL,596060000H0117,Appartement,65,3.541944,50.365267
2025-761547,2025-12-17,Vente,127380,180,BD HARPIGNIES RES J DUCHESNOI,59606000AZ0145,Appartement,68,3.526685,50.364385
2025-761552,2025-12-16,Vente,116000,8,RUE CONSTANT MOYAUX,59606000AI0867,Maison,75,3.507805,50.363773
2025-761602,2025-12-16,Vente,148000,56,RUE MILHOMME,596060000K0148,Appartement,57,3.533135,50.356684
2025-761618,2025-12-05,Vente,86000,81,RUE DE LA DIGUE RESID RUBENS,596060000P0304,Appartement,35,3.517633,50.353679
2025-761620,2025-12-09,Vente,105900,8,RUE FRANCOIS COLLIEZ,596060000W0157,Maison,71,3.513603,50.351499
2025-761621,2025-11-28,Vente,165000,70,RUE DELSAUX,59606000AT0578,Appartement,33,3.524349,50.354867
2025-761621,2025-11-28,Vente,165000,70,RUE DELSAUX,59606000AT0578,Appartement,54,3.524349,50.354867
2025-761625,2025-12-05,Vente,154000,4,RUE CH BRARD RES LES TANINS,59606000AB0169,Appartement,66,3.495532,50.351113
2025-761632,2025-12-08,Vente,117000,218,AV DE DENAIN,59606000AB0015,Maison,81,3.491415,50.35098
2025-761643,2025-09-29,Vente,54250,142,RUE DEPORTES DU TRAIN DE LOOS,59606000AT0125,Appartement,22,3.517474,50.356445
2025-761654,2025-12-08,Vente,141725,5,RUE DU VERGER,59606000AH1050,Maison,81,3.492672,50.357397
2025-761655,2025-12-11,Vente,70000,184,AV DE LIEGE RES J BREL,596060000H0117,Appartement,54,3.541944,50.365267
2025-761660,2025-12-12,Vente,115000,10,RUE SCHERER,59606000AJ0487,Maison,107,3.506984,50.35876
2025-761661,2025-12-12,Vente,140000,18,RUE ELEUTHERE MASCART,596060000Y0396,Maison,75,3.505319,50.353296
2025-761686,2025-12-02,Vente,93000,9,RUE DELSAUX,59606000AW0133,Appartement,87,3.526288,50.357216
2025-761687,2025-12-03,Vente,62500,69,RUE JEAN BART,59606000AI0301,Maison,68,3.505426,50.363186
2025-761698,2025-12-04,Vente,81030,58,RUE DE PARIS,59606000AQ0241,Maison,40,3.520294,50.359442
2025-761766,2025-12-17,Vente,220000,45,RUE DU ROLEUR,596060000I0505,Maison,161,3.538519,50.363523
2025-761766,2025-12-17,Vente,220000,45,RUE DU ROLEUR,596060000I0505,Maison,161,3.538519,50.363523
2025-761799,2025-12-23,Vente,80000,13,RUE DE LA POTERNE,59606000AR0709,Maison,84,3.529644,50.361939
2025-761820,2025-12-23,Echange,110000,1,RUE ERNEST HIOLLE RES POSIERE,596060000I0607,Appartement,68,3.533988,50.358259
2025-761827,2025-12-30,Vente,425000,113,RUE DE PARIS,59606000AT0225,Appartement,34,3.5193,50.357814
2025-761827,2025-12-30,Vente,425000,113,RUE DE PARIS,59606000AT0225,Appartement,44,3.5193,50.357814
2025-761827,2025-12-30,Vente,425000,113,RUE DE PARIS,59606000AT0225,Appartement,74,3.5193,50.357814
2025-761827,2025-12-30,Vente,425000,113,RUE DE PARIS,59606000AT0225,Appartement,39,3.5193,50.357814
2025-761827,2025-12-30,Vente,425000,113,RUE DE PARIS,59606000AT0225,Appartement,43,3.5193,50.357814
2025-761837,2025-12-22,Vente,132000,6,PL DE L HOPITAL GENERAL,59606000AR0912,Appartement,48,3.5267,50.362732
2025-761862,2025-12-12,Vente,113550,74,RUE BAUDOUIN L EDIFIEUR,596060000M0697,Appartement,38,3.527601,50.351755
2025-761899,2025-12-12,Vente,205000,1,RUE GUSTAVE CRAUK,59606000AS0173,Appartement,50,3.527592,50.354183
2025-761910,2025-12-26,Vente,105000,50,RLE MENNEVEUX,596060000D0538,Appartement,42,3.532546,50.3689
2025-761922,2025-12-19,Vente,100000,54,RUE ANATOLE FRANCE,596060000Y0078,Maison,85,3.504155,50.355442
2025-761959,2025-12-11,Vente,120000,35,AV SAINT ROCH,596060000E0182,Maison,73,3.533724,50.363708
2025-761960,2025-12-12,Vente,138000,18,CITE LENNE,596060000S0133,Maison,70,3.526458,50.346983
2025-761982,2025-12-19,Vente,135000,9001,LE VIGNOBLE RES FLORE,59606000AB0479,Appartement,81,3.494095,50.350626
2025-762007,2025-12-19,Vente,61600,53,AV DESANDROUINS,596060000Z0381,Maison,106,3.502075,50.357839
2025-762009,2025-12-29,Vente,288000,4,CLOS LA TREILLE LE VIGNOBLE,59606000AY0390,Maison,123,3.496677,50.34751
2025-762027,2025-12-23,Vente,132000,1,RUE GUSTAVE CRAUK,59606000AS0173,Appartement,25,3.527592,50.354183
2025-762056,2025-12-29,Vente,125000,34,RUE DELSAUX,59606000AV0399,Appartement,66,3.52434,50.357216
2025-762063,2025-12-23,Vente,215000,113,AV VAUBAN,59606000AL0039,Appartement,31,3.508739,50.363288
2025-762063,2025-12-23,Vente,215000,113,AV VAUBAN,59606000AL0039,Appartement,44,3.508739,50.363288
2025-762063,2025-12-23,Vente,215000,113,AV VAUBAN,59606000AL0039,Maison,69,3.508739,50.363288
2025-762079,2025-12-18,Vente,68360,9,RUE DES GLATIGNIES,59606000AT1059,Appartement,35,3.517569,50.357927
2025-762094,2025-12-22,Vente,84000,36,AV DU SENATEUR GIRARD,59606000AQ0635,Appartement,57,3.517871,50.361895
2025-762100,2025-12-22,Vente,170580,9001,LE VIGNOBLE RES FLORE,59606000AB0479,Appartement,99,3.494095,50.350626
2025-762105,2025-12-26,Vente,130000,104,AV DE DENAIN,596060000Z0138,Maison,86,3.499828,50.354887
2025-762106,2025-12-29,Vente,91000,46,AV FAIDHERBE,59606000AJ0210,Maison,30,3.508595,50.354655
2025-762135,2025-12-15,Vente,130000,137,RUE HENRY DERYCKE LES TERTIALE,59606000AZ0144,Appartement,54,3.526504,50.364673
2025-762148,2025-12-30,Vente,182000,180,BD HARPIGNIES RES J DUCHESNOI,59606000AZ0145,Appartement,86,3.526685,50.364385
2025-762150,2025-12-19,Vente,150000,3,RUE DE JEMMAPES,59606000AR0859,Appartement,84,3.526951,50.363513
2025-762151,2025-12-17,Vente,63500,21,RUE DES FLORALIES,596060000I0468,Appartement,98,3.532695,50.360161
2025-762169,2025-12-17,Vente,252000,2,RUE DE L ABREUVOIR,59606000AK0082,Appartement,19,3.514344,50.354035
2025-762169,2025-12-17,Vente,252000,2,RUE DE L ABREUVOIR,59606000AK0082,Appartement,36,3.514344,50.354035
2025-762169,2025-12-17,Vente,252000,2,RUE DE L ABREUVOIR,59606000AK0082,Appartement,20,3.514344,50.354035
2025-762169,2025-12-17,Vente,252000,2,RUE DE L ABREUVOIR,59606000AK0082,Appartement,25,3.514344,50.354035
2025-762169,2025-12-17,Vente,252000,2,RUE DE L ABREUVOIR,59606000AK0082,Appartement,19,3.514344,50.354035
2025-762170,2025-12-18,Vente,126000,47,AV DE SAINT-AMAND,59606000AL0189,Maison,109,3.511127,50.366425
2025-762174,2025-12-18,Vente,50000,45,RUE CHARLES TAUCHON,59606000AH0416,Maison,79,3.49567,50.359207
2025-762176,2025-12-20,Vente,133880,20,AV DES ORMES,596060000S0553,Maison,68,3.523559,50.347177
2025-762180,2025-12-18,Vente,242000,56,RUE DES RECOLLETS,59606000AQ0163,Appartement,43,3.519534,50.35865
2025-762180,2025-12-18,Vente,242000,56,RUE DES RECOLLETS,59606000AQ0163,Appartement,61,3.519534,50.35865
2025-762180,2025-12-18,Vente,242000,56,RUE DES RECOLLETS,59606000AQ0163,Appartement,24,3.519534,50.35865
2025-762180,2025-12-18,Vente,242000,56,RUE DES RECOLLETS,59606000AQ0163,Appartement,21,3.519534,50.35865
2025-762195,2025-12-22,Vente,85500,81,RUE DE LA DIGUE RESID RUBENS,596060000P0304,Appartement,46,3.517633,50.353679
2025-762238,2025-12-15,Vente,133001,9001,PL DU MARCHE AUX HERBES,59606000AU0212,Appartement,59,3.523422,50.359167
2025-762298,2025-12-23,Vente,148670,24,RUE DE BEAUMONT RES BEAUMONT,59606000AS0497,Appartement,85,3.529614,50.356137
2025-762309,2025-12-23,Vente,75000,68,RUE DE TINCHON,59606000AH0031,Maison,71,3.490137,50.360541
2025-762319,2025-12-24,Vente,226000,33,AV CARNOT,596060000M0207,Maison,93,3.531172,50.351854
2025-762328,2025-12-22,Vente,145000,143,RUE DU QUESNOY,59606000AS0407,Appartement,62,3.52857,50.354981
2025-762328,2025-12-22,Vente,145000,143,RUE DU QUESNOY,59606000AS0407,Appartement,35,3.52857,50.354981
2025-762369,2025-12-17,Vente,850000,10,RUE DE PARIS,59606000AU0243,Appartement,51,3.523445,50.358859
2025-762388,2025-12-31,Vente,149000,11,RUE GAMBETTA,59606000AO0071,Maison,203,3.518279,50.371504
2025-762390,2025-12-30,Vente,180000,19,PL D ARMES,59606000AU0215,Appartement,103,3.522615,50.358051
2025-762396,2025-12-11,Vente,270000,145,RUE MARC LEFRANCQ,59606000AZ0142,Appartement,140,3.526887,50.36552
2025-762401,2025-12-18,Vente,125000,74,AV DU FAUBOURG DE CAMBRAI,596060000V0083,Maison,100,3.510586,50.343348
2025-762401,2025-12-18,Vente,125000,74,AV DU FAUBOURG DE CAMBRAI,596060000V0083,Maison,100,3.510586,50.343348
2025-762404,2025-12-30,Vente,263050,49,AV DE VERDUN,596060000J0795,Maison,150,3.533576,50.3533
2025-762441,2025-12-22,Vente,147000,96,RUE DU VERT GAZON,596060000V0017,Maison,151,3.505749,50.341542
2025-762445,2025-12-02,Vente,154500,5,RUE DU CHEMIN DES PLANCHES,596060000Q0079,Maison,76,3.519506,50.351936
2024-708249,2024-01-04,Vente,30000,46,RTE D AULNOY,596060000S0538,Maison,62,3.531092,50.34451
2024-708250,2024-01-04,Vente,240000,95,RUE BAUDOUIN L EDIFIEUR,596060000M0346,Maison,74,3.5258,50.349941
2024-708253,2024-01-23,Vente,45000,26,RUE ASKIEVRE,59606000AT0527,Maison,150,3.524116,50.355586
2024-708259,2024-01-23,Vente,52000,24,RUE JEHAN MOLINET,59606000AR0348,Maison,26,3.528762,50.361676
2024-708278,2024-01-15,Vente,227000,32,AV DE VERDUN,596060000M0589,Appartement,88,3.532272,50.352596
2024-708334,2024-01-09,Vente,110000,62,RUE DE LA GARE DE MARLY,596060000M0391,Maison,119,3.53504,50.349693
2024-708364,2024-01-23,Vente,146000,20,RUE E REY CHEM PARTICULIER,59606000AL0320,Maison,67,3.51167,50.364418
2024-708376,2024-01-23,Vente,80000,72,RUE SAUDEUR,59606000AL0111,Maison,76,3.510591,50.364667
2024-708381,2024-01-25,Vente en l'état futur d'achèvement,199000,26,CHE DU HALAGE,59606000AP0243,Appartement,70,3.517353,50.36716
2024-708398,2024-01-12,Vente,92000,2,RUE DE STRASBOURG,596060000R0059,Maison,68,3.515217,50.349424
2024-708431,2024-01-04,Vente,55000,10,RUE DU PONT NEUF,59606000AR0149,Appartement,36,3.525781,50.361067
2024-708447,2024-01-30,Vente,150000,66,RUE CHARLES QUINT,596060000J0680,Maison,140,3.534621,50.35567
2024-708486,2024-01-12,Vente,215205,132,AV FAIDHERBE,59606000AJ0110,Appartement,30,3.505783,50.356521
2024-708486,2024-01-12,Vente,215205,132,AV FAIDHERBE,59606000AJ0110,Appartement,27,3.505783,50.356521
2024-708486,2024-01-12,Vente,215205,132,AV FAIDHERBE,59606000AJ0110,Appartement,63,3.505783,50.356521
2024-708486,2024-01-12,Vente,215205,132,AV FAIDHERBE,59606000AJ0110,Appartement,15,3.505783,50.356521
2024-708486,2024-01-12,Vente,215205,132,AV FAIDHERBE,59606000AJ0110,Appartement,25,3.505783,50.356521
2024-708486,2024-01-12,Vente,215205,132,AV FAIDHERBE,59606000AJ0110,Appartement,15,3.505783,50.356521
2024-708505,2024-01-15,Vente,95000,48,CHE DES BOURGEOIS,596060000R0378,Maison,61,3.522334,50.347407
2024-708515,2024-01-25,Vente,42000,56,RUE MILHOMME,596060000K0148,Appartement,19,3.533135,50.356684
2024-708518,2024-01-16,Vente,120000,27,RUE DE LA LONGUE CHASSE,596060000A0046,Maison,77,3.533468,50.374655
2024-708524,2024-01-29,Vente,60000,8,RUE PIERRE WARIN,59606000AF0333,Maison,85,3.492739,50.36315
2024-708611,2024-01-26,Vente,158000,192,AV DE LIEGE,596060000H0022,Maison,96,3.542475,50.365633
2024-708633,2024-01-17,Vente,150972,20,RUE DU MUGUET,59606000AH0732,Maison,81,3.491022,50.358019
2024-708636,2024-01-17,Vente,140000,47,RUE DE LA DELIVRANCE,59606000AJ0252,Maison,77,3.510193,50.355574
2024-708638,2024-01-20,Vente,109800,184,AV DE LIEGE RES J. BREL,596060000H0117,Appartement,53,3.541944,50.365267
2024-708706,2024-01-24,Vente,105000,44,AV DUCHESNOIS,596060000F0123,Maison,51,3.537786,50.365808
2024-708737,2024-02-05,Vente,125000,16,RUE PERCEPAIN,59606000AR0031,Maison,93,3.524425,50.361991
2024-708828,2024-02-01,Vente,135000,28,PL D ARMES,59606000AV0262,Appartement,86,3.523513,50.357445
2024-708867,2024-01-26,Vente,226000,72,RUE DE LA CITADELLE,59606000AJ0538,Maison,100,3.508113,50.360391
2024-708869,2024-02-13,Vente,103000,74,RUE BAUDOUIN L EDIFIEUR,596060000M0697,Appartement,38,3.527601,50.351755
2024-708885,2024-02-08,Vente,120000,63,AV DE VERDUN,596060000J0055,Maison,155,3.535311,50.352909
2024-708923,2024-02-12,Vente,114000,33,RUE DE ROMAINVILLE,596060000J0784,Appartement,50,3.536493,50.35455
2024-708926,2024-02-05,Vente,70000,75,RUE DE L EPAIX,596060000D0162,Maison,48,3.532468,50.366396
2024-708930,2024-02-15,Vente,105100,30,RUE CHARLES QUINT,596060000J0825,Maison,129,3.533278,50.354177
2024-708957,2024-02-21,Vente,155000,10,RUE PIERRE LOTI,596060000Y0228,Maison,80,3.503205,50.353036
2024-708989,2024-02-16,Vente,295000,9001,LE VIGNOBLE RES FLORE,59606000AB0479,Appartement,76,3.494095,50.350626
2024-708989,2024-02-16,Vente,295000,23,RUE DE LA DIGUE,596060000P0112,Maison,67,3.519562,50.352948
2024-708994,2024-01-30,Vente,57970,72,AV CLEMENCEAU RES HARPIGNIES,59606000AQ0876,Appartement,34,3.520984,50.361391
2024-709031,2024-01-25,Vente,326300,1,RUE ERNEST HIOLLE RES POSIERE,596060000I0607,Appartement,106,3.533988,50.358259
2024-709074,2024-02-09,Vente,112000,42,RUE HENRY DUNANT,59606000AI0602,Appartement,68,3.504561,50.361473
2024-709077,2024-02-05,Vente,105800,115,CHE DES BOURGEOIS,596060000T0938,Maison,72,3.519592,50.344856
2024-709080,2024-02-19,Vente,69000,109,RUE JEAN BART,59606000AI0321,Maison,70,3.504395,50.363609
2024-709087,2024-02-13,Vente,306044,22,RUE DU CHEMIN DES PLANCHES,596060000P0303,Appartement,110,3.518831,50.353247
2024-709092,2024-02-12,Vente,50000,5,RUE ERNEST HIOLLE RES LAPRADE,596060000I0606,Appartement,26,3.534734,50.358249
2024-709099,2024-01-16,Vente,259000,2,RUE LOUISE D EPINAY,596060000R0285,Maison,148,3.518918,50.347231
2024-709099,2024-01-16,Vente,259000,2,RUE LOUISE D EPINAY,596060000R0285,Maison,148,3.518918,50.347231
2024-709110,2024-01-30,Vente,129000,81,RUE DE LA DIGUE RESID RUBENS,596060000P0304,Appartement,59,3.517633,50.353679
2024-709124,2024-02-07,Vente,295000,90,AV VILLARS,59606000AJ0031,Appartement,76,3.506213,50.357655
2024-709124,2024-02-07,Vente,295000,90,AV VILLARS,59606000AJ0031,Appartement,58,3.506213,50.357655
2024-709124,2024-02-07,Vente,295000,90,AV VILLARS,59606000AJ0031,Appartement,31,3.506213,50.357655
2024-709124,2024-02-07,Vente,295000,90,AV VILLARS,59606000AJ0031,Appartement,72,3.506213,50.357655
2024-709125,2024-02-05,Vente,79900,17,RUE CAHAUT,59606000AK0266,Appartement,34,3.515231,50.355499
2024-709141,2024-02-20,Vente,110000,24,RUE DU JOLIMETZ,596060000W0122,Maison,113,3.512833,50.351972
2024-709161,2024-02-08,Vente,205000,19,RUE BARBE PARENT,59606000AL0198,Maison,51,3.511417,50.366149
2024-709161,2024-02-08,Vente,205000,39,AV DE SAINT-AMAND,59606000AL0206,Appartement,45,3.511468,50.3663
2024-709161,2024-02-08,Vente,205000,39,AV DE SAINT-AMAND,59606000AL0206,Appartement,45,3.511468,50.3663
2024-709161,2024-02-08,Vente,205000,39,AV DE SAINT-AMAND,59606000AL0206,Appartement,26,3.511468,50.3663
2024-709169,2024-02-23,Vente,58742,9,PL D ARMES,59606000AU0215,Appartement,18,3.522615,50.358051
2024-709177,2024-02-01,Vente,140000,54,RUE CASIMIR PERIER,596060000Z0317,Maison,110,3.495974,50.3562
2024-709191,2024-02-03,Vente,67200,2,RUE DU SAINT CORDON,59606000AS0483,Appartement,35,3.525929,50.355952
2024-709206,2024-02-12,Vente,95100,31,RUE DE TINCHON,59606000AH0183,Maison,122,3.491031,50.360687
2024-709211,2024-02-22,Vente,105000,21,RUE SAUDEUR,59606000AL0240,Maison,93,3.511724,50.365763
2024-709216,2024-02-22,Vente,150000,112,AV FAIDHERBE,59606000AJ0126,Maison,70,3.506246,50.356073
2024-709230,2024-02-22,Vente,174000,69,AV FAIDHERBE,596060000Y0323,Maison,147,3.5068,50.355019
2024-709297,2024-02-19,Vente,124000,56,RUE DE PARIS,59606000AQ1035,Appartement,70,3.520392,50.359593
2024-709346,2024-03-07,Vente,122000,100,RTE D AULNOY,596060000T0595,Maison,82,3.529258,50.341418
2024-709368,2024-02-28,Vente,247800,1,RUE JEAN BONMARCHE,59606000AS0514,Maison,107,3.524521,50.353214
2024-709370,2024-02-27,Vente,120100,25,RUE DES ANGES,59606000AT0245,Appartement,63,3.520564,50.357616
2024-709381,2024-02-20,Vente,87500,13,AV DESANDROUINS,596060000Z0413,Maison,80,3.503399,50.357152
2024-709389,2024-02-19,Vente,110000,9001,LE VIGNOBLE RES DIANE,59606000AB0479,Appartement,76,3.494095,50.350626
2024-709390,2024-02-29,Vente,149000,54,RUE SAINT GERY,59606000AV0218,Maison,40,3.526368,50.359485
2024-709397,2024-02-29,Vente,95000,137,RUE SAUDEUR,59606000AL0385,Maison,93,3.510376,50.363025
2024-709401,2024-02-23,Vente,150000,32,RUE ROUGEVILLE RES LES FORGES,596060000D0291,Appartement,70,3.534863,50.369261
2024-709412,2024-02-28,Vente,150000,173,RUE DE FAMARS,59606000AT0719,Maison,120,3.52324,50.352994
2024-709440,2024-02-28,Vente,260000,2,VC RES SALY RUE SIMON LEBOUCQ,59606000AT0910,Appartement,168,3.518612,50.355883
2024-709450,2024-03-01,Vente,179825,53,RUE DU REMPART,59606000AQ0449,Maison,130,3.520268,50.362002
2024-709479,2024-03-05,Vente,199704,80,RUE BAUDOUIN L EDIFIEUR,596060000M0009,Appartement,16,3.526855,50.350983
2024-709479,2024-03-05,Vente,199704,80,RUE BAUDOUIN L EDIFIEUR,596060000M0009,Appartement,30,3.526855,50.350983
2024-709479,2024-03-05,Vente,199704,80,RUE BAUDOUIN L EDIFIEUR,596060000M0009,Appartement,20,3.526855,50.350983
2024-709479,2024-03-05,Vente,199704,80,RUE BAUDOUIN L EDIFIEUR,596060000M0009,Appartement,50,3.526855,50.350983
2024-709492,2024-02-26,Vente,258755,26,RUE DESIRE GERNEZ,596060000Y0040,Maison,142,3.504926,50.354665
2024-709524,2024-02-28,Vente,80000,56,ENC J PHILIPPE RAMEAU,59606000AC0370,Maison,94,3.484617,50.355022
2024-709543,2024-03-08,Vente,94250,2,IMP BANTEGNIES,59606000AI0821,Maison,87,3.507018,50.362062
2024-709574,2024-03-07,Vente,124000,86,RUE DE FAMARS,59606000AT0819,Appartement,75,3.521366,50.353997
2024-709590,2024-02-23,Vente,35200,25,BD PATER,596060000I0495,Appartement,14,3.532056,50.360001
2024-709599,2024-02-23,Vente,156873,3,RUE DES ECHELLES,59606000AR0295,Appartement,25,3.528592,50.360749
2024-709599,2024-02-23,Vente,156873,3,RUE DES ECHELLES,59606000AR0295,Appartement,13,3.528592,50.360749
2024-709599,2024-02-23,Vente,156873,3,RUE DES ECHELLES,59606000AR0295,Appartement,35,3.528592,50.360749
2024-709600,2024-03-13,Vente,117303,6,RUE MAURICE BAUCHOND,59606000AT0734,Appartement,49,3.518547,50.357519
2024-709601,2024-02-23,Vente,110000,13,RUE JEAN BONMARCHE,596060000M0006,Appartement,56,3.526413,50.35105
2024-709615,2024-03-01,Vente,260000,18,RUE MILHOMME,596060000L0077,Maison,103,3.531735,50.354484
2024-709617,2024-02-29,Vente,75000,36,RUE J PERDRIX RES ARC EN CIEL,596060000J0619,Appartement,36,3.535788,50.353551
2024-709621,2024-02-29,Vente,110000,26,BD WATTEAU RES LA RHONELLE,59606000AS0493,Appartement,67,3.529369,50.355339
2024-709640,2024-02-23,Vente,108000,27,BD DES BRUYERES,59606000AH1105,Maison,83,3.493767,50.357072
2024-709670,2024-02-27,Vente,114000,7,AV D AMSTERDAM,59606000AR0740,Appartement,50,3.525667,50.359676
2024-709684,2024-03-05,Vente,80015,4,RUE DU FORT MINIQUE,596060000I0553,Appartement,33,3.532779,50.358303
2024-709723,2024-02-29,Vente,208000,26,RUE LA NOUVELLE HOLLANDE,59606000AV0289,Appartement,40,3.52528,50.357582
2024-709723,2024-02-29,Vente,208000,26,RUE LA NOUVELLE HOLLANDE,59606000AV0289,Appartement,42,3.52528,50.357582
2024-709723,2024-02-29,Vente,208000,26,RUE LA NOUVELLE HOLLANDE,59606000AV0289,Appartement,40,3.52528,50.357582
2024-709725,2024-03-15,Vente,205000,12,RUE PILETTE,59606000AW0217,Appartement,127,3.5276,50.357482
2024-709753,2024-03-19,Vente,95000,32,RUE COMTESSE,59606000AS0059,Maison,85,3.524665,50.353547
2024-709757,2024-03-12,Vente,390000,16,RUE DES FOULONS,59606000AT0468,Maison,120,3.522511,50.355195
2024-709762,2024-03-20,Vente,106000,11,RUE DE LA RESISTANCE,596060000I0228,Maison,77,3.53999,50.359639
2024-709769,2024-03-01,Vente,65000,85,BD SALY,596060000P0009,Appartement,26,3.517712,50.354768
2024-709771,2024-03-15,Vente,67000,21,RUE DE LA DIGUE,596060000P0111,Maison,60,3.519581,50.352916
2024-709772,2024-03-01,Vente,150000,15,RUE PIERRE LOTI,596060000Y0411,Maison,94,3.504324,50.353065
2024-709957,2024-03-04,Vente,121700,49,RUE DE LA DIGUE,596060000P0303,Appartement,50,3.518831,50.353247
2024-709965,2024-03-05,Vente,332280,1,RUE LEON DUBLED,59606000AB0791,Maison,169,3.490725,50.35171
2024-710011,2024-03-27,Vente,75000,125,AV FAIDHERBE,596060000Y0908,Appartement,39,3.505192,50.355325
2024-710029,2024-03-21,Vente,41091,34,RUE DE LA LONGUE CHASSE,596060000C0175,Appartement,25,3.532645,50.372745
2024-710082,2024-03-11,Vente,90000,2,RUE CHE DES PLANCHES CHE PRIVE,596060000Q0018,Maison,80,3.518183,50.352245
2024-710099,2024-03-21,Vente,375000,13,RUE DE LA VIEWARDE,59606000AW0079,Appartement,95,3.527576,50.357813
2024-710099,2024-03-21,Vente,375000,13,RUE DE LA VIEWARDE,59606000AW0079,Appartement,86,3.527576,50.357813
2024-710099,2024-03-21,Vente,375000,13,RUE DE LA VIEWARDE,59606000AW0079,Appartement,90,3.527576,50.357813
2024-710099,2024-03-21,Vente,375000,13,RUE DE LA VIEWARDE,59606000AW0079,Appartement,88,3.527576,50.357813
2024-710134,2024-03-22,Vente,229000,44,AV GEORGES CLEMENCEAU,59606000AQ0276,Appartement,35,3.52115,50.360598
2024-710134,2024-03-22,Vente,229000,44,AV GEORGES CLEMENCEAU,59606000AQ0276,Appartement,66,3.52115,50.360598
2024-710169,2024-03-19,Vente,130000,7,RUE EDMOND GUILLAUME,59606000AT0924,Appartement,98,3.519625,50.355409
2024-710181,2024-03-15,Vente,53000,18,RUE PERCEPAIN,59606000AR0841,Appartement,18,3.523925,50.362234
2024-710222,2024-03-21,Vente,58000,69,RUE DU MARQUIS RES FLANDRES,596060000H0118,Appartement,48,3.54262,50.364852
2024-710223,2024-03-13,Vente,60000,58,RUE EDMOND MEMBRE,59606000AQ0551,Maison,93,3.518275,50.360373
2024-710224,2024-03-22,Vente,75000,18,RUE DE LA TARGETTE,596060000U0044,Maison,60,3.512814,50.342579
2024-710225,2024-03-27,Vente,167800,34,RUE DELSAUX,59606000AV0399,Appartement,77,3.52434,50.357216
2024-710254,2024-03-15,Vente,158000,37,CLOS DES BLEUETS,59606000AC0196,Maison,80,3.487148,50.359285
2024-710267,2024-03-29,Vente,247500,3,RUE AULNOY RES ESCADRILLE CYGO,596060000T0559,Maison,96,3.528989,50.3439
2024-710284,2024-03-20,Vente,90900,166,AV DAMPIERRE,59606000AL0026,Appartement,46,3.508622,50.362344
2024-710306,2024-03-18,Vente,96500,184,AV DE LIEGE RES J. BREL,596060000H0117,Appartement,53,3.541944,50.365267
2024-710343,2024-03-23,Vente,100500,39,RUE DE L ATRE DE GERTRUDE,596060000M0190,Appartement,48,3.534081,50.351323
2024-710345,2024-03-25,Vente,70000,6,RUE DADIER CTE LEBRUN,59606000AR0314,Maison,45,3.528868,50.361474
2024-710352,2024-03-26,Vente,180000,57,RUE DE MONS,59606000AR0253,Appartement,10,3.529235,50.360391
2024-710352,2024-03-26,Vente,180000,57,RUE DE MONS,59606000AR0253,Appartement,10,3.529235,50.360391
2024-710352,2024-03-26,Vente,180000,57,RUE DE MONS,59606000AR0253,Appartement,25,3.529235,50.360391
2024-710352,2024-03-26,Vente,180000,57,RUE DE MONS,59606000AR0253,Appartement,20,3.529235,50.360391
2024-710352,2024-03-26,Vente,180000,57,RUE DE MONS,59606000AR0253,Appartement,24,3.529235,50.360391
2024-710374,2024-03-29,Vente,62000,16,RUE DE LA TUNISIE,596060000Z0089,Maison,49,3.494721,50.353802
2024-710409,2024-03-28,Vente,180000,81,CLOS DES TONNELIERS LE VIGNOBLE,59606000AY0590,Maison,100,3.50134,50.351499
2024-710415,2024-03-29,Vente,101700,1,RUE MAURICE RUFFIN,59606000AT1093,Appartement,53,3.518313,50.357323
2024-710417,2024-04-09,Vente,255000,84,RUE BAUDOUIN L EDIFIEUR,596060000M0006,Appartement,116,3.526413,50.35105
2024-710425,2024-04-09,Vente,121000,21,RUE DES COQUELICOTS,59606000AH0424,Maison,85,3.495044,50.358539
2024-710425,2024-04-09,Vente,121000,21,RUE DES COQUELICOTS,59606000AH0424,Maison,75,3.495044,50.358539
2024-710426,2024-04-04,Vente,108500,28,PL D ARMES,59606000AV0262,Appartement,106,3.523513,50.357445
2024-710450,2024-03-29,Vente,35000,5,RUE DU TORRENT,59606000AC0069,Maison,50,3.489185,50.35951
2024-710462,2024-04-15,Vente,212000,49,RUE DE LA DIGUE,596060000P0303,Appartement,76,3.518831,50.353247
2024-710480,2024-04-08,Vente,377450,19,AV DE LIEGE,596060000E0364,Maison,170,3.532166,50.362587
2024-710491,2024-03-05,Vente,180000,95,RUE DE FAMARS,59606000AT0452,Maison,65,3.521927,50.354839
2024-710496,2024-04-15,Vente,80000,9,RUE CAPELLE,59606000AR0439,Maison,80,3.530016,50.360008
2024-710497,2024-04-04,Vente,93000,19,AV DENTELLIERE RES CATHERINE,59606000AT0928,Appartement,75,3.520249,50.356086
2024-710500,2024-04-09,Vente,222610,27,RUE ALFRED GIARD,59606000AJ0185,Maison,119,3.508176,50.355916
2024-710501,2024-04-04,Vente,81000,9001,RUE DU 10 SEPTEMBRE 1942,59606000AZ0146,Appartement,46,3.525584,50.365344
2024-710506,2024-03-22,Vente,110000,3,AV DE L INDUSTRIE,59606000AZ0068,Appartement,52,3.52085,50.365118
2024-710512,2024-03-20,Vente,138800,81,RUE DE LA DIGUE RESID RUBENS,596060000P0304,Appartement,51,3.517633,50.353679
2024-710525,2024-04-08,Vente,115000,1,RUE SAINT JEAN,59606000AU0080,Appartement,64,3.521476,50.358961
2024-710540,2024-03-29,Vente,66000,17,RUE DE METZ,596060000R0042,Maison,65,3.514115,50.348696
2024-710561,2024-04-06,Vente,146940,175,AV DE REIMS,596060000T0265,Appartement,45,3.5261,50.345073
2024-710561,2024-04-06,Vente,146940,175,AV DE REIMS,596060000T0265,Appartement,32,3.5261,50.345073
2024-710561,2024-04-06,Vente,146940,175,AV DE REIMS,596060000T0265,Appartement,24,3.5261,50.345073
2024-710565,2024-04-10,Vente,108000,21,RUE POTTIER JAN,59606000AO0101,Maison,125,3.518502,50.37136
2024-710575,2024-04-12,Vente,55000,14,RUE JEAN BERNIER,596060000R0209,Appartement,30,,
2024-710580,2024-03-30,Vente,144800,9001,RUE DU 10 SEPTEMBRE 1942,59606000AZ0146,Appartement,74,3.525584,50.365344
2024-710609,2024-04-15,Vente,147300,246,RUE LOMPREZ,59606000AC0105,Maison,90,3.484929,50.353252
2024-710638,2024-04-05,Vente,103000,14,RUE DES FLORALIES,596060000I0463,Appartement,103,3.533509,50.360055
2024-710699,2024-03-28,Vente,75500,47,RUE DES RECOLLETS,59606000AQ0096,Appartement,44,3.519858,50.358194
2024-710709,2024-03-27,Vente,75000,28,RUE VIEILLE POISSONNERIE,59606000AU0225,Appartement,60,3.521777,50.357816
2024-710724,2024-04-09,Vente,205000,37,RUE DE L ABBE DELBECQUE,59606000AJ0362,Maison,125,3.510672,50.359081
2024-710728,2024-04-19,Vente,87000,53,RUE DU VERGER,59606000AH0822,Maison,83,3.490108,50.356932
2024-710739,2024-04-12,Vente,98000,184,AV DE LIEGE RES J. BREL,596060000H0117,Appartement,53,3.541944,50.365267
2024-710742,2024-04-12,Vente,130000,20,SEN DE LA PLACE D'ANZIN,59606000AF0413,Appartement,68,3.490147,50.368564
2024-710744,2024-04-16,Vente,260800,6,RUE DE PROVENCE,596060000S0404,Maison,126,3.532168,50.34679
2024-710755,2024-04-04,Vente,60000,24,RUE DE LA GARE DE MARLY,596060000M0156,Maison,78,3.536069,50.351375
2024-710760,2024-04-08,Vente,641450,70,AV DAMPIERRE,59606000AL0780,Maison,79,3.509895,50.364601
2024-710760,2024-04-08,Vente,641450,70,AV DAMPIERRE,59606000AL0780,Maison,360,3.509895,50.364601
2024-710763,2024-04-10,Vente,164500,10,CHE DE PROUVY,596060000Z0864,Maison,87,3.501388,50.354475
2024-710829,2024-04-17,Vente,327000,68,BD FROISSART,59606000AQ0415,Maison,136,3.522745,50.363735
2024-710926,2024-04-23,Vente,73000,5,RUE ERNEST HIOLLE RES LAPRADE,596060000I0606,Appartement,31,3.534734,50.358249
2024-710936,2024-04-16,Vente,105000,8,RUE DE LA BARRE,59606000AT0674,Maison,91,3.523572,50.353931
2024-710980,2024-04-11,Vente,40000,35,RUE MALPLAQUET,596060000W0284,Maison,71,3.50852,50.351535
2024-710984,2024-04-15,Vente,111000,34,RUE JEAN BERNIER,596060000R0066,Maison,52,3.515447,50.348887
2024-710994,2024-04-26,Vente en l'état futur d'achèvement,219840,9,RUE CHE DES PLANCHES CHE PRIVE,596060000Q0013,Appartement,65,3.517195,50.351578
2024-710997,2024-04-12,Vente,43000,33,RUE SAINT GERY,59606000AV0353,Appartement,22,3.52544,50.359209
2024-710997,2024-04-12,Vente,43000,33,RUE SAINT GERY,59606000AV0353,Appartement,61,3.52544,50.359209
2024-711006,2024-04-16,Vente,170000,9,RUE FERRAND,59606000AQ1017,Appartement,92,3.518386,50.359829
2024-711013,2024-04-26,Vente,193000,26,RUE D ALSACE,596060000W0183,Appartement,58,3.514784,50.351984
2024-711013,2024-04-26,Vente,193000,26,RUE D ALSACE,596060000W0183,Appartement,38,3.514784,50.351984
2024-711013,2024-04-26,Vente,193000,26,RUE D ALSACE,596060000W0183,Appartement,50,3.514784,50.351984
2024-711034,2024-04-29,Vente,138000,20,RUE HENRY DUNANT,59606000AI0569,Maison,72,3.504676,50.360453
2024-711042,2024-04-30,Vente,145800,84,RUE DURIN,596060000M0632,Appartement,64,3.534138,50.349533
2024-711051,2024-04-30,Vente,316000,8,RUE MATHIEU DE QUINVIGNIES,59606000AW0113,Maison,135,3.528614,50.358638
2024-711062,2024-04-18,Vente,117000,83,RUE DE PARIS,59606000AQ0154,Maison,100,3.519471,50.358963
2024-711066,2024-04-17,Vente,130000,155,AV DE REIMS,596060000S0621,Maison,96,3.525847,50.345699
2024-711085,2024-04-19,Vente,120000,4,RUE BAUDOUIN RES MARIN L MESLE,596060000M0490,Appartement,66,3.528375,50.350242
2024-711105,2024-04-17,Vente,235000,107,RUE DU ROLEUR,596060000I0517,Maison,115,3.540761,50.362278
2024-711107,2024-04-19,Vente,200000,99,RUE PIERRE LOTI,596060000X0265,Maison,102,3.505003,50.35073
2024-711109,2024-04-26,Vente,124000,6,PL DE L HOPITAL GENERAL,59606000AR0912,Appartement,46,3.5267,50.362732
2024-711119,2024-05-13,Vente,146000,26,BD WATTEAU RES LA RHONELLE,59606000AS0493,Appartement,85,3.529369,50.355339
2024-711147,2024-04-19,Vente,70000,10,RUE PIERRE WARIN,59606000AF0342,Maison,70,3.492758,50.363186
2024-711172,2024-05-13,Vente en l'état futur d'achèvement,184300,,RUE ERNEST MACAREZ,596060000D0538,Appartement,60,3.532546,50.3689
2024-711174,2024-04-23,Vente,105000,9,IMPASSE DU TONKIN,596060000M0302,Maison,64,3.530879,50.350165
2024-711181,2024-04-25,Vente,68500,18,RUE PERCEPAIN,59606000AR0841,Appartement,18,3.523925,50.362234
2024-711183,2024-04-26,Vente,230000,7,RUE D ANZIN,59606000AG0573,Maison,170,3.494713,50.36395
2024-711187,2024-05-16,Vente,145300,40,RUE JEAN BERNIER,596060000R0063,Maison,71,3.515431,50.349176
2024-711200,2024-05-07,Vente,163750,7,RUE E HIOLLE RES FORT MINIQUE,596060000I0610,Appartement,84,3.53609,50.358191
2024-711236,2024-05-03,Vente,64000,6,RUE ENCLOS DU BEGUINAGE,59606000AS0050,Maison,47,3.524649,50.354258
2024-711258,2024-05-07,Vente,45000,2,RUE DU SAINT CORDON,59606000AS0483,Appartement,27,3.525929,50.355952
2024-711266,2024-05-17,Vente,60000,72,AV CLEMENCEAU RES HARPIGNIES,59606000AQ0876,Appartement,34,3.520984,50.361391
2024-711277,2024-04-22,Vente,309000,4,RUE DES GODETS,59606000AQ0171,Appartement,27,3.518698,50.358941
2024-711277,2024-04-22,Vente,309000,4,RUE DES GODETS,59606000AQ0171,Appartement,14,3.518698,50.358941
2024-711277,2024-04-22,Vente,309000,4,RUE DES GODETS,59606000AQ0171,Appartement,14,3.518698,50.358941
2024-711277,2024-04-22,Vente,309000,4,RUE DES GODETS,59606000AQ0171,Appartement,15,3.518698,50.358941
2024-711277,2024-04-22,Vente,309000,4,RUE DES GODETS,59606000AQ0171,Appartement,15,3.518698,50.358941
2024-711277,2024-04-22,Vente,309000,4,RUE DES GODETS,59606000AQ0171,Appartement,12,3.518698,50.358941
2024-711277,2024-04-22,Vente,309000,4,RUE DES GODETS,59606000AQ0171,Appartement,14,3.518698,50.358941
2024-711283,2024-04-24,Vente,297547,27,RUE RENE GEORGES,596060000R0487,Maison,156,3.523019,50.349
2024-711285,2024-04-22,Vente,158000,1,RUE MAUGRETOUX,59606000AD0436,Maison,97,3.477614,50.36032
2024-711295,2024-05-16,Vente,205090,215,AV DE LIEGE,596060000G0063,Maison,97,3.541763,50.365966
2024-711335,2024-04-29,Vente,80000,21,RUE DUPONCHEL,59606000AO0230,Maison,80,3.51882,50.370341
2024-711346,2024-05-07,Vente,110000,60,RUE DU CLOS DES VILLAS,59606000AK0014,Maison,92,3.513063,50.355017
2024-711356,2024-05-17,Vente,240000,36,RUE THIERS,596060000Z0360,Maison,140,3.500098,50.357312
2024-711368,2024-05-17,Vente,65000,73,RUE DE TINCHON,59606000AH0204,Maison,60,3.490375,50.359646
2024-711375,2024-04-29,Vente,48000,16,RUE JEAN BERNIER,596060000R0209,Appartement,33,,
2024-711385,2024-04-23,Vente,160000,12,RUE DURIN,596060000M0288,Maison,77,3.531686,50.350691
2024-711386,2024-04-25,Vente,45000,26,AV MARECHAL JUIN,59606000AZ0001,Appartement,21,3.519829,50.364928
2024-711426,2024-05-17,Vente,139100,22,RUE DU CLOS EMILE LEBACQZ,59606000AC0140,Maison,81,3.488901,50.358988
2024-711438,2024-05-22,Vente,105000,36,RUE J PERDRIX RES ARC EN CIEL,596060000J0619,Appartement,70,3.535788,50.353551
2024-711441,2024-04-30,Vente,170000,21,AV DU MARECHAL FOCH,59606000AQ0747,Appartement,91,3.518508,50.362822
2024-711447,2024-04-29,Vente,84000,21,RUE DES FLORALIES,596060000I0468,Appartement,40,3.532695,50.360161
2024-711451,2024-05-15,Vente,180000,6,RUE BAUDOUIN RES MARIN L MESLE,596060000M0490,Appartement,76,3.528375,50.350242
2024-711460,2024-04-27,Vente,161750,14,IMPASSE DU TONKIN,596060000M0310,Maison,78,3.529854,50.350241
2024-711464,2024-05-15,Vente,98000,20,RUE HONHON,59606000AR0063,Appartement,64,3.522764,50.362271
2024-711485,2024-05-23,Vente,118600,50,RUE DES ANGES,59606000AQ0089,Appartement,81,3.519725,50.358049
2024-711506,2024-05-23,Vente,163300,52,RUE DE L ATRE DE GERTRUDE,596060000M0243,Maison,101,3.534563,50.350449
2024-711527,2024-05-13,Vente,50000,115,AV DE LIEGE,596060000F0104,Maison,111,3.537232,50.364386
2024-711546,2024-05-23,Vente,81700,5,RUE DE LA DIGUE ALL DS SOUPIRS,596060000P0221,Maison,50,3.519183,50.35318
2024-711595,2024-05-03,Vente,235000,16,BD WATTEAU RES BEAUMONT,59606000AS0497,Appartement,127,3.529614,50.356137
2024-711655,2024-05-10,Vente,54000,18,RUE PERCEPAIN,59606000AR0841,Appartement,20,3.523925,50.362234
2024-711656,2024-05-22,Vente,287500,15,PL JEHAN FROISSART,59606000AR0793,Appartement,143,3.528043,50.359968
2024-711659,2024-05-13,Vente en l'état futur d'achèvement,175500,,RUE HENRI CAFFIAUX,596060000W0462,Appartement,45,3.513755,50.352113
2024-711690,2024-05-27,Vente,273000,23,RUE DE L ABBE DELBECQUE,59606000AJ0626,Maison,148,3.510753,50.359984
2024-711700,2024-05-27,Vente,57550,11,RUE DES GLATIGNIES,59606000AT1059,Appartement,35,3.517569,50.357927
2024-711710,2024-05-29,Vente,45000,95,RUE DU QUESNOY,59606000AS0442,Appartement,46,,
2024-711739,2024-05-30,Vente,100000,81,RUE DE LA DIGUE RESID RUBENS,596060000P0304,Appartement,49,3.517633,50.353679
2024-711767,2024-05-30,Vente,220000,18,RUE DES BRECHES,59606000AR0739,Appartement,96,3.530135,50.361352
2024-711769,2024-05-31,Vente,250000,9,PL D ARMES,59606000AU0215,Appartement,142,3.522615,50.358051
2024-711787,2024-05-31,Vente,164600,9002,RES ST MICHEL AVE ST ROCH,596060000D0437,Appartement,89,3.534971,50.365706
2024-711792,2024-05-23,Vente,79750,101,RUE DE FAMARS,59606000AT0601,Maison,50,3.522104,50.354645
2024-711792,2024-05-23,Vente,79750,103,RUE DE FAMARS,59606000AT0602,Maison,30,3.522118,50.354622
2024-711794,2024-05-31,Vente,394900,56,BD FROISSART,59606000AQ0422,Maison,259,3.521678,50.36316
2024-711813,2024-05-31,Vente,140000,8,RUE DE LA GARE DE MARLY,596060000M0757,Appartement,70,3.536011,50.351865
2024-711813,2024-05-31,Vente,140000,8,RUE DE LA GARE DE MARLY,596060000M0757,Appartement,55,3.536011,50.351865
2024-711855,2024-05-14,Vente,522500,14,AV DE LIEGE,596060000E0247,Maison,229,3.532667,50.362029
2024-711859,2024-05-14,Vente,133300,36,RUE D ALSACE,596060000W0188,Maison,93,3.514688,50.351741
2024-711921,2024-05-17,Vente,65430,20,RUE DE LA DOUANE,59606000AM0055,Maison,53,3.512507,50.36755
2024-711959,2024-05-15,Vente,132000,83,AV DU CDT MARIN LA MESLEE,596060000R0497,Maison,62,3.523521,50.348823
2024-711963,2024-06-05,Vente,183333.33,1,RUE LOUIS SERBAT,596060000I0693,Appartement,59,3.531998,50.361033
2024-711964,2024-05-21,Vente,126000,216,AV DE REIMS,596060000T0131,Maison,69,3.525538,50.343807
2024-711985,2024-05-22,Vente,134000,18,RUE DE L INTENDANCE,59606000AR0631,Appartement,65,3.52569,50.360015
2024-712013,2024-06-10,Vente,91350,52,RUE DES GLACIS,596060000I0278,Maison,63,3.536656,50.358568
2024-712016,2024-06-11,Vente en l'état futur d'achèvement,254400,9,RUE CHE DES PLANCHES CHE PRIVE,596060000Q0013,Appartement,84,3.517195,50.351578
2024-712034,2024-06-12,Vente,130000,32,RUE DE LA GARE DE MARLY,596060000M0161,Maison,142,3.535798,50.351208
2024-712054,2024-05-22,Vente,163500,62,CLOS RIESLING LE VIGNOBLE,59606000AY0050,Maison,89,3.499006,50.351118
2024-712077,2024-06-10,Vente,110000,3,RUE DES VIVIERS,59606000AT1053,Appartement,48,3.521457,50.356101
2024-712079,2024-06-03,Vente,219350,57,AV DE LIEGE,596060000E0156,Maison,120,3.534551,50.363421
2024-712080,2024-05-28,Vente,98000,26,RUE E REY CHEM PARTICULIER,59606000AL0602,Maison,57,3.51151,50.364452
2024-712087,2024-06-07,Vente,74000,184,AV DE LIEGE RES J. BREL,596060000H0117,Appartement,48,3.541944,50.365267
2024-712097,2024-05-31,Vente,178500,9,RUE DE L ABBE DELBECQUE,59606000AJ0636,Maison,68,3.511059,50.360365
2024-712099,2024-05-29,Vente,155000,44,AV DES SPORTS,596060000S0094,Maison,67,3.526826,50.347427
2024-712102,2024-06-03,Vente,160000,34,RUE DELSAUX,59606000AV0399,Appartement,66,3.52434,50.357216
2024-712130,2024-06-07,Vente,180440,62,RUE PIERRE LOTI,596060000X0194,Maison,102,3.500965,50.351824
2024-712131,2024-06-14,Vente,117500,84,RUE DURIN,596060000M0632,Appartement,48,3.534138,50.349533
2024-712144,2024-06-12,Vente,151210,86,RUE PEGOUD,596060000T0299,Maison,92,3.529691,50.344164
2024-712182,2024-06-18,Vente,132000,19,RUE DU DOMAINE,59606000AH0598,Maison,83,3.491009,50.358492
2024-712184,2024-06-11,Vente,110000,5,RUE PASTEUR,596060000E0006,Appartement,48,3.530942,50.363142
2024-712239,2024-05-30,Vente,190000,37,AV DE VERDUN,596060000J0010,Maison,93,3.533044,50.353417
2024-712383,2024-06-20,Vente,165000,46,AV SAINT ROCH,596060000E0118,Maison,93,3.5356,50.364389
2024-712393,2024-06-26,Vente,239000,306,AV DAMPIERRE,59606000AJ0028,Maison,108,3.505515,50.35792
2024-712399,2024-06-21,Vente,221490,45,RUE SCHERER,59606000AJ0051,Maison,117,3.506379,50.35839
2024-712439,2024-06-26,Vente,150000,4,AV DUCHESNOIS,596060000F0010,Maison,171,3.53625,50.364663
2024-712538,2024-06-14,Vente,37500,7,PL DES ILOTS,59606000AU0244,Appartement,22,3.52378,50.358922
2024-712572,2024-06-27,Vente en l'état futur d'achèvement,294720,9,RUE CHE DES PLANCHES CHE PRIVE,596060000Q0013,Appartement,93,3.517195,50.351578
2024-712578,2024-06-20,Vente,138500,13,RUE PILETTE,59606000AW0140,Appartement,90,3.527005,50.357623
2024-712583,2024-06-07,Vente en l'état futur d'achèvement,236000,31,RUE ERNEST MACAREZ,596060000C0169,Appartement,67,3.533026,50.372165
2024-712607,2024-06-24,Vente en l'état futur d'achèvement,210000,31,RUE ERNEST MACAREZ,596060000C0169,Appartement,60,3.533026,50.372165
2024-712629,2024-06-05,Vente,70000,146,RUE DEPORTES DU TRAIN DE LOOS,59606000AT0127,Appartement,35,3.517371,50.356383
2024-712629,2024-06-05,Vente,70000,146,RUE DEPORTES DU TRAIN DE LOOS,59606000AT0127,Appartement,35,3.517371,50.356383
2024-712633,2024-06-05,Vente,125000,21,RUE DES FLORALIES,596060000I0468,Appartement,98,3.532695,50.360161
2024-712676,2024-06-11,Vente,39000,34,RUE DE LA LONGUE CHASSE,596060000C0175,Appartement,21,3.532645,50.372745
2024-712688,2024-06-20,Vente,90000,232,BD HARPIGNIES,59606000AZ0144,Appartement,54,3.526504,50.364673
2024-712697,2024-07-01,Vente,110000,60,RUE HENRI DURRE,59606000AJ0577,Maison,92,3.508516,50.360366
2024-712706,2024-06-04,Vente,107000,52,RUE PIERRE WARIN,59606000AF0217,Maison,87,3.493491,50.364005
2024-712720,2024-06-20,Vente en l'état futur d'achèvement,131500,,RUE HENRI CAFFIAUX,596060000W0462,Appartement,32,3.513755,50.352113
2024-712743,2024-06-07,Vente,315000,52,RUE EMMANUEL REY,59606000AL0605,Appartement,27,3.512146,50.364275
2024-712743,2024-06-07,Vente,315000,52,RUE EMMANUEL REY,59606000AL0605,Appartement,40,3.512146,50.364275
2024-712743,2024-06-07,Vente,315000,52,RUE EMMANUEL REY,59606000AL0605,Appartement,18,3.512146,50.364275
2024-712743,2024-06-07,Vente,315000,52,RUE EMMANUEL REY,59606000AL0605,Appartement,30,3.512146,50.364275
2024-712743,2024-06-07,Vente,315000,52,RUE EMMANUEL REY,59606000AL0605,Appartement,34,3.512146,50.364275
2024-712743,2024-06-07,Vente,315000,52,RUE EMMANUEL REY,59606000AL0605,Appartement,27,3.512146,50.364275
2024-712743,2024-06-07,Vente,315000,52,RUE EMMANUEL REY,59606000AL0605,Appartement,34,3.512146,50.364275
2024-712764,2024-06-28,Vente,46000,320,BD HARPIGNIES,59606000AZ0056,Appartement,18,3.524966,50.364608
2024-712782,2024-06-14,Vente,113000,75,RUE GAMBETTA,59606000AN0041,Maison,127,3.516096,50.369969
2024-712795,2024-06-28,Vente,46000,320,BD HARPIGNIES,59606000AZ0056,Appartement,18,3.524966,50.364608
2024-712802,2024-07-01,Vente,247000,56,RUE MILHOMME,596060000K0148,Appartement,116,3.533135,50.356684
2024-712830,2024-07-09,Vente,369500,6,AV VILLARS,59606000AJ0344,Appartement,24,3.511811,50.358934
2024-712830,2024-07-09,Vente,369500,6,AV VILLARS,59606000AJ0344,Appartement,14,3.511811,50.358934
2024-712830,2024-07-09,Vente,369500,6,AV VILLARS,59606000AJ0344,Appartement,18,3.511811,50.358934
2024-712830,2024-07-09,Vente,369500,6,AV VILLARS,59606000AJ0344,Appartement,18,3.511811,50.358934
2024-712830,2024-07-09,Vente,369500,6,AV VILLARS,59606000AJ0344,Appartement,20,3.511811,50.358934
2024-712830,2024-07-09,Vente,369500,6,AV VILLARS,59606000AJ0344,Appartement,20,3.511811,50.358934
2024-712830,2024-07-09,Vente,369500,6,AV VILLARS,59606000AJ0344,Appartement,18,3.511811,50.358934
2024-712830,2024-07-09,Vente,369500,6,AV VILLARS,59606000AJ0344,Appartement,20,3.511811,50.358934
2024-712830,2024-07-09,Vente,369500,6,AV VILLARS,59606000AJ0344,Appartement,20,3.511811,50.358934
2024-712830,2024-07-09,Vente,369500,6,AV VILLARS,59606000AJ0344,Appartement,16,3.511811,50.358934
2024-712830,2024-07-09,Vente,369500,6,AV VILLARS,59606000AJ0344,Appartement,18,3.511811,50.358934
2024-712851,2024-06-27,Vente,110420,56,RUE DE PARIS,59606000AQ1035,Appartement,56,3.520392,50.359593
2024-712857,2024-06-27,Vente,55000,4,RUE DESIRE GERNEZ,596060000Y0908,Appartement,34,3.505192,50.355325
2024-712874,2024-07-09,Vente,148500,65,RUE DU VERGER,59606000AH0828,Maison,91,3.48952,50.35717
2024-712902,2024-07-01,Vente,230000,177,RUE DE FAMARS,59606000AT0721,Maison,120,3.523281,50.352865
2024-712905,2024-06-19,Vente,55000,18,RUE PERCEPAIN,59606000AR0841,Appartement,22,3.523925,50.362234
2024-712916,2024-07-10,Vente,95000,22,RUE DE STRASBOURG,596060000R0092,Maison,67,3.517091,50.349445
2024-712917,2024-07-10,Vente,55000,18,RUE SAINT ELOI,59606000AH0016,Maison,74,3.489576,50.360642
2024-712960,2024-06-25,Vente,267000,76,RUE PIERRE LOTI,596060000X0223,Maison,104,3.502086,50.351427
2024-712970,2024-07-04,Vente,140000,9,RUE DES CAPUCINS,59606000AR0462,Appartement,60,3.528657,50.359216
2024-712970,2024-07-04,Vente,140000,9,RUE DES CAPUCINS,59606000AR0462,Appartement,40,3.528657,50.359216
2024-712970,2024-07-04,Vente,140000,9,RUE DES CAPUCINS,59606000AR0462,Appartement,80,3.528657,50.359216
2024-713025,2024-07-05,Vente,116000,16,RUE COLART CRESTE,596060000G0024,Maison,64,3.540649,50.366192
2024-713068,2024-07-05,Vente,45000,10,RUE J DESPREZ P CORON MIROUX,59606000AN0012,Maison,46,3.515459,50.370213
2024-713070,2024-07-01,Vente,97500,320,BD HARPIGNIES,59606000AZ0056,Appartement,18,3.524966,50.364608
2024-713070,2024-07-01,Vente,97500,320,BD HARPIGNIES,59606000AZ0056,Appartement,18,3.524966,50.364608
2024-713105,2024-06-27,Vente,140000,76,RUE DU QUESNOY,59606000AW0223,Appartement,70,3.526626,50.35636
2024-713117,2024-07-15,Vente,110000,2,RUE SAINT MICHEL,596060000E0006,Appartement,48,3.530942,50.363142
2024-713128,2024-07-02,Vente,173000,9010,RUE DES ARCHERS,59606000AZ0122,Appartement,70,3.525465,50.365574
2024-713164,2024-06-28,Vente,50000,14,IMP BANTEGNIES,59606000AI0244,Maison,55,3.506703,50.362312
2024-713166,2024-06-28,Vente,50000,4,IMP BANTEGNIES,59606000AI0249,Maison,58,3.506931,50.362171
2024-713220,2024-07-11,Vente,345000,5,RUE MATHIEU DE QUINVIGNIES,59606000AW0097,Maison,190,3.527861,50.358339
2024-713269,2024-06-20,Vente,112900,529,ALL DES CHENES,596060000T1431,Maison,87,3.518785,50.343502
2024-713271,2024-06-28,Vente,107000,8,RES VAL CLAIR R S LEBOUCQ,59606000AT0801,Appartement,71,3.518261,50.356154
2024-713273,2024-06-27,Vente,87000,26,BD WATTEAU RES LA RHONELLE,59606000AS0493,Appartement,67,3.529369,50.355339
2024-713276,2024-06-25,Vente,85000,9,RUE E HIOLLE RES FORT MINIQUE,596060000I0610,Appartement,35,3.53609,50.358191
2024-713277,2024-06-27,Vente,80350,23,RUE ROUGEVILLE RES SAINT ROCH,596060000D0463,Appartement,47,3.533286,50.369406
2024-713281,2024-07-16,Vente,70000,2,RUE COLART CRESTE,596060000G0076,Maison,42,3.541021,50.365839
2024-713288,2024-07-09,Vente,122000,112,RUE DE TINCHON,59606000AC0066,Maison,81,3.489425,50.359344
2024-713291,2024-07-04,Vente,85000,44,AV DE VERDUN,596060000M0664,Appartement,36,3.533764,50.352574
2024-713298,2024-06-29,Vente,136500,2,VC RES SALY RUE SIMON LEBOUCQ,59606000AT0910,Appartement,128,3.518612,50.355883
2024-713333,2024-07-16,Vente,108000,8,RUE CLAUDIN LEJEUNE,596060000N0202,Appartement,44,3.525256,50.350731
2024-713387,2024-06-24,Vente en l'état futur d'achèvement,125000,1,QUAI DES MINES,59606000AP0010,Appartement,26,3.514856,50.366079
2024-713432,2024-07-11,Vente,105000,22,AV DESANDROUINS COUR LOMPREZ,59606000AH0259,Maison,83,3.494194,50.361208
2024-713462,2024-07-02,Vente en l'état futur d'achèvement,169650,31,RUE ERNEST MACAREZ,596060000C0169,Appartement,49,3.533026,50.372165
2024-713464,2024-07-03,Vente en l'état futur d'achèvement,164000,31,RUE ERNEST MACAREZ,596060000C0169,Appartement,40,3.533026,50.372165
2024-713524,2024-07-24,Vente,62600,125,AV FAIDHERBE,596060000Y0908,Appartement,32,3.505192,50.355325
2024-713536,2024-07-17,Vente,85000,107,RUE DU ROLEUR,596060000I0516,Maison,37,3.540573,50.362255
2024-713562,2024-07-08,Vente,120000,36,AV DAMPIERRE,59606000AL0156,Maison,151,3.510392,50.365623
2024-713570,2024-07-18,Vente,259000,20,RUE DE L ABBE VICTOR SENEZ,59606000AQ0536,Maison,110,3.518771,50.36068
2024-713591,2024-07-19,Vente,87975,42,RUE HENRI DURRE,59606000AJ0568,Maison,71,3.50871,50.360844
2024-713600,2024-06-26,Vente en l'état futur d'achèvement,169000,209,AV DE DENAIN,59606000AB0466,Appartement,41,3.492043,50.35069
2024-713604,2024-07-04,Vente en l'état futur d'achèvement,191040,9,RUE CHE DES PLANCHES CHE PRIVE,596060000Q0013,Appartement,61,3.517195,50.351578
2024-713611,2024-07-09,Vente,130000,2,RUE BAUDOUIN RES MARIN L MESLE,596060000M0490,Appartement,66,3.528375,50.350242
2024-713652,2024-07-04,Vente,202500,123,AV DE LIEGE,596060000F0100,Maison,175,3.537461,50.364513
2024-713654,2024-07-08,Vente,227000,1,RUE ERNEST HIOLLE RES POSIERE,596060000I0607,Appartement,74,3.533988,50.358259
2024-713655,2024-07-04,Vente,125000,21,RUE DES FLORALIES,596060000I0468,Appartement,98,3.532695,50.360161
2024-713661,2024-07-09,Vente,235000,26,RUE CLAUDIN LEJEUNE,596060000N0099,Maison,149,3.525606,50.351288
2024-713673,2024-07-15,Vente,295000,47,RUE DU ROLEUR,596060000I0500,Maison,130,3.538396,50.363071
2024-713673,2024-07-15,Vente,295000,47,RUE DU ROLEUR,596060000I0500,Maison,130,3.538396,50.363071
2024-713676,2024-07-15,Vente,140000,249,AV DE REIMS,596060000T0375,Maison,136,3.526188,50.342039
2024-713689,2024-07-23,Vente,285000,1,RUE DE L HOPITAL DE SIEGE,596060000Q0135,Appartement,16,3.521252,50.352231
2024-713689,2024-07-23,Vente,285000,1,RUE DE L HOPITAL DE SIEGE,596060000Q0135,Appartement,48,3.521252,50.352231
2024-713689,2024-07-23,Vente,285000,1,RUE DE L HOPITAL DE SIEGE,596060000Q0135,Appartement,16,3.521252,50.352231
2024-713689,2024-07-23,Vente,285000,1,RUE DE L HOPITAL DE SIEGE,596060000Q0135,Appartement,16,3.521252,50.352231
2024-713689,2024-07-23,Vente,285000,1,RUE DE L HOPITAL DE SIEGE,596060000Q0135,Appartement,15,3.521252,50.352231
2024-713699,2024-07-04,Vente,75000,21,RUE DES FLORALIES,596060000I0468,Appartement,98,3.532695,50.360161
2024-713699,2024-07-04,Vente,75000,21,RUE DES FLORALIES,596060000I0468,Appartement,60,3.532695,50.360161
2024-713704,2024-07-10,Vente,57000,23,AV DE LORRAINE,596060000R0190,Maison,45,3.516045,50.348364
2024-713736,2024-07-29,Vente,84500,19,RUE DU MARQUIS IMP MABILLE,596060000I0157,Maison,104,3.540533,50.362567
2024-713745,2024-07-05,Vente en l'état futur d'achèvement,182867,26,CHE DU HALAGE,59606000AP0243,Appartement,70,3.517353,50.36716
2024-713765,2024-07-29,Vente,303730,141,RUE EMMANUEL REY,59606000AL0458,Appartement,35,3.511281,50.361312
2024-713765,2024-07-29,Vente,303730,141,RUE EMMANUEL REY,59606000AL0458,Appartement,35,3.511281,50.361312
2024-713765,2024-07-29,Vente,303730,141,RUE EMMANUEL REY,59606000AL0458,Appartement,20,3.511281,50.361312
2024-713765,2024-07-29,Vente,303730,141,RUE EMMANUEL REY,59606000AL0458,Appartement,28,3.511281,50.361312
2024-713765,2024-07-29,Vente,303730,141,RUE EMMANUEL REY,59606000AL0458,Appartement,20,3.511281,50.361312
2024-713765,2024-07-29,Vente,303730,141,RUE EMMANUEL REY,59606000AL0458,Appartement,28,3.511281,50.361312
2024-713765,2024-07-29,Vente,303730,141,RUE EMMANUEL REY,59606000AL0458,Appartement,30,3.511281,50.361312
2024-713814,2024-07-17,Vente,270000,8,RUE SAINT GERY,59606000AV0327,Appartement,75,3.524628,50.358838
2024-713847,2024-07-19,Vente,206700,5,RUE THEODORE DEROMBY,59606000AJ0167,Maison,117,3.508088,50.356492
2024-713862,2024-07-22,Vente en l'état futur d'achèvement,154850,31,RUE ERNEST MACAREZ,596060000C0169,Appartement,41,3.533026,50.372165
2024-713863,2024-07-25,Vente,172100,39,AV DU SERGENT CAIRNS,596060000N0126,Appartement,32,3.524799,50.350044
2024-713863,2024-07-25,Vente,172100,39,AV DU SERGENT CAIRNS,596060000N0126,Appartement,34,3.524799,50.350044
2024-713863,2024-07-25,Vente,172100,39,AV DU SERGENT CAIRNS,596060000N0126,Appartement,55,3.524799,50.350044
2024-713876,2024-07-11,Vente en l'état futur d'achèvement,171500,9,RUE CHE DES PLANCHES CHE PRIVE,596060000Q0013,Appartement,55,3.517195,50.351578
2024-713880,2024-07-19,Vente,148500,1,RUE DE JEMMAPES,59606000AR0859,Appartement,72,3.526951,50.363513
2024-713890,2024-07-24,Vente,325000,7,PL DE TOURNAI,59606000AQ0709,Appartement,65,3.518238,50.364595
2024-713890,2024-07-24,Vente,325000,7,PL DE TOURNAI,59606000AQ0709,Appartement,25,3.518238,50.364595
2024-713890,2024-07-24,Vente,325000,7,PL DE TOURNAI,59606000AQ0709,Appartement,25,3.518238,50.364595
2024-713923,2024-07-23,Vente,190000,26,AV DE CONDE,59606000AM0038,Maison,78,3.511633,50.367573
2024-713948,2024-07-25,Vente,108000,8,RES VAL CLAIR R S LEBOUCQ,59606000AT0801,Appartement,62,3.518261,50.356154
2024-713961,2024-07-12,Vente en l'état futur d'achèvement,237120,,RUE ERNEST MACAREZ,596060000D0538,Appartement,88,3.532546,50.3689
2024-714000,2024-07-15,Vente en l'état futur d'achèvement,214000,9,RUE CHE DES PLANCHES CHE PRIVE,596060000Q0013,Appartement,65,3.517195,50.351578
2024-714018,2024-07-22,Vente,90000,12,RUE PILETTE,59606000AW0217,Appartement,73,3.5276,50.357482
2024-714034,2024-07-24,Vente,67000,14,RUE SAUDEUR,59606000AL0199,Maison,56,3.511441,50.366042
2024-714054,2024-07-12,Vente,158000,10,ENC LES GENETS,59606000AB0295,Maison,100,3.492841,50.352355
2024-714077,2024-08-06,Vente,130000,56,RUE DE LILLE,59606000AR0107,Appartement,40,3.522988,50.361169
2024-714077,2024-08-06,Vente,130000,58,RUE DE LILLE,59606000AR0914,Maison,18,3.523047,50.361326
2024-714077,2024-08-06,Vente,130000,58,RUE DE LILLE,59606000AR0914,Appartement,76,3.523047,50.361326
2024-714077,2024-08-06,Vente,130000,58,RUE DE LILLE,59606000AR0914,Maison,24,3.523047,50.361326
2024-714077,2024-08-06,Vente,130000,58,RUE DE LILLE,59606000AR0914,Appartement,114,3.523047,50.361326
2024-714077,2024-08-06,Vente,130000,58,RUE DE LILLE,59606000AR0914,Appartement,22,3.523047,50.361326
2024-714077,2024-08-06,Vente,130000,58,RUE DE LILLE,59606000AR0914,Maison,24,3.523047,50.361326
2024-714077,2024-08-06,Vente,130000,58,RUE DE LILLE,59606000AR0914,Maison,24,3.523047,50.361326
2024-714077,2024-08-06,Vente,130000,58,RUE DE LILLE,59606000AR0914,Appartement,27,3.523047,50.361326
2024-714088,2024-07-19,Vente en l'état futur d'achèvement,193920,9,RUE CHE DES PLANCHES CHE PRIVE,596060000Q0013,Appartement,61,3.517195,50.351578
2024-714090,2024-07-23,Vente,83000,142,RUE DEPORTES DU TRAIN DE LOOS,59606000AT0125,Appartement,52,3.517474,50.356445
2024-714107,2024-07-22,Vente,55000,16,RUE DU GRAND FOSSART,59606000AS0562,Appartement,29,3.525763,50.354721
2024-714108,2024-07-18,Vente en l'état futur d'achèvement,205500,5,RUE FRANCOIS COLLIEZ,596060000W0462,Appartement,60,3.513755,50.352113
2024-714109,2024-07-18,Vente en l'état futur d'achèvement,146000,5,RUE FRANCOIS COLLIEZ,596060000W0462,Appartement,37,3.513755,50.352113
2024-714110,2024-08-08,Vente,310000,55,RUE MILHOMME,596060000K0175,Appartement,98,3.532158,50.356579
2024-714131,2024-07-29,Vente,245000,2,RUE RENE GEORGES,596060000N0006,Appartement,13,3.524068,50.349372
2024-714131,2024-07-29,Vente,245000,2,RUE RENE GEORGES,596060000N0006,Appartement,17,3.524068,50.349372
2024-714131,2024-07-29,Vente,245000,2,RUE RENE GEORGES,596060000N0006,Appartement,14,3.524068,50.349372
2024-714131,2024-07-29,Vente,245000,2,RUE RENE GEORGES,596060000N0006,Appartement,13,3.524068,50.349372
2024-714131,2024-07-29,Vente,245000,2,RUE RENE GEORGES,596060000N0006,Appartement,13,3.524068,50.349372
2024-714131,2024-07-29,Vente,245000,2,RUE RENE GEORGES,596060000N0006,Appartement,11,3.524068,50.349372
2024-714131,2024-07-29,Vente,245000,2,RUE RENE GEORGES,596060000N0006,Appartement,16,3.524068,50.349372
2024-714131,2024-07-29,Vente,245000,2,RUE RENE GEORGES,596060000N0006,Appartement,13,3.524068,50.349372
2024-714131,2024-07-29,Vente,245000,2,RUE RENE GEORGES,596060000N0006,Appartement,13,3.524068,50.349372
2024-714131,2024-07-29,Vente,245000,2,RUE RENE GEORGES,596060000N0006,Appartement,14,3.524068,50.349372
2024-714131,2024-07-29,Vente,245000,2,RUE RENE GEORGES,596060000N0006,Appartement,11,3.524068,50.349372
2024-714131,2024-07-29,Vente,245000,2,RUE RENE GEORGES,596060000N0006,Appartement,14,3.524068,50.349372
2024-714131,2024-07-29,Vente,245000,2,RUE RENE GEORGES,596060000N0006,Appartement,24,3.524068,50.349372
2024-714131,2024-07-29,Vente,245000,2,RUE RENE GEORGES,596060000N0006,Appartement,14,3.524068,50.349372
2024-714131,2024-07-29,Vente,245000,2,RUE RENE GEORGES,596060000N0006,Appartement,13,3.524068,50.349372
2024-714142,2024-07-15,Vente,155000,81,RUE DE LA DIGUE RESID RUBENS,596060000P0304,Appartement,59,3.517633,50.353679
2024-714152,2024-07-23,Vente,210000,13,RUE DE L ABREUVOIR,59606000AK0128,Maison,107,3.513629,50.353634
2024-714154,2024-07-24,Vente,164640,1,RUE EMMANUEL REY,59606000AL0541,Maison,87,3.513186,50.365578
2024-714159,2024-07-24,Vente,210000,49,RUE DE LA DIGUE,596060000P0303,Appartement,72,3.518831,50.353247
2024-714162,2024-07-31,Vente,94000,125,AV FAIDHERBE,596060000Y0908,Appartement,48,3.505192,50.355325
2024-714164,2024-07-26,Vente,224000,23,AV FAIDHERBE,596060000Y0353,Maison,115,3.509053,50.353853
2024-714167,2024-07-26,Vente,300000,84,RUE HENRI DURRE,59606000AJ0839,Maison,160,3.508143,50.359489
2024-714176,2024-08-01,Vente en l'état futur d'achèvement,161280,9,RUE CHE DES PLANCHES CHE PRIVE,596060000Q0013,Appartement,44,3.517195,50.351578
2024-714183,2024-08-12,Vente,100000,21,RUE DU MUGUET,59606000AH0745,Maison,67,3.49139,50.357778
2024-714191,2024-07-31,Vente,313000,43,RUE CHARLES QUINT,596060000K0088,Maison,127,3.533338,50.355161
2024-714232,2024-07-24,Vente,150000,12,BD DES BRUYERES,59606000AH0907,Maison,83,3.493375,50.358396
2024-714264,2024-08-01,Vente,64200,3,RUE DE LA BARRE COUR LEFEVER,59606000AT0688,Maison,87,3.523054,50.353433
2024-714270,2024-08-01,Vente,84200,232,BD HARPIGNIES,59606000AZ0144,Appartement,49,3.526504,50.364673
2024-714286,2024-08-02,Vente,131040,11,RUE DU VERGER,59606000AH1094,Maison,101,3.492291,50.356974
2024-714307,2024-07-24,Vente,185000,26,RUE JEAN MERMOZ,596060000T0386,Maison,105,3.528009,50.341776
2024-714319,2024-08-21,Vente,105000,166,AV DAMPIERRE,59606000AL0026,Appartement,58,3.508622,50.362344
2024-714344,2024-08-22,Vente,220000,1,RUE LOUIS SERBAT,596060000I0693,Appartement,59,3.531998,50.361033
2024-714357,2024-07-30,Vente,76000,90,AV DE VERDUN,596060000M0362,Maison,84,3.535659,50.352329
2024-714387,2024-08-06,Vente,39000,14,RUE JEAN BERNIER,596060000R0209,Appartement,32,,
2024-714403,2024-08-21,Vente,336000,13,RUE DES HOSPICES,59606000AV0036,Maison,160,3.52352,50.356468
2024-714406,2024-08-02,Vente,80000,50,ENC J PHILIPPE RAMEAU,59606000AC0367,Maison,62,3.484615,50.355188
2024-714407,2024-08-02,Vente,136000,23,AV TOURELLE CHEM PARTICULIER,596060000R0414,Maison,77,3.521362,50.347839
2024-714417,2024-08-27,Vente en l'état futur d'achèvement,181500,26,CHE DU HALAGE,59606000AP0243,Appartement,48,3.517353,50.36716
2024-714420,2024-07-31,Vente,105000,10,RUE HONHON,59606000AR0068,Appartement,53,3.522598,50.362081
2024-714421,2024-07-31,Vente,255000,24,AV SAINT ROCH,596060000E0139,Maison,113,3.535149,50.363997
2024-714440,2024-08-29,Vente,418000,35,QUAI DES MINES,59606000AP0019,Appartement,199,3.516019,50.367741
2024-714455,2024-08-14,Vente,333000,81,RUE ALFRED GIARD,59606000AJ0388,Maison,130,3.509195,50.357641
2024-714456,2024-08-08,Vente,115000,6,RUE DES DAHLIAS,59606000AH0757,Maison,72,3.491863,50.357639
2024-714477,2024-08-09,Vente,202000,48,AV VILLARS,59606000AJ0437,Appartement,59,3.508502,50.358016
2024-714487,2024-08-14,Vente,467000,80,AV VILLARS,59606000AJ0054,Maison,174,3.506576,50.357823
2024-714491,2024-08-07,Vente en l'état futur d'achèvement,164200,209,AV DE DENAIN,59606000AB0466,Appartement,39,3.492043,50.35069
2024-714492,2024-08-05,Vente en l'état futur d'achèvement,169000,209,AV DE DENAIN,59606000AB0466,Appartement,41,3.492043,50.35069
2024-714505,2024-08-29,Vente en l'état futur d'achèvement,165440,9,RUE CHE DES PLANCHES CHE PRIVE,596060000Q0013,Appartement,45,3.517195,50.351578
2024-714507,2024-08-20,Vente,36223,34,RUE DE LA LONGUE CHASSE,596060000C0175,Appartement,24,3.532645,50.372745
2024-714515,2024-08-29,Vente en l'état futur d'achèvement,249000,26,CHE DU HALAGE,59606000AP0243,Appartement,93,3.517353,50.36716
2024-714531,2024-08-13,Vente,67100,10,RUE DES GLATIGNIES,59606000AQ0031,Appartement,41,3.51779,50.358757
2024-714533,2024-08-29,Vente,101500,4,RUE DESIRE GERNEZ,596060000Y0908,Appartement,50,3.505192,50.355325
2024-714550,2024-08-05,Vente,115000,38,RUE MALPLAQUET,596060000Y0380,Maison,80,3.507752,50.352687
2024-714575,2024-08-30,Vente en l'état futur d'achèvement,153600,9,RUE CHE DES PLANCHES CHE PRIVE,596060000Q0013,Appartement,48,3.517195,50.351578
2024-714583,2024-08-08,Vente,50000,13,AV DE VERDUN IMP COUSIN,596060000M0120,Maison,57,3.535014,50.352247
2024-714589,2024-08-09,Vente,80000,23,RUE DE LA DELIVRANCE,59606000AJ0841,Appartement,41,3.510053,50.354774
2024-714616,2024-08-09,Vente,126500,21,BD WATTEAU,596060000K0174,Appartement,43,3.531801,50.356583
2024-714637,2024-08-20,Vente,165000,41,RUE DE L ATRE DE GERTRUDE,596060000M0190,Appartement,70,3.534081,50.351323
2024-714656,2024-08-29,Vente,36200,25,BD PATER,596060000I0495,Appartement,14,3.532056,50.360001
2024-714672,2024-08-09,Vente,129000,12,RUE MATHIEU DE QUINVIGNIES,59606000AW0111,Maison,87,3.528681,50.358767
2024-714697,2024-08-13,Vente,80000,7,RUE CAPELLE,59606000AR0440,Maison,85,3.529902,50.360067
2024-714713,2024-08-13,Vente,82700,77,RUE DE ROMAINVILLE,596060000J0775,Appartement,50,3.53978,50.359202
2024-714719,2024-09-05,Vente,540000,7,RUE LOUIS CELLIER,59606000AS0499,Maison,281,3.525676,50.354172
2024-714757,2024-08-26,Vente,166500,2,AV DESANDROUINS C STIEVENARD,59606000AH0273,Appartement,102,3.494632,50.361738
2024-714757,2024-08-26,Vente,166500,2,AV DESANDROUINS C STIEVENARD,59606000AH0273,Appartement,45,3.494632,50.361738
2024-714807,2024-09-10,Vente,310000,52,RUE DE FAMARS,59606000AT0309,Appartement,55,3.521338,50.355544
2024-714807,2024-09-10,Vente,310000,52,RUE DE FAMARS,59606000AT0309,Appartement,73,3.521338,50.355544
2024-714829,2024-08-21,Vente,102000,137,RUE HENRY DERYCKE LES TERTIALE,59606000AZ0144,Appartement,48,3.526504,50.364673
2024-714830,2024-09-06,Vente,115900,6,RUE JACQUES PERDRIX,596060000J0041,Appartement,45,3.534078,50.35408
2024-714834,2024-08-23,Vente,65000,101,RUE AUBRY,59606000AD0926,Maison,73,3.481206,50.359476
2024-714840,2024-08-20,Vente,140000,146,AV DE DENAIN,596060000Z0123,Maison,71,3.498171,50.354416
2024-714858,2024-08-20,Vente en l'état futur d'achèvement,202000,31,RUE ERNEST MACAREZ,596060000C0169,Appartement,66,3.533026,50.372165
2024-714865,2024-08-21,Vente en l'état futur d'achèvement,175000,31,RUE ERNEST MACAREZ,596060000C0169,Appartement,40,3.533026,50.372165
2024-714874,2024-09-11,Vente,170000,22,RUE DU CHEMIN DES PLANCHES,596060000P0303,Appartement,70,3.518831,50.353247
2024-714876,2024-08-29,Vente,100000,32,AV GEORGES CLEMENCEAU,59606000AU0116,Appartement,80,3.521533,50.36019
2024-714900,2024-08-27,Vente,71000,8,COUR DELSAUX,59606000AV0292,Appartement,38,3.525461,50.357789
2024-714902,2024-08-29,Vente,97000,125,AV FAIDHERBE,596060000Y0908,Appartement,48,3.505192,50.355325
2024-714913,2024-08-30,Vente,246000,192,AV DESANDROUINS,59606000AG0447,Maison,271,3.49484,50.362521
2024-714913,2024-08-30,Vente,246000,192,AV DESANDROUINS,59606000AG0447,Maison,271,3.49484,50.362521
2024-714913,2024-08-30,Vente,246000,192,AV DESANDROUINS,59606000AG0447,Maison,271,3.49484,50.362521
2024-714933,2024-09-09,Vente,66500,72,AV CLEMENCEAU RES HARPIGNIES,59606000AQ0876,Appartement,34,3.520984,50.361391
2024-714936,2024-08-29,Vente,108000,20,RUE HONHON,59606000AR0063,Appartement,63,3.522764,50.362271
2024-714938,2024-09-03,Vente,97384,4,PASSAGE DES CORDELIERS,59606000AR0915,Appartement,74,3.523342,50.361638
2024-714988,2024-09-17,Vente,139450,14,RUE DES CENT TETES,596060000D0170,Maison,82,3.530856,50.36533
2024-714995,2024-09-13,Vente en l'état futur d'achèvement,260000,9,RUE CHE DES PLANCHES CHE PRIVE,596060000Q0013,Appartement,84,3.517195,50.351578
2024-715043,2024-09-06,Vente,95000,26,BD WATTEAU RES LA RHONELLE,59606000AS0493,Appartement,45,3.529369,50.355339
2024-715057,2024-08-29,Vente,40000,7,AV D AMSTERDAM,59606000AR0740,Appartement,28,3.525667,50.359676
2024-715081,2024-09-10,Vente,106000,9001,LE VIGNOBLE RES DIANE,59606000AB0479,Appartement,81,3.494095,50.350626
2024-715086,2024-09-03,Vente,58000,18,RUE THOLOZE,59606000AQ0644,Appartement,28,3.518603,50.362563
2024-715131,2024-09-20,Vente,62000,25,RUE JEAN BART,59606000AI0279,Maison,66,3.506585,50.362766
2024-715132,2024-09-14,Vente,125000,14,RUE DU CLOS EMILE LEBACQZ,59606000AC0148,Maison,78,3.487685,50.3593
2024-715154,2024-08-28,Vente en l'état futur d'achèvement,163000,31,RUE ERNEST MACAREZ,596060000C0169,Appartement,41,3.533026,50.372165
2024-715166,2024-09-10,Vente,65300,16,RUE DU VERT GAZON,596060000W0019,Maison,70,3.508759,50.347963
2024-715172,2024-08-30,Vente,240000,27,PL D ARMES,59606000AU0215,Appartement,114,3.522615,50.358051
2024-715206,2024-09-20,Vente en l'état futur d'achèvement,155000,9,RUE CHE DES PLANCHES CHE PRIVE,596060000Q0013,Appartement,38,3.517195,50.351578
2024-715234,2024-09-18,Vente,195000,21,RUE DES FLORALIES,596060000I0468,Appartement,98,3.532695,50.360161
2024-715259,2024-09-04,Vente,130100,69,RUE DU MARQUIS RES FLANDRES,596060000H0118,Appartement,90,3.54262,50.364852
2024-715266,2024-09-13,Vente,50000,320,BD HARPIGNIES,59606000AZ0056,Appartement,18,3.524966,50.364608
2024-715269,2024-09-06,Vente,97000,5,AV SENAC DE MEILHAN,596060000E0128,Maison,60,3.535617,50.364014
2024-715276,2024-09-03,Vente,97000,240,AV DE DENAIN,59606000AB0034,Maison,87,3.490629,50.350589
2024-715307,2024-09-19,Vente,107000,16,RUE DU JOLIMETZ,596060000W0119,Maison,85,3.513289,50.352428
2024-715330,2024-08-30,Vente,74700,18,RUE PERCEPAIN,59606000AR0841,Appartement,31,3.523925,50.362234
2024-715339,2024-09-19,Vente,136000,12,AV DU FBG DE CAMBRAI,596060000R0249,Maison,132,3.514712,50.345904
2024-715370,2024-09-04,Vente,160000,16,RUE SAUDEUR,59606000AL0768,Appartement,34,3.511388,50.365924
2024-715370,2024-09-04,Vente,160000,16,RUE SAUDEUR,59606000AL0768,Appartement,35,3.511388,50.365924
2024-715370,2024-09-04,Vente,160000,16,RUE SAUDEUR,59606000AL0768,Appartement,40,3.511388,50.365924
2024-715390,2024-09-13,Vente,310000,45,AV DE VERDUN,596060000J0014,Maison,200,3.533402,50.353383
2024-715393,2024-09-10,Vente,113500,20,RUE HONHON,59606000AR0063,Appartement,77,3.522764,50.362271
2024-715396,2024-09-12,Vente,248000,32,RLE SAINT ROCH,596060000B0101,Maison,119,3.537436,50.368699
2024-715399,2024-09-11,Vente,75300,4,RUE DE LA FRATERNITE RES SEVRE,59606000AG0519,Appartement,57,3.497184,50.363719
2024-715400,2024-09-17,Vente,197000,1,RUE LOUIS SERBAT,596060000I0693,Appartement,43,3.531998,50.361033
2024-715418,2024-09-10,Vente,207000,19,RUE BAUDOUIN IMP COURTIN,596060000M0067,Maison,88,3.531714,50.35203
2024-715432,2024-09-23,Vente,80000,23,RUE ROUGEVILLE RES SAINT ROCH,596060000D0463,Appartement,47,3.533286,50.369406
2024-715433,2024-09-28,Vente,67900,2,RUE DE LA TARGETTE,596060000U0188,Maison,40,3.511626,50.343194
2024-715434,2024-09-27,Vente,120000,23,RUE MILHOMME,596060000L0121,Appartement,45,3.53092,50.355031
2024-715435,2024-09-25,Vente,64000,7,RUE DE L ABREUVOIR,59606000AK0131,Maison,36,3.513972,50.353685
2024-715439,2024-09-27,Vente en l'état futur d'achèvement,248000,9,RUE CHE DES PLANCHES CHE PRIVE,596060000Q0013,Appartement,84,3.517195,50.351578
2024-715450,2024-09-20,Vente,38000,8,AV D AMSTERDAM,59606000AV0352,Appartement,20,3.525222,50.359376
2024-715517,2024-10-01,Vente,147450,2,RUE DU MUGUET,59606000AH0607,Maison,100,3.491829,50.358818
2024-715520,2024-09-27,Vente,102000,9003,RES ST MICHEL AVE ST ROCH,596060000D0437,Appartement,75,3.534971,50.365706
2024-715521,2024-09-06,Vente,84150,17,AV DENTELLIERE RES CATHERINE,59606000AT0928,Appartement,72,3.520249,50.356086
2024-715530,2024-09-24,Vente,200000,13,RUE DE BEAUMONT,59606000AS0332,Maison,133,3.528229,50.355837
2024-715540,2024-09-10,Vente,292500,7,AV D AMSTERDAM,59606000AR0740,Appartement,127,3.525667,50.359676
2024-715554,2024-09-17,Vente,123000,101,AV DE DENAIN,596060000Z0482,Maison,141,3.497967,50.353472
2024-715556,2024-09-23,Vente,91500,62,CHE DE PROUVY,596060000Z0505,Maison,90,3.4983,50.352341
2024-715597,2024-10-07,Vente,120000,6,RUE DE LA GARE DE MARLY,596060000M0146,Maison,120,3.536063,50.351913
2024-715613,2024-09-11,Vente,233000,5,RUE HENRI CAFFIAUX,596060000W0254,Appartement,12,3.515256,50.352761
2024-715613,2024-09-11,Vente,233000,5,RUE HENRI CAFFIAUX,596060000W0254,Appartement,29,3.515256,50.352761
2024-715613,2024-09-11,Vente,233000,5,RUE HENRI CAFFIAUX,596060000W0254,Appartement,41,3.515256,50.352761
2024-715613,2024-09-11,Vente,233000,5,RUE HENRI CAFFIAUX,596060000W0254,Appartement,15,3.515256,50.352761
2024-715627,2024-09-28,Vente,104000,153,AV DESANDROUINS,59606000AH0091,Maison,113,3.492428,50.36268
2024-715629,2024-09-16,Vente,99000,19,AV DE SAINT-AMAND,59606000AL0685,Appartement,74,3.512436,50.36618
2024-715630,2024-09-24,Vente,105500,81,RUE DE LA DIGUE RESID RUBENS,596060000P0304,Appartement,51,3.517633,50.353679
2024-715636,2024-09-18,Vente,31000,7,RUE DE LILLE IMP SARRAZIN,59606000AU0149,Maison,21,3.522794,50.360791
2024-715642,2024-10-02,Vente,160000,41,RUE DE L EPAIX,596060000D0145,Maison,68,3.533296,50.365936
2024-715674,2024-10-04,Vente en l'état futur d'achèvement,178500,26,CHE DU HALAGE,59606000AP0243,Appartement,47,3.517353,50.36716
2024-715695,2024-10-04,Vente,450000,18,RUE DES FOULONS,59606000AT0467,Maison,190,3.522289,50.355091
2024-715704,2024-10-08,Vente,144000,1,RUE BURIANNE,59606000AV0385,Appartement,81,3.52435,50.358152
2024-715707,2024-10-07,Vente en l'état futur d'achèvement,178000,9,RUE CHE DES PLANCHES CHE PRIVE,596060000Q0013,Appartement,55,3.517195,50.351578
2024-715722,2024-09-18,Vente,208000,67,BD SALY,596060000P0021,Maison,101,3.518455,50.354457
2024-715760,2024-10-08,Vente en l'état futur d'achèvement,225862,,RUE ERNEST MACAREZ,596060000D0538,Appartement,83,3.532546,50.3689
2024-715776,2024-09-17,Vente,110500,49,RUE PASTEUR,596060000E0029,Maison,176,3.533059,50.364329
2024-715778,2024-09-17,Vente,104000,14,RUE DE LA ROUGEVILLE,596060000D0025,Maison,70,3.535441,50.368825
2024-715779,2024-09-16,Vente,165000,111,RUE DU ROLEUR,596060000I0168,Maison,95,3.54088,50.362252
2024-715789,2024-09-30,Vente,700000,41,RUE DE MONS,59606000AR0792,Maison,134,3.528483,50.360017
2024-715801,2024-10-07,Vente,127000,9002,RES ST MICHEL AVE ST ROCH,596060000D0437,Appartement,60,3.534971,50.365706
2024-715834,2024-10-04,Vente,108000,15,RUE JEAN BONMARCHE,596060000M0006,Appartement,63,3.526413,50.35105
2024-715844,2024-10-12,Vente,255000,12,RUE DES RECOLLETS,59606000AU0047,Appartement,13,3.521752,50.358384
2024-715844,2024-10-12,Vente,255000,12,RUE DES RECOLLETS,59606000AU0047,Appartement,16,3.521752,50.358384
2024-715844,2024-10-12,Vente,255000,12,RUE DES RECOLLETS,59606000AU0047,Appartement,125,3.521752,50.358384
2024-715844,2024-10-12,Vente,255000,12,RUE DES RECOLLETS,59606000AU0047,Appartement,16,3.521752,50.358384
2024-715855,2024-09-18,Vente en l'état futur d'achèvement,214500,5,RUE FRANCOIS COLLIEZ,596060000W0462,Appartement,64,3.513755,50.352113
2024-715862,2024-10-10,Vente en l'état futur d'achèvement,224000,26,CHE DU HALAGE,59606000AP0243,Appartement,69,3.517353,50.36716
2024-715925,2024-10-08,Vente,380000,13,RUE ABEL DE PUJOL,59606000AS0219,Appartement,11,3.527072,50.354936
2024-715925,2024-10-08,Vente,380000,13,RUE ABEL DE PUJOL,59606000AS0219,Appartement,49,3.527072,50.354936
2024-715925,2024-10-08,Vente,380000,13,RUE ABEL DE PUJOL,59606000AS0219,Appartement,37,3.527072,50.354936
2024-715925,2024-10-08,Vente,380000,13,RUE ABEL DE PUJOL,59606000AS0219,Appartement,35,3.527072,50.354936
2024-715925,2024-10-08,Vente,380000,13,RUE ABEL DE PUJOL,59606000AS0219,Appartement,20,3.527072,50.354936
2024-715925,2024-10-08,Vente,380000,13,RUE ABEL DE PUJOL,59606000AS0219,Appartement,35,3.527072,50.354936
2024-715925,2024-10-08,Vente,380000,13,RUE ABEL DE PUJOL,59606000AS0219,Appartement,20,3.527072,50.354936
2024-715925,2024-10-08,Vente,380000,13,RUE ABEL DE PUJOL,59606000AS0219,Appartement,35,3.527072,50.354936
2024-715925,2024-10-08,Vente,380000,13,RUE ABEL DE PUJOL,59606000AS0219,Appartement,20,3.527072,50.354936
2024-715931,2024-09-30,Vente,125000,28,RUE CHARLES QUINT,596060000J0640,Maison,97,3.53324,50.354143
2024-715933,2024-10-09,Vente,77000,8,RUE D ALSACE,596060000W0174,Maison,105,3.51509,50.352374
2024-715948,2024-02-01,Adjudication,90000,54,RUE DE PARIS,59606000AQ0746,Appartement,41,3.520582,50.359418
2024-715951,2024-10-11,Vente,250000,1,RUE GUSTAVE CRAUK,59606000AS0173,Appartement,35,3.527592,50.354183
2024-715951,2024-10-11,Vente,250000,1,RUE GUSTAVE CRAUK,59606000AS0173,Appartement,26,3.527592,50.354183
2024-715951,2024-10-11,Vente,250000,1,RUE GUSTAVE CRAUK,59606000AS0173,Appartement,35,3.527592,50.354183
2024-715951,2024-10-11,Vente,250000,1,RUE GUSTAVE CRAUK,59606000AS0173,Appartement,26,3.527592,50.354183
2024-715951,2024-10-11,Vente,250000,1,RUE GUSTAVE CRAUK,59606000AS0173,Appartement,35,3.527592,50.354183
2024-715951,2024-10-11,Vente,250000,1,RUE GUSTAVE CRAUK,59606000AS0173,Appartement,20,3.527592,50.354183
2024-715951,2024-10-11,Vente,250000,1,RUE GUSTAVE CRAUK,59606000AS0173,Appartement,12,3.527592,50.354183
2024-715953,2024-10-08,Vente,90000,44,RUE SAINT GERY,59606000AV0319,Appartement,45,3.526164,50.359225
2024-715981,2024-10-01,Vente,124000,1,RUE DE LA DOUANE,59606000AM0012,Maison,131,3.511582,50.366973
2024-715983,2024-09-20,Vente,89400,125,AV FAIDHERBE,596060000Y0908,Appartement,54,3.505192,50.355325
2024-715998,2024-09-20,Vente,105650,19,AV DENTELLIERE RES CATHERINE,59606000AT0928,Appartement,78,3.520249,50.356086
2024-716012,2024-09-30,Vente,177500,12,RUE CHARLES QUINT,596060000J0022,Maison,86,3.532929,50.353817
2024-716014,2024-09-30,Vente,47500,26,AV MARECHAL JUIN,59606000AZ0001,Appartement,34,3.519829,50.364928
2024-716029,2024-10-18,Vente,100000,51,AV FAIDHERBE,596060000Y0336,Maison,103,3.507596,50.354585
2024-716075,2024-10-02,Vente,55000,320,BD HARPIGNIES,59606000AZ0056,Appartement,29,3.524966,50.364608
2024-716089,2024-10-17,Vente,100000,72,RUE BAUDOUIN L EDIFIEUR,596060000M0697,Appartement,57,3.527601,50.351755
2024-716134,2024-10-03,Vente,236000,7,AV D AMSTERDAM,59606000AR0740,Appartement,130,3.525667,50.359676
2024-716199,2024-10-07,Vente,162000,22,RUE JULES DELSART,59606000AM0082,Maison,72,3.512977,50.367205
2024-716206,2024-10-07,Vente,345000,57,RUE DELSAUX,59606000AS0102,Appartement,35,3.524705,50.354881
2024-716206,2024-10-07,Vente,345000,57,RUE DELSAUX,59606000AS0102,Appartement,45,3.524705,50.354881
2024-716206,2024-10-07,Vente,345000,57,RUE DELSAUX,59606000AS0102,Appartement,35,3.524705,50.354881
2024-716206,2024-10-07,Vente,345000,57,RUE DELSAUX,59606000AS0102,Appartement,38,3.524705,50.354881
2024-716206,2024-10-07,Vente,345000,57,RUE DELSAUX,59606000AS0102,Appartement,32,3.524705,50.354881
2024-716206,2024-10-07,Vente,345000,57,RUE DELSAUX,59606000AS0102,Appartement,32,3.524705,50.354881
2024-716221,2024-10-02,Vente,50000,2,CITE LENNE,596060000S0491,Maison,84,3.525545,50.347108
2024-716286,2024-10-22,Vente,203500,5,RUE MARMOTTAN,596060000Z0238,Maison,120,3.498999,50.356856
2024-716289,2024-10-22,Vente,145000,63,RUE DU VERGER,59606000AH0827,Maison,82,3.489644,50.357118
2024-716314,2024-10-15,Vente,40000,26,RUE CHARLES TAUCHON,59606000AH0372,Maison,62,3.49549,50.3598
2024-716322,2024-10-24,Vente,241500,642,BD HARPIGNIES,59606000AZ0009,Appartement,19,3.520481,50.36493
2024-716322,2024-10-24,Vente,241500,642,BD HARPIGNIES,59606000AZ0009,Appartement,35,3.520481,50.36493
2024-716322,2024-10-24,Vente,241500,642,BD HARPIGNIES,59606000AZ0009,Appartement,31,3.520481,50.36493
2024-716322,2024-10-24,Vente,241500,642,BD HARPIGNIES,59606000AZ0009,Appartement,30,3.520481,50.36493
2024-716322,2024-10-24,Vente,241500,642,BD HARPIGNIES,59606000AZ0009,Appartement,15,3.520481,50.36493
2024-716325,2024-10-18,Vente en l'état futur d'achèvement,210000,31,RUE ERNEST MACAREZ,596060000C0169,Appartement,59,3.533026,50.372165
2024-716333,2024-10-26,Vente,182000,17,RUE WEDIERE,59606000AR0726,Maison,138,3.528459,50.360792
2024-716353,2024-10-04,Vente,244900,23,RUE JACQUES PERDRIX,596060000J0645,Appartement,96,3.535215,50.354595
2024-716373,2024-10-05,Vente,99000,18,AV VILLARS,59606000AJ0365,Appartement,26,3.510997,50.358781
2024-716373,2024-10-05,Vente,99000,18,AV VILLARS,59606000AJ0365,Appartement,28,3.510997,50.358781
2024-716449,2024-10-10,Vente,96600,13,AV DES ORMES,596060000T0872,Maison,72,3.523696,50.34657
2024-716457,2024-10-09,Vente,55000,20,PL DU NEUF BOURG,59606000AT0022,Appartement,31,3.51822,50.357997
2024-716458,2024-10-11,Vente,75000,3,BD DE LA LIBERTE RES BERCY,59606000AG0519,Appartement,55,3.497184,50.363719
2024-716461,2024-10-07,Vente,317200,7,PL DES ILOTS,59606000AU0244,Appartement,145,3.52378,50.358922
2024-716465,2024-10-15,Vente,48500,26,AV MARECHAL JUIN,59606000AZ0001,Appartement,18,3.519829,50.364928
2024-716465,2024-10-15,Vente,48500,26,AV MARECHAL JUIN,59606000AZ0001,Appartement,20,3.519829,50.364928
2024-716470,2024-10-10,Vente,128000,54,RUE MILHOMME,596060000K0125,Appartement,84,3.532833,50.356188
2024-716471,2024-10-30,Vente en l'état futur d'achèvement,173500,26,CHE DU HALAGE,59606000AP0243,Appartement,42,3.517353,50.36716
2024-716474,2024-10-08,Vente,185000,3,RUE DE JEMMAPES,59606000AR0859,Appartement,72,3.526951,50.363513
2024-716485,2024-10-15,Vente,60000,29,RUE D ALSACE,596060000W0198,Maison,105,3.515395,50.351964
2024-716493,2024-10-10,Vente,135000,1,RUE EDMOND GUILLAUME,59606000AT0924,Appartement,68,3.519625,50.355409
2024-716496,2024-10-08,Vente,52000,7,AV DU MARECHAL FOCH,59606000AQ0652,Appartement,23,3.519209,50.362637
2024-716503,2024-10-18,Vente,152000,29,RUE DU CHATEAU D EAU,59606000AI0102,Maison,90,3.504963,50.360866
2024-716524,2024-11-04,Vente,842400,22,RUE PASTEUR,596060000E0362,Maison,384,3.532524,50.363355
2024-716539,2024-10-15,Vente,179500,18,RUE DU CLOS EMILE LEBACQZ,59606000AC0144,Maison,76,3.488283,50.359126
2024-716605,2024-10-30,Vente,111000,22,RUE E REY CHEM PARTICULIER,59606000AL0319,Maison,49,3.511605,50.364411
2024-716665,2024-10-25,Vente,640000,29,RUE JEAN BERNIER,596060000R0012,Appartement,39,3.514963,50.347781
2024-716665,2024-10-25,Vente,640000,29,RUE JEAN BERNIER,596060000R0012,Appartement,20,3.514963,50.347781
2024-716665,2024-10-25,Vente,640000,29,RUE JEAN BERNIER,596060000R0012,Appartement,24,3.514963,50.347781
2024-716665,2024-10-25,Vente,640000,29,RUE JEAN BERNIER,596060000R0012,Appartement,20,3.514963,50.347781
2024-716665,2024-10-25,Vente,640000,29,RUE JEAN BERNIER,596060000R0012,Appartement,20,3.514963,50.347781
2024-716665,2024-10-25,Vente,640000,29,RUE JEAN BERNIER,596060000R0012,Appartement,20,3.514963,50.347781
2024-716665,2024-10-25,Vente,640000,29,RUE JEAN BERNIER,596060000R0012,Appartement,42,3.514963,50.347781
2024-716665,2024-10-25,Vente,640000,29,RUE JEAN BERNIER,596060000R0012,Appartement,30,3.514963,50.347781
2024-716665,2024-10-25,Vente,640000,29,RUE JEAN BERNIER,596060000R0012,Appartement,42,3.514963,50.347781
2024-716665,2024-10-25,Vente,640000,29,RUE JEAN BERNIER,596060000R0012,Appartement,42,3.514963,50.347781
2024-716665,2024-10-25,Vente,640000,29,RUE JEAN BERNIER,596060000R0012,Appartement,80,3.514963,50.347781
2024-716665,2024-10-25,Vente,640000,29,RUE JEAN BERNIER,596060000R0012,Appartement,66,3.514963,50.347781
2024-716665,2024-10-25,Vente,640000,29,RUE JEAN BERNIER,596060000R0012,Appartement,27,3.514963,50.347781
2024-716665,2024-10-25,Vente,640000,29,RUE JEAN BERNIER,596060000R0012,Appartement,60,3.514963,50.347781
2024-716665,2024-10-25,Vente,640000,29,RUE JEAN BERNIER,596060000R0012,Appartement,60,3.514963,50.347781
2024-716665,2024-10-25,Vente,640000,29,RUE JEAN BERNIER,596060000R0012,Appartement,40,3.514963,50.347781
2024-716665,2024-10-25,Vente,640000,29,RUE JEAN BERNIER,596060000R0012,Appartement,40,3.514963,50.347781
2024-716665,2024-10-25,Vente,640000,29,RUE JEAN BERNIER,596060000R0012,Appartement,40,3.514963,50.347781
2024-716678,2024-10-28,Vente,120000,21,RUE FONTAINE ST GILLES,596060000Q0114,Maison,91,3.520645,50.351792
2024-716688,2024-11-06,Vente en l'état futur d'achèvement,187200,50,RLE MENNEVEUX,596060000D0538,Appartement,69,3.532546,50.3689
2024-716693,2024-10-17,Vente,85000,23,RUE ROUGEVILLE RES SAINT ROCH,596060000D0463,Appartement,47,3.533286,50.369406
2024-716726,2024-10-31,Vente,62500,56,RUE MILHOMME,596060000K0148,Appartement,38,3.533135,50.356684
2024-716734,2024-10-15,Vente en l'état futur d'achèvement,179200,209,AV DE DENAIN,59606000AB0466,Appartement,39,3.492043,50.35069
2024-716735,2024-10-30,Vente,449240,15,RUE ABEL DE PUJOL,59606000AS0218,Maison,132,3.527021,50.354881
2024-716826,2024-11-05,Vente,131550,137,RUE HENRY DERYCKE LES TERTIALE,59606000AZ0144,Appartement,54,3.526504,50.364673
2024-716898,2024-10-23,Vente,141000,55,RUE MILHOMME,596060000K0175,Appartement,52,3.532158,50.356579
2024-716901,2024-10-25,Vente,225000,25,RUE DESIRE GERNEZ,596060000Y0653,Maison,123,3.505858,50.354337
2024-716912,2024-11-08,Vente,211000,26,RUE DE HESQUES,59606000AS0297,Appartement,28,3.527879,50.356664
2024-716912,2024-11-08,Vente,211000,26,RUE DE HESQUES,59606000AS0297,Appartement,24,3.527879,50.356664
2024-716912,2024-11-08,Vente,211000,26,RUE DE HESQUES,59606000AS0297,Appartement,28,3.527879,50.356664
2024-716912,2024-11-08,Vente,211000,26,RUE DE HESQUES,59606000AS0297,Appartement,22,3.527879,50.356664
2024-716939,2024-10-24,Vente,56000,53,RUE DU MARQUIS,596060000H0063,Maison,52,,
2024-716950,2024-10-30,Vente,69000,22,ALL DES PEUPLIERS,596060000T0230,Maison,80,3.524311,50.345363
2024-716972,2024-10-31,Vente,83500,34,RUE DE LA DIGUE,596060000P0033,Maison,66,3.519759,50.353548
2024-716995,2024-11-07,Vente,107000,9001,LE VIGNOBLE RES FLORE,59606000AB0479,Appartement,99,3.494095,50.350626
2024-717022,2024-11-07,Vente,125000,29,AV DES DENTELLIERES,59606000AT0924,Appartement,98,3.519625,50.355409
2024-717025,2024-11-12,Vente,135000,11,RUE D ARTOIS,596060000J0292,Maison,71,3.53577,50.355212
2024-717055,2024-10-28,Vente,116000,86,RUE DES ALOUETTES,596060000T1282,Maison,80,3.519764,50.344343
2024-717136,2024-11-19,Vente,125000,9003,RES ST MICHEL AVE ST ROCH,596060000D0437,Appartement,80,3.534971,50.365706
2024-717141,2024-11-06,Vente,97000,11,CHE DES DAMES,596060000U0023,Maison,60,3.51018,50.341856
2024-717145,2024-11-26,Vente,86000,125,AV FAIDHERBE,596060000Y0908,Appartement,45,3.505192,50.355325
2024-717175,2024-11-05,Vente,165300,26,BD DES BRUYERES,59606000AH1063,Maison,77,3.493087,50.35741
2024-717176,2024-11-21,Vente,91800,42,AV DU SENATEUR GIRARD,59606000AQ0634,Appartement,49,3.517889,50.36197
2024-717222,2024-10-29,Vente,502000,27,BD PATER,596060000I0014,Maison,281,3.532174,50.359937
2024-717278,2024-11-22,Vente,90000,6,RUE DE MONS,59606000AW0085,Appartement,61,3.52698,50.358128
2024-717284,2024-11-12,Vente,222000,41,RUE DE L ATRE DE GERTRUDE,596060000M0190,Appartement,74,3.534081,50.351323
2024-717288,2024-11-12,Vente,126000,37,RUE JEANNE D ARC,59606000AI0405,Maison,82,3.5055,50.363903
2024-717321,2024-11-22,Vente,200000,66,AV DES SPORTS,596060000S0849,Appartement,75,3.527664,50.347448
2024-717321,2024-11-22,Vente,200000,66,AV DES SPORTS,596060000S0849,Appartement,73,3.527664,50.347448
2024-717321,2024-11-22,Vente,200000,66,AV DES SPORTS,596060000S0849,Maison,48,3.527664,50.347448
2024-717328,2024-11-12,Vente,102000,4,RUE BAUDOUIN RES MARIN L MESLE,596060000M0490,Appartement,66,3.528375,50.350242
2024-717330,2024-11-18,Vente en l'état futur d'achèvement,170000,31,RUE ERNEST MACAREZ,596060000C0169,Appartement,40,3.533026,50.372165
2024-717339,2024-11-25,Vente,146000,56,RUE MILHOMME,596060000K0148,Appartement,53,3.533135,50.356684
2024-717343,2024-11-27,Vente,320000,23,AV DU GENERAL HORNE,596060000N0049,Appartement,98,3.522564,50.351009
2024-717343,2024-11-27,Vente,320000,23,AV DU GENERAL HORNE,596060000N0049,Appartement,92,3.522564,50.351009
2024-717399,2024-11-18,Vente,125000,7,AV DE LORRAINE,596060000R0181,Maison,77,3.517081,50.348998
2024-717406,2024-11-08,Vente,210350,14,RUE COMTESSE,59606000AS0070,Maison,68,3.525157,50.353564
2024-717417,2024-11-13,Vente,157000,47,AV SAINT ROCH,596060000E0105,Appartement,18,3.534434,50.364249
2024-717417,2024-11-13,Vente,157000,47,AV SAINT ROCH,596060000E0105,Appartement,13,3.534434,50.364249
2024-717417,2024-11-13,Vente,157000,47,AV SAINT ROCH,596060000E0105,Appartement,13,3.534434,50.364249
2024-717417,2024-11-13,Vente,157000,47,AV SAINT ROCH,596060000E0105,Appartement,13,3.534434,50.364249
2024-717417,2024-11-13,Vente,157000,47,AV SAINT ROCH,596060000E0105,Appartement,18,3.534434,50.364249
2024-717417,2024-11-13,Vente,157000,47,AV SAINT ROCH,596060000E0105,Appartement,18,3.534434,50.364249
2024-717459,2024-11-09,Vente,262000,24,RUE DE L INTENDANCE,59606000AR0637,Maison,114,3.525867,50.360334
2024-717478,2024-11-07,Vente,165000,2,IMPASSE DU TONKIN,596060000M0710,Appartement,72,3.530342,50.350938
2024-717481,2024-11-29,Vente en l'état futur d'achèvement,154000,9,RUE CHE DES PLANCHES CHE PRIVE,596060000Q0013,Appartement,44,3.517195,50.351578
2024-717493,2024-11-18,Vente,105800,25,RUE DU PINSON,596060000T1322,Maison,64,3.524009,50.345277
2024-717502,2024-12-05,Vente,118000,32,AV DE VERDUN,596060000M0589,Appartement,43,3.532272,50.352596
2024-717524,2024-11-19,Vente,115000,20,RUE DU PINSON,596060000T1329,Maison,64,3.524024,50.345788
2024-717526,2024-12-04,Vente,50000,6,RUE ARTHUR GUILLEZ,596060000J0775,Appartement,31,3.53978,50.359202
2024-717528,2024-11-19,Vente,343000,20,RUE DE L HOPITAL DE SIEGE,596060000P0070,Maison,112,3.520492,50.352482
2024-717572,2024-12-02,Vente,102121,22,RUE DU CHEMIN DES PLANCHES,596060000P0303,Appartement,48,3.518831,50.353247
2024-717606,2024-12-06,Vente,70000,3,RUE DES VIVIERS,59606000AT1053,Appartement,23,3.521457,50.356101
2024-717641,2024-11-28,Vente,264300,53,RUE BAUDOUIN L EDIFIEUR,596060000M0759,Maison,104,3.529439,50.35161
2024-717648,2024-11-27,Vente,150400,59,RUE JEANNE D ARC,59606000AI0416,Maison,89,3.504813,50.364116
2024-717658,2024-11-26,Vente,90000,17,RUE CAHAUT,59606000AK0266,Appartement,35,3.515231,50.355499
2024-717664,2024-11-20,Vente,240000,3,RUE MALPLAQUET,596060000Y0344,Maison,195,3.508333,50.354165
2024-717664,2024-11-20,Vente,240000,3,RUE MALPLAQUET,596060000Y0344,Maison,30,3.508333,50.354165
2024-717665,2024-11-28,Vente,201000,173,AV DE DENAIN,59606000AB0414,Maison,125,3.493576,50.351433
2024-717671,2024-12-10,Vente,12559.6,127,RUE DE FAMARS,59606000AT0662,Maison,90,3.522476,50.354042
2024-717673,2024-11-26,Vente,200000,54,RUE CASIMIR PERIER,596060000Z0317,Maison,110,3.495974,50.3562
2024-717682,2024-11-21,Vente,88700,13,RUE JEAN BAPTISTE COROT,59606000AC0407,Maison,94,3.487052,50.355379
2024-717709,2024-11-27,Vente,72400,66,RUE DE MONS,59606000AR0426,Appartement,27,3.530292,50.360455
2024-717734,2024-11-22,Vente,308000,24,RUE DESPINOY,59606000AJ0155,Maison,84,3.507445,50.356313
2024-717808,2024-11-25,Vente,238500,11,RUE AULNOY RES ESCADRILLE CYGO,596060000T0574,Maison,94,3.530595,50.34376
2024-717821,2024-12-10,Vente en l'état futur d'achèvement,202130,9,RUE CHE DES PLANCHES CHE PRIVE,596060000Q0013,Appartement,65,3.517195,50.351578
2024-717834,2024-12-03,Vente,116000,56,AV VILLARS,59606000AJ0433,Appartement,72,3.508138,50.358004
2024-717836,2024-11-25,Vente,137500,1,RUE ERNEST HIOLLE,596060000I0553,Appartement,60,3.532779,50.358303
2024-717841,2024-11-25,Vente,101200,15,RUE DE LA FAUVETTE,596060000T0846,Maison,68,3.522121,50.345641
2024-717845,2024-11-22,Vente,68800,12,RUE DU SAINT CORDON,59606000AW0157,Appartement,36,3.526484,50.356055
2024-717848,2024-11-25,Vente,63300,96,RUE DE PARIS,59606000AT0053,Maison,36,3.518949,50.357746
2024-717875,2024-12-13,Vente en l'état futur d'achèvement,203333.33,9,RUE CHE DES PLANCHES CHE PRIVE,596060000Q0013,Appartement,84,3.517195,50.351578
2024-717885,2024-11-29,Vente,199150,21,CLOS DES TONNELIERS LE VIGNOBLE,59606000AY0605,Maison,100,3.501416,50.349714
2024-717898,2024-11-25,Vente,217000,84,AV FAIDHERBE,59606000AJ0917,Appartement,35,3.5072,50.355396
2024-717898,2024-11-25,Vente,217000,84,AV FAIDHERBE,59606000AJ0917,Appartement,86,3.5072,50.355396
2024-717901,2024-11-29,Vente,42000,43,RUE BAUDOUIN L EDIFIEUR,596060000M0026,Appartement,22,3.529808,50.351798
2024-717909,2024-12-03,Vente,140000,19,PL TAFFIN,59606000AG0013,Maison,109,3.493643,50.36314
2024-717911,2024-11-22,Vente en l'état futur d'achèvement,168000,31,RUE ERNEST MACAREZ,596060000C0169,Appartement,43,3.533026,50.372165
2024-718002,2024-12-06,Vente en l'état futur d'achèvement,169000,209,AV DE DENAIN,59606000AB0466,Appartement,41,3.492043,50.35069
2024-718012,2024-12-16,Vente en l'état futur d'achèvement,202200,1,QUAI DES MINES,59606000AP0010,Appartement,48,3.514856,50.366079
2024-718014,2024-12-13,Vente en l'état futur d'achèvement,112500,1,QUAI DES MINES,59606000AP0010,Appartement,22,3.514856,50.366079
2024-718025,2024-12-05,Vente,332000,9,RUE ARTHUR DINAUX,59606000AW0122,Maison,165,3.529331,50.358525
2024-718026,2024-12-03,Vente,135000,9002,RES ST MICHEL AVE ST ROCH,596060000D0437,Appartement,75,3.534971,50.365706
2024-718040,2024-12-10,Vente,187000,2,RUE DE L ABBE VICTOR SENEZ,59606000AQ0553,Appartement,72,3.518084,50.360343
2024-718121,2024-12-19,Vente,63000,232,BD HARPIGNIES,59606000AZ0144,Appartement,48,3.526504,50.364673
2024-718132,2024-12-16,Vente,32000,14,RUE JEAN BERNIER,596060000R0209,Appartement,19,,
2024-718136,2024-12-18,Vente en l'état futur d'achèvement,192000,26,CHE DU HALAGE,59606000AP0243,Appartement,68,3.517353,50.36716
2024-718144,2024-12-05,Vente,80000,8,PL DES PLATANES,596060000T0253,Maison,69,3.524611,50.344501
2024-718170,2024-12-23,Vente,41200,16,RUE JEAN BERNIER,596060000R0209,Appartement,20,,
2024-718180,2024-12-16,Vente,162225.25,7,RUE DE LA DIGUE ALL FORTIER,596060000P0092,Maison,60,3.519104,50.352698
2024-718190,2024-12-18,Vente,87200,2,RUE DU GENERAL CHERE,59606000AO0429,Maison,70,3.519408,50.370646
2024-718201,2024-12-09,Vente,44000,58,AV DE SAINT-AMAND,59606000AM0006,Appartement,17,3.511413,50.366912
2024-718205,2024-12-09,Vente,91600,14,RUE SALLE LE COMTE,59606000AR0554,Appartement,48,3.527982,50.361579
2024-718236,2024-12-13,Vente,97100,10,RUE GILIS,596060000W0155,Maison,93,3.513774,50.351561
2024-718248,2024-12-12,Vente,108000,39,RUE DU CHAUFFOUR,59606000AM0524,Maison,84,3.515321,50.367624
2024-718279,2024-12-17,Vente en l'état futur d'achèvement,200000,31,RUE ERNEST MACAREZ,596060000C0169,Appartement,60,3.533026,50.372165
2024-718296,2024-12-23,Vente,78000,18,RUE PERCEPAIN,59606000AR0841,Appartement,62,3.523925,50.362234
2024-718297,2024-12-11,Vente,199500,77,RUE ALFRED GIARD,59606000AJ0392,Maison,73,3.509123,50.357537
2024-718303,2024-12-23,Vente,130000,29,RUE RENE GEORGES,596060000R0486,Maison,67,3.522914,50.349004
2024-718305,2024-12-21,Vente,118000,12,RUE DU JOLIMETZ,596060000W0117,Maison,71,3.513379,50.352514
2024-718308,2024-12-20,Vente,160000,4,RUE RENE GEORGES,596060000N0005,Maison,100,3.523916,50.349367
2024-718335,2024-12-17,Vente,38000,28,RUE COMTESSE,59606000AS0511,Maison,38,3.524742,50.353641
2024-718375,2024-12-20,Vente,95000,8,PL VERTE,59606000AW0218,Appartement,52,3.527909,50.357203
2024-718392,2024-12-27,Vente,232000,70,AV GEORGES CLEMENCEAU,59606000AQ0876,Appartement,117,3.520984,50.361391
2024-718421,2024-12-12,Vente,250000,110,RUE PIERRE LOTI,59606000AY0685,Maison,135,3.503974,50.350326
2024-718432,2024-12-19,Vente,225000,22,AV DAMPIERRE,59606000AL0171,Appartement,21,3.510553,50.365982
2024-718432,2024-12-19,Vente,225000,22,AV DAMPIERRE,59606000AL0171,Appartement,50,3.510553,50.365982
2024-718432,2024-12-19,Vente,225000,22,AV DAMPIERRE,59606000AL0171,Appartement,22,3.510553,50.365982
2024-718432,2024-12-19,Vente,225000,22,AV DAMPIERRE,59606000AL0171,Appartement,21,3.510553,50.365982
2024-718432,2024-12-19,Vente,225000,22,AV DAMPIERRE,59606000AL0171,Appartement,30,3.510553,50.365982
2024-718454,2024-12-30,Vente,105000,4,RUE DE LA POUDRIERE,59606000AG0568,Maison,75,3.495923,50.36227
2024-718484,2024-12-18,Vente,166000,96,CLOS CHINON LE VIGNOBLE,59606000AY0272,Maison,105,3.499975,50.351781
2024-718486,2024-12-17,Vente,130000,3,RUE ERNEST HIOLLE RES LAPRADE,596060000I0606,Appartement,52,3.534734,50.358249
2024-718495,2024-12-17,Vente,90000,23,RUE DE LA DELIVRANCE,59606000AJ0841,Appartement,45,3.510053,50.354774
2024-718521,2024-12-27,Vente,103000,144,AV DE DENAIN,596060000Z0124,Maison,92,3.498367,50.354316
2024-718522,2024-12-24,Vente en l'état futur d'achèvement,136300,5,RUE FRANCOIS COLLIEZ,596060000W0462,Appartement,34,3.513755,50.352113
2024-718535,2024-12-30,Vente,143000,145,RUE MARC LEFRANCQ,59606000AZ0142,Appartement,71,3.526887,50.36552
2024-718568,2024-12-27,Vente,50000,23,RUE DE LA DELIVRANCE,59606000AJ0841,Appartement,27,3.510053,50.354774
2024-718609,2024-12-27,Vente en l'état futur d'achèvement,169000,26,CHE DU HALAGE,59606000AP0243,Appartement,42,3.517353,50.36716
2024-718619,2024-12-26,Vente,80000,6,RUE SOLIDARITE RES DAUPHINE,59606000AG0519,Appartement,59,3.497184,50.363719
2024-718624,2024-12-27,Vente,97000,25,RUE DESIRE GERNEZ,596060000Y0649,Maison,51,3.506456,50.354635
2024-718632,2024-12-26,Vente,251600,46,RUE PEGOUD,596060000T0282,Maison,113,3.528071,50.344368
2024-718642,2024-12-27,Vente en l'état futur d'achèvement,170500,26,CHE DU HALAGE,59606000AP0243,Appartement,44,3.517353,50.36716
2024-718645,2024-12-27,Vente en l'état futur d'achèvement,167500,26,CHE DU HALAGE,59606000AP0243,Appartement,44,3.517353,50.36716
2024-718645,2024-12-27,Vente en l'état futur d'achèvement,167500,26,CHE DU HALAGE,59606000AP0243,Appartement,42,3.517353,50.36716
2024-718648,2024-12-26,Vente,115000,8,RES VAL CLAIR R S LEBOUCQ,59606000AT0801,Appartement,71,3.518261,50.356154
2024-718656,2024-12-30,Vente,100000,81,RUE DE LA DIGUE RESID RUBENS,596060000P0304,Appartement,52,3.517633,50.353679
2024-718662,2024-12-20,Vente,91350,9010,RUE DES ARCHERS,59606000AZ0122,Appartement,29,3.525465,50.365574
2024-718664,2024-12-31,Vente,105000,81,RUE DE LA DIGUE RESID RUBENS,596060000P0304,Appartement,51,3.517633,50.353679
2024-718705,2024-12-27,Vente en l'état futur d'achèvement,201630,26,CHE DU HALAGE,59606000AP0243,Appartement,68,3.517353,50.36716
2024-718709,2024-12-30,Vente en l'état futur d'achèvement,214500,26,CHE DU HALAGE,59606000AP0243,Appartement,66,3.517353,50.36716
2024-718726,2024-12-20,Vente,175950,25,RUE DE LA LONGUE CHASSE,596060000A0049,Maison,78,3.533274,50.374441
2024-718758,2024-12-20,Vente,180000,14,RUE EMILE DURIEUX,59606000AQ0838,Appartement,124,3.520892,50.360145
2024-718762,2024-12-27,Vente,108500,3,RES CAPRON AVE DENTELLIERE,59606000AT0926,Appartement,92,3.521636,50.356727
2024-718769,2024-12-23,Vente,160000,13,RUE DES BAJEUX,596060000J0376,Maison,73,3.536751,50.356049
2024-718770,2024-12-19,Vente,323300,28,RUE DES FLORALIES,596060000I0343,Maison,180,3.533434,50.360271
2024-718779,2024-12-27,Vente,180000,81,BD SALY,596060000P0012,Maison,148,3.517813,50.354637
2024-718786,2024-12-27,Vente,120000,42,AV VILLARS,59606000AJ0382,Appartement,68,3.51,50.358422
2024-718787,2024-12-23,Vente,165000,5,RUE EDMOND GUILLAUME,59606000AT0924,Appartement,112,3.519625,50.355409
2024-718788,2024-12-23,Vente en l'état futur d'achèvement,148000,1,RUE DU PONT DE FER,596060000C0169,Appartement,34,3.533026,50.372165
2024-718790,2024-09-03,Vente,43600,18,RUE THOLOZE,59606000AQ0644,Appartement,12,3.518603,50.362563
2024-718802,2024-12-16,Vente,107000,3,VC ST GERY IMP D EN BAS L EAU,59606000AR0176,Appartement,26,3.526949,50.361194
2024-718802,2024-12-16,Vente,107000,3,VC ST GERY IMP D EN BAS L EAU,59606000AR0176,Appartement,43,3.526949,50.361194
2024-718835,2024-03-19,Adjudication,52000,6,RUE SOLIDARITE RES DAUPHINE,59606000AG0519,Appartement,50,3.497184,50.363719
2024-718842,2024-12-30,Vente,265000,26,RUE MALPLAQUET,596060000Y0284,Maison,106,3.507837,50.352969
2024-718986,2024-11-29,Vente,70500,18,RUE DES BRECHES,59606000AR0739,Appartement,26,3.530135,50.361352
2023-785080,2023-01-04,Vente,155528,145,RUE MARC LEFRANCQ,59606000AZ0142,Appartement,65,3.526887,50.36552
2023-785081,2023-01-04,Vente,164630,8,RUE DES FOUGERES,59606000AE0523,Maison,80,3.480988,50.360194
2023-785094,2023-01-06,Vente,180000,3,RUE DU PETIT BRUILLE,59606000AT0135,Appartement,31,3.516811,50.356427
2023-785094,2023-01-06,Vente,180000,3,RUE DU PETIT BRUILLE,59606000AT0135,Appartement,31,3.516811,50.356427
2023-785094,2023-01-06,Vente,180000,3,RUE DU PETIT BRUILLE,59606000AT0135,Appartement,45,3.516811,50.356427
2023-785097,2023-01-10,Vente,250000,14,PL DU HUIT MAI 1945,59606000AT0063,Appartement,53,3.518492,50.357294
2023-785097,2023-01-10,Vente,250000,14,PL DU HUIT MAI 1945,59606000AT0063,Appartement,43,3.518492,50.357294
2023-785097,2023-01-10,Vente,250000,14,PL DU HUIT MAI 1945,59606000AT0063,Appartement,53,3.518492,50.357294
2023-785103,2023-01-04,Vente,95000,39,RUE DUPONCHEL,59606000AO0239,Maison,70,3.518341,50.370565
2023-785104,2023-01-09,Vente,108710,15,RUE DE LA PAIX,59606000AU0195,Appartement,65,3.52414,50.359337
2023-785110,2023-01-06,Vente,39000,16,RUE JEAN BERNIER,596060000R0209,Appartement,20,,
2023-785114,2023-01-10,Vente,93000,47,RUE ABEL DE PUJOL,59606000AS0174,Maison,42,3.52713,50.354125
2023-785126,2023-01-05,Vente,63000,29,RUE DU FBG DE PARIS,59606000AK0287,Appartement,30,3.51528,50.353974
2023-785155,2023-01-13,Vente,175000,,RUE HENRI CAFFIAUX,596060000W0462,Appartement,43,3.513755,50.352113
2023-785169,2023-01-06,Vente,57000,7,AV DU MARECHAL FOCH,59606000AQ0652,Appartement,22,3.519209,50.362637
2023-785170,2023-01-13,Vente,225000,7,PL DU HAINAUT,59606000AU0124,Appartement,58,3.52247,50.35968
2023-785170,2023-01-13,Vente,225000,7,PL DU HAINAUT,59606000AU0124,Appartement,58,3.52247,50.35968
2023-785170,2023-01-13,Vente,225000,7,PL DU HAINAUT,59606000AU0124,Appartement,54,3.52247,50.35968
2023-785193,2023-01-16,Vente,424000,225,AV DE LIEGE,596060000G0059,Maison,180,3.542114,50.366258
2023-785193,2023-01-16,Vente,424000,225,AV DE LIEGE,596060000G0059,Maison,180,3.542114,50.366258
2023-785194,2023-01-13,Vente,148000,13,AV DU SENATEUR GIRARD,59606000AQ0607,Appartement,74,3.517103,50.361994
2023-785206,2023-01-04,Vente,45200,18,AV DU SENATEUR GIRARD,59606000AQ0572,Appartement,41,3.518075,50.361002
2023-785213,2023-01-12,Vente,143000,27,RUE DE HESQUES,59606000AW0174,Appartement,94,3.527158,50.356964
2023-785270,2023-01-18,Vente,275000,17,RUE DES BAJEUX,596060000J0378,Maison,147,3.537062,50.355989
2023-785271,2023-01-20,Vente,60000,99,AV DU CDT MARIN LA MESLEE,596060000R0512,Maison,79,3.524017,50.349013
2023-785298,2023-01-06,Vente,147000,46,AV DE LA PLAINE,59606000AH0627,Maison,70,3.491216,50.358436
2023-785314,2023-01-13,Vente,87200,81,RUE DE LA DIGUE RESID RUBENS,596060000P0304,Appartement,46,3.517633,50.353679
2023-785323,2023-01-12,Vente,93000,1,BD FROISSART,59606000AQ0636,Appartement,60,3.517879,50.361805
2023-785362,2023-01-18,Vente,80000,3,RUE DE L ABBE DELBECQUE,59606000AJ0638,Maison,85,3.510989,50.360668
2023-785400,2023-01-13,Vente,355000,20,RUE LA NOUVELLE HOLLANDE,59606000AV0287,Maison,98,3.525207,50.357483
2023-785404,2023-01-19,Vente,57000,7,AV DU MARECHAL FOCH,59606000AQ0652,Appartement,22,3.519209,50.362637
2023-785427,2023-01-16,Vente,170000,24,RUE DE BEAUMONT RES BEAUMONT,59606000AS0497,Appartement,114,3.529614,50.356137
2023-785430,2023-01-13,Vente,63900,7,AV D AMSTERDAM,59606000AR0740,Appartement,32,3.525667,50.359676
2023-785432,2023-01-13,Vente,97960,2,RUE DES PORCHELETS,59606000AQ0031,Appartement,65,3.51779,50.358757
2023-785435,2023-01-23,Vente,162000,1,RUE DU CLOS EMILE LEBACQZ,59606000AC0137,Maison,141,3.489464,50.35918
2023-785444,2023-01-16,Vente,81400,1,AV DES SYCOMORES,596060000T0249,Maison,69,3.525114,50.344581
2023-785453,2023-01-04,Vente,97000,4,RUE DESIRE GERNEZ,596060000Y0908,Appartement,53,3.505192,50.355325
2023-785477,2023-01-30,Vente,110000,30,RUE KILMAINE,59606000AL0004,Maison,96,3.508683,50.361581
2023-785485,2023-01-30,Vente,89000,137,RUE HENRY DERYCKE LES TERTIALE,59606000AZ0144,Appartement,49,3.526504,50.364673
2023-785499,2023-01-06,Vente,51000,32,AV ALBERT 1ER,59606000AV0374,Appartement,35,3.526792,50.358793
2023-785504,2023-01-30,Vente en l'état futur d'achèvement,202000,9,RUE CHE DES PLANCHES CHE PRIVE,596060000Q0013,Appartement,60,3.517195,50.351578
2023-785516,2023-02-01,Vente,635750,15,RUE DE MONS,59606000AV0388,Maison,300,3.527205,50.35894
2023-785518,2023-01-31,Vente,230000,8,BD FROISSART,59606000AQ0590,Appartement,68,3.518451,50.361405
2023-785518,2023-01-31,Vente,230000,8,BD FROISSART,59606000AQ0590,Appartement,68,3.518451,50.361405
2023-785528,2023-01-31,Vente en l'état futur d'achèvement,237000,9,RUE CHE DES PLANCHES CHE PRIVE,596060000Q0013,Appartement,64,3.517195,50.351578
2023-785564,2023-01-26,Vente,75000,2,RUE THOLOZE,59606000AQ0465,Appartement,57,3.519805,50.361576
2023-785603,2023-01-19,Vente,49000,56,RUE MILHOMME,596060000K0148,Appartement,19,3.533135,50.356684
2023-785621,2023-01-24,Vente,92000,125,AV FAIDHERBE,596060000Y0908,Appartement,42,3.505192,50.355325
2023-785629,2023-01-17,Vente,128338,46,AV DE SAINT-AMAND,59606000AM0307,Appartement,73,3.511942,50.366683
2023-785657,2023-02-06,Vente,75000,14,RUE JEAN BERNIER,596060000R0209,Appartement,19,,
2023-785657,2023-02-06,Vente,75000,14,RUE JEAN BERNIER,596060000R0209,Appartement,19,,
2023-785670,2023-01-18,Vente,39700,14,RUE JEAN BERNIER,596060000R0209,Appartement,19,,
2023-785737,2023-02-06,Vente en l'état futur d'achèvement,205000,9,RUE CHE DES PLANCHES CHE PRIVE,596060000Q0013,Appartement,60,3.517195,50.351578
2023-785740,2023-01-20,Vente,51700,18,RUE PERCEPAIN,59606000AR0841,Appartement,18,3.523925,50.362234
2023-785749,2023-01-20,Vente,80000,37,RUE DE MONS,59606000AR0921,Appartement,73,3.528378,50.359859
2023-785761,2023-02-03,Vente,54000,18,RUE PERCEPAIN,59606000AR0841,Appartement,19,3.523925,50.362234
2023-785762,2023-01-23,Vente,142000,39,RUE DE L ATRE DE GERTRUDE,596060000M0190,Appartement,69,3.534081,50.351323
2023-785771,2023-02-01,Vente,165000,18,RUE HENRY DUNANT,59606000AI0568,Maison,77,3.504571,50.360387
2023-785773,2023-01-20,Vente,300000,41,RUE DE L ATRE DE GERTRUDE,596060000M0190,Appartement,113,3.534081,50.351323
2023-785775,2023-02-07,Vente en l'état futur d'achèvement,322000,9,RUE CHE DES PLANCHES CHE PRIVE,596060000Q0013,Appartement,96,3.517195,50.351578
2023-785778,2023-01-23,Vente,108856,4,RUE CH BRARD RES LES TANINS,59606000AB0169,Appartement,46,3.495532,50.351113
2023-785782,2023-02-08,Vente,273300,44,RUE PEGOUD,596060000T0281,Maison,146,3.528029,50.344487
2023-785785,2023-02-02,Vente,106000,25,RUE DU MARQUIS,596060000I0121,Maison,84,3.540933,50.363462
2023-785785,2023-02-02,Vente,106000,25,RUE DU MARQUIS,596060000I0121,Maison,84,3.540933,50.363462
2023-785801,2023-01-21,Vente,47000,320,BD HARPIGNIES,59606000AZ0056,Appartement,18,3.524966,50.364608
2023-785840,2023-01-30,Vente,125000,54,AV DE LA PLAINE,59606000AH0672,Maison,89,3.49008,50.35891
2023-785845,2023-02-09,Vente,146500,48,RUE DELSAUX,59606000AT0554,Appartement,67,3.52462,50.35568
2023-785846,2023-01-24,Vente,190000,2,RUE DES FOUGERES,59606000AE0520,Maison,80,3.480847,50.359862
2023-785883,2023-02-01,Vente,70000,7,AV D AMSTERDAM,59606000AR0740,Appartement,28,3.525667,50.359676
2023-785893,2023-02-01,Vente,270000,1,RUE DES FOULONS,59606000AT0514,Appartement,48,3.523127,50.356346
2023-785899,2023-02-08,Vente,259000,18,RUE FLEURIE,59606000AI0230,Maison,120,3.506092,50.361928
2023-785900,2023-02-07,Vente,124793.11,27,IMP MIROUX,59606000AN0084,Appartement,38,3.515967,50.369228
2023-785900,2023-02-07,Vente,124793.11,27,IMP MIROUX,59606000AN0084,Appartement,48,3.515967,50.369228
2023-785905,2023-01-30,Vente,54500,3,BD DE LA LIBERTE RES BERCY,59606000AG0519,Appartement,32,3.497184,50.363719
2023-785948,2023-01-31,Vente,320000,56,AV DU FBG DE CAMBRAI,596060000V0235,Maison,124,3.511743,50.34402
2023-785976,2023-01-20,Vente,76000,69,RUE DU MARQUIS RES FLANDRES,596060000H0118,Appartement,63,3.54262,50.364852
2023-785996,2023-01-27,Vente,110000,60,RUE SAUDEUR,59606000AL0117,Maison,73,3.510671,50.364885
2023-786004,2023-01-26,Vente,90000,37,RUE DE TINCHON,59606000AH1283,Maison,79,3.490879,50.360567
2023-786007,2023-02-08,Vente,425000,101,AV DE LIEGE,596060000F0112,Maison,180,3.536747,50.364297
2023-786007,2023-02-08,Vente,425000,101,AV DE LIEGE,596060000F0112,Maison,180,3.536747,50.364297
2023-786008,2023-02-15,Vente,89000,39,RUE DE L ATRE DE GERTRUDE,596060000M0190,Appartement,47,3.534081,50.351323
2023-786033,2023-02-13,Vente,160000,28,RUE COLART CRESTE,596060000G0018,Maison,87,3.540326,50.366307
2023-786041,2023-02-14,Vente,286820,7,ALL DES CEPAGES LE VIGNOBLE,59606000AY0458,Maison,92,3.496916,50.348788
2023-786080,2023-02-10,Vente,151000,13,RUE SAINT JEAN,59606000AU0312,Appartement,78,3.52135,50.358505
2023-786088,2023-01-27,Vente,143900,2,IMPASSE DU TONKIN,596060000M0710,Appartement,63,3.530342,50.350938
2023-786092,2023-02-20,Vente,76900,1,RUE BLAISE PASCAL,596060000Y0364,Maison,70,3.509646,50.35323
2023-786093,2023-02-20,Vente,109000,53,RLE SAINT ROCH,596060000D0518,Appartement,46,3.535369,50.369827
2023-786094,2023-02-03,Vente,132550,124,RUE HENRI DURRE,59606000AJ0673,Appartement,70,3.507034,50.357936
2023-786102,2023-02-08,Vente,137000,36,RUE J PERDRIX RES ARC EN CIEL,596060000J0619,Appartement,67,3.535788,50.353551
2023-786110,2023-01-30,Vente,94000,81,RUE DE LA DIGUE RESID RUBENS,596060000P0304,Appartement,58,3.517633,50.353679
2023-786136,2023-02-21,Vente,94000,184,AV DE LIEGE RES J. BREL,596060000H0117,Appartement,48,3.541944,50.365267
2023-786172,2023-02-16,Vente,36000,2,AV DESANDROUINS COUR LOMPREZ,59606000AH0541,Maison,46,3.494807,50.361651
2023-786190,2023-02-22,Vente en l'état futur d'achèvement,173000,9,RUE CHE DES PLANCHES CHE PRIVE,596060000Q0013,Appartement,43,3.517195,50.351578
2023-786192,2023-02-15,Vente,115000,10,RUE DES MONNAYEURS,59606000AQ0873,Appartement,71,3.518829,50.363806
2023-786221,2023-02-15,Vente,120000,10,PL JEHAN FROISSART,59606000AV0310,Appartement,57,3.526908,50.359437
2023-786223,2023-02-24,Vente,83000,1,RUE DE JEMMAPES,59606000AR0859,Appartement,46,3.526951,50.363513
2023-786224,2023-02-08,Vente,248800,9,RUE JULES DELSART,59606000AM0069,Maison,95,3.5122,50.366966
2023-786228,2023-02-08,Vente,55500,18,RUE DES BRECHES,59606000AR0739,Appartement,24,3.530135,50.361352
2023-786278,2023-02-07,Vente,182000,10,RUE CHARLES QUINT,596060000J0021,Maison,100,3.532901,50.353774
2023-786291,2023-02-15,Vente,76419,3,RUE ERNEST HIOLLE RES LAPRADE,596060000I0606,Appartement,24,3.534734,50.358249
2023-786297,2023-02-07,Vente,100000,64,RLE SAINT ROCH,596060000B0478,Appartement,32,3.535246,50.370165
2023-786297,2023-02-07,Vente,100000,64,RLE SAINT ROCH,596060000B0479,Maison,112,3.535367,50.370209
2023-786308,2023-02-22,Vente,118000,62,AV DAMPIERRE,59606000AL0108,Maison,138,3.509818,50.364862
2023-786312,2023-02-24,Vente en l'état futur d'achèvement,161200,9,RUE CHE DES PLANCHES CHE PRIVE,596060000Q0013,Appartement,43,3.517195,50.351578
2023-786333,2023-02-16,Vente,230000,53,PL D ARMES,59606000AU0215,Appartement,103,3.522615,50.358051
2023-786350,2023-02-17,Vente,94800,13,RUE DUPONCHEL,59606000AO0226,Maison,93,3.519035,50.370209
2023-786374,2023-02-28,Vente,163000,11,RUE AMEDEE BULTOT,59606000AT0398,Maison,115,3.52081,50.354702
2023-786377,2023-02-28,Vente,1210500,2,BD CARPEAUX,59606000AS0659,Maison,378,3.528448,50.354144
2023-786381,2023-02-13,Vente,132800,13,RUE HENRY DERYCKE LES TERTIALE,59606000AZ0148,Appartement,59,3.527832,50.364451
2023-786398,2023-03-02,Vente,195000,29,RUE CAPRON,59606000AT0214,Appartement,60,3.519183,50.357171
2023-786419,2023-02-27,Vente,144583.33,,RUE HENRI CAFFIAUX,596060000W0462,Appartement,47,3.513755,50.352113
2023-786440,2023-02-24,Vente,195000,55,RUE MILHOMME,596060000K0175,Appartement,62,3.532158,50.356579
2023-786474,2023-02-27,Vente,194300,53,RUE DE LA MAISON BLANCHE,59606000AD0460,Maison,83,3.478679,50.360454
2023-786488,2023-02-27,Vente,107000,165,RUE LOMPREZ,596060000Z0002,Appartement,41,3.491726,50.354647
2023-786488,2023-02-27,Vente,107000,165,RUE LOMPREZ,596060000Z0002,Appartement,42,3.491726,50.354647
2023-786496,2023-02-24,Vente,93000,208,RUE DES ARBRISSEAUX,596060000T1264,Maison,63,3.521221,50.343091
2023-786499,2023-03-01,Vente,370540,49,RUE DE PARIS,59606000AU0079,Appartement,113,3.521498,50.358858
2023-786499,2023-03-01,Vente,370540,49,RUE DE PARIS,59606000AU0079,Appartement,113,3.521498,50.358858
2023-786499,2023-03-01,Vente,370540,49,RUE DE PARIS,59606000AU0079,Appartement,113,3.521498,50.358858
2023-786524,2023-02-15,Vente,117000,51,RUE DE PARIS,59606000AU0080,Appartement,80,3.521476,50.358961
2023-786529,2023-02-09,Vente,102000,125,AV FAIDHERBE,596060000Y0908,Appartement,48,3.505192,50.355325
2023-786542,2023-03-01,Vente,271000,13,RUE BAUDOUIN L EDIFIEUR,596060000M0080,Maison,120,3.53157,50.352733
2023-786544,2023-03-01,Vente,375000,27,RUE DE L ATRE DE GERTRUDE,596060000M0195,Maison,168,3.533164,50.351114
2023-786552,2023-02-23,Vente,162000,51,RUE ELEUTHERE MASCART,596060000Y0280,Maison,65,3.507321,50.353225
2023-786567,2023-02-20,Vente,176000,47,RUE PECLET,59606000AO0111,Maison,85,3.518848,50.371709
2023-786569,2023-02-10,Vente,100000,74,RUE BAUDOUIN L EDIFIEUR,596060000M0697,Appartement,38,3.527601,50.351755
2023-786572,2023-02-10,Vente,223250,101,RUE SAUDEUR,59606000AL0349,Maison,82,3.51098,50.363965
2023-786589,2023-02-21,Vente,96600,318,ALL DES CHENES,596060000T0981,Maison,64,3.52184,50.343813
2023-786608,2023-02-28,Vente,103000,10,AV VILLARS,59606000AJ0701,Appartement,49,3.511635,50.358765
2023-786617,2023-02-28,Vente,320000,11,RUE ASKIEVRE,59606000AT1101,Maison,134,3.52414,50.356029
2023-786624,2023-02-17,Vente,190000,31,AV DES DENTELLIERES,59606000AT0924,Appartement,112,3.519625,50.355409
2023-786638,2023-03-01,Vente,150000,41,RUE DE L ATRE DE GERTRUDE,596060000M0190,Appartement,70,3.534081,50.351323
2023-786640,2023-02-10,Vente,136000,14,BD SALY,59606000AT0819,Appartement,58,3.521366,50.353997
2023-786644,2023-01-31,Vente,138000,26,RUE DE LA DIGUE,596060000P0044,Maison,75,3.520156,50.352891
2023-786667,2023-03-10,Vente,119000,6,RUE JACQUES PERDRIX,596060000J0041,Appartement,45,3.534078,50.35408
2023-786697,2023-03-01,Vente,249000,16,RUE MILHOMME,596060000L0076,Maison,98,3.531769,50.354427
2023-786703,2023-03-01,Vente,115000,10,AV DU FBG DE CAMBRAI,596060000R1014,Appartement,58,3.514528,50.346267
2023-786706,2023-02-24,Vente,62850,18,RUE DES BRECHES,59606000AR0739,Appartement,37,3.530135,50.361352
2023-786707,2023-03-02,Vente,120000,6,RUE DE LA DIGUE ALL FORTIER,596060000P0104,Maison,19,3.519513,50.352837
2023-786707,2023-03-02,Vente,120000,6,RUE DE LA DIGUE ALL FORTIER,596060000P0104,Maison,18,3.519513,50.352837
2023-786707,2023-03-02,Vente,120000,4,RUE DE LA DIGUE ALL FORTIER,596060000P0105,Maison,28,3.519615,50.352781
2023-786754,2023-02-17,Vente,70000,35,RUE DE TINCHON,59606000AH1282,Maison,79,3.4909,50.36061
2023-786760,2023-03-10,Vente,158000,36,RUE DE LA GARE DE MARLY,596060000M0740,Maison,100,3.535419,50.350903
2023-786761,2023-02-22,Vente,45000,99,RUE DE PARIS,59606000AQ0079,Appartement,16,3.519423,50.358234
2023-786764,2023-02-21,Vente,166700,134,AV DE DENAIN,596060000Z0128,Maison,110,3.498727,50.354545
2023-786859,2023-03-02,Vente en l'état futur d'achèvement,175500,31,RUE ERNEST MACAREZ,596060000C0169,Appartement,42,3.533026,50.372165
2023-786877,2023-02-24,Vente,90500,1,RUE ERNEST HIOLLE RES POSIERE,596060000I0607,Appartement,32,3.533988,50.358259
2023-786887,2023-03-15,Vente en l'état futur d'achèvement,170199,216,AV DAMPIERRE,59606000AJ0858,Appartement,39,3.507791,50.360694
2023-786947,2023-03-16,Vente,210000,18,BD FROISSART,59606000AQ0460,Maison,154,3.519668,50.362051
2023-786968,2023-03-16,Vente,148000,56,AV FAIDHERBE,59606000AJ0204,Appartement,27,3.508143,50.354948
2023-786968,2023-03-16,Vente,148000,56,AV FAIDHERBE,59606000AJ0204,Appartement,27,3.508143,50.354948
2023-786968,2023-03-16,Vente,148000,56,AV FAIDHERBE,59606000AJ0204,Appartement,41,3.508143,50.354948
2023-786969,2023-02-24,Vente,299000,57,BD PATER,596060000I0551,Appartement,108,3.532392,50.358941
2023-787014,2023-03-11,Echange,63000,23,RUE JACQUES PERDRIX,596060000J0645,Appartement,91,3.535215,50.354595
2023-787021,2023-03-03,Vente,55000,48,RUE ELEUTHERE MASCART,596060000Y0386,Maison,76,3.506763,50.35295
2023-787032,2023-03-09,Vente,150000,31,PL D ARMES,59606000AU0215,Appartement,115,3.522615,50.358051
2023-787034,2023-03-15,Vente,85200,44,AV DE VERDUN,596060000M0664,Appartement,36,3.533764,50.352574
2023-787038,2023-03-17,Vente,160000,81,RUE DE LA DIGUE RESID RUBENS,596060000P0304,Appartement,72,3.517633,50.353679
2023-787039,2023-03-17,Vente,164400,89,RUE DE LILLE,59606000AQ0380,Appartement,43,3.522681,50.361154
2023-787039,2023-03-17,Vente,164400,89,RUE DE LILLE,59606000AQ0380,Appartement,20,3.522681,50.361154
2023-787042,2023-03-23,Vente,214000,56,RUE MILHOMME,596060000K0148,Appartement,118,3.533135,50.356684
2023-787047,2023-03-14,Vente,215000,56,RUE DE LA CITADELLE,59606000AJ0588,Maison,111,3.509387,50.360181
2023-787053,2023-03-14,Vente,55000,61,RUE DE TINCHON,59606000AH0761,Maison,89,3.490311,50.359962
2023-787055,2023-03-13,Vente,152000,7,RUE EDMOND GUILLAUME,59606000AT0924,Appartement,98,3.519625,50.355409
2023-787105,2023-03-03,Vente,77000,49,RUE DE LA DIGUE,596060000P0303,Appartement,34,3.518831,50.353247
2023-787107,2023-03-01,Vente,88000,69,RUE DU MARQUIS RES FLANDRES,596060000H0118,Appartement,55,3.54262,50.364852
2023-787117,2023-03-24,Vente,456491,90,RUE CHARLES QUINT,596060000J0720,Maison,224,3.536563,50.357205
2023-787117,2023-03-24,Vente,456491,90,RUE CHARLES QUINT,596060000J0720,Maison,224,3.536563,50.357205
2023-787118,2023-03-10,Vente,181000,1,AV DU MARECHAL LECLERC,59606000AQ0686,Appartement,35,3.518976,50.364195
2023-787118,2023-03-10,Vente,181000,26,AV DU MARECHAL DE LATTRE,59606000AQ0686,Appartement,53,3.518976,50.364195
2023-787118,2023-03-10,Vente,181000,26,AV DU MARECHAL DE LATTRE,59606000AQ0686,Appartement,54,3.518976,50.364195
2023-787118,2023-03-10,Vente,181000,1,AV DU MARECHAL LECLERC,59606000AQ0686,Appartement,50,3.518976,50.364195
2023-787118,2023-03-10,Vente,181000,26,AV DU MARECHAL DE LATTRE,59606000AQ0686,Appartement,36,3.518976,50.364195
2023-787122,2023-03-23,Vente,225000,55,AV VILLARS,59606000AJ0416,Maison,102,3.508141,50.357433
2023-787123,2023-03-06,Vente,169500,10,RUE HONHON,59606000AR0068,Appartement,93,3.522598,50.362081
2023-787127,2023-03-10,Vente,201000,26,AV DU MARECHAL DE LATTRE,59606000AQ0686,Appartement,36,3.518976,50.364195
2023-787127,2023-03-10,Vente,201000,26,AV DU MARECHAL DE LATTRE,59606000AQ0686,Appartement,33,3.518976,50.364195
2023-787127,2023-03-10,Vente,201000,26,AV DU MARECHAL DE LATTRE,59606000AQ0686,Appartement,53,3.518976,50.364195
2023-787127,2023-03-10,Vente,201000,1,AV DU MARECHAL LECLERC,59606000AQ0686,Appartement,35,3.518976,50.364195
2023-787127,2023-03-10,Vente,201000,1,AV DU MARECHAL LECLERC,59606000AQ0686,Appartement,50,3.518976,50.364195
2023-787127,2023-03-10,Vente,201000,1,AV DU MARECHAL LECLERC,59606000AQ0686,Appartement,35,3.518976,50.364195
2023-787133,2023-03-08,Vente,110000,53,CHE DES BOURGEOIS,596060000S0551,Maison,68,3.523169,50.347046
2023-787146,2023-03-24,Vente,113000,8,AV SENAC DE MEILHAN,596060000F0008,Appartement,37,3.536163,50.364391
2023-787146,2023-03-24,Vente,113000,8,AV SENAC DE MEILHAN,596060000F0008,Appartement,39,3.536163,50.364391
2023-787146,2023-03-24,Vente,113000,8,AV SENAC DE MEILHAN,596060000F0008,Appartement,37,3.536163,50.364391
2023-787154,2023-03-16,Vente,170000,3,BD EISEN,596060000E0006,Appartement,69,3.530942,50.363142
2023-787157,2023-03-20,Vente,285240,26,AV VAUBAN,59606000AL0460,Maison,159,3.511511,50.361226
2023-787162,2023-03-02,Vente,15000,40,CHE DES ALLIES,596060000D0512,Appartement,50,3.533034,50.366826
2023-787162,2023-03-02,Vente,15000,40,CHE DES ALLIES,596060000D0512,Appartement,26,3.533034,50.366826
2023-787162,2023-03-02,Vente,15000,40,CHE DES ALLIES,596060000D0512,Appartement,18,3.533034,50.366826
2023-787162,2023-03-02,Vente,15000,40,CHE DES ALLIES,596060000D0512,Appartement,25,3.533034,50.366826
2023-787169,2023-03-16,Vente,195000,3,RES CAPRON AVE DENTELLIERE,59606000AT0926,Appartement,92,3.521636,50.356727
2023-787177,2023-03-24,Vente,144800,122,AV DE LIEGE,596060000I0106,Maison,150,3.538757,50.364349
2023-787178,2023-03-20,Vente,175000,86,RUE CHARLES QUINT,596060000J0311,Maison,109,3.535892,50.357125
2023-787195,2023-03-02,Vente,187500,28,RUE DU CAMP ROMAIN,596060000N0199,Appartement,77,3.52196,50.350199
2023-787202,2023-03-03,Vente,99000,84,RUE DURIN,596060000M0632,Appartement,48,3.534138,50.349533
2023-787216,2023-03-06,Vente,80000,35,RUE ALFRED GIARD,59606000AJ0181,Maison,90,3.508504,50.356153
2023-787223,2023-03-14,Vente,132100,63,RUE BAUDOUIN L EDIFIEUR,596060000M0446,Appartement,65,3.528555,50.350983
2023-787225,2023-03-02,Vente,161550,5,AV DU MARECHAL FOCH,59606000AQ0823,Appartement,90,3.519395,50.362665
2023-787234,2023-03-23,Vente,67400,18,RUE PERCEPAIN,59606000AR0841,Appartement,33,3.523925,50.362234
2023-787289,2023-03-23,Vente,70000,64,RUE DU REMPART,59606000AQ0312,Appartement,22,3.520319,50.361512
2023-787289,2023-03-23,Vente,70000,64,RUE DU REMPART,59606000AQ0312,Appartement,20,3.520319,50.361512
2023-787300,2023-03-03,Vente,100000,50,AV D AMSTERDAM,59606000AV0144,Appartement,86,3.526117,50.358035
2023-787305,2023-03-28,Vente,200000,103,AV DUCHESNOIS,596060000B0111,Maison,94,3.541122,50.368554
2023-787310,2023-03-13,Vente,67000,15,RUE DE LA DOUANE,59606000AM0043,Maison,30,3.512128,50.367529
2023-787339,2023-04-03,Vente,174400,22,RUE DU CHEMIN DES PLANCHES,596060000P0303,Appartement,71,3.518831,50.353247
2023-787370,2023-03-31,Vente,42000,14,RUE JEAN BERNIER,596060000R0209,Appartement,19,,
2023-787375,2023-03-31,Vente,40000,14,RUE JEAN BERNIER,596060000R0209,Appartement,19,,
2023-787386,2023-03-24,Vente en l'état futur d'achèvement,227000,31,RUE ERNEST MACAREZ,596060000C0169,Appartement,66,3.533026,50.372165
2023-787387,2023-03-21,Vente,65000,15,RUE DU FBG DE PARIS,59606000AK0169,Maison,81,3.515826,50.354715
2023-787390,2023-03-10,Vente,104000,124,RUE HENRI DURRE,59606000AJ0673,Appartement,70,3.507034,50.357936
2023-787407,2023-03-22,Vente,63900,18,RUE HUBERT CAILLEAU,59606000AD0572,Maison,54,3.483764,50.358598
2023-787409,2023-03-15,Vente,128000,24,RUE SAUDEUR,59606000AL0166,Maison,78,3.511168,50.365784
2023-787425,2023-03-28,Vente,205400,7,PL DU PONT DELSAUX,59606000AT0620,Appartement,17,3.523673,50.354616
2023-787425,2023-03-28,Vente,205400,7,PL DU PONT DELSAUX,59606000AT0620,Appartement,33,3.523673,50.354616
2023-787425,2023-03-28,Vente,205400,7,PL DU PONT DELSAUX,59606000AT0620,Appartement,31,3.523673,50.354616
2023-787425,2023-03-28,Vente,205400,7,PL DU PONT DELSAUX,59606000AT0620,Appartement,27,3.523673,50.354616
2023-787432,2023-03-27,Vente,132000,15,RUE ALPHONSE TERROIR,596060000U0336,Maison,63,3.512015,50.342714
2023-787433,2023-03-24,Vente,97500,52,RUE JEAN BART,59606000AI0355,Maison,100,3.505901,50.363543
2023-787438,2023-03-30,Vente,60000,10,AV DU FBG DE CAMBRAI,596060000R1014,Appartement,33,3.514528,50.346267
2023-787460,2023-03-07,Vente,399000,5,CLOS SAUTERNES LE VIGNOBLE,59606000AY0425,Maison,149,3.494162,50.347306
2023-787478,2023-03-29,Vente,131300,13,RUE HENRY DERYCKE LES TERTIALE,59606000AZ0148,Appartement,41,3.527832,50.364451
2023-787511,2023-03-29,Vente,74000,9001,LE VIGNOBLE RES FLORE,59606000AB0479,Appartement,48,3.494095,50.350626
2023-787513,2023-03-30,Vente,124000,69,RUE DU MARQUIS RES FLANDRES,596060000H0118,Appartement,55,3.54262,50.364852
2023-787539,2023-03-30,Vente,68534,3,RUE DES VIVIERS,59606000AT1053,Appartement,23,3.521457,50.356101
2023-787564,2023-04-04,Vente,205000,54,RUE DE LILLE,59606000AR1094,Appartement,53,3.523377,50.361431
2023-787569,2023-03-30,Vente,78000,69,RUE DU MARQUIS RES FLANDRES,596060000H0118,Appartement,46,3.54262,50.364852
2023-787604,2023-03-24,Vente,108600,107,RUE DES LILAS,596060000T0995,Maison,78,3.52244,50.343564
2023-787605,2023-03-31,Vente,153000,81,RUE DE LA DIGUE RESID RUBENS,596060000P0304,Appartement,62,3.517633,50.353679
2023-787612,2023-03-24,Vente,170000,22,RUE DU CHEMIN DES PLANCHES,596060000P0303,Appartement,73,3.518831,50.353247
2023-787616,2023-03-24,Vente,106000,180,BD HARPIGNIES RES J DUCHESNOI,59606000AZ0145,Appartement,45,3.526685,50.364385
2023-787617,2023-03-21,Vente,231040,3,AV D AMSTERDAM,59606000AR0740,Appartement,125,3.525667,50.359676
2023-787637,2023-04-03,Vente,141000,9,RUE THEODORE DEROMBY,59606000AJ0164,Maison,122,3.507938,50.356585
2023-787649,2023-04-06,Vente,390000,13,PL DE LA REPUBLIQUE,59606000AQ0443,Appartement,15,3.52027,50.362463
2023-787649,2023-04-06,Vente,390000,13,PL DE LA REPUBLIQUE,59606000AQ0443,Appartement,26,3.52027,50.362463
2023-787649,2023-04-06,Vente,390000,13,PL DE LA REPUBLIQUE,59606000AQ0443,Appartement,24,3.52027,50.362463
2023-787649,2023-04-06,Vente,390000,13,PL DE LA REPUBLIQUE,59606000AQ0443,Appartement,28,3.52027,50.362463
2023-787649,2023-04-06,Vente,390000,13,PL DE LA REPUBLIQUE,59606000AQ0443,Appartement,20,3.52027,50.362463
2023-787649,2023-04-06,Vente,390000,13,PL DE LA REPUBLIQUE,59606000AQ0443,Appartement,18,3.52027,50.362463
2023-787649,2023-04-06,Vente,390000,13,PL DE LA REPUBLIQUE,59606000AQ0443,Appartement,15,3.52027,50.362463
2023-787649,2023-04-06,Vente,390000,13,PL DE LA REPUBLIQUE,59606000AQ0443,Appartement,18,3.52027,50.362463
2023-787649,2023-04-06,Vente,390000,13,PL DE LA REPUBLIQUE,59606000AQ0443,Appartement,24,3.52027,50.362463
2023-787655,2023-03-17,Vente,135000,27,RUE DE STRASBOURG,596060000R0130,Maison,110,3.516795,50.349955
2023-787677,2023-04-12,Vente,110000,6,RUE BAUDOUIN RES MARIN L MESLE,596060000M0490,Appartement,66,3.528375,50.350242
2023-787772,2023-03-31,Vente,141000,88,RUE DU QUESNOY,59606000AS0564,Maison,90,3.52712,50.355856
2023-787806,2023-03-21,Vente,155000,21,RUE VIEILLE POISSONNERIE,59606000AU0215,Appartement,70,3.522615,50.358051
2023-787829,2023-04-07,Vente,59500,76,RUE DE PARIS,59606000AQ0185,Appartement,25,3.519122,50.359132
2023-787832,2023-04-11,Vente,65570,76,RUE DE PARIS,59606000AQ0185,Appartement,28,3.519122,50.359132
2023-787849,2023-04-14,Vente,215000,99,RUE PASTEUR,596060000E0057,Maison,116,3.534031,50.365158
2023-787850,2023-04-12,Vente,265220,219,AV DAMPIERRE,59606000AI0126,Appartement,52,3.505974,50.360193
2023-787850,2023-04-12,Vente,265220,219,AV DAMPIERRE,59606000AI0126,Appartement,35,3.505974,50.360193
2023-787850,2023-04-12,Vente,265220,219,AV DAMPIERRE,59606000AI0126,Appartement,18,3.505974,50.360193
2023-787850,2023-04-12,Vente,265220,219,AV DAMPIERRE,59606000AI0126,Appartement,35,3.505974,50.360193
2023-787866,2023-03-28,Vente,400000,95,RUE DE PARIS,59606000AQ0081,Appartement,17,3.519334,50.358354
2023-787866,2023-03-28,Vente,400000,95,RUE DE PARIS,59606000AQ0081,Appartement,17,3.519334,50.358354
2023-787866,2023-03-28,Vente,400000,95,RUE DE PARIS,59606000AQ0081,Appartement,17,3.519334,50.358354
2023-787866,2023-03-28,Vente,400000,95,RUE DE PARIS,59606000AQ0081,Appartement,17,3.519334,50.358354
2023-787883,2023-03-21,Vente,165000,12,RUE PILETTE,59606000AW0217,Appartement,110,3.5276,50.357482
2023-787903,2023-04-20,Vente en l'état futur d'achèvement,259375,216,AV DAMPIERRE,59606000AJ0858,Appartement,81,3.507791,50.360694
2023-787951,2023-04-05,Vente,107800,19,AV TOURELLE CHEM PARTICULIER,596060000R0416,Maison,103,3.521297,50.34794
2023-787965,2023-03-31,Vente,190000,55,RUE DE MONS,59606000AR0252,Appartement,28,3.529108,50.360322
2023-787965,2023-03-31,Vente,190000,55,RUE DE MONS,59606000AR0252,Appartement,26,3.529108,50.360322
2023-787986,2023-04-11,Vente,247500,89,RUE DE FAMARS,59606000AT0456,Maison,99,3.521887,50.354948
2023-787992,2023-04-07,Vente,137000,125,AV FAIDHERBE,596060000Y0908,Appartement,54,3.505192,50.355325
2023-788047,2023-04-06,Vente,148000,48,AV DE LA PLAINE,59606000AH0675,Maison,76,3.489989,50.358733
2023-788052,2023-04-17,Vente,58000,10,AV DU FBG DE CAMBRAI,596060000R1014,Appartement,33,3.514528,50.346267
2023-788078,2023-04-17,Vente,273750,45,AV DE REIMS,596060000S0070,Appartement,42,3.525047,50.347596
2023-788078,2023-04-17,Vente,273750,45,AV DE REIMS,596060000S0070,Appartement,42,3.525047,50.347596
2023-788078,2023-04-17,Vente,273750,45,AV DE REIMS,596060000S0070,Appartement,56,3.525047,50.347596
2023-788118,2023-04-25,Vente en l'état futur d'achèvement,187000,9,RUE CHE DES PLANCHES CHE PRIVE,596060000Q0013,Appartement,45,3.517195,50.351578
2023-788133,2023-04-26,Vente,51000,18,RUE DE FAMARS,59606000AT0295,Maison,149,3.521948,50.356429
2023-788136,2023-04-13,Vente,50000,31,RUE POTTIER JAN,59606000AO0106,Maison,100,3.518673,50.371518
2023-788179,2023-05-02,Vente en l'état futur d'achèvement,208152,9,RUE CHE DES PLANCHES CHE PRIVE,596060000Q0013,Appartement,43,3.517195,50.351578
2023-788252,2023-04-14,Vente,70700,103,RUE AUBRY,59606000AD0319,Maison,73,3.481067,50.359506
2023-788253,2023-04-12,Vente,125000,4,RUE DU MUGUET,59606000AH0606,Maison,84,3.491747,50.358841
2023-788298,2023-04-17,Vente,120000,13,RUE PILETTE,59606000AW0140,Appartement,79,3.527005,50.357623
2023-788303,2023-04-20,Vente,129390,48,RUE JEANNE D ARC,59606000AI0693,Maison,113,3.505681,50.364236
2023-788308,2023-04-28,Vente,100000,29,RUE CAPRON,59606000AT0214,Appartement,80,3.519183,50.357171
2023-788334,2023-04-22,Vente,135000,81,RUE DE LA DIGUE RESID RUBENS,596060000P0304,Appartement,55,3.517633,50.353679
2023-788369,2023-04-19,Vente,104300,43,RUE DU CHAUFFOUR,59606000AM0518,Maison,83,3.515491,50.367775
2023-788398,2023-04-26,Vente,134800,13,RUE HENRY DERYCKE LES TERTIALE,59606000AZ0148,Appartement,41,3.527832,50.364451
2023-788421,2023-04-20,Vente,204000,74,AV FAIDHERBE,59606000AJ0196,Appartement,28,3.50765,50.35525
2023-788421,2023-04-20,Vente,204000,74,AV FAIDHERBE,59606000AJ0196,Appartement,42,3.50765,50.35525
2023-788421,2023-04-20,Vente,204000,74,AV FAIDHERBE,59606000AJ0196,Appartement,34,3.50765,50.35525
2023-788434,2023-05-09,Vente,51120,24,RUE JEAN BONMARCHE,596060000N0198,Appartement,20,3.525905,50.350658
2023-788446,2023-04-21,Vente,375000,209,AV DE DENAIN,59606000AB0466,Maison,191,3.492043,50.35069
2023-788446,2023-04-21,Vente,375000,209,AV DE DENAIN,59606000AB0466,Maison,191,3.492043,50.35069
2023-788450,2023-04-27,Vente,177103,4,RUE D OULTREMAN,59606000AT0472,Appartement,68,3.522385,50.355682
2023-788453,2023-04-25,Vente,80000,8,AV D AMSTERDAM,59606000AV0352,Appartement,45,3.525222,50.359376
2023-788454,2023-04-27,Vente en l'état futur d'achèvement,186000,31,RUE ERNEST MACAREZ,596060000C0169,Appartement,44,3.533026,50.372165
2023-788461,2023-04-18,Vente,125000,21,RUE DES FLORALIES,596060000I0468,Appartement,98,3.532695,50.360161
2023-788461,2023-04-18,Vente,125000,21,RUE DES FLORALIES,596060000I0468,Appartement,60,3.532695,50.360161
2023-788465,2023-04-26,Vente,20000,5,RUE DES CHAUDRONS,59606000AQ0057,Maison,45,3.518808,50.358519
2023-788526,2023-04-28,Vente,179000,53,RUE THIERS,596060000Z0881,Maison,118,3.498595,50.35729
2023-788541,2023-05-04,Vente,60000,92,RUE DE PARIS,59606000AQ0067,Maison,38,3.51904,50.358353
2023-788561,2023-04-21,Vente,89000,184,AV DE LIEGE RES J. BREL,596060000H0117,Appartement,53,3.541944,50.365267
2023-788568,2023-04-27,Vente,85400,137,RUE HENRY DERYCKE LES TERTIALE,59606000AZ0144,Appartement,48,3.526504,50.364673
2023-788593,2023-05-05,Vente,74000,3,RUE DES VIVIERS,59606000AT1053,Appartement,22,3.521457,50.356101
2023-788594,2023-05-03,Vente,308400,20,RUE DE L HOPITAL DE SIEGE,596060000P0066,Maison,180,3.520593,50.35248
2023-788666,2023-04-25,Vente,186458,42,RUE MALPLAQUET,596060000Y0382,Maison,130,3.50776,50.352543
2023-788689,2023-04-26,Vente,165000,67,RUE THIERS,596060000Z0288,Maison,114,3.498011,50.357414
2023-788725,2023-05-05,Vente,164000,103,RUE GAMBETTA,59606000AN0110,Appartement,20,3.515474,50.369405
2023-788725,2023-05-05,Vente,164000,103,RUE GAMBETTA,59606000AN0110,Appartement,20,3.515474,50.369405
2023-788725,2023-05-05,Vente,164000,103,RUE GAMBETTA,59606000AN0110,Appartement,20,3.515474,50.369405
2023-788725,2023-05-05,Vente,164000,103,RUE GAMBETTA,59606000AN0110,Appartement,20,3.515474,50.369405
2023-788753,2023-04-27,Vente,113000,84,RUE DE FAMARS,59606000AT1064,Appartement,58,3.521783,50.354393
2023-788758,2023-05-05,Vente,37000,7,AV DU MARECHAL FOCH,59606000AQ0652,Appartement,18,3.519209,50.362637
2023-788769,2023-04-26,Vente,95000,9001,BD WATTEAU RES LE CEDRE,596060000K0030,Appartement,48,3.53258,50.357728
2023-788773,2023-05-17,Vente,223704.17,5,RUE DU COLLEGE,596060000D0503,Appartement,81,3.530395,50.363856
2023-788791,2023-05-17,Vente,88000,81,RUE DE LA DIGUE RESID RUBENS,596060000P0304,Appartement,46,3.517633,50.353679
2023-788799,2023-05-15,Vente,32000,16,RUE JEAN BERNIER,596060000R0209,Appartement,20,,
2023-788824,2023-05-10,Vente,130000,276,AV DAMPIERRE,59606000AJ0498,Maison,107,3.506153,50.359048
2023-788868,2023-05-15,Vente,99010,232,BD HARPIGNIES,59606000AZ0144,Appartement,49,3.526504,50.364673
2023-788877,2023-05-25,Vente,154800,192,AV DE DENAIN,59606000AB0143,Maison,116,3.494096,50.352308
2023-788916,2023-05-06,Vente,75000,10,RUE ENCLOS DU BEGUINAGE,59606000AS0052,Maison,60,3.524658,50.354141
2023-788923,2023-05-24,Vente,220000,188,AV DAMPIERRE,59606000AJ0550,Maison,105,3.50786,50.361517
2023-788926,2023-05-24,Vente,90000,8,RUE SAINT MARTIN,596060000E0176,Maison,62,3.533472,50.363977
2023-788973,2023-05-03,Vente,228430,158,AV DESANDROUINS,59606000AG0280,Maison,116,3.496615,50.361701
2023-788973,2023-05-03,Vente,228430,158,AV DESANDROUINS,59606000AG0280,Maison,116,3.496615,50.361701
2023-788990,2023-05-31,Vente,154513.34,147,RUE DU QUESNOY,59606000AS0409,Appartement,33,3.528621,50.354896
2023-788990,2023-05-31,Vente,154513.34,147,RUE DU QUESNOY,59606000AS0409,Appartement,36,3.528621,50.354896
2023-788990,2023-05-31,Vente,154513.34,147,RUE DU QUESNOY,59606000AS0409,Appartement,46,3.528621,50.354896
2023-788996,2023-05-02,Vente,180000,72,RUE PIERRE LOTI,596060000X0188,Maison,87,3.501769,50.351591
2023-788997,2023-05-22,Vente,105800,214,RUE DES ALOUETTES,596060000T1426,Maison,73,3.519431,50.343303
2023-789003,2023-05-12,Vente,83000,10,RUE HONHON,59606000AR0068,Appartement,49,3.522598,50.362081
2023-789010,2023-05-25,Vente,33000,16,RUE JEAN BERNIER,596060000R0209,Appartement,19,,
2023-789015,2023-05-16,Vente,120000,51,RUE ALFRED GIARD,59606000AJ0173,Maison,99,3.50874,50.356543
2023-789020,2023-05-09,Vente,207500,17,RUE DE L ABBE DELBECQUE,59606000AJ0632,Maison,80,3.510982,50.360183
2023-789047,2023-05-25,Vente,194600,26,RUE DE LA POTERNE,59606000AR0277,Appartement,72,3.529942,50.360774
2023-789047,2023-05-25,Vente,194600,26,RUE DE LA POTERNE,59606000AR0277,Appartement,52,3.529942,50.360774
2023-789057,2023-05-03,Vente,165000,7,RUE FLEURIE,59606000AI0163,Maison,107,3.50594,50.361501
2023-789066,2023-05-30,Vente,100000,166,AV DAMPIERRE,59606000AL0026,Appartement,53,3.508622,50.362344
2023-789073,2023-05-23,Vente,206000,87,AV DE LIEGE,596060000F0119,Appartement,40,3.536089,50.364037
2023-789073,2023-05-23,Vente,206000,87,AV DE LIEGE,596060000F0119,Appartement,55,3.536089,50.364037
2023-789073,2023-05-23,Vente,206000,87,AV DE LIEGE,596060000F0119,Appartement,50,3.536089,50.364037
2023-789073,2023-05-23,Vente,206000,87,AV DE LIEGE,596060000F0119,Appartement,48,3.536089,50.364037
2023-789074,2023-05-30,Vente,185000,11,RUE SALLE LE COMTE,59606000AR0166,Appartement,93,3.528258,50.36249
2023-789083,2023-05-03,Vente,95171,78,RUE DU FBG DE PARIS,59606000AK0108,Appartement,63,3.512541,50.353325
2023-789120,2023-05-23,Vente,40000,18,RUE THOLOZE,59606000AQ0644,Appartement,12,3.518603,50.362563
2023-789129,2023-05-17,Vente,100000,2,RUE SAINT MICHEL,596060000E0006,Appartement,48,3.530942,50.363142
2023-789151,2023-05-24,Vente,147500,,RUE HENRI CAFFIAUX,596060000W0462,Appartement,27,3.513755,50.352113
2023-789156,2023-05-17,Vente,104000,85,CHE DES BOURGEOIS,596060000T0809,Maison,68,3.52083,50.345827
2023-789207,2023-05-23,Vente,296500,27,RUE MALPLAQUET,596060000W0424,Appartement,160,3.508571,50.351882
2023-789212,2023-05-30,Vente,82000,1,RUE DE JEMMAPES,59606000AR0859,Appartement,35,3.526951,50.363513
2023-789214,2023-05-23,Vente,104800,24,RUE DE LA FAUVETTE,596060000T0825,Maison,68,3.521623,50.345678
2023-789215,2023-05-24,Vente,92000,69,RUE DU MARQUIS RES FLANDRES,596060000H0118,Appartement,48,3.54262,50.364852
2023-789217,2023-05-24,Vente,86500,6,RUE GEORGES THUROTTE,59606000AM0514,Maison,70,3.515141,50.367897
2023-789221,2023-05-24,Vente,173600,56,RUE MILHOMME,596060000K0148,Appartement,97,3.533135,50.356684
2023-789227,2023-06-05,Vente,47500,6,RUE MAURICE BAUCHOND,59606000AT0734,Appartement,49,3.518547,50.357519
2023-789252,2023-05-17,Vente,145000,2,VC RES SALY RUE SIMON LEBOUCQ,59606000AT0910,Appartement,75,3.518612,50.355883
2023-789255,2023-05-19,Vente,151000,1,RUE JEAN BART,59606000AI0267,Maison,45,3.507424,50.362669
2023-789261,2023-04-26,Vente,159600,11,RUE SALLE LE COMTE,59606000AR0166,Appartement,70,3.528258,50.36249
2023-789262,2023-05-19,Vente,129600,72,AV FAIDHERBE,59606000AJ0197,Maison,134,3.507732,50.355233
2023-789271,2023-06-02,Vente,160000,2,RES S LEBOUCQ AVE DENTELLI,59606000AT0849,Appartement,107,3.521159,50.357137
2023-789291,2023-05-24,Vente,189100,72,RUE DU ROLEUR,596060000I0040,Maison,94,3.539001,50.362248
2023-789307,2023-05-17,Vente,130000,10,AV DESANDROUINS,59606000AI0745,Maison,73,3.503651,50.357674
2023-789320,2023-06-01,Vente,81200,3,RUE THOLOZE,59606000AQ0587,Appartement,65,3.51926,50.361441
2023-789340,2023-05-25,Vente,150000,2,RUE DAVID DESVACHEZ,596060000L0121,Appartement,78,3.53092,50.355031
2023-789355,2023-05-25,Vente,32100,16,RUE JEAN BERNIER,596060000R0209,Appartement,20,,
2023-789369,2023-06-12,Vente,133000,6,AV DES SYCOMORES,596060000T0239,Maison,69,3.524876,50.344926
2023-789372,2023-05-17,Vente,181100,1,RUE MAURICE RUFFIN,59606000AT1093,Appartement,83,3.518313,50.357323
2023-789380,2023-05-26,Vente,73000,6,RUE SOLIDARITE RES DAUPHINE,59606000AG0519,Appartement,55,3.497184,50.363719
2023-789391,2023-05-29,Vente,112720,9,RUE FERRAND,59606000AQ1017,Appartement,85,3.518386,50.359829
2023-789402,2023-06-12,Vente,119222,12,RUE DU COLLEGE,596060000E0006,Appartement,48,3.530942,50.363142
2023-789404,2023-05-25,Vente,102000,49,RUE DE TINCHON,59606000AH0192,Maison,81,3.490538,50.360268
2023-789438,2023-05-30,Vente,130000,81,RUE DE LA DIGUE RESID RUBENS,596060000P0304,Appartement,55,3.517633,50.353679
2023-789456,2023-05-30,Vente en l'état futur d'achèvement,187500,34,RUE FLORIAN PARMENTIER,596060000S0835,Maison,84,3.529355,50.345273
2023-789460,2023-06-12,Vente,470000,16,AV DE LIEGE,596060000E0248,Maison,146,3.532716,50.362103
2023-789483,2023-06-14,Vente,254000,11,RTE AULNOY R BOIS DE CHARMES,596060000T0681,Maison,91,3.527808,50.343681
2023-789493,2023-05-31,Vente,126000,9,RUE DU MUGUET,59606000AH0617,Maison,68,3.49193,50.358461
2023-789497,2023-05-22,Vente,60000,62,RUE DU QUESNOY,59606000AW0134,Appartement,48,3.526173,50.356987
2023-789547,2023-05-26,Vente,156000,24,RUE DE TINCHON,59606000AH0107,Maison,115,3.491867,50.362162
2023-789559,2023-05-29,Vente,33020,34,RUE DE LA LONGUE CHASSE,596060000C0175,Appartement,21,3.532645,50.372745
2023-789562,2023-05-31,Vente,96800,4,RUE DESIRE GERNEZ,596060000Y0908,Appartement,53,3.505192,50.355325
2023-789585,2023-06-01,Vente,150000,7,PL DES ILOTS,59606000AU0244,Appartement,56,3.52378,50.358922
2023-789586,2023-06-15,Vente,201917,56,RUE DE PARIS,59606000AQ1035,Appartement,91,3.520392,50.359593
2023-789591,2023-06-13,Vente,418000,23,RUE DES FOULONS,59606000AT0596,Appartement,25,3.522309,50.354735
2023-789591,2023-06-13,Vente,418000,23,RUE DES FOULONS,59606000AT0596,Appartement,25,3.522309,50.354735
2023-789591,2023-06-13,Vente,418000,23,RUE DES FOULONS,59606000AT0596,Appartement,50,3.522309,50.354735
2023-789591,2023-06-13,Vente,418000,23,RUE DES FOULONS,59606000AT0596,Appartement,60,3.522309,50.354735
2023-789591,2023-06-13,Vente,418000,23,RUE DES FOULONS,59606000AT0596,Appartement,50,3.522309,50.354735
2023-789591,2023-06-13,Vente,418000,23,RUE DES FOULONS,59606000AT0596,Appartement,20,3.522309,50.354735
2023-789591,2023-06-13,Vente,418000,23,RUE DES FOULONS,59606000AT0596,Appartement,25,3.522309,50.354735
2023-789591,2023-06-13,Vente,418000,23,RUE DES FOULONS,59606000AT0596,Appartement,15,3.522309,50.354735
2023-789595,2023-06-15,Vente,95000,37,RUE DE MONS,59606000AR0921,Appartement,52,3.528378,50.359859
2023-789598,2023-06-15,Vente,182000,1,RUE DE JEMMAPES,59606000AR0859,Appartement,84,3.526951,50.363513
2023-789603,2023-06-06,Vente,120000,50,RUE DU VERGER,59606000AH0835,Maison,75,3.490371,50.357153
2023-789637,2023-06-09,Vente,288000,7,RUE LOUIS CELLIER,59606000AS0134,Appartement,8,3.525403,50.354249
2023-789637,2023-06-09,Vente,288000,7,RUE LOUIS CELLIER,59606000AS0498,Appartement,75,3.525599,50.354237
2023-789637,2023-06-09,Vente,288000,7,RUE LOUIS CELLIER,59606000AS0498,Appartement,60,3.525599,50.354237
2023-789637,2023-06-09,Vente,288000,7,RUE LOUIS CELLIER,59606000AS0498,Appartement,20,3.525599,50.354237
2023-789637,2023-06-09,Vente,288000,7,RUE LOUIS CELLIER,59606000AS0498,Appartement,20,3.525599,50.354237
2023-789641,2023-05-30,Vente,140900,1,RUE FRANCOIS COLLIEZ,596060000W0458,Appartement,40,3.514247,50.352684
2023-789663,2023-06-06,Vente,173000,7,RUE PIERRE FONTAINE,59606000AM0150,Maison,113,3.514526,50.367337
2023-789672,2023-06-14,Vente,350000,6,RUE D OULTREMAN,59606000AT0589,Maison,283,3.522904,50.355536
2023-789683,2023-06-05,Vente,78000,19,AV DENTELLIERE RES CATHERINE,59606000AT0928,Appartement,50,3.520249,50.356086
2023-789688,2023-05-25,Vente,125000,28,RUE MARMOTTAN,596060000Z0268,Maison,79,3.498102,50.356656
2023-789711,2023-06-09,Vente,400000,1,RUE FLEURIE,59606000AI0611,Maison,170,3.506527,50.361356
2023-789716,2023-06-07,Vente,110000,37,RUE JEANNE D ARC,59606000AI0405,Maison,82,3.5055,50.363903
2023-789726,2023-05-23,Vente,170200,204,AV DAMPIERRE,59606000AJ0545,Maison,106,3.507573,50.361157
2023-789727,2023-05-30,Vente,100000,29,RUE DERRIERE LES MURS DE BAVAY,59606000AU0141,Maison,150,3.521868,50.360355
2023-789769,2023-06-15,Vente,325000,50,RUE SAINT GERY,59606000AV0216,Appartement,25,3.526283,50.359426
2023-789769,2023-06-15,Vente,325000,50,RUE SAINT GERY,59606000AV0216,Appartement,25,3.526283,50.359426
2023-789769,2023-06-15,Vente,325000,50,RUE SAINT GERY,59606000AV0216,Appartement,45,3.526283,50.359426
2023-789769,2023-06-15,Vente,325000,50,RUE SAINT GERY,59606000AV0216,Appartement,20,3.526283,50.359426
2023-789772,2023-06-21,Vente,80000,5,AV DESANDROUINS CORON HUREZ,59606000AH0318,Maison,56,3.496089,50.360942
2023-789772,2023-06-21,Vente,80000,15,AV DESANDROUINS CORON HUREZ,59606000AH0323,Maison,83,3.495784,50.360651
2023-789793,2023-06-12,Vente,110000,30,RUE CHARLES QUINT,596060000J0031,Maison,129,,
2023-789794,2023-06-22,Vente,110000,10,RUE HONHON,59606000AR0068,Appartement,55,3.522598,50.362081
2023-789810,2023-06-23,Vente,165880,15,RUE DE ROMAINVILLE,596060000J0071,Maison,136,3.536356,50.353094
2023-789835,2023-06-09,Vente,130000,57,AV DU FBG DE CAMBRAI,596060000U0210,Maison,120,3.512608,50.344066
2023-789857,2023-06-16,Vente,210000,27,RUE DES RECOLLETS,59606000AU0350,Appartement,70,3.520531,50.358112
2023-789886,2023-06-22,Vente,115000,61,RUE DU VERGER,59606000AH0826,Maison,82,3.489711,50.357072
2023-789899,2023-06-14,Vente,105000,23,RUE DE LA DELIVRANCE,59606000AJ0841,Appartement,45,3.510053,50.354774
2023-789911,2023-06-15,Vente en l'état futur d'achèvement,197825,,RUE ERNEST MACAREZ,596060000D0538,Appartement,68,3.532546,50.3689
2023-789920,2023-06-14,Vente,165000,5,RUE PASTEUR,596060000E0006,Appartement,73,3.530942,50.363142
2023-789923,2023-06-09,Vente,110000,6,RUE DES PEINTRES CHIGOT,59606000AI0525,Maison,80,3.503545,50.35811
2023-789926,2023-06-12,Vente,85000,150,RUE DEPORTES DU TRAIN DE LOOS,59606000AT0129,Maison,30,3.51722,50.356303
2023-790002,2023-06-27,Vente,314600,20,RUE JEAN BONMARCHE,596060000N0106,Maison,137,3.525646,50.350968
2023-790034,2023-06-27,Vente,87000,56,RUE MILHOMME,596060000K0148,Appartement,57,3.533135,50.356684
2023-790037,2023-06-29,Vente,114000,4,RUE JEANNE D ARC,59606000AI0490,Maison,95,3.507482,50.363641
2023-790046,2023-05-19,Vente,230000,14,RUE SCHERER,59606000AJ0489,Maison,107,3.506782,50.358793
2023-790048,2023-06-27,Vente en l'état futur d'achèvement,184000,9,RUE CHE DES PLANCHES CHE PRIVE,596060000Q0013,Appartement,55,3.517195,50.351578
2023-790065,2023-06-20,Vente,73490,2,RUE FBG STE CATHERINE,596060000Q0106,Maison,35,3.521298,50.351663
2023-790102,2023-06-23,Vente,55000,29,RUE DU FBG DE PARIS,59606000AK0287,Appartement,30,3.51528,50.353974
2023-790108,2023-06-19,Vente,75400,5,AV DES BOULEAUX,596060000T0161,Maison,69,3.523504,50.344732
2023-790109,2023-06-20,Vente,126000,70,AV GEORGES CLEMENCEAU,59606000AQ0876,Appartement,80,3.520984,50.361391
2023-790110,2023-06-15,Vente,144000,137,RUE HENRY DERYCKE LES TERTIALE,59606000AZ0144,Appartement,64,3.526504,50.364673
2023-790131,2023-06-29,Vente,122000,47,RUE DES RECOLLETS,59606000AQ0096,Appartement,83,3.519858,50.358194
2023-790140,2023-06-30,Vente en l'état futur d'achèvement,163245.83,,RUE ERNEST MACAREZ,596060000D0538,Appartement,64,3.532546,50.3689
2023-790143,2023-06-15,Vente,132500,31,RUE DU GENERAL CHERE,59606000AO0135,Maison,114,3.519634,50.371314
2023-790150,2023-06-16,Vente,120000,76,AV GEORGES CLEMENCEAU,59606000AQ0876,Appartement,57,3.520984,50.361391
2023-790153,2023-06-20,Vente,75000,125,AV FAIDHERBE,596060000Y0908,Appartement,33,3.505192,50.355325
2023-790158,2023-06-16,Vente,98000,84,RUE DURIN,596060000M0632,Appartement,53,3.534138,50.349533
2023-790173,2023-06-27,Vente,24000,34,RUE DE LA LONGUE CHASSE,596060000C0175,Appartement,21,3.532645,50.372745
2023-790193,2023-06-26,Vente,35000,14,RUE JEAN BERNIER,596060000R0209,Appartement,19,,
2023-790211,2023-06-30,Vente,195000,6,RUE VIOLETTE LEDUC,59606000AD0467,Maison,83,3.478271,50.360626
2023-790216,2023-06-30,Vente,204000,48,AV DU SERGENT CAIRNS,596060000N0027,Appartement,23,3.524112,50.35003
2023-790216,2023-06-30,Vente,204000,48,AV DU SERGENT CAIRNS,596060000N0027,Appartement,32,3.524112,50.35003
2023-790216,2023-06-30,Vente,204000,48,AV DU SERGENT CAIRNS,596060000N0027,Appartement,39,3.524112,50.35003
2023-790216,2023-06-30,Vente,204000,48,AV DU SERGENT CAIRNS,596060000N0027,Appartement,33,3.524112,50.35003
2023-790216,2023-06-30,Vente,204000,48,AV DU SERGENT CAIRNS,596060000N0027,Appartement,12,3.524112,50.35003
2023-790216,2023-06-30,Vente,204000,48,AV DU SERGENT CAIRNS,596060000N0027,Appartement,25,3.524112,50.35003
2023-790222,2023-06-27,Vente,257000,81,AV FAIDHERBE,596060000Y0913,Appartement,35,3.506431,50.355395
2023-790222,2023-06-27,Vente,257000,81,AV FAIDHERBE,596060000Y0913,Appartement,30,3.506431,50.355395
2023-790222,2023-06-27,Vente,257000,81,AV FAIDHERBE,596060000Y0913,Appartement,45,3.506431,50.355395
2023-790228,2023-06-29,Vente,46200,127,RUE DE FAMARS,59606000AT0662,Maison,90,3.522476,50.354042
2023-790229,2023-06-20,Vente,243000,16,ALL DES CEPAGES LE VIGNOBLE,59606000AY0452,Maison,109,3.497397,50.348723
2023-790233,2023-07-03,Vente en l'état futur d'achèvement,159000,9,RUE CHE DES PLANCHES CHE PRIVE,596060000Q0013,Appartement,40,3.517195,50.351578
2023-790240,2023-06-21,Vente,275000,59,RUE CHARLES TAUCHON,59606000AH1244,Maison,137,3.495156,50.358758
2023-790249,2023-06-28,Vente,250000,4,BD FROISSART,59606000AQ0593,Maison,167,3.518117,50.361201
2023-790251,2023-06-29,Vente,82000,81,RUE DE LA DIGUE RESID RUBENS,596060000P0304,Appartement,35,3.517633,50.353679
2023-790256,2023-06-30,Vente,81900,184,AV DE LIEGE RES J. BREL,596060000H0117,Appartement,36,3.541944,50.365267
2023-790308,2023-06-21,Vente,205500,6,RUE DES HOSPICES,59606000AT0515,Appartement,60,3.523345,50.356267
2023-790308,2023-06-21,Vente,205500,6,RUE DES HOSPICES,59606000AT0515,Appartement,60,3.523345,50.356267
2023-790320,2023-06-14,Vente,153500,100,RUE PEGOUD,596060000T0303,Maison,67,3.530438,50.344071
2023-790322,2023-06-23,Vente,127000,137,RUE HENRY DERYCKE LES TERTIALE,59606000AZ0144,Appartement,64,3.526504,50.364673
2023-790323,2023-06-16,Vente,200000,1,RUE D AUDREGNIES,59606000AT0889,Appartement,52,3.522947,50.354434
2023-790323,2023-06-16,Vente,200000,1,RUE D AUDREGNIES,59606000AT0889,Appartement,57,3.522947,50.354434
2023-790323,2023-06-16,Vente,200000,1,RUE D AUDREGNIES,59606000AT0889,Appartement,63,3.522947,50.354434
2023-790332,2023-07-07,Vente,123000,9001,RES ST MICHEL RUE DE L EPAIX,596060000D0437,Appartement,49,3.534971,50.365706
2023-790386,2023-06-29,Vente,114000,88,RUE BAUDOUIN L EDIFIEUR,596060000N0139,Maison,174,3.526154,50.350549
2023-790389,2023-06-29,Vente,34000,16,RUE JEAN BERNIER,596060000R0209,Appartement,20,,
2023-790393,2023-07-04,Vente,79000,74,AV GEORGES CLEMENCEAU,59606000AQ0876,Appartement,79,3.520984,50.361391
2023-790402,2023-06-30,Vente,153000,12,AV D'AMSTERDAM COUR ST GERY,59606000AV0352,Appartement,48,3.525222,50.359376
2023-790402,2023-06-30,Vente,153000,12,AV D'AMSTERDAM COUR ST GERY,59606000AV0352,Appartement,52,3.525222,50.359376
2023-790458,2023-06-30,Vente,215000,54,RUE DE LILLE,59606000AR1094,Appartement,53,3.523377,50.361431
2023-790481,2023-06-27,Vente en l'état futur d'achèvement,165000,,AV DE LIEGE,596060000G0041,Appartement,42,3.543232,50.367488
2023-790483,2023-06-27,Vente en l'état futur d'achèvement,194000,,AV DE LIEGE,596060000G0041,Appartement,49,3.543232,50.367488
2023-790510,2023-06-29,Vente,60300,28,RUE DU CAMP ROMAIN,596060000N0199,Appartement,22,3.52196,50.350199
2023-790522,2023-07-07,Vente,187500,6,RUE DERRIERE LA TOUR,59606000AV0407,Appartement,72,3.523295,50.356679
2023-790533,2023-06-23,Vente,204000,221,AV DE REIMS,596060000T0701,Maison,132,3.526257,50.343529
2023-790534,2023-06-27,Vente,110000,22,AV DU MARECHAL DE LATTRE,59606000AQ0688,Appartement,60,3.518889,50.364129
2023-790536,2023-06-29,Vente,52000,20,PL DU NEUF BOURG,59606000AT0022,Appartement,23,3.51822,50.357997
2023-790543,2023-06-28,Vente,186000,2,RUE THIERS,596060000Z0376,Maison,80,3.501653,50.357084
2023-790550,2023-06-21,Vente,121000,20,RUE HONHON,59606000AR0063,Appartement,98,3.522764,50.362271
2023-790567,2023-06-28,Vente,335000,4,RUE BAUDOUIN L EDIFIEUR,596060000L0138,Maison,93,3.531571,50.353175
2023-790583,2023-06-27,Vente,125000,9002,RES ST MICHEL AVE ST ROCH,596060000D0437,Appartement,75,3.534971,50.365706
2023-790587,2023-07-07,Vente,47000,25,RUE DE LA MAISON BLANCHE,59606000AD0883,Maison,40,3.477512,50.361942
2023-790600,2023-07-12,Vente,439000,45,RUE DU ROLEUR,596060000I0506,Maison,200,3.538235,50.363111
2023-790600,2023-07-12,Vente,439000,45,RUE DU ROLEUR,596060000I0506,Maison,200,3.538235,50.363111
2023-790610,2023-07-10,Vente en l'état futur d'achèvement,147000,9,RUE CHE DES PLANCHES CHE PRIVE,596060000Q0013,Appartement,39,3.517195,50.351578
2023-790622,2023-07-13,Vente,187000,8,RUE BAUDOUIN RES MARIN L MESLE,596060000M0490,Appartement,76,3.528375,50.350242
2023-790639,2023-06-22,Vente,215000,6,RUE DE PROVENCE,596060000S0404,Maison,126,3.532168,50.34679
2023-790676,2023-07-07,Vente,120000,67,RUE SAINT GERY,59606000AR0130,Maison,42,3.525969,50.35954
2023-790677,2023-07-06,Vente,225000,4,RUE JACQUES DE GUISE,59606000AQ0156,Maison,88,3.519611,50.358936
2023-790683,2023-06-22,Vente,219000,59,CLOS DES TONNELIERS LE VIGNOBLE,59606000AY0540,Maison,84,3.50307,50.350911
2023-790711,2023-07-07,Vente,319000,4,RUE DU CHATEAU D EAU,59606000AI0155,Maison,91,3.506187,50.361122
2023-790711,2023-07-07,Vente,319000,4,RUE DU CHATEAU D EAU,59606000AI0155,Maison,91,3.506187,50.361122
2023-790712,2023-07-18,Vente,167500,3,RUE FLORIAN PARMENTIER,596060000S0373,Maison,84,3.529342,50.346634
2023-790715,2023-07-12,Vente,199000,5,RUE DU COLLEGE,596060000D0503,Appartement,63,3.530395,50.363856
2023-790717,2023-07-19,Vente,135000,12,AV DES SPORTS,596060000S0078,Maison,85,3.525641,50.347594
2023-790726,2023-07-17,Vente,214000,29,RUE DE FAMARS,59606000AT0997,Appartement,85,3.522478,50.356276
2023-790731,2023-06-22,Vente,106000,13,RUE HENRY DERYCKE LES TERTIALE,59606000AZ0148,Appartement,27,3.527832,50.364451
2023-790740,2023-06-23,Vente,209620,39,RUE PIERRE LOTI,596060000X0210,Maison,102,3.502734,50.352097
2023-790747,2023-06-30,Vente,326300,10,AV DE LIEGE,596060000E0245,Appartement,140,3.532459,50.361899
2023-790748,2023-06-27,Vente,155000,4,RUE DE FAMARS IMP CARDINAUX,59606000AT0447,Appartement,15,3.52129,50.354663
2023-790748,2023-06-27,Vente,155000,4,RUE DE FAMARS IMP CARDINAUX,59606000AT0447,Appartement,15,3.52129,50.354663
2023-790748,2023-06-27,Vente,155000,4,RUE DE FAMARS IMP CARDINAUX,59606000AT0447,Appartement,23,3.52129,50.354663
2023-790748,2023-06-27,Vente,155000,4,RUE DE FAMARS IMP CARDINAUX,59606000AT0447,Appartement,15,3.52129,50.354663
2023-790748,2023-06-27,Vente,155000,4,RUE DE FAMARS IMP CARDINAUX,59606000AT0447,Appartement,13,3.52129,50.354663
2023-790748,2023-06-27,Vente,155000,4,RUE DE FAMARS IMP CARDINAUX,59606000AT0447,Appartement,13,3.52129,50.354663
2023-790752,2023-06-26,Vente,56000,34,RUE DE LA LONGUE CHASSE,596060000C0175,Appartement,21,3.532645,50.372745
2023-790753,2023-06-26,Vente,122500,145,RUE MARC LEFRANCQ,59606000AZ0142,Appartement,48,3.526887,50.36552
2023-790778,2023-07-06,Vente,311900,55,RUE MILHOMME,596060000K0153,Maison,78,3.53215,50.356331
2023-790787,2023-06-23,Vente,135000,184,AV DE LIEGE RES J. BREL,596060000H0117,Appartement,65,3.541944,50.365267
2023-790834,2023-06-28,Vente,166000,24,RUE DES CAPUCINS,59606000AW0128,Maison,75,3.529204,50.358682
2023-790844,2023-06-28,Vente,76000,2,RUE FRATERNITE RES VINCENNES,59606000AG0519,Appartement,50,3.497184,50.363719
2023-790852,2023-06-30,Vente,155000,9,CHE DES FOSSES,59606000AE0059,Maison,120,3.485417,50.364089
2023-790860,2023-07-01,Vente,171500,20,RUE LOUISE D EPINAY,596060000R0278,Maison,89,3.519551,50.346746
2023-790886,2023-07-11,Vente,265000,54,RUE EMMANUEL REY,59606000AL0334,Maison,131,3.511779,50.364174
2023-790896,2023-07-13,Vente,147500,,RUE HENRI CAFFIAUX,596060000W0462,Appartement,35,3.513755,50.352113
2023-790899,2023-07-18,Vente,265000,49,AV FAIDHERBE,596060000Y0494,Appartement,46,3.507666,50.354541
2023-790899,2023-07-18,Vente,265000,49,AV FAIDHERBE,596060000Y0494,Appartement,24,3.507666,50.354541
2023-790899,2023-07-18,Vente,265000,49,AV FAIDHERBE,596060000Y0494,Appartement,27,3.507666,50.354541
2023-790899,2023-07-18,Vente,265000,49,AV FAIDHERBE,596060000Y0494,Appartement,39,3.507666,50.354541
2023-790899,2023-07-18,Vente,265000,49,AV FAIDHERBE,596060000Y0494,Appartement,15,3.507666,50.354541
2023-790899,2023-07-18,Vente,265000,49,AV FAIDHERBE,596060000Y0494,Appartement,27,3.507666,50.354541
2023-790899,2023-07-18,Vente,265000,49,AV FAIDHERBE,596060000Y0494,Appartement,25,3.507666,50.354541
2023-790913,2023-07-11,Vente,205000,109,AV DE LIEGE,596060000F0107,Maison,97,3.537005,50.364321
2023-790914,2023-07-17,Vente,110000,51,RUE DE PARIS,59606000AU0080,Appartement,62,3.521476,50.358961
2023-790918,2023-07-24,Vente,60000,13,RUE SAINT NICOLAS,596060000I0037,Maison,69,3.538079,50.362209
2023-790918,2023-07-24,Vente,60000,13,RUE SAINT NICOLAS,596060000I0037,Maison,69,3.538079,50.362209
2023-790921,2023-07-06,Vente,125000,38,RUE DU DOMAINE,59606000AH0711,Maison,83,3.489712,50.357601
2023-790929,2023-07-17,Vente,85000,90,RUE GAMBETTA,59606000AN0029,Maison,84,3.515417,50.369805
2023-790933,2023-07-11,Vente,86000,23,RUE ROUGEVILLE RES SAINT ROCH,596060000D0463,Appartement,47,3.533286,50.369406
2023-790950,2023-06-28,Vente,75000,28,RUE CHARLES TAUCHON,59606000AH0371,Maison,70,3.495474,50.359743
2023-790964,2023-07-06,Vente,360000,16,RUE DURIN,596060000M0285,Maison,171,3.53183,50.350604
2023-790964,2023-07-06,Vente,360000,16,RUE DURIN,596060000M0285,Maison,171,3.53183,50.350604
2023-790968,2023-07-20,Vente,99000,69,RUE DE LA DIGUE,596060000P0202,Maison,90,3.518434,50.353956
2023-791018,2023-07-25,Vente,199000,,RUE HENRI CAFFIAUX,596060000W0462,Appartement,58,3.513755,50.352113
2023-791026,2023-07-07,Vente,146050,1,RUE FRANCOIS COLLIEZ,596060000W0458,Appartement,67,3.514247,50.352684
2023-791029,2023-07-24,Vente,165500,,RUE HENRI CAFFIAUX,596060000W0462,Appartement,47,3.513755,50.352113
2023-791034,2023-07-11,Vente,149000,1,RUE SAINT NICOLAS,596060000I0029,Maison,94,3.537368,50.361562
2023-791051,2023-07-13,Vente,45000,320,BD HARPIGNIES,59606000AZ0056,Appartement,18,3.524966,50.364608
2023-791067,2023-07-27,Vente,100000,25,RUE DU FBG DE PARIS,59606000AK0164,Maison,112,3.515551,50.354221
2023-791073,2023-07-13,Vente,166000,18,CHE DU HALAGE,59606000AP0222,Appartement,63,3.51612,50.365704
2023-791101,2023-07-26,Vente,79000,4,RUE DESIRE GERNEZ,596060000Y0908,Appartement,29,3.505192,50.355325
2023-791165,2023-07-05,Vente,182000,10,AV DAMPIERRE,59606000AL0177,Appartement,33,3.510736,50.366327
2023-791165,2023-07-05,Vente,182000,10,AV DAMPIERRE,59606000AL0177,Appartement,42,3.510736,50.366327
2023-791165,2023-07-05,Vente,182000,10,AV DAMPIERRE,59606000AL0177,Appartement,53,3.510736,50.366327
2023-791193,2023-07-21,Vente,83150,17,RUE CAHAUT,59606000AK0266,Appartement,35,3.515231,50.355499
2023-791196,2023-07-28,Vente,115000,72,AV CLEMENCEAU RES HARPIGNIES,59606000AQ0876,Appartement,71,3.520984,50.361391
2023-791263,2023-08-01,Vente,233500,28,RTE AULNOY R BOIS DE CHARMES,596060000T0699,Maison,101,3.53029,50.342915
2023-791286,2023-07-25,Vente,42500,320,BD HARPIGNIES,59606000AZ0056,Appartement,18,3.524966,50.364608
2023-791290,2023-07-25,Vente,228730,114,AV VILLARS,59606000AJ0007,Appartement,20,3.505177,50.35725
2023-791290,2023-07-25,Vente,228730,114,AV VILLARS,59606000AJ0007,Appartement,20,3.505177,50.35725
2023-791290,2023-07-25,Vente,228730,114,AV VILLARS,59606000AJ0007,Appartement,20,3.505177,50.35725
2023-791290,2023-07-25,Vente,228730,114,AV VILLARS,59606000AJ0007,Appartement,20,3.505177,50.35725
2023-791312,2023-07-07,Vente,126500,84,RUE DURIN,596060000M0632,Appartement,51,3.534138,50.349533
2023-791339,2023-07-06,Vente,210000,16,BD WATTEAU RES BEAUMONT,59606000AS0497,Appartement,127,3.529614,50.356137
2023-791370,2023-08-02,Vente,217000,33,RUE MILHOMME,596060000K0166,Appartement,76,3.531765,50.355778
2023-791390,2023-07-13,Vente,115000,22,AV DU MARECHAL DE LATTRE,59606000AQ0688,Appartement,60,3.518889,50.364129
2023-791403,2023-07-20,Vente,200000,159,CLOS BLAGNY LE VIGNOBLE,59606000AY0193,Maison,106,3.498722,50.350563
2023-791413,2023-07-24,Vente,120000,72,AV CLEMENCEAU RES HARPIGNIES,59606000AQ0876,Appartement,71,3.520984,50.361391
2023-791414,2023-07-25,Vente,143000,28,RUE DU DOMAINE,59606000AH0691,Maison,89,3.489823,50.357968
2023-791446,2023-07-31,Vente,180000,2,AV DE LA TOURELLE,596060000R0765,Appartement,91,3.520987,50.348298
2023-791463,2023-07-21,Vente,330000,20,RUE DE BEAUMONT,59606000AS0548,Appartement,30,3.528829,50.355847
2023-791463,2023-07-21,Vente,330000,20,RUE DE BEAUMONT,59606000AS0548,Appartement,60,3.528829,50.355847
2023-791463,2023-07-21,Vente,330000,20,RUE DE BEAUMONT,59606000AS0548,Appartement,25,3.528829,50.355847
2023-791463,2023-07-21,Vente,330000,20,RUE DE BEAUMONT,59606000AS0548,Appartement,30,3.528829,50.355847
2023-791463,2023-07-21,Vente,330000,20,RUE DE BEAUMONT,59606000AS0548,Appartement,60,3.528829,50.355847
2023-791463,2023-07-21,Vente,330000,20,RUE DE BEAUMONT,59606000AS0548,Appartement,35,3.528829,50.355847
2023-791473,2023-07-13,Vente,200000,97,AV DAMPIERRE,59606000AI0501,Appartement,31,3.508352,50.363585
2023-791473,2023-07-13,Vente,200000,97,AV DAMPIERRE,59606000AI0501,Appartement,18,3.508352,50.363585
2023-791473,2023-07-13,Vente,200000,97,AV DAMPIERRE,59606000AI0501,Appartement,9,3.508352,50.363585
2023-791473,2023-07-13,Vente,200000,97,AV DAMPIERRE,59606000AI0501,Appartement,18,3.508352,50.363585
2023-791473,2023-07-13,Vente,200000,97,AV DAMPIERRE,59606000AI0501,Appartement,9,3.508352,50.363585
2023-791473,2023-07-13,Vente,200000,97,AV DAMPIERRE,59606000AI0501,Appartement,13,3.508352,50.363585
2023-791473,2023-07-13,Vente,200000,97,AV DAMPIERRE,59606000AI0501,Appartement,14,3.508352,50.363585
2023-791504,2023-07-25,Vente,23000,34,RUE THOLOZE,59606000AQ0644,Appartement,16,3.518603,50.362563
2023-791504,2023-07-25,Vente,23000,34,RUE THOLOZE,59606000AQ0644,Appartement,16,3.518603,50.362563
2023-791508,2023-07-25,Vente,25000,34,RUE THOLOZE,59606000AQ0644,Appartement,33,3.518603,50.362563
2023-791528,2023-07-24,Vente,170720,1,RUE VIOLETTE LEDUC,59606000AD0437,Maison,78,3.477513,50.3605
2023-791533,2023-07-29,Vente,185000,11,RUE SALLE LE COMTE,59606000AR0166,Appartement,90,3.528258,50.36249
2023-791538,2023-07-25,Vente,483000,17,RUE DE L HOPITAL DE SIEGE,596060000Q0256,Maison,201,3.52048,50.352023
2023-791545,2023-08-07,Vente,696080,3,RUE JACQUES DE GUISE,59606000AQ0146,Appartement,66,3.51964,50.359169
2023-791545,2023-08-07,Vente,696080,3,RUE JACQUES DE GUISE,59606000AQ0146,Appartement,120,3.51964,50.359169
2023-791545,2023-08-07,Vente,696080,195,RUE DE FAMARS,59606000AT0730,Maison,130,3.523498,50.352357
2023-791558,2023-07-28,Vente,115000,9006,RUE ANATOLE FRANCE,596060000Y0049,Maison,73,3.504493,50.35416
2023-791562,2023-07-27,Vente,238200,32,RUE PIERRE DAUTEL,596060000U0312,Maison,162,3.511075,50.341755
2023-791567,2023-07-29,Vente,231600,107,RUE SAUDEUR,59606000AL0358,Maison,110,3.510982,50.363758
2023-791573,2023-07-20,Vente,79000,2,AV GEORGES CLEMENCEAU,59606000AU0217,Appartement,77,3.522565,50.35936
2023-791577,2023-07-28,Vente,82680,20,SEN DE LA PLACE D'ANZIN,59606000AF0413,Appartement,47,3.490147,50.368564
2023-791640,2023-08-10,Vente,52500,46,RUE DE L ATRE DE GERTRUDE,596060000M0237,Maison,80,3.534142,50.35054
2023-791658,2023-08-10,Vente,86500,26,CITE LENNE,596060000S0129,Maison,70,3.526708,50.346952
2023-791664,2023-08-01,Vente,60250,18,RUE PERCEPAIN,59606000AR0841,Appartement,22,3.523925,50.362234
2023-791667,2023-07-26,Vente,142500,80,AV DE REIMS,596060000S0028,Maison,81,3.5243,50.348063
2023-791679,2023-07-26,Vente,125000,20,RUE HONHON,59606000AR0063,Appartement,75,3.522764,50.362271
2023-791699,2023-08-04,Vente,190000,16,RUE DES CHARTREUX,59606000AW0078,Appartement,10,3.527636,50.357878
2023-791699,2023-08-04,Vente,190000,16,RUE DES CHARTREUX,59606000AW0078,Appartement,10,3.527636,50.357878
2023-791699,2023-08-04,Vente,190000,16,RUE DES CHARTREUX,59606000AW0078,Appartement,30,3.527636,50.357878
2023-791699,2023-08-04,Vente,190000,16,RUE DES CHARTREUX,59606000AW0078,Appartement,25,3.527636,50.357878
2023-791699,2023-08-04,Vente,190000,16,RUE DES CHARTREUX,59606000AW0078,Appartement,10,3.527636,50.357878
2023-791699,2023-08-04,Vente,190000,16,RUE DES CHARTREUX,59606000AW0078,Appartement,30,3.527636,50.357878
2023-791701,2023-08-08,Vente,186420,27,AV FAIDHERBE,596060000Y0351,Maison,90,3.50888,50.353917
2023-791705,2023-08-09,Vente en l'état futur d'achèvement,290000,31,RUE ERNEST MACAREZ,596060000C0169,Appartement,84,3.533026,50.372165
2023-791707,2023-08-10,Vente,193800,84,RUE BAUDOUIN L EDIFIEUR,596060000M0006,Appartement,99,3.526413,50.35105
2023-791719,2023-07-28,Vente en l'état futur d'achèvement,188000,31,RUE ERNEST MACAREZ,596060000C0169,Appartement,42,3.533026,50.372165
2023-791723,2023-08-03,Vente,53000,85,RUE DES POILUS,596060000R0106,Maison,75,3.515176,50.34985
2023-791726,2023-06-15,Vente,256000,187,CLOS CHAMBERTIN RES LE VIGNOBLE,59606000AB0392,Maison,106,3.492464,50.349594
2023-791780,2023-07-31,Vente,105000,74,RUE BAUDOUIN L EDIFIEUR,596060000M0697,Appartement,47,3.527601,50.351755
2023-791789,2023-08-11,Vente,167500,8,PL DU PONT DELSAUX,59606000AT0651,Appartement,41,3.523398,50.35422
2023-791789,2023-08-11,Vente,167500,8,PL DU PONT DELSAUX,59606000AT0651,Appartement,38,3.523398,50.35422
2023-791789,2023-08-11,Vente,167500,8,PL DU PONT DELSAUX,59606000AT0651,Appartement,53,3.523398,50.35422
2023-791789,2023-08-11,Vente,167500,8,PL DU PONT DELSAUX,59606000AT0651,Appartement,43,3.523398,50.35422
2023-791795,2023-08-04,Vente,175000,45,RUE DESPINOY,59606000AJ0734,Appartement,70,3.507073,50.357171
2023-791795,2023-08-04,Vente,175000,45,RUE DESPINOY,59606000AJ0734,Appartement,66,3.507073,50.357171
2023-791878,2023-08-16,Vente,207000,1,RUE FAMARS COUR CHAUSSEE,59606000AT0476,Appartement,28,3.522032,50.355524
2023-791878,2023-08-16,Vente,207000,1,RUE FAMARS COUR CHAUSSEE,59606000AT0476,Appartement,39,3.522032,50.355524
2023-791878,2023-08-16,Vente,207000,1,RUE FAMARS COUR CHAUSSEE,59606000AT0476,Appartement,38,3.522032,50.355524
2023-791881,2023-08-18,Vente,139700,57,RUE SAUDEUR,59606000AL0300,Maison,84,3.511388,50.364919
2023-791883,2023-08-17,Vente,72000,55,RUE JACQUES PERDRIX,596060000J0084,Appartement,55,3.536729,50.353985
2023-791889,2023-08-28,Vente,100000,9,VC RES BOIS FONTAINE R AULNOY,596060000T1233,Maison,104,3.526987,50.343499
2023-791895,2023-07-31,Vente,155140,34,RUE JEAN MERMOZ,596060000T0413,Maison,74,3.528637,50.341645
2023-791910,2023-08-24,Vente,55000,18,RUE PERCEPAIN,59606000AR0841,Appartement,21,3.523925,50.362234
2023-791921,2023-08-23,Vente,35000,2,RUE J DESPREZ P CORON MIROUX,59606000AN0009,Maison,40,3.515644,50.370366
2023-791922,2023-08-24,Vente,84400,15,RUE PERCEPAIN,59606000AR0060,Appartement,46,3.522761,50.362404
2023-791923,2023-08-21,Vente,111000,100,RUE DE TINCHON,59606000AC0060,Maison,88,3.489453,50.359596
2023-791933,2023-08-08,Vente,153000,14,AV DESANDROUINS C STIEVENARD,59606000AH0266,Maison,102,3.494309,50.361448
2023-791942,2023-08-28,Vente,177000,44,RUE SAINT GERY,59606000AV0319,Appartement,94,3.526164,50.359225
2023-791987,2023-08-31,Vente,47000,17,RUE CAPRON,59606000AT0961,Appartement,33,3.520045,50.35703
2023-791993,2023-07-24,Vente,78000,9001,BD WATTEAU RES LE CEDRE,596060000K0030,Appartement,48,3.53258,50.357728
2023-792011,2023-08-21,Vente,167000,26,BD WATTEAU RES LA RHONELLE,59606000AS0493,Appartement,103,3.529369,50.355339
2023-792016,2023-08-21,Vente,79000,7,AV DES BOULEAUX,596060000T0162,Maison,69,3.523616,50.34472
2023-792027,2023-08-30,Vente en l'état futur d'achèvement,215000,9,RUE CHE DES PLANCHES CHE PRIVE,596060000Q0013,Appartement,60,3.517195,50.351578
2023-792031,2023-08-11,Vente,46000,5,CRS DU LION D'OR,59606000AR0080,Appartement,25,3.5226,50.361772
2023-792031,2023-08-11,Vente,46000,5,CRS DU LION D'OR,59606000AR0080,Appartement,20,3.5226,50.361772
2023-792041,2023-08-25,Vente,175000,65,RUE EMMANUEL REY,59606000AL0503,Maison,82,3.512306,50.363336
2023-792042,2023-08-28,Vente,119500,27,RUE DE LA MAISON BLANCHE,59606000AD0172,Maison,71,3.477555,50.362015
2023-792052,2023-09-02,Vente,139000,137,RUE HENRY DERYCKE LES TERTIALE,59606000AZ0144,Appartement,64,3.526504,50.364673
2023-792071,2023-08-11,Vente,132000,8,RES VAL CLAIR R S LEBOUCQ,59606000AT0801,Appartement,71,3.518261,50.356154
2023-792072,2023-09-01,Vente,77500,32,RUE ROUGEVILLE RES LES FORGES,596060000D0291,Appartement,34,3.534863,50.369261
2023-792091,2023-08-23,Vente,117000,145,RUE MARC LEFRANCQ,59606000AZ0142,Appartement,49,3.526887,50.36552
2023-792098,2023-08-31,Vente en l'état futur d'achèvement,198000,,RUE ERNEST MACAREZ,596060000D0538,Appartement,61,3.532546,50.3689
2023-792112,2023-08-25,Vente,50400,6,RUE DES ROYES,596060000N0199,Appartement,26,3.52196,50.350199
2023-792118,2023-08-31,Vente en l'état futur d'achèvement,209405,,RUE ERNEST MACAREZ,596060000D0538,Appartement,66,3.532546,50.3689
2023-792119,2023-08-09,Vente,112000,32,AV DE VERDUN,596060000M0589,Appartement,42,3.532272,50.352596
2023-792122,2023-09-04,Vente,231000,43,AV DE DENAIN,596060000Z0710,Appartement,20,3.501754,50.355322
2023-792122,2023-09-04,Vente,231000,43,AV DE DENAIN,596060000Z0710,Appartement,30,3.501754,50.355322
2023-792122,2023-09-04,Vente,231000,43,AV DE DENAIN,596060000Z0710,Appartement,20,3.501754,50.355322
2023-792122,2023-09-04,Vente,231000,43,AV DE DENAIN,596060000Z0710,Appartement,30,3.501754,50.355322
2023-792133,2023-08-18,Vente,271000,32,RUE ERNEST HIOLLE,596060000K0047,Maison,70,3.535731,50.357694
2023-792137,2023-08-08,Vente,204000,57,CLOS DES TONNELIERS LE VIGNOBLE,59606000AY0539,Maison,84,3.50319,50.350859
2023-792147,2023-08-24,Vente,90000,38,RUE HONHON,59606000AR0048,Maison,64,3.523147,50.362855
2023-792153,2023-08-23,Vente,27000,52,RUE DUPONCHEL,59606000AO0083,Maison,40,3.517899,50.371029
2023-792162,2023-08-25,Vente,150000,14,AV DES DENTELLIERES,59606000AT0179,Maison,145,3.519079,50.356177
2023-792189,2023-08-11,Vente,107000,18,RUE DE L INTENDANCE,59606000AR0631,Appartement,47,3.52569,50.360015
2023-792197,2023-08-31,Vente,99000,6,PL DU COMMERCE,59606000AU0215,Appartement,52,3.522615,50.358051
2023-792215,2023-08-30,Vente,165000,35,RUE JEAN MERMOZ,596060000T0349,Maison,65,3.529079,50.342042
2023-792218,2023-09-02,Vente,165000,3,BD EISEN,596060000E0006,Appartement,69,3.530942,50.363142
2023-792235,2023-09-04,Vente,350800,14,BD PATER,59606000AR0422,Maison,185,3.531092,50.360536
2023-792236,2023-09-01,Vente,94000,23,RUE ROUGEVILLE RES SAINT ROCH,596060000D0463,Appartement,47,3.533286,50.369406
2023-792257,2023-09-08,Vente,58370,18,RUE PERCEPAIN,59606000AR0841,Appartement,22,3.523925,50.362234
2023-792261,2023-09-05,Vente,105000,125,AV FAIDHERBE,596060000Y0908,Appartement,56,3.505192,50.355325
2023-792267,2023-08-29,Vente,21000,17,RUE DU FBG DE PARIS,59606000AK0178,Maison,10,3.515896,50.354579
2023-792267,2023-08-29,Vente,21000,17,RUE DU FBG DE PARIS,59606000AK0201,Maison,30,3.515963,50.35459
2023-792276,2023-07-20,Vente en l'état futur d'achèvement,178000,31,RUE ERNEST MACAREZ,596060000C0169,Appartement,42,3.533026,50.372165
2023-792277,2023-08-29,Vente,3000,15,RUE DU FBG DE PARIS,59606000AK0178,Maison,10,3.515896,50.354579
2023-792278,2023-08-28,Vente,90000,190,AV DESANDROUINS,59606000AG0256,Appartement,51,3.494742,50.362213
2023-792283,2023-08-24,Vente,120000,180,BD HARPIGNIES RES J DUCHESNOI,59606000AZ0145,Appartement,42,3.526685,50.364385
2023-792294,2023-08-24,Vente,75400,156,AV DESANDROUINS,59606000AG0282,Maison,52,3.496823,50.361717
2023-792295,2023-08-25,Vente,122000,58,RUE DE LA CITADELLE,59606000AJ0587,Maison,105,3.509319,50.360206
2023-792302,2023-08-23,Vente,180000,8,RUE BAUDOUIN RES MARIN L MESLE,596060000M0490,Appartement,76,3.528375,50.350242
2023-792368,2023-09-06,Vente,146000,29,RUE DERRIERE LES MURS DE BAVAY,59606000AU0141,Maison,150,3.521868,50.360355
2023-792381,2023-08-16,Vente,133950,31,RUE COLART CRESTE,596060000F0060,Maison,76,3.540058,50.365958
2023-792390,2023-08-30,Vente,70000,4,RUE PIERRE WARIN,59606000AF0243,Maison,78,3.49268,50.363085
2023-792405,2023-09-05,Vente,110000,26,RUE THOLOZE,59606000AQ0644,Appartement,26,3.518603,50.362563
2023-792405,2023-09-05,Vente,110000,26,RUE THOLOZE,59606000AQ0644,Appartement,51,3.518603,50.362563
2023-792405,2023-09-05,Vente,110000,26,RUE THOLOZE,59606000AQ0644,Appartement,42,3.518603,50.362563
2023-792405,2023-09-05,Vente,110000,26,RUE THOLOZE,59606000AQ0644,Appartement,39,3.518603,50.362563
2023-792405,2023-09-05,Vente,110000,26,RUE THOLOZE,59606000AQ0644,Appartement,27,3.518603,50.362563
2023-792407,2023-09-05,Vente,445300,6,AV DAMPIERRE,59606000AL0179,Maison,145,3.510838,50.366448
2023-792423,2023-09-13,Vente,91000,71,RUE JEAN BART,59606000AI0302,Maison,72,3.505368,50.363187
2023-792424,2023-08-18,Vente,232700,190,AV DE LIEGE,596060000H0021,Maison,120,3.542382,50.365636
2023-792434,2023-08-29,Vente,159000,11,CHE DES BOURGEOIS,596060000S0635,Maison,108,3.523417,50.348018
2023-792446,2023-09-15,Vente,96000,19,RUE JULES DELSART,59606000AM0073,Maison,107,3.512548,50.367371
2023-792451,2023-09-01,Vente,106000,125,AV FAIDHERBE,596060000Y0908,Appartement,56,3.505192,50.355325
2023-792473,2023-08-31,Vente,73000,3,RUE DES VIVIERS,59606000AT1053,Appartement,20,3.521457,50.356101
2023-792475,2023-08-29,Vente,90000,58,RUE VEDRINES,596060000S0179,Maison,70,3.526928,50.345853
2023-792477,2023-08-29,Vente,230000,24,RUE ERNEST HIOLLE,596060000K0171,Maison,128,3.53538,50.357736
2023-792481,2023-08-30,Vente,135000,99,RUE DU ROLEUR,596060000I0522,Maison,104,3.54023,50.362397
2023-792482,2023-09-08,Vente,582500,10,BD WATTEAU,59606000AS0427,Maison,250,3.530106,50.356272
2023-792483,2023-09-05,Vente,263895,30,LE CLOS SAINT ROCH,596060000B0411,Maison,126,3.539066,50.369131
2023-792498,2023-09-07,Vente,140000,57,AV VILLARS,59606000AJ0798,Appartement,33,3.507955,50.357524
2023-792498,2023-09-07,Vente,140000,57,AV VILLARS,59606000AJ0798,Appartement,44,3.507955,50.357524
2023-792498,2023-09-07,Vente,140000,57,AV VILLARS,59606000AJ0798,Appartement,35,3.507955,50.357524
2023-792498,2023-09-07,Vente,140000,57,AV VILLARS,59606000AJ0798,Appartement,37,3.507955,50.357524
2023-792509,2023-09-13,Vente,100000,25,AV TOURELLE CHEM PARTICULIER,596060000R0413,Maison,56,3.521454,50.347731
2023-792530,2023-09-19,Vente,67000,19,RUE CAPELLE,59606000AR0433,Maison,90,3.530238,50.359736
2023-792533,2023-08-29,Vente,90439,5,RUE ERNEST HIOLLE RES LAPRADE,596060000I0606,Appartement,36,3.534734,50.358249
2023-792535,2023-08-29,Vente,206800,11,RUE DADIER CTE LEBRUN,59606000AR0306,Maison,91,3.528778,50.361144
2023-792545,2023-09-01,Vente,62500,18,RUE PERCEPAIN,59606000AR0841,Appartement,20,3.523925,50.362234
2023-792582,2023-09-13,Vente,205000,50,RUE PIERRE LOTI,596060000X0202,Maison,102,3.501963,50.352352
2023-792591,2023-09-05,Vente,515731.03,77,RUE DE LILLE,59606000AQ0371,Appartement,33,3.522744,50.360888
2023-792591,2023-09-05,Vente,515731.03,77,RUE DE LILLE,59606000AQ0371,Appartement,79,3.522744,50.360888
2023-792591,2023-09-05,Vente,515731.03,77,RUE DE LILLE,59606000AQ0371,Appartement,45,3.522744,50.360888
2023-792591,2023-09-05,Vente,515731.03,77,RUE DE LILLE,59606000AQ0371,Appartement,33,3.522744,50.360888
2023-792591,2023-09-05,Vente,515731.03,77,RUE DE LILLE,59606000AQ0371,Appartement,45,3.522744,50.360888
2023-792591,2023-09-05,Vente,515731.03,5,RUE DU FOUR DE LA PAIX,59606000AQ0377,Maison,24,3.522514,50.361017
2023-792591,2023-09-05,Vente,515731.03,3,IMP BADIN,59606000AQ1051,Maison,60,3.522459,50.360665
2023-792591,2023-09-05,Vente,515731.03,9,RUE DE LILLE IMP SARRAZIN,59606000AU0321,Maison,21,3.52271,50.36075
2023-792599,2023-08-22,Vente,105000,14,RUE MARMOTTAN,596060000Z0275,Maison,72,3.498323,50.356965
2023-792617,2023-09-22,Vente,346850,5,RUE DU MAROC,596060000Z0740,Maison,112,3.493369,50.354044
2023-792622,2023-09-11,Vente,130000,1,RUE ERNEST HIOLLE RES POSIERE,596060000I0607,Appartement,59,3.533988,50.358259
2023-792627,2023-09-12,Vente,181678,17,RUE VEDRINES,596060000S0231,Maison,92,3.528307,50.346729
2023-792636,2023-09-12,Vente,70700,105,RUE AUBRY,59606000AD0320,Maison,73,3.480818,50.359579
2023-792646,2023-09-20,Vente en l'état futur d'achèvement,213500,26,CHE DU HALAGE,59606000AP0243,Appartement,63,3.517353,50.36716
2023-792658,2023-09-12,Vente,44464516,16,PL D ARMES,59606000AV0264,Appartement,86,3.523392,50.357163
2023-792675,2023-09-22,Vente,97000,5,RUE DE L ABREUVOIR,59606000AK0236,Appartement,25,3.514089,50.353623
2023-792675,2023-09-22,Vente,97000,5,RUE DE L ABREUVOIR,59606000AK0236,Appartement,25,3.514089,50.353623
2023-792675,2023-09-22,Vente,97000,5,RUE DE L ABREUVOIR,59606000AK0236,Appartement,25,3.514089,50.353623
2023-792697,2023-09-25,Vente,136000,9002,RES ST MICHEL AVE ST ROCH,596060000D0437,Appartement,75,3.534971,50.365706
2023-792703,2023-09-01,Vente,92000,184,AV DE LIEGE RES J. BREL,596060000H0117,Appartement,65,3.541944,50.365267
2023-792779,2023-09-21,Vente en l'état futur d'achèvement,167910,,RUE ERNEST MACAREZ,596060000D0538,Appartement,43,3.532546,50.3689
2023-792794,2023-09-06,Vente,113000,44,RUE DUPONCHEL,59606000AO0087,Maison,75,3.518198,50.371015
2023-792800,2023-09-28,Vente,199350,9,RUE DESIRE GERNEZ,596060000Y0310,Maison,75,3.506113,50.35501
2023-792802,2023-09-26,Vente,180000,49,CLOS DES TONNELIERS LE VIGNOBLE,59606000AY0535,Maison,84,3.50366,50.35035
2023-792809,2023-09-14,Vente,137000,10,RUE HONHON,59606000AR0068,Appartement,89,3.522598,50.362081
2023-792814,2023-09-19,Vente,60000,12,RUE AMEDEE BULTOT,59606000AT0746,Appartement,45,3.520808,50.354991
2023-792827,2023-09-06,Vente,56000,18,RUE PERCEPAIN,59606000AR0841,Appartement,20,3.523925,50.362234
2023-792831,2023-09-04,Vente,95000,13,RUE DU TERRIL,59606000AE0600,Maison,64,3.484583,50.360368
2023-792839,2023-09-18,Vente,290000,3,RUE DES HOSPICES,59606000AV0015,Appartement,19,3.522729,50.356627
2023-792839,2023-09-18,Vente,290000,3,RUE DES HOSPICES,59606000AV0015,Appartement,81,3.522729,50.356627
2023-792839,2023-09-18,Vente,290000,3,RUE DES HOSPICES,59606000AV0015,Appartement,37,3.522729,50.356627
2023-792852,2023-09-14,Vente,118000,20,RUE JEAN DAUBY,59606000AH1772,Maison,82,3.495939,50.358859
2023-792854,2023-09-15,Vente,85000,8,RUE DES SAYNEURS,59606000AU0005,Maison,60,3.520352,50.358031
2023-792866,2023-09-27,Vente,272500,77,RUE BAUDOUIN RES MARIN L MESLE,596060000M0490,Maison,110,3.528375,50.350242
2023-792886,2023-09-28,Vente,87500,16,RUE DU GRAND FOSSART,59606000AS0562,Appartement,53,3.525763,50.354721
2023-792968,2023-09-28,Vente,92000,125,AV FAIDHERBE,596060000Y0908,Appartement,45,3.505192,50.355325
2023-792984,2023-09-27,Vente en l'état futur d'achèvement,168875,,RUE ERNEST MACAREZ,596060000D0538,Appartement,42,3.532546,50.3689
2023-793007,2023-09-12,Vente,173000,31,BD CARPEAUX,596060000N0086,Maison,87,3.524227,50.352005
2023-793049,2023-09-07,Vente,128000,1,RUE DE LA SOMME RES CLICHY,59606000AG0519,Appartement,66,3.497184,50.363719
2023-793050,2023-09-29,Vente en l'état futur d'achèvement,209000,,RUE HENRI CAFFIAUX,596060000W0462,Appartement,62,3.513755,50.352113
2023-793061,2023-09-15,Vente,162000,22,RUE DU DOMAINE,59606000AH0688,Maison,81,3.48995,50.358136
2023-793069,2023-09-18,Vente,85000,80,AV DE DENAIN,596060000Z0777,Maison,93,3.500609,50.355254
2023-793080,2023-09-26,Vente,277000,53,AV VILLARS,59606000AJ0415,Maison,105,3.508195,50.357474
2023-793103,2023-09-21,Vente,93160,9001,RUE HENRY DERYCKE LES TERTIALE,59606000AZ0146,Appartement,47,3.525584,50.365344
2023-793109,2023-09-14,Vente,142400,13,RUE HENRY DERYCKE LES TERTIALE,59606000AZ0148,Appartement,41,3.527832,50.364451
2023-793135,2023-09-29,Vente,87000,125,AV FAIDHERBE,596060000Y0908,Appartement,46,3.505192,50.355325
2023-793144,2023-09-28,Vente en l'état futur d'achèvement,210000,,RUE ERNEST MACAREZ,596060000D0538,Appartement,66,3.532546,50.3689
2023-793145,2023-09-28,Vente en l'état futur d'achèvement,174000,,RUE ERNEST MACAREZ,596060000D0538,Appartement,42,3.532546,50.3689
2023-793147,2023-09-19,Vente,117000,56,RUE MILHOMME,596060000K0148,Appartement,57,3.533135,50.356684
2023-793172,2023-09-29,Vente en l'état futur d'achèvement,148000,9,RUE CHE DES PLANCHES CHE PRIVE,596060000Q0013,Appartement,39,3.517195,50.351578
2023-793184,2023-09-28,Vente,98000,232,BD HARPIGNIES,59606000AZ0144,Appartement,64,3.526504,50.364673
2023-793198,2023-09-27,Vente,37700,34,RUE DE LA LONGUE CHASSE,596060000C0175,Appartement,21,3.532645,50.372745
2023-793200,2023-09-19,Vente,88000,125,AV FAIDHERBE,596060000Y0908,Appartement,48,3.505192,50.355325
2023-793225,2023-09-19,Vente,68400,2,RUE FRATERNITE RES VINCENNES,59606000AG0519,Appartement,55,3.497184,50.363719
2023-793248,2023-10-05,Vente,63400,14,RUE VIEILLE POISSONNERIE,59606000AU0051,Appartement,71,3.522225,50.358373
2023-793250,2023-10-06,Vente,150000,18,RUE DE LA PAIX COUR ST GERY,59606000AV0190,Appartement,94,3.525024,50.359185
2023-793292,2023-10-02,Vente,200000,14,AV D AMSTERDAM,59606000AV0352,Appartement,67,3.525222,50.359376
2023-793295,2023-09-11,Vente,123000,98,AV DE DENAIN,596060000Z0142,Appartement,25,3.499972,50.35503
2023-793295,2023-09-11,Vente,123000,98,AV DE DENAIN,596060000Z0142,Appartement,30,3.499972,50.35503
2023-793299,2023-09-27,Vente,60000,16,CHE PLANCHES ALL ARBALETRIERS,596060000Q0052,Maison,49,3.51891,50.351716
2023-793312,2023-10-11,Vente en l'état futur d'achèvement,169000,209,AV DE DENAIN,59606000AB0466,Appartement,42,3.492043,50.35069
2023-793314,2023-10-10,Vente en l'état futur d'achèvement,169000,209,AV DE DENAIN,59606000AB0466,Appartement,42,3.492043,50.35069
2023-793342,2023-09-21,Vente,140000,62,CLOS RIESLING LE VIGNOBLE,59606000AY0050,Maison,89,3.499006,50.351118
2023-793344,2023-09-20,Vente,119800,90,AV DE DENAIN,596060000Z0146,Maison,47,3.500192,50.355133
2023-793352,2023-10-05,Vente en l'état futur d'achèvement,194200,31,RUE ERNEST MACAREZ,596060000C0169,Appartement,49,3.533026,50.372165
2023-793354,2023-10-10,Vente,74750,47,RUE DES RECOLLETS,59606000AQ0096,Appartement,32,3.519858,50.358194
2023-793355,2023-09-20,Vente,190000,24,RUE DE L ABREUVOIR,59606000AK0251,Maison,112,3.513429,50.354077
2023-793363,2023-09-20,Vente,100000,5,RUE DORUS GRAS,596060000N0041,Maison,85,3.523167,50.350769
2023-793371,2023-09-22,Vente,157650,37,AV DE LA PLAINE,59606000AH0751,Maison,91,3.491835,50.357909
2023-793401,2023-09-27,Vente,68580,18,RUE DES BRECHES,59606000AR0739,Appartement,23,3.530135,50.361352
2023-793419,2023-10-13,Vente,40000,58,AV DE SAINT-AMAND,59606000AM0006,Appartement,21,3.511413,50.366912
2023-793426,2023-10-13,Vente,250000,84,RUE DURIN,596060000M0632,Appartement,100,3.534138,50.349533
2023-793431,2023-10-10,Vente,160000,21,RUE JOSQUIN DESPREZ,59606000AN0037,Maison,112,3.515751,50.370184
2023-793434,2023-09-18,Vente,164200,21,RUE DU PETIT FOSSART,59606000AS0171,Maison,114,3.527725,50.354337
2023-793437,2023-09-07,Vente,135000,180,BD HARPIGNIES RES J DUCHESNOI,59606000AZ0145,Appartement,68,3.526685,50.364385
2023-793439,2023-10-17,Vente,55000,6,RUE J DESPREZ P CORON MIROUX,59606000AN0182,Maison,60,3.515555,50.3703
2023-793473,2023-09-22,Vente en l'état futur d'achèvement,189000,26,CHE DU HALAGE,59606000AP0243,Appartement,50,3.517353,50.36716
2023-793486,2023-10-18,Vente,160000,37,PL TAFFIN,59606000AG0312,Maison,73,3.494363,50.363517
2023-793491,2023-09-26,Vente,71000,125,AV FAIDHERBE,596060000Y0908,Appartement,33,3.505192,50.355325
2023-793535,2023-09-22,Vente,152000,129,AV DESANDROUINS,59606000AH0283,Maison,60,3.495116,50.361566
2023-793654,2023-09-28,Vente,150000,16,RUE D ANJOU,596060000S0420,Maison,70,3.532338,50.346121
2023-793660,2023-09-29,Vente,124000,9001,LE VIGNOBLE RES FLORE,59606000AB0479,Appartement,52,3.494095,50.350626
2023-793668,2023-09-29,Vente,158850,9001,LE VIGNOBLE RES FLORE,59606000AB0479,Appartement,83,3.494095,50.350626
2023-793670,2023-09-29,Vente,90000,61,AV ALBERT 1ER,59606000AV0312,Appartement,40,3.526955,50.359241
2023-793689,2023-10-20,Vente,167780,13,AV DE LORRAINE,596060000R0185,Maison,100,3.516604,50.348771
2023-793696,2023-10-06,Vente,65000,76,AV DU FBG DE CAMBRAI,596060000V0082,Maison,79,3.510422,50.343333
2023-793698,2023-09-29,Vente,380000,2,PL DU MARCHE AUX HERBES,59606000AU0251,Appartement,63,3.523448,50.359567
2023-793698,2023-09-29,Vente,380000,6,PL DU MARCHE AUX HERBES,59606000AU0252,Appartement,101,3.523338,50.359679
2023-793698,2023-09-29,Vente,380000,6,PL DU MARCHE AUX HERBES,59606000AU0252,Appartement,137,3.523338,50.359679
2023-793700,2023-10-17,Vente en l'état futur d'achèvement,170500,209,AV DE DENAIN,59606000AB0466,Appartement,42,3.492043,50.35069
2023-793701,2023-09-29,Vente,160000,45,AV DU SENATEUR GIRARD,59606000AL0552,Appartement,12,3.517192,50.36259
2023-793701,2023-09-29,Vente,160000,45,AV DU SENATEUR GIRARD,59606000AL0552,Appartement,12,3.517192,50.36259
2023-793701,2023-09-29,Vente,160000,45,AV DU SENATEUR GIRARD,59606000AL0552,Appartement,12,3.517192,50.36259
2023-793701,2023-09-29,Vente,160000,45,AV DU SENATEUR GIRARD,59606000AL0552,Appartement,12,3.517192,50.36259
2023-793701,2023-09-29,Vente,160000,45,AV DU SENATEUR GIRARD,59606000AL0552,Appartement,12,3.517192,50.36259
2023-793701,2023-09-29,Vente,160000,45,AV DU SENATEUR GIRARD,59606000AL0552,Appartement,12,3.517192,50.36259
2023-793702,2023-10-18,Vente en l'état futur d'achèvement,139250,209,AV DE DENAIN,59606000AB0466,Appartement,40,3.492043,50.35069
2023-793703,2023-10-17,Vente en l'état futur d'achèvement,210333.33,209,AV DE DENAIN,59606000AB0466,Appartement,75,3.492043,50.35069
2023-793705,2023-09-29,Vente,113300,3,RUE DES MAURIENNES,59606000AQ1071,Maison,85,3.518076,50.358551
2023-793706,2023-10-06,Vente,140040,48,RUE DES RECOLLETS,59606000AQ0123,Appartement,13,3.51997,50.358573
2023-793706,2023-10-06,Vente,140040,48,RUE DES RECOLLETS,59606000AQ0123,Appartement,12,3.51997,50.358573
2023-793706,2023-10-06,Vente,140040,48,RUE DES RECOLLETS,59606000AQ0123,Appartement,13,3.51997,50.358573
2023-793706,2023-10-06,Vente,140040,48,RUE DES RECOLLETS,59606000AQ0123,Appartement,12,3.51997,50.358573
2023-793706,2023-10-06,Vente,140040,48,RUE DES RECOLLETS,59606000AQ0123,Appartement,14,3.51997,50.358573
2023-793706,2023-10-06,Vente,140040,48,RUE DES RECOLLETS,59606000AQ0123,Appartement,12,3.51997,50.358573
2023-793706,2023-10-06,Vente,140040,48,RUE DES RECOLLETS,59606000AQ0123,Appartement,13,3.51997,50.358573
2023-793706,2023-10-06,Vente,140040,48,RUE DES RECOLLETS,59606000AQ0123,Appartement,9,3.51997,50.358573
2023-793706,2023-10-06,Vente,140040,48,RUE DES RECOLLETS,59606000AQ0123,Appartement,16,3.51997,50.358573
2023-793706,2023-10-06,Vente,140040,48,RUE DES RECOLLETS,59606000AQ0123,Appartement,13,3.51997,50.358573
2023-793708,2023-10-06,Vente,321000,8,RUE DE LA ROUGEVILLE,596060000D0519,Maison,171,3.535773,50.368982
2023-793713,2023-10-05,Vente,80000,216,RUE LOMPREZ,59606000AC0095,Maison,63,3.486597,50.353754
2023-793722,2023-10-19,Vente,164000,,RUE HENRI CAFFIAUX,596060000W0462,Appartement,44,3.513755,50.352113
2023-793730,2023-10-10,Vente,150000,6,RUE SCHERER,59606000AJ0485,Maison,107,3.50718,50.358726
2023-793733,2023-10-20,Vente,210000,26,RUE DE L ATRE DE GERTRUDE,596060000M0294,Appartement,16,3.53134,50.350688
2023-793733,2023-10-20,Vente,210000,26,RUE DE L ATRE DE GERTRUDE,596060000M0294,Appartement,52,3.53134,50.350688
2023-793733,2023-10-20,Vente,210000,26,RUE DE L ATRE DE GERTRUDE,596060000M0294,Appartement,54,3.53134,50.350688
2023-793733,2023-10-20,Vente,210000,26,RUE DE L ATRE DE GERTRUDE,596060000M0294,Appartement,31,3.53134,50.350688
2023-793733,2023-10-20,Vente,210000,26,RUE DE L ATRE DE GERTRUDE,596060000M0294,Appartement,22,3.53134,50.350688
2023-793746,2023-10-13,Vente en l'état futur d'achèvement,186000,31,RUE ERNEST MACAREZ,596060000C0169,Appartement,44,3.533026,50.372165
2023-793757,2023-10-17,Vente,140000,74,AV GEORGES CLEMENCEAU,59606000AQ0876,Appartement,92,3.520984,50.361391
2023-793758,2023-10-11,Vente en l'état futur d'achèvement,245000,31,RUE ERNEST MACAREZ,596060000C0169,Appartement,85,3.533026,50.372165
2023-793762,2023-10-03,Vente,88350,70,RUE SAINT GERY,59606000AR0206,Maison,53,3.526704,50.360381
2023-793769,2023-10-03,Vente,80000,53,PL D ARMES,59606000AU0215,Appartement,45,3.522615,50.358051
2023-793796,2023-10-06,Vente,181380,2,RUE HENRY DERYCKE LES TERTIALE,59606000AZ0139,Appartement,91,3.526148,50.365275
2023-793816,2023-10-16,Vente,71000,4,RUE DU FORT MINIQUE,596060000I0553,Appartement,27,3.532779,50.358303
2023-793824,2023-10-25,Vente en l'état futur d'achèvement,175000,,RUE ERNEST MACAREZ,596060000D0538,Appartement,46,3.532546,50.3689
2023-793832,2023-10-26,Vente,85500,8,RUE DE LA DOUANE,59606000AM0061,Appartement,28,3.512179,50.367159
2023-793832,2023-10-26,Vente,85500,8,RUE DE LA DOUANE,59606000AM0061,Appartement,31,3.512179,50.367159
2023-793838,2023-10-23,Vente,71000,142,RUE DEPORTES DU TRAIN DE LOOS,59606000AT0125,Appartement,45,3.517474,50.356445
2023-793842,2023-10-20,Vente en l'état futur d'achèvement,199500,209,AV DE DENAIN,59606000AB0466,Appartement,59,3.492043,50.35069
2023-793843,2023-10-20,Vente en l'état futur d'achèvement,251700,209,AV DE DENAIN,59606000AB0466,Appartement,76,3.492043,50.35069
2023-793856,2023-10-10,Vente,67150,4,PL CHARLES DE GAULLE,59606000AV0351,Appartement,19,3.524897,50.35955
2023-793857,2023-10-11,Vente,162250,22,RUE ALFRED GIARD,59606000AJ0751,Appartement,60,3.509069,50.355478
2023-793857,2023-10-11,Vente,162250,22,RUE ALFRED GIARD,59606000AJ0751,Appartement,16,3.509069,50.355478
2023-793857,2023-10-11,Vente,162250,22,RUE ALFRED GIARD,59606000AJ0751,Appartement,16,3.509069,50.355478
2023-793857,2023-10-11,Vente,162250,22,RUE ALFRED GIARD,59606000AJ0751,Appartement,36,3.509069,50.355478
2023-793878,2023-10-09,Vente,93000,2,RUE FRATERNITE RES VINCENNES,59606000AG0519,Appartement,67,3.497184,50.363719
2023-793879,2023-10-10,Vente,115000,285,AV DESANDROUINS,59606000AE0013,Maison,84,3.485772,50.364706
2023-793882,2023-10-11,Vente,77000,41,RUE DE L EPAIX,596060000D0145,Maison,68,3.533296,50.365936
2023-793924,2023-10-31,Vente,133000,61,RUE JEANNE D ARC,59606000AI0417,Maison,64,3.504743,50.364142
2023-793928,2023-10-23,Vente,247000,10,RUE BAUDOUIN IMP COURTIN,596060000M0061,Maison,130,3.531294,50.352347
2023-793966,2023-10-19,Vente,182000,13,RUE JEAN BONMARCHE,596060000M0006,Appartement,76,3.526413,50.35105
2023-793974,2023-10-31,Vente,136014,8,RUE DE NORMANDIE,596060000J0296,Maison,80,3.536599,50.355127
2023-793999,2023-10-25,Vente,110000,14,AV VILLARS,59606000AJ0351,Appartement,26,3.511241,50.358839
2023-793999,2023-10-25,Vente,110000,14,AV VILLARS,59606000AJ0351,Appartement,21,3.511241,50.358839
2023-793999,2023-10-25,Vente,110000,14,AV VILLARS,59606000AJ0351,Appartement,25,3.511241,50.358839
2023-794022,2023-10-16,Vente,138300,68,RUE PEGOUD,596060000T0290,Maison,79,3.529194,50.34437
2023-794024,2023-10-24,Vente,145000,7,RUE CASIMIR PERIER,596060000Z0293,Maison,84,3.497582,50.357096
2023-794034,2023-10-23,Vente,119900,17,RUE DE TINCHON,59606000AH1602,Maison,93,3.491467,50.361411
2023-794040,2023-10-18,Vente,101400,137,RUE HENRY DERYCKE LES TERTIALE,59606000AZ0144,Appartement,49,3.526504,50.364673
2023-794045,2023-10-27,Vente,30000,34,RUE DE LA LONGUE CHASSE,596060000C0175,Appartement,21,3.532645,50.372745
2023-794048,2023-10-12,Vente,77000,13,RUE FERRAND,59606000AQ0214,Appartement,44,3.518062,50.359976
2023-794049,2023-10-16,Vente,300000,39,AV DU GENERAL HORNE,596060000R0436,Maison,120,3.520577,50.349037
2023-794052,2023-10-30,Vente,98000,137,RUE HENRY DERYCKE LES TERTIALE,59606000AZ0144,Appartement,53,3.526504,50.364673
2023-794057,2023-10-24,Vente en l'état futur d'achèvement,175700,209,AV DE DENAIN,59606000AB0466,Appartement,43,3.492043,50.35069
2023-794068,2023-10-16,Vente,89000,13,RUE FERRAND,59606000AQ0214,Appartement,55,3.518062,50.359976
2023-794073,2023-10-16,Vente,143400,137,RUE HENRY DERYCKE LES TERTIALE,59606000AZ0144,Appartement,64,3.526504,50.364673
2023-794076,2023-10-18,Vente,72000,2,RUE FRATERNITE RES VINCENNES,59606000AG0519,Appartement,50,3.497184,50.363719
2023-794077,2023-10-11,Vente,88000,184,AV DE LIEGE RES J. BREL,596060000H0117,Appartement,54,3.541944,50.365267
2023-794083,2023-10-24,Vente en l'état futur d'achèvement,168900,209,AV DE DENAIN,59606000AB0466,Appartement,41,3.492043,50.35069
2023-794084,2023-10-27,Vente,138000,,RUE HENRI CAFFIAUX,596060000W0462,Appartement,33,3.513755,50.352113
2023-794089,2023-10-12,Vente,125000,11,RUE SALLE LE COMTE,59606000AR0166,Appartement,78,3.528258,50.36249
2023-794099,2023-10-19,Vente,35000,16,RUE JEAN BERNIER,596060000R0209,Appartement,20,,
2023-794115,2023-11-03,Vente,182000,34,RUE DELSAUX,59606000AV0399,Appartement,80,3.52434,50.357216
2023-794145,2023-11-07,Vente,70000,18,RUE DE L INTENDANCE,59606000AR0631,Appartement,28,3.52569,50.360015
2023-794159,2023-10-10,Vente,68000,16,RUE JEAN BERNIER,596060000R0209,Appartement,20,,
2023-794159,2023-10-10,Vente,68000,16,RUE JEAN BERNIER,596060000R0209,Appartement,20,,
2023-794228,2023-11-07,Vente,80000,15,RUE JEAN BONMARCHE,596060000M0006,Appartement,31,3.526413,50.35105
2023-794244,2023-10-19,Vente,97000,19,RUE CHARLES TAUCHON,59606000AH0404,Maison,125,3.496442,50.359942
2023-794265,2023-10-27,Vente en l'état futur d'achèvement,174400,209,AV DE DENAIN,59606000AB0466,Appartement,43,3.492043,50.35069
2023-794266,2023-11-09,Vente en l'état futur d'achèvement,215400,209,AV DE DENAIN,59606000AB0466,Appartement,62,3.492043,50.35069
2023-794267,2023-10-26,Vente en l'état futur d'achèvement,167100,209,AV DE DENAIN,59606000AB0466,Appartement,39,3.492043,50.35069
2023-794268,2023-10-25,Vente en l'état futur d'achèvement,170500,209,AV DE DENAIN,59606000AB0466,Appartement,42,3.492043,50.35069
2023-794286,2023-10-17,Vente,102600,4,RUE HENRY DERYCKE LES TERTIALE,59606000AZ0139,Appartement,57,3.526148,50.365275
2023-794288,2023-10-03,Vente,200000,13,RUE FERRAND,59606000AQ0214,Appartement,60,3.518062,50.359976
2023-794288,2023-10-03,Vente,200000,10,RUE HONHON,59606000AR0068,Appartement,57,3.522598,50.362081
2023-794317,2023-10-23,Vente,190000,35,RUE ALFRED GIARD,59606000AJ0181,Maison,90,3.508504,50.356153
2023-794321,2023-11-14,Vente,113000,109,RUE SAUDEUR,59606000AL0359,Maison,91,3.5109,50.363727
2023-794322,2023-11-03,Vente,123000,10,RES VAL CLAIR R S LEBOUCQ,59606000AT0801,Appartement,73,3.518261,50.356154
2023-794355,2023-11-02,Vente en l'état futur d'achèvement,174000,9,RUE CHE DES PLANCHES CHE PRIVE,596060000Q0013,Appartement,43,3.517195,50.351578
2023-794384,2023-10-19,Vente,395000,56,RUE DU ROLEUR,596060000I0046,Maison,128,3.538368,50.362444
2023-794389,2023-11-02,Vente en l'état futur d'achèvement,199700,209,AV DE DENAIN,59606000AB0466,Appartement,69,3.492043,50.35069
2023-794391,2023-11-02,Vente en l'état futur d'achèvement,170900,209,AV DE DENAIN,59606000AB0466,Appartement,42,3.492043,50.35069
2023-794412,2023-11-10,Vente,90000,137,RUE HENRY DERYCKE LES TERTIALE,59606000AZ0144,Appartement,53,3.526504,50.364673
2023-794435,2023-10-26,Vente,82500,14,RUE ABEL DE PUJOL,59606000AS0262,Appartement,38,3.527046,50.35532
2023-794440,2023-10-30,Vente,360000,25,RUE DELSAUX,59606000AW0150,Appartement,53,3.525771,50.356623
2023-794441,2023-08-23,Vente,775000,40,RUE DU JOLIMETZ,596060000W0247,Maison,425,3.511937,50.35138
2023-794441,2023-08-23,Vente,775000,40,RUE DU JOLIMETZ,596060000W0247,Maison,425,3.511937,50.35138
2023-794442,2023-11-07,Vente,81500,5,RUE ERNEST HIOLLE RES LAPRADE,596060000I0606,Appartement,30,3.534734,50.358249
2023-794457,2023-11-13,Vente en l'état futur d'achèvement,215400,209,AV DE DENAIN,59606000AB0466,Appartement,65,3.492043,50.35069
2023-794461,2023-11-02,Vente en l'état futur d'achèvement,216200,209,AV DE DENAIN,59606000AB0466,Appartement,65,3.492043,50.35069
2023-794466,2023-10-31,Vente en l'état futur d'achèvement,170400,209,AV DE DENAIN,59606000AB0466,Appartement,42,3.492043,50.35069
2023-794477,2023-10-30,Vente,48400,82,RUE GAMBETTA,59606000AN0033,Maison,70,3.515576,50.369937
2023-794496,2023-11-10,Vente,102000,72,RUE BAUDOUIN L EDIFIEUR,596060000M0697,Appartement,53,3.527601,50.351755
2023-794502,2023-10-23,Vente en l'état futur d'achèvement,162200,31,RUE ERNEST MACAREZ,596060000C0169,Appartement,34,3.533026,50.372165
2023-794527,2023-11-02,Vente,105536,20,BD CARPEAUX,59606000AS0008,Appartement,49,3.525385,50.352884
2023-794542,2023-11-10,Vente,158000,1,RUE DU VERGER,59606000AH1052,Maison,81,3.492719,50.357531
2023-794544,2023-11-20,Vente en l'état futur d'achèvement,168000,,RUE ERNEST MACAREZ,596060000D0538,Appartement,43,3.532546,50.3689
2023-794560,2023-10-31,Vente,122000,9003,RES ST MICHEL AVE ST ROCH,596060000D0437,Appartement,70,3.534971,50.365706
2023-794565,2023-11-20,Vente,115000,125,AV FAIDHERBE,596060000Y0908,Appartement,55,3.505192,50.355325
2023-794573,2023-11-03,Vente,60000,24,RUE DE BEAUMONT RES BEAUMONT,59606000AS0497,Appartement,38,3.529614,50.356137
2023-794574,2023-11-14,Vente,219900,4,RUE MARTIN BERTEAU,596060000Y0910,Maison,83,3.503634,50.355885
2023-794581,2023-11-08,Vente,168790,8,RUE BAUDOUIN RES MARIN L MESLE,596060000M0490,Appartement,66,3.528375,50.350242
2023-794602,2023-11-24,Vente,100000,90,RTE D AULNOY,596060000T0411,Maison,95,3.529781,50.342529
2023-794623,2023-11-07,Vente,150000,20,RUE DU CAMP ROMAIN,596060000N0016,Maison,87,3.523095,50.350001
2023-794637,2023-11-07,Vente,70700,22,RUE DE VAUQUOIS,59606000AD0046,Maison,73,3.481463,50.358902
2023-794660,2023-11-15,Vente,105000,84,RUE DURIN,596060000M0632,Appartement,48,3.534138,50.349533
2023-794680,2023-11-06,Vente,46000,320,BD HARPIGNIES,59606000AZ0056,Appartement,18,3.524966,50.364608
2023-794684,2023-11-06,Vente,45000,320,BD HARPIGNIES,59606000AZ0056,Appartement,18,3.524966,50.364608
2023-794732,2023-11-08,Vente,120000,9,RUE JEANNE D ARC,59606000AI0393,Maison,59,3.5063,50.363587
2023-794735,2023-11-15,Vente,90000,69,RUE DU MARQUIS RES FLANDRES,596060000H0118,Appartement,47,3.54262,50.364852
2023-794754,2023-11-24,Vente en l'état futur d'achèvement,252000,209,AV DE DENAIN,59606000AB0466,Appartement,80,3.492043,50.35069
2023-794769,2023-11-22,Vente,163400,9003,RES ST MICHEL AVE ST ROCH,596060000D0437,Appartement,81,3.534971,50.365706
2023-794771,2023-11-20,Vente,220000,24,RUE J DESPREZ P CORON MIROUX,59606000AN0019,Maison,45,3.51519,50.369958
2023-794771,2023-11-20,Vente,220000,26,RUE J DESPREZ P CORON MIROUX,59606000AN0020,Maison,40,3.515153,50.36992
2023-794771,2023-11-20,Vente,220000,28,RUE J DESPREZ P CORON MIROUX,59606000AN0021,Maison,40,3.515123,50.369868
2023-794771,2023-11-20,Vente,220000,30,RUE J DESPREZ P CORON MIROUX,59606000AN0022,Maison,60,3.515087,50.369825
2023-794771,2023-11-20,Vente,220000,26,RUE J DESPREZ P CORON MIROUX,59606000AN0179,Maison,34,3.515265,50.369846
2023-794782,2023-10-31,Vente,85000,3,RUE ERNEST HIOLLE RES LAPRADE,596060000I0606,Appartement,31,3.534734,50.358249
2023-794811,2023-11-24,Vente,72000,81,RUE DE LA DIGUE RESID RUBENS,596060000P0304,Appartement,34,3.517633,50.353679
2023-794860,2023-11-10,Vente,33000,11,RUE SALLE LE COMTE,59606000AR0166,Appartement,20,3.528258,50.36249
2023-794862,2023-11-10,Vente,65350,69,RUE DELSAUX,59606000AT0970,Appartement,23,3.524026,50.354458
2023-794866,2023-11-24,Vente,110000,25,AV DENTELLIERE RES CATHERINE,59606000AT0928,Appartement,82,3.520249,50.356086
2023-794903,2023-11-30,Vente en l'état futur d'achèvement,210000,9,RUE CHE DES PLANCHES CHE PRIVE,596060000Q0013,Appartement,61,3.517195,50.351578
2023-794925,2023-11-29,Vente,79900,180,BD HARPIGNIES RES J DUCHESNOI,59606000AZ0145,Appartement,29,3.526685,50.364385
2023-794928,2023-12-01,Vente,160000,2,PL CARPEAUX,59606000AQ1074,Appartement,76,3.516913,50.360318
2023-794948,2023-11-14,Vente,350000,13,RUE JULES DELSART,59606000AM0071,Maison,100,3.512284,50.367125
2023-794962,2023-11-22,Vente,50000,38,RUE JEAN BERNIER,596060000R0064,Maison,60,3.515533,50.349088
2023-794963,2023-11-16,Vente,77000,4,RUE DESIRE GERNEZ,596060000Y0908,Appartement,33,3.505192,50.355325
2023-794973,2023-11-28,Vente,76000,1,RUE ERNEST HIOLLE RES POSIERE,596060000I0607,Appartement,32,3.533988,50.358259
2023-794976,2023-11-29,Vente,180500,9001,BD WATTEAU RES LE CEDRE,596060000K0030,Appartement,76,3.53258,50.357728
2023-794994,2023-11-22,Vente,114550,93,RUE PASTEUR,596060000E0054,Appartement,14,3.533994,50.365036
2023-794994,2023-11-22,Vente,114550,93,RUE PASTEUR,596060000E0054,Appartement,21,3.533994,50.365036
2023-794994,2023-11-22,Vente,114550,93,RUE PASTEUR,596060000E0054,Appartement,12,3.533994,50.365036
2023-794994,2023-11-22,Vente,114550,93,RUE PASTEUR,596060000E0054,Appartement,9,3.533994,50.365036
2023-794999,2023-12-05,Vente,44500,27,RUE ST GERY COUR ST GERY,59606000AV0364,Appartement,26,3.525267,50.359152
2023-795005,2023-11-27,Vente,56000,16,RUE JEAN BERNIER,596060000R0209,Appartement,33,,
2023-795013,2023-12-01,Vente,85570,10,RUE D AUDREGNIES,59606000AT0657,Maison,29,3.522867,50.354209
2023-795030,2023-12-08,Vente,418000,12,AV DU SENATEUR GIRARD,59606000AQ0567,Maison,185,3.517979,50.360811
2023-795035,2023-11-21,Vente,80100,2,RUE DE STRASBOURG,596060000R0060,Maison,57,3.515276,50.349417
2023-795066,2023-11-16,Vente,50770,24,RUE JEAN BONMARCHE,596060000N0198,Appartement,20,3.525905,50.350658
2023-795072,2023-12-06,Vente,207000,19,RUE DE L ABREUVOIR,59606000AK0125,Appartement,49,3.5134,50.353655
2023-795072,2023-12-06,Vente,207000,19,RUE DE L ABREUVOIR,59606000AK0125,Appartement,39,3.5134,50.353655
2023-795072,2023-12-06,Vente,207000,19,RUE DE L ABREUVOIR,59606000AK0125,Appartement,43,3.5134,50.353655
2023-795080,2023-11-30,Vente en l'état futur d'achèvement,172000,209,AV DE DENAIN,59606000AB0466,Appartement,42,3.492043,50.35069
2023-795111,2023-12-05,Vente,184000,6,RUE DE PICARDIE,596060000J0696,Maison,72,3.535275,50.355611
2023-795120,2023-12-01,Vente,50000,32,RUE DES RECOLLETS,59606000AQ0796,Appartement,52,3.520558,50.358478
2023-795146,2023-11-20,Vente,65000,4,RUE DESIRE GERNEZ,596060000Y0908,Appartement,34,3.505192,50.355325
2023-795174,2023-11-20,Vente,142000,18,RUE BLAISE PASCAL,596060000Y0371,Maison,78,3.509042,50.35323
2023-795178,2023-12-07,Vente en l'état futur d'achèvement,194000,9,RUE CHE DES PLANCHES CHE PRIVE,596060000Q0013,Appartement,55,3.517195,50.351578
2023-795182,2023-12-08,Vente en l'état futur d'achèvement,195000,,RUE ERNEST MACAREZ,596060000D0538,Appartement,60,3.532546,50.3689
2023-795185,2023-12-08,Vente,138900,14,RUE DU CLOS DES VILLAS,59606000AK0055,Appartement,40,3.514767,50.355232
2023-795185,2023-12-08,Vente,138900,14,RUE DU CLOS DES VILLAS,59606000AK0055,Appartement,76,3.514767,50.355232
2023-795210,2023-12-14,Vente,262000,4,RUE PAQUET,59606000AM0032,Maison,60,3.511952,50.36745
2023-795210,2023-12-14,Vente,262000,7,IMP DAYEZ RUE GAMBETTA,59606000AN0104,Maison,117,3.515812,50.369087
2023-795217,2023-11-21,Vente,217000,18,AV GEORGES CLEMENCEAU,59606000AU0105,Appartement,90,3.521917,50.359862
2023-795224,2023-11-28,Vente,55000,18,RUE THOLOZE,59606000AQ0644,Appartement,23,3.518603,50.362563
2023-795234,2023-11-20,Vente,111000,43,RUE DU CHEMIN DES PLANCHES,596060000Q0006,Appartement,30,3.517423,50.352392
2023-795234,2023-11-20,Vente,111000,43,RUE DU CHEMIN DES PLANCHES,596060000Q0006,Appartement,22,3.517423,50.352392
2023-795236,2023-11-24,Vente,160000,21,AV DE LA PLAINE,59606000AH1061,Maison,68,3.493038,50.357553
2023-795239,2023-11-29,Vente,171450,31,PL D ARMES,59606000AU0215,Appartement,91,3.522615,50.358051
2023-795244,2023-11-30,Vente,150000,6,RUE ERNEST HIOLLE,596060000K0033,Maison,71,3.534224,50.357794
2023-795252,2023-11-29,Vente,117500,86,RUE BAUDOUIN L EDIFIEUR,596060000M0006,Appartement,43,3.526413,50.35105
2023-795264,2023-12-01,Vente,70000,19,AV DE SAINT-AMAND,59606000AL0685,Appartement,44,3.512436,50.36618
2023-795264,2023-12-01,Vente,70000,19,AV DE SAINT-AMAND,59606000AL0685,Appartement,22,3.512436,50.36618
2023-795372,2023-12-18,Vente,102000,48,RUE EMILE ALGLAVE,59606000AD0338,Maison,54,3.481459,50.358019
2023-795394,2023-12-14,Vente,160000,208,AV DE DENAIN,59606000AB0454,Maison,51,3.491618,50.351154
2023-795394,2023-12-14,Vente,160000,208,AV DE DENAIN,59606000AB0454,Maison,52,3.491618,50.351154
2023-795416,2023-12-12,Vente,200500,,RUE HENRI CAFFIAUX,596060000W0462,Appartement,60,3.513755,50.352113
2023-795420,2023-11-29,Vente,53500,84,RUE BAUDOUIN L EDIFIEUR,596060000M0006,Appartement,28,3.526413,50.35105
2023-795422,2023-11-29,Vente,176500,17,RUE DES ROYES,596060000N0013,Maison,112,3.522983,50.350166
2023-795427,2023-11-30,Vente,243000,2,ALL DES COTEAUX,59606000AY0466,Maison,116,3.501405,50.349428
2023-795454,2023-12-19,Vente,76117.51,48,RUE DE PARIS,59606000AQ0246,Maison,88,3.521139,50.359289
2023-795463,2023-11-30,Vente,68000,32,RUE DELSAUX,59606000AV0399,Appartement,36,3.52434,50.357216
2023-795470,2023-12-02,Vente,70450,23,RUE COMTESSE,59606000AS0036,Maison,55,3.524616,50.353387
2023-795505,2023-12-11,Vente,25000,32,RUE DU FBG DE PARIS,59606000AK0079,Maison,62,3.514662,50.354135
2023-795506,2023-12-20,Vente,156000,81,RUE DE LA DIGUE RESID RUBENS,596060000P0304,Appartement,73,3.517633,50.353679
2023-795511,2023-12-07,Vente,150000,2,RUE ASKIEVRETTE,59606000AT0526,Maison,81,3.524157,50.355551
2023-795515,2023-12-07,Vente,43300,7,RUE DE LA DIGUE ALL FORTIER,596060000P0092,Maison,60,3.519104,50.352698
2023-795527,2023-12-12,Vente,371000,1,AV DUCHESNOIS,596060000D0136,Appartement,71,3.535682,50.365
2023-795527,2023-12-12,Vente,371000,1,AV DUCHESNOIS,596060000D0136,Appartement,15,3.535682,50.365
2023-795527,2023-12-12,Vente,371000,1,AV DUCHESNOIS,596060000D0136,Appartement,82,3.535682,50.365
2023-795527,2023-12-12,Vente,371000,1,AV DUCHESNOIS,596060000D0136,Appartement,15,3.535682,50.365
2023-795527,2023-12-12,Vente,371000,1,AV DUCHESNOIS,596060000D0136,Appartement,28,3.535682,50.365
2023-795527,2023-12-12,Vente,371000,1,AV DUCHESNOIS,596060000D0136,Appartement,17,3.535682,50.365
2023-795527,2023-12-12,Vente,371000,1,AV DUCHESNOIS,596060000D0136,Appartement,15,3.535682,50.365
2023-795527,2023-12-12,Vente,371000,1,AV DUCHESNOIS,596060000D0136,Appartement,14,3.535682,50.365
2023-795527,2023-12-12,Vente,371000,1,AV DUCHESNOIS,596060000D0136,Appartement,14,3.535682,50.365
2023-795527,2023-12-12,Vente,371000,1,AV DUCHESNOIS,596060000D0136,Appartement,15,3.535682,50.365
2023-795527,2023-12-12,Vente,371000,1,AV DUCHESNOIS,596060000D0136,Appartement,28,3.535682,50.365
2023-795527,2023-12-12,Vente,371000,1,AV DUCHESNOIS,596060000D0136,Appartement,18,3.535682,50.365
2023-795527,2023-12-12,Vente,371000,1,AV DUCHESNOIS,596060000D0136,Appartement,14,3.535682,50.365
2023-795551,2023-12-06,Vente,82000,184,AV DE LIEGE RES J. BREL,596060000H0117,Appartement,48,3.541944,50.365267
2023-795553,2023-12-15,Vente,75000,15,RUE D ARTOIS,596060000J0294,Maison,68,3.536204,50.35508
2023-795574,2023-12-15,Vente,150000,40,RUE COLART CRESTE,596060000G0012,Maison,85,3.540046,50.366469
2023-795587,2023-11-24,Vente,140000,8,RUE POTTIER JAN,59606000AO0146,Maison,79,3.518879,50.371042
2023-795588,2023-11-24,Vente,140377,263,AV DESANDROUINS,59606000AE0397,Maison,98,3.486356,50.364519
2023-795608,2023-12-14,Vente,110200,232,BD HARPIGNIES,59606000AZ0144,Appartement,49,3.526504,50.364673
2023-795614,2023-12-18,Vente,130000,89,AV VAUBAN,59606000AL0052,Maison,141,3.509429,50.362434
2023-795657,2023-12-21,Vente,95960,13,AV DU SENATEUR GIRARD,59606000AQ0607,Appartement,65,3.517103,50.361994
2023-795734,2023-12-08,Vente,212000,87,AV FAIDHERBE,596060000Y0025,Maison,119,3.506096,50.355585
2023-795746,2023-12-22,Vente,115000,3,BD EISEN,596060000E0006,Appartement,47,3.530942,50.363142
2023-795767,2023-12-28,Vente,75000,9,RUE DE L ABREUVOIR,59606000AK0130,Maison,36,3.513897,50.353675
2023-795779,2023-12-12,Vente,160000,97,RUE DE FAMARS,59606000AT0599,Maison,88,3.522001,50.354739
2023-795787,2023-11-30,Vente,116000,1,QUAI DES MINES,59606000AP0010,Appartement,25,3.514856,50.366079
2023-795794,2023-12-15,Vente en l'état futur d'achèvement,175000,26,CHE DU HALAGE,59606000AP0243,Appartement,59,3.517353,50.36716
2023-795795,2023-12-14,Vente,114000,12,RUE D ANJOU,596060000S0422,Maison,90,3.532586,50.346373
2023-795796,2023-12-15,Vente,60000,60,RUE DE PARIS,59606000AQ0240,Appartement,29,3.52028,50.359463
2023-795796,2023-12-15,Vente,60000,60,RUE DE PARIS,59606000AQ0240,Appartement,26,3.52028,50.359463
2023-795799,2023-12-28,Vente,165000,10,RUE ELEUTHERE MASCART,596060000Y0400,Maison,86,3.505012,50.353384
2023-795807,2023-12-21,Vente,366000,15,RUE JEAN BONMARCHE,596060000M0006,Appartement,138,3.526413,50.35105
2023-795812,2023-12-18,Vente en l'état futur d'achèvement,176500,31,RUE ERNEST MACAREZ,596060000C0169,Appartement,41,3.533026,50.372165
2023-795814,2023-12-20,Vente en l'état futur d'achèvement,210000,31,RUE ERNEST MACAREZ,596060000C0169,Appartement,66,3.533026,50.372165
2023-795817,2023-12-21,Vente,210000,157,CLOS BLAGNY LE VIGNOBLE,59606000AY0195,Maison,91,3.49829,50.350317
2023-795934,2023-12-22,Vente,203400,21,RUE DES FLORALIES,596060000I0468,Appartement,80,3.532695,50.360161
2023-795946,2023-12-22,Vente,291500,125,RUE DE LILLE,59606000AQ0335,Appartement,39,3.52176,50.361724
2023-795946,2023-12-22,Vente,291500,125,RUE DE LILLE,59606000AQ0335,Appartement,39,3.52176,50.361724
2023-795946,2023-12-22,Vente,291500,125,RUE DE LILLE,59606000AQ0335,Appartement,21,3.52176,50.361724
2023-795946,2023-12-22,Vente,291500,125,RUE DE LILLE,59606000AQ0335,Appartement,16,3.52176,50.361724
2023-795951,2023-12-22,Vente,93000,3,AV SENAC DE MEILHAN,596060000E0129,Maison,86,3.535616,50.363981
2023-795959,2023-12-21,Vente,186940,38,RUE VEDRINES,596060000S0164,Maison,85,3.527166,50.346286
2023-795972,2023-12-29,Vente,121500,,RUE HENRI CAFFIAUX,596060000W0462,Appartement,25,3.513755,50.352113
2023-795990,2023-12-12,Vente,57500,18,RUE THOLOZE,59606000AQ0644,Appartement,27,3.518603,50.362563
2023-795998,2023-12-19,Vente,145000,4,RUE DE STRASBOURG,596060000R0103,Maison,75,3.515399,50.349336
2023-796009,2023-12-18,Vente,181000,9001,BD WATTEAU RES LE CEDRE,596060000K0030,Appartement,80,3.53258,50.357728
2023-796014,2023-12-28,Vente,82000,105,AV DAMPIERRE,59606000AI0497,Maison,103,3.508145,50.363416
2023-796016,2023-12-14,Vente,180000,107,RUE DE FAMARS,59606000AT0605,Maison,72,3.522234,50.354541
2023-796033,2023-12-28,Vente,49600,14,RUE DE FAMARS,59606000AT0922,Appartement,20,3.521847,50.356587
2023-796046,2023-12-27,Vente,145000,24,RUE JEAN MERMOZ,596060000T0385,Maison,80,3.527907,50.34178
2023-796049,2023-12-28,Vente,130500,84,RUE DURIN,596060000M0632,Appartement,69,3.534138,50.349533
2023-796085,2023-12-18,Vente,117600,15,RUE DU CHEMIN DES PLANCHES,596060000Q0045,Maison,140,3.518989,50.352006
2023-796090,2023-12-28,Vente,115000,13,RUE D ANJOU,596060000S0353,Maison,68,3.532949,50.346181
2023-796098,2023-12-19,Vente,107000,125,AV FAIDHERBE,596060000Y0908,Appartement,46,3.505192,50.355325
2023-796099,2023-12-19,Vente,164000,46,PL D ARMES,59606000AV0325,Appartement,137,3.524399,50.358677
2023-796147,2023-12-27,Vente en l'état futur d'achèvement,200000,31,RUE ERNEST MACAREZ,596060000C0169,Appartement,61,3.533026,50.372165
2023-796154,2023-12-29,Vente en l'état futur d'achèvement,159000,31,RUE ERNEST MACAREZ,596060000C0169,Appartement,34,3.533026,50.372165
2023-796155,2023-12-26,Vente en l'état futur d'achèvement,170200,31,RUE ERNEST MACAREZ,596060000C0169,Appartement,50,3.533026,50.372165
2023-796156,2023-12-27,Vente en l'état futur d'achèvement,215000,31,RUE ERNEST MACAREZ,596060000C0169,Appartement,66,3.533026,50.372165
2023-796201,2023-12-22,Vente,87000,22,RUE D ALSACE,596060000W0181,Maison,77,3.514855,50.352083
2023-796219,2023-12-26,Vente,250137,147,AV DE LIEGE,596060000F0184,Appartement,85,3.538775,50.365238
2023-796222,2023-12-26,Vente,163000,318,AV DAMPIERRE,59606000AJ0014,Appartement,75,3.505188,50.357438
2023-796222,2023-12-26,Vente,163000,318,AV DAMPIERRE,59606000AJ0014,Appartement,59,3.505188,50.357438
2023-796224,2023-12-26,Vente,127000,4,RUE DES DAHLIAS,59606000AH0756,Maison,67,3.49196,50.357609
2023-796228,2023-12-27,Vente,110000,25,RUE DE HESQUES,59606000AW0175,Appartement,94,3.527258,50.356698
2023-796235,2023-12-26,Vente,78000,21,RUE DES FLORALIES,596060000I0468,Appartement,98,3.532695,50.360161
2023-796235,2023-12-26,Vente,78000,21,RUE DES FLORALIES,596060000I0468,Appartement,60,3.532695,50.360161
2023-796242,2023-12-28,Vente,133000,1,AV TOURELLE CHEM PARTICULIER,596060000R0425,Maison,65,3.521476,50.348281
2023-796251,2023-12-28,Vente en l'état futur d'achèvement,146000,9,RUE CHE DES PLANCHES CHE PRIVE,596060000Q0013,Appartement,38,3.517195,50.351578
2023-796258,2023-12-26,Vente en l'état futur d'achèvement,161000,9,RUE CHE DES PLANCHES CHE PRIVE,596060000Q0013,Appartement,39,3.517195,50.351578
2023-796259,2023-12-28,Vente en l'état futur d'achèvement,160000,9,RUE CHE DES PLANCHES CHE PRIVE,596060000Q0013,Appartement,38,3.517195,50.351578
2023-796261,2023-12-27,Vente en l'état futur d'achèvement,192000,9,RUE CHE DES PLANCHES CHE PRIVE,596060000Q0013,Appartement,48,3.517195,50.351578
2023-796262,2023-12-26,Vente en l'état futur d'achèvement,165000,9,RUE CHE DES PLANCHES CHE PRIVE,596060000Q0013,Appartement,48,3.517195,50.351578
2023-796263,2023-12-27,Vente en l'état futur d'achèvement,162000,9,RUE CHE DES PLANCHES CHE PRIVE,596060000Q0013,Appartement,38,3.517195,50.351578
2023-796264,2023-12-28,Vente en l'état futur d'achèvement,174000,9,RUE CHE DES PLANCHES CHE PRIVE,596060000Q0013,Appartement,43,3.517195,50.351578
2023-796313,2023-12-28,Vente,300000,152,RUE DU QUESNOY,59606000AS0152,Maison,116,3.529022,50.354208
2023-796319,2023-12-29,Vente,235000,16,RUE LA NOUVELLE HOLLANDE,59606000AV0285,Appartement,60,3.525153,50.357391
2023-796319,2023-12-29,Vente,235000,16,RUE LA NOUVELLE HOLLANDE,59606000AV0285,Appartement,32,3.525153,50.357391
2023-796323,2023-12-27,Vente,220000,49,RUE CHARLES TAUCHON,59606000AH0418,Maison,120,3.495576,50.359092
2023-796325,2023-12-28,Vente en l'état futur d'achèvement,199500,26,CHE DU HALAGE,59606000AP0243,Appartement,65,3.517353,50.36716
2023-796355,2023-12-28,Vente en l'état futur d'achèvement,179000,,AV DE LIEGE,596060000G0041,Appartement,42,3.543232,50.367488
2023-796359,2023-12-29,Vente,223000,106,AV DE LIEGE,596060000I0094,Maison,145,3.537246,50.363903
2023-796379,2023-10-11,Vente,157500,81,RUE DE LA DIGUE RESID RUBENS,596060000P0304,Appartement,72,3.517633,50.353679
2023-796410,2023-03-02,Adjudication,91000,49,RUE PASTEUR,596060000E0029,Maison,176,3.533059,50.364329
2022-970398,2022-01-14,Vente,80000,3,PL CHARLES DE GAULLE,59606000AU0247,Appartement,97,3.524376,50.359678
2022-970420,2022-01-17,Vente,150000,20,RUE CHARLES QUINT,596060000J0026,Appartement,32,3.533219,50.353942
2022-970420,2022-01-17,Vente,150000,20,RUE CHARLES QUINT,596060000J0026,Appartement,60,3.533219,50.353942
2022-970421,2022-01-14,Vente,255000,44,RUE DESPINOY,59606000AJ0424,Maison,135,3.50755,50.357076
2022-970422,2022-01-11,Vente,156970,5,PL DU NEUF BOURG,59606000AT0050,Appartement,30,3.518788,50.357775
2022-970422,2022-01-11,Vente,156970,5,PL DU NEUF BOURG,59606000AT0050,Appartement,30,3.518788,50.357775
2022-970424,2022-01-11,Vente,98000,84,RUE DURIN,596060000M0632,Appartement,47,3.534138,50.349533
2022-970427,2022-01-13,Vente,120000,81,RUE DE LA DIGUE RESID RUBENS,596060000P0304,Appartement,58,3.517633,50.353679
2022-970429,2022-01-14,Vente,88050,3,RUE CORNEILLE THEUNISSEN,596060000J0775,Appartement,50,3.53978,50.359202
2022-970446,2022-01-11,Vente,371000,3,RUE DE BOURGOGNE,596060000J0726,Maison,166,3.537331,50.356802
2022-970447,2022-01-12,Vente,185000,21,RUE THIERS,596060000Z0218,Maison,68,3.500632,50.356863
2022-970448,2022-01-20,Vente,142800,3,CHE DES BOURGEOIS,596060000S0021,Maison,80,3.523576,50.348239
2022-970450,2022-01-11,Vente,115000,9,RUE E HIOLLE RES FORT MINIQUE,596060000I0610,Appartement,54,3.53609,50.358191
2022-970453,2022-01-14,Vente,267000,147,AV DE LIEGE,596060000F0184,Appartement,85,3.538775,50.365238
2022-970458,2022-01-07,Vente,215000,22,RUE MILHOMME,596060000L0082,Maison,95,3.531812,50.354779
2022-970460,2022-01-13,Vente,74000,49,RUE THIERS,596060000Z0922,Appartement,33,3.498818,50.357294
2022-970471,2022-01-14,Vente,70000,23,RUE DE LA POTERNE,59606000AR0739,Appartement,28,3.530135,50.361352
2022-970472,2022-01-10,Vente,400700,2,RUE PASTEUR,596060000E0330,Appartement,29,3.53141,50.362422
2022-970472,2022-01-10,Vente,400700,2,RUE PASTEUR,596060000E0330,Appartement,11,3.53141,50.362422
2022-970472,2022-01-10,Vente,400700,2,RUE PASTEUR,596060000E0330,Appartement,12,3.53141,50.362422
2022-970472,2022-01-10,Vente,400700,2,RUE PASTEUR,596060000E0330,Appartement,13,3.53141,50.362422
2022-970472,2022-01-10,Vente,400700,2,RUE PASTEUR,596060000E0330,Appartement,17,3.53141,50.362422
2022-970472,2022-01-10,Vente,400700,2,RUE PASTEUR,596060000E0330,Maison,135,3.53141,50.362422
2022-970504,2022-01-14,Vente,94000,137,RUE HENRY DERYCKE LES TERTIALE,59606000AZ0144,Appartement,49,3.526504,50.364673
2022-970512,2022-01-19,Vente,65000,10,RUE DU GENERAL CHERE,59606000AO0196,Maison,59,3.519566,50.370798
2022-970516,2022-01-19,Vente,105000,21,RUE PECLET,59606000AO0131,Maison,96,3.51972,50.371433
2022-970520,2022-01-26,Vente,231250,2,VC RES SALY RUE SIMON LEBOUCQ,59606000AT0910,Appartement,104,3.518612,50.355883
2022-970524,2022-01-19,Vente,200000,176,AV DE DENAIN,596060000Z0895,Appartement,14,3.496937,50.353628
2022-970524,2022-01-19,Vente,200000,176,AV DE DENAIN,596060000Z0895,Appartement,12,3.496937,50.353628
2022-970524,2022-01-19,Vente,200000,176,AV DE DENAIN,596060000Z0895,Appartement,25,3.496937,50.353628
2022-970524,2022-01-19,Vente,200000,176,AV DE DENAIN,596060000Z0895,Appartement,24,3.496937,50.353628
2022-970524,2022-01-19,Vente,200000,176,AV DE DENAIN,596060000Z0895,Appartement,20,3.496937,50.353628
2022-970524,2022-01-19,Vente,200000,176,AV DE DENAIN,596060000Z0895,Appartement,20,3.496937,50.353628
2022-970535,2022-01-25,Vente,272500,55,RUE DES GLACIS,596060000I0257,Maison,100,3.53769,50.359522
2022-970549,2022-01-28,Vente,101000,2,RUE DE SOLIDARITE RES NEUILLY,59606000AG0519,Appartement,66,3.497184,50.363719
2022-970552,2022-01-18,Vente,139000,84,RUE DURIN,596060000M0632,Appartement,65,3.534138,50.349533
2022-970559,2022-01-13,Vente en l'état futur d'achèvement,164000,,AV DE LIEGE,596060000G0041,Appartement,44,3.543232,50.367488
2022-970561,2022-01-06,Vente en l'état futur d'achèvement,196000,,AV DE LIEGE,596060000G0041,Appartement,61,3.543232,50.367488
2022-970571,2022-01-12,Vente,230000,39,RUE DE L ABBE DELBECQUE,59606000AJ0363,Maison,113,3.510459,50.359098
2022-970572,2022-01-11,Vente,169500,22,RUE MALPLAQUET,596060000Y0286,Maison,76,3.507876,50.353103
2022-970575,2022-01-27,Vente,78000,32,RUE JEAN BERNIER,596060000R0757,Appartement,74,3.515417,50.3488
2022-970577,2022-01-11,Vente,238000,159,AV DE LIEGE,596060000F0084,Maison,125,3.539309,50.365278
2022-970577,2022-01-11,Vente,238000,159,AV DE LIEGE,596060000F0084,Maison,125,3.539309,50.365278
2022-970580,2022-01-18,Vente,80000,125,AV FAIDHERBE,596060000Y0908,Appartement,48,3.505192,50.355325
2022-970582,2022-01-20,Vente,134050,21,RUE VIEILLE POISSONNERIE,59606000AU0215,Appartement,76,3.522615,50.358051
2022-970585,2022-01-10,Vente,74000,6,RUE FERNIG,59606000AL0132,Maison,75,3.51041,50.365324
2022-970601,2022-01-21,Vente en l'état futur d'achèvement,190100,,RUE DE LA DELIVRANCE,59606000AJ0884,Appartement,59,3.510019,50.354922
2022-970602,2022-01-17,Vente en l'état futur d'achèvement,154600,,RUE DE LA DELIVRANCE,59606000AJ0884,Appartement,41,3.510019,50.354922
2022-970609,2022-01-19,Vente,80000,10,RES VAL CLAIR R S LEBOUCQ,59606000AT0801,Appartement,60,3.518261,50.356154
2022-970617,2022-01-19,Vente,220000,68,RLE SAINT ROCH,596060000B0476,Maison,95,3.534963,50.37047
2022-970633,2022-01-19,Vente,190000,33,RUE MILHOMME,596060000K0166,Appartement,76,3.531765,50.355778
2022-970639,2022-01-28,Vente,179000,,RUE DE LILLE,59606000AR1090,Appartement,191,3.523716,50.36181
2022-970644,2022-02-02,Vente,57498,99,RUE DE PARIS,59606000AQ0079,Appartement,24,3.519423,50.358234
2022-970656,2022-01-17,Vente en l'état futur d'achèvement,198000,,AV DE LIEGE,596060000G0041,Appartement,61,3.543232,50.367488
2022-970657,2022-01-26,Vente en l'état futur d'achèvement,184000,,AV DE LIEGE,596060000G0041,Appartement,59,3.543232,50.367488
2022-970658,2022-01-07,Vente en l'état futur d'achèvement,148000,,AV DE LIEGE,596060000G0041,Appartement,38,3.543232,50.367488
2022-970660,2022-02-04,Vente,159000,16,AV DES ORMES,596060000S0555,Maison,72,3.52359,50.347023
2022-970664,2022-01-25,Vente,202000,4,IMP DAYEZ RUE GAMBETTA,59606000AN0125,Appartement,35,3.515517,50.368969
2022-970664,2022-01-25,Vente,202000,4,IMP DAYEZ RUE GAMBETTA,59606000AN0125,Appartement,54,3.515517,50.368969
2022-970664,2022-01-25,Vente,202000,4,IMP DAYEZ RUE GAMBETTA,59606000AN0125,Appartement,40,3.515517,50.368969
2022-970674,2022-01-17,Vente,123000,5,RUE CAHAUT,59606000AK0043,Maison,69,3.515784,50.35535
2022-970675,2022-01-14,Vente,65000,54,AV DU FBG DE CAMBRAI,596060000V0288,Maison,62,3.511765,50.344192
2022-970680,2022-01-27,Vente,120000,23,RUE ROUGEVILLE RES SAINT ROCH,596060000D0463,Appartement,63,3.533286,50.369406
2022-970689,2022-01-21,Vente,444000,15,BD WATTEAU,596060000K0135,Maison,210,3.532253,50.35687
2022-970693,2022-01-24,Vente,119000,22,RUE HONHON,59606000AR0060,Maison,68,3.522761,50.362404
2022-970695,2022-01-25,Vente,103000,42,RUE CASIMIR PERIER,596060000Z0321,Maison,88,3.496337,50.356576
2022-970696,2022-01-25,Vente,125000,60,CHE DE PROUVY,596060000Z0504,Appartement,70,3.498256,50.35247
2022-970699,2022-01-27,Vente,252900,49,RUE RENE GEORGES,596060000R0457,Maison,82,3.522033,50.349004
2022-970702,2022-01-26,Vente,64800,43,RUE BAUDOUIN L EDIFIEUR,596060000M0026,Appartement,34,3.529808,50.351798
2022-970710,2022-02-04,Vente en l'état futur d'achèvement,219900,,RUE DE LA DELIVRANCE,59606000AJ0884,Appartement,72,3.510019,50.354922
2022-970714,2022-02-04,Vente,45400,14,RUE JEAN BERNIER,596060000R0209,Appartement,19,,
2022-970743,2022-01-24,Vente,115000,72,RUE BAUDOUIN L EDIFIEUR,596060000M0697,Appartement,47,3.527601,50.351755
2022-970748,2022-02-02,Vente,146920,5,AV DU MARECHAL FOCH,59606000AQ0823,Appartement,76,3.519395,50.362665
2022-970750,2022-02-01,Vente en l'état futur d'achèvement,193500,,RUE ERNEST MACAREZ,596060000D0538,Appartement,61,3.532546,50.3689
2022-970769,2022-02-08,Vente,46400,14,RUE JEAN BERNIER,596060000R0209,Appartement,19,,
2022-970770,2022-02-07,Vente,80000,23,RUE DE LA DELIVRANCE,59606000AJ0841,Appartement,41,3.510053,50.354774
2022-970783,2022-02-08,Vente,425000,15,RUE DE L ABREUVOIR,59606000AK0127,Maison,92,3.513557,50.35365
2022-970783,2022-02-08,Vente,425000,31,AV DU SENATEUR GIRARD,59606000AQ0608,Appartement,99,3.517108,50.362135
2022-970786,2022-01-28,Vente,82000,41,RUE JEAN BAPTISTE COROT,59606000AC0390,Maison,78,3.485973,50.354527
2022-970788,2022-01-26,Vente,132500,28,AV DAMPIERRE,59606000AL0159,Maison,94,3.510477,50.365854
2022-970789,2022-01-31,Vente,250000,21,RUE DES FLORALIES,596060000I0468,Appartement,80,3.532695,50.360161
2022-970789,2022-01-31,Vente,250000,21,RUE DES FLORALIES,596060000I0468,Appartement,98,3.532695,50.360161
2022-970789,2022-01-31,Vente,250000,21,RUE DES FLORALIES,596060000I0468,Appartement,60,3.532695,50.360161
2022-970789,2022-01-31,Vente,250000,21,RUE DES FLORALIES,596060000I0468,Appartement,98,3.532695,50.360161
2022-970791,2022-02-07,Vente,322000,128,RUE DU QUESNOY,59606000AS0197,Maison,200,3.527866,50.354901
2022-970794,2022-02-01,Vente,67000,184,AV DE LIEGE RES J. BREL,596060000H0117,Appartement,37,3.541944,50.365267
2022-970804,2022-01-28,Vente,188000,12,RUE DU MAROC,596060000Z0051,Maison,99,3.492535,50.354608
2022-970812,2022-02-03,Vente,174000,41,RUE ELEUTHERE MASCART,596060000Y0276,Maison,101,3.506896,50.353386
2022-970817,2022-02-04,Vente,85000,69,RUE DU MARQUIS RES FLANDRES,596060000H0118,Appartement,49,3.54262,50.364852
2022-970820,2022-01-28,Vente,170000,17,CLOS DES BLEUETS,59606000AC0206,Maison,102,3.487812,50.358442
2022-970825,2022-02-01,Vente,98800,5,VC ST GERY IMP D EN BAS L EAU,59606000AR0174,Appartement,34,3.526815,50.361218
2022-970825,2022-02-01,Vente,98800,5,VC ST GERY IMP D EN BAS L EAU,59606000AR0174,Appartement,51,3.526815,50.361218
2022-970832,2022-02-03,Vente,105000,27,RUE PECLET,59606000AO0128,Maison,104,3.519543,50.371497
2022-970835,2022-01-27,Vente,63920,107,RUE DU QUESNOY,59606000AS0466,Appartement,29,3.527769,50.355746
2022-970839,2022-01-21,Vente en l'état futur d'achèvement,196089,,RUE ERNEST MACAREZ,596060000D0538,Appartement,66,3.532546,50.3689
2022-970845,2022-01-20,Vente,155000,147,RUE DU CHAUFFOUR,59606000AO0201,Maison,135,3.519689,50.370636
2022-970864,2022-01-20,Vente,80000,121,AV DE DENAIN,596060000Z0501,Maison,93,3.497217,50.353131
2022-970880,2022-02-09,Vente,77400,14,RUE DE FAMARS,59606000AT0922,Appartement,12,3.521847,50.356587
2022-970886,2022-01-25,Vente,46904.21,20,LE CLOS SAINT ROCH,596060000B0511,Maison,126,3.53835,50.368816
2022-970887,2022-01-25,Vente,239600,20,LE CLOS SAINT ROCH,596060000B0511,Maison,126,3.53835,50.368816
2022-970895,2022-02-09,Vente,113840,6,RUE CORNEILLE THEUNISSEN,596060000J0775,Appartement,62,3.53978,50.359202
2022-970897,2022-02-11,Vente,254972,27,RUE DES RECOLLETS,59606000AU0350,Appartement,70,3.520531,50.358112
2022-970903,2022-01-31,Vente en l'état futur d'achèvement,166500,,RUE ERNEST MACAREZ,596060000D0538,Appartement,49,3.532546,50.3689
2022-970904,2022-02-04,Vente,235000,6,RUE CONSTANT MOYAUX,59606000AI0836,Appartement,55,3.507917,50.363822
2022-970904,2022-02-04,Vente,235000,6,RUE CONSTANT MOYAUX,59606000AI0836,Appartement,55,3.507917,50.363822
2022-970904,2022-02-04,Vente,235000,6,RUE CONSTANT MOYAUX,59606000AI0836,Appartement,55,3.507917,50.363822
2022-970904,2022-02-04,Vente,235000,6,RUE CONSTANT MOYAUX,59606000AI0836,Appartement,55,3.507917,50.363822
2022-970914,2022-02-04,Vente en l'état futur d'achèvement,204000,,AV DE LIEGE,596060000G0041,Appartement,70,3.543232,50.367488
2022-970915,2022-01-31,Vente en l'état futur d'achèvement,190000,,AV DE LIEGE,596060000G0041,Appartement,59,3.543232,50.367488
2022-970916,2022-02-17,Vente en l'état futur d'achèvement,146000,,AV DE LIEGE,596060000G0041,Appartement,38,3.543232,50.367488
2022-970917,2022-02-15,Vente en l'état futur d'achèvement,170000,,AV DE LIEGE,596060000G0041,Appartement,42,3.543232,50.367488
2022-970919,2022-02-15,Vente,197500,19,RUE DORUS GRAS,596060000N0166,Maison,127,3.522492,50.350791
2022-970941,2022-02-17,Vente en l'état futur d'achèvement,188500,,RUE DE LA DELIVRANCE,59606000AJ0884,Appartement,60,3.510019,50.354922
2022-970942,2022-01-31,Vente en l'état futur d'achèvement,148100,11,RUE HENRI CAFFIAUX,596060000W0458,Appartement,47,3.514247,50.352684
2022-970944,2022-02-18,Vente,190000,43,RUE DU ROLEUR,596060000I0477,Maison,112,3.538215,50.363413
2022-970946,2022-01-28,Vente,150000,51,RUE PEGOUD,596060000S0333,Maison,90,3.528758,50.345013
2022-970947,2022-02-18,Vente,91450,9001,BD WATTEAU RES LE CEDRE,596060000K0030,Appartement,48,3.53258,50.357728
2022-970964,2022-02-23,Vente,240000,14,RUE LA NOUVELLE HOLLANDE,59606000AV0284,Appartement,34,3.525124,50.357352
2022-970964,2022-02-23,Vente,240000,14,RUE LA NOUVELLE HOLLANDE,59606000AV0284,Appartement,34,3.525124,50.357352
2022-970964,2022-02-23,Vente,240000,14,RUE LA NOUVELLE HOLLANDE,59606000AV0284,Appartement,34,3.525124,50.357352
2022-970986,2022-02-10,Vente,277470,14,ALL DES COTEAUX,59606000AY0492,Maison,106,3.5003,50.348885
2022-971002,2022-02-18,Vente,225000,53,PL D ARMES,59606000AU0215,Appartement,73,3.522615,50.358051
2022-971005,2022-02-10,Vente,70000,10,PL JEHAN FROISSART,59606000AV0310,Appartement,57,3.526908,50.359437
2022-971013,2022-02-07,Vente,110000,26,AV DE CONDE,59606000AM0038,Maison,78,3.511633,50.367573
2022-971016,2022-02-28,Vente,110000,38,RUE DELSAUX,59606000AV0057,Appartement,20,3.525027,50.356058
2022-971016,2022-02-28,Vente,110000,38,RUE DELSAUX,59606000AV0057,Appartement,11,3.525027,50.356058
2022-971016,2022-02-28,Vente,110000,38,RUE DELSAUX,59606000AV0057,Appartement,8,3.525027,50.356058
2022-971022,2022-02-11,Vente,50000,46,RUE SAUDEUR,59606000AL0142,Maison,86,3.510904,50.365155
2022-971023,2022-01-31,Vente,340000,9001,RES VAUBAN PCE W CHURCHILL,59606000AJ0764,Appartement,180,3.512026,50.359565
2022-971031,2022-02-17,Vente,80000,3,RES CAPRON AVE DENTELLIERE,59606000AT0926,Appartement,63,3.521636,50.356727
2022-971037,2022-02-01,Vente,92000,78,AV DU FBG DE CAMBRAI,596060000V0077,Maison,100,3.510659,50.343083
2022-971038,2022-02-01,Vente,83300,36,RUE J PERDRIX RES ARC EN CIEL,596060000J0619,Appartement,35,3.535788,50.353551
2022-971039,2022-02-03,Vente,75130,119,RUE SAINT GERY,59606000AR0788,Appartement,32,3.526685,50.36104
2022-971050,2022-02-16,Vente,105000,14,BD SALY,59606000AT0819,Appartement,73,3.521366,50.353997
2022-971054,2022-02-17,Vente en l'état futur d'achèvement,170000,,AV DE LIEGE,596060000G0041,Appartement,42,3.543232,50.367488
2022-971069,2022-02-03,Vente,170000,8,RUE ROLAND GARROS,596060000T1184,Maison,102,3.526595,50.344882
2022-971072,2022-02-22,Vente,149500,1,RUE MAUGRETOUX,59606000AD0456,Maison,83,3.478266,50.360264
2022-971085,2022-01-31,Vente,47460,16,RUE JEAN BERNIER,596060000R0209,Appartement,20,,
2022-971091,2022-02-23,Vente en l'état futur d'achèvement,146000,,AV DE LIEGE,596060000G0041,Appartement,42,3.543232,50.367488
2022-971119,2022-02-24,Vente en l'état futur d'achèvement,275000,133,AV DE LIEGE,596060000F0144,Appartement,70,3.537988,50.3648
2022-971121,2022-02-21,Vente,50000,18,RUE DU GENERAL CHERE,59606000AO0173,Maison,58,3.519816,50.371043
2022-971132,2022-03-01,Vente,606400,6,RUE DE L HOPITAL DE SIEGE,596060000P0305,Maison,374,3.521234,50.352608
2022-971135,2022-02-23,Vente,249088,34,RUE DU FBG DE PARIS,59606000AK0334,Appartement,14,3.51458,50.354171
2022-971135,2022-02-23,Vente,249088,34,RUE DU FBG DE PARIS,59606000AK0334,Appartement,28,3.51458,50.354171
2022-971135,2022-02-23,Vente,249088,34,RUE DU FBG DE PARIS,59606000AK0334,Appartement,16,3.51458,50.354171
2022-971135,2022-02-23,Vente,249088,34,RUE DU FBG DE PARIS,59606000AK0334,Appartement,11,3.51458,50.354171
2022-971135,2022-02-23,Vente,249088,34,RUE DU FBG DE PARIS,59606000AK0334,Appartement,12,3.51458,50.354171
2022-971135,2022-02-23,Vente,249088,34,RUE DU FBG DE PARIS,59606000AK0334,Appartement,14,3.51458,50.354171
2022-971135,2022-02-23,Vente,249088,34,RUE DU FBG DE PARIS,59606000AK0334,Appartement,23,3.51458,50.354171
2022-971138,2022-02-14,Vente,55000,12,CHE DES BOURGEOIS,596060000R0396,Maison,58,3.522761,50.34803
2022-971147,2022-01-29,Vente,95810,22,BD CARPEAUX,59606000AS0008,Appartement,45,3.525385,50.352884
2022-971150,2022-02-22,Vente,80000,10,RUE FBG DE CAMBRAI IMP CORBEAU,596060000R0229,Maison,64,3.514989,50.346761
2022-971154,2022-02-07,Vente,47000,320,BD HARPIGNIES,59606000AZ0056,Appartement,18,3.524966,50.364608
2022-971161,2022-02-10,Vente,124400,53,RUE PASTEUR,596060000E0031,Maison,89,3.533125,50.364412
2022-971164,2022-02-08,Vente,46700,320,BD HARPIGNIES,59606000AZ0056,Appartement,18,3.524966,50.364608
2022-971174,2022-02-21,Vente,95000,4,RUE SAUDEUR,59606000AL0204,Maison,65,3.511544,50.366259
2022-971181,2022-02-28,Vente,53000,14,RUE DE FAMARS,59606000AT0922,Appartement,16,3.521847,50.356587
2022-971182,2022-02-14,Vente,219000,25,RUE DE L ABREUVOIR,59606000AK0118,Maison,113,3.513156,50.353616
2022-971183,2022-02-18,Vente,102900,36,RUE J PERDRIX RES ARC EN CIEL,596060000J0619,Appartement,49,3.535788,50.353551
2022-971184,2022-02-15,Vente,80000,18,CRS DU LION D'OR,59606000AR0085,Maison,64,3.522551,50.362004
2022-971191,2022-02-25,Vente,133500,29,RUE DU GENERAL CHERE,59606000AO0136,Maison,86,3.519599,50.371296
2022-971196,2022-02-23,Vente,108000,9001,RUE HENRY DERYCKE LES TERTIALE,59606000AZ0146,Appartement,48,3.525584,50.365344
2022-971204,2022-02-16,Vente,50000,56,RUE DE PARIS,59606000AQ1035,Appartement,28,3.520392,50.359593
2022-971208,2022-03-02,Vente,212000,34,RUE MILHOMME,596060000K0076,Maison,128,3.532241,50.355396
2022-971210,2022-02-18,Vente,174000,8,AV SENAC DE MEILHAN,596060000F0007,Maison,117,3.536131,50.364426
2022-971218,2022-02-21,Vente,58500,15,RUE JEAN BONMARCHE,596060000M0006,Appartement,21,3.526413,50.35105
2022-971220,2022-02-22,Vente,75000,31,RUE DERRIERE LES MURS DE BAVAY,59606000AU0140,Maison,80,3.521728,50.360376
2022-971226,2022-02-28,Vente en l'état futur d'achèvement,162000,,AV DE LIEGE,596060000G0041,Appartement,44,3.543232,50.367488
2022-971230,2022-02-25,Vente en l'état futur d'achèvement,177175,11,RUE HENRI CAFFIAUX,596060000W0458,Appartement,68,3.514247,50.352684
2022-971232,2022-02-16,Vente en l'état futur d'achèvement,187900,11,RUE HENRI CAFFIAUX,596060000W0458,Appartement,68,3.514247,50.352684
2022-971246,2022-03-08,Vente,180000,5,RUE EMMANUEL REY,59606000AL0539,Maison,89,3.513203,50.365482
2022-971258,2022-03-09,Vente,150000,25,AV DENTELLIERE RES CATHERINE,59606000AT0928,Appartement,115,3.520249,50.356086
2022-971259,2022-03-10,Vente,82000,14,RUE DES FLORALIES,596060000I0463,Appartement,45,3.533509,50.360055
2022-971288,2022-02-14,Vente,55800,3,RUE DES VIVIERS,59606000AT1053,Appartement,20,3.521457,50.356101
2022-971299,2022-02-23,Vente,45000,1,RUE POTTIER JAN,59606000AO0090,Maison,48,3.518303,50.370957
2022-971302,2022-02-21,Vente,132000,4,AV DE LA TOURELLE,596060000R0433,Maison,95,3.521339,50.348475
2022-971305,2022-02-18,Vente,189150,16,RUE DES FOUGERES,59606000AE0527,Maison,80,3.481312,50.360603
2022-971330,2022-03-11,Vente,281310,22,RUE ASKIEVRE,59606000AT0529,Maison,94,3.524002,50.355746
2022-971335,2022-03-10,Vente,210000,3,RUE ELEUTHERE MASCART,596060000Y0249,Maison,110,3.505444,50.35371
2022-971360,2022-03-14,Vente en l'état futur d'achèvement,159000,133,AV DE LIEGE,596060000F0144,Appartement,47,3.537988,50.3648
2022-971369,2022-03-17,Vente,185000,2,RUE DES GODETS,59606000AQ0170,Appartement,41,3.518823,50.358887
2022-971369,2022-03-17,Vente,185000,2,RUE DES GODETS,59606000AQ0170,Appartement,32,3.518823,50.358887
2022-971369,2022-03-17,Vente,185000,2,RUE DES GODETS,59606000AQ0170,Appartement,37,3.518823,50.358887
2022-971372,2022-02-25,Vente,47364.66,2,LE CLOS SAINT ROCH,596060000B0515,Maison,126,3.537464,50.369505
2022-971373,2022-03-16,Vente,43000,320,BD HARPIGNIES,59606000AZ0056,Appartement,18,3.524966,50.364608
2022-971380,2022-03-16,Vente en l'état futur d'achèvement,143300,,RUE DE LA DELIVRANCE,59606000AJ0884,Appartement,38,3.510019,50.354922
2022-971386,2022-03-16,Vente,155000,36,PL D ARMES,59606000AV0129,Appartement,84,3.524126,50.358244
2022-971388,2022-02-23,Vente,92000,20,RUE DU MUGUET,59606000AH0732,Maison,81,3.491022,50.358019
2022-971392,2022-03-18,Vente,121600,6,RUE JACQUES PERDRIX,596060000J0041,Appartement,45,3.534078,50.35408
2022-971400,2022-02-28,Vente,130000,33,RUE DE ROMAINVILLE,596060000J0784,Appartement,55,3.536493,50.35455
2022-971401,2022-02-24,Vente,70000,22,RUE JEANNE D ARC,59606000AI0473,Maison,117,3.506922,50.363826
2022-971422,2022-03-10,Vente,264200,13,RUE HENRY DERYCKE LES TERTIALE,59606000AZ0148,Appartement,41,3.527832,50.364451
2022-971422,2022-03-10,Vente,264200,13,RUE HENRY DERYCKE LES TERTIALE,59606000AZ0148,Appartement,41,3.527832,50.364451
2022-971428,2022-03-16,Vente,123250,,RUE DU COLLEGE,596060000D0503,Appartement,27,3.530395,50.363856
2022-971443,2022-03-04,Vente,168000,101,RUE SAINT GERY,59606000AR0144,Appartement,47,3.526335,50.360522
2022-971443,2022-03-04,Vente,168000,101,RUE SAINT GERY,59606000AR0144,Appartement,20,3.526335,50.360522
2022-971443,2022-03-04,Vente,168000,101,RUE SAINT GERY,59606000AR0144,Appartement,65,3.526335,50.360522
2022-971443,2022-03-04,Vente,168000,101,RUE SAINT GERY,59606000AR0144,Appartement,54,3.526335,50.360522
2022-971443,2022-03-04,Vente,168000,101,RUE SAINT GERY,59606000AR0144,Appartement,47,3.526335,50.360522
2022-971445,2022-03-15,Vente en l'état futur d'achèvement,198000,,AV DE LIEGE,596060000G0041,Appartement,61,3.543232,50.367488
2022-971448,2022-03-01,Vente,260000,10,RUE DU GRAND FOSSART,59606000AS0457,Appartement,130,3.525313,50.354922
2022-971453,2022-03-03,Vente en l'état futur d'achèvement,146000,,AV DE LIEGE,596060000G0041,Appartement,42,3.543232,50.367488
2022-971460,2022-03-01,Vente,72700,18,RUE DES BRECHES,59606000AR0739,Appartement,26,3.530135,50.361352
2022-971469,2022-03-18,Vente,140000,4,RUE ABEL DE PUJOL,59606000AS0268,Appartement,19,3.527324,50.355482
2022-971469,2022-03-18,Vente,140000,4,RUE ABEL DE PUJOL,59606000AS0268,Appartement,19,3.527324,50.355482
2022-971469,2022-03-18,Vente,140000,4,RUE ABEL DE PUJOL,59606000AS0268,Appartement,19,3.527324,50.355482
2022-971469,2022-03-18,Vente,140000,4,RUE ABEL DE PUJOL,59606000AS0268,Appartement,19,3.527324,50.355482
2022-971470,2022-03-18,Vente,180000,52,RUE SAINT GERY,59606000AV0217,Appartement,40,3.526368,50.359435
2022-971470,2022-03-18,Vente,180000,52,RUE SAINT GERY,59606000AV0217,Appartement,43,3.526368,50.359435
2022-971470,2022-03-18,Vente,180000,52,RUE SAINT GERY,59606000AV0217,Appartement,32,3.526368,50.359435
2022-971473,2022-03-18,Vente,149500,2,RUE D AUDREGNIES,59606000AT0661,Appartement,20,3.52254,50.354054
2022-971473,2022-03-18,Vente,149500,2,RUE D AUDREGNIES,59606000AT0661,Appartement,14,3.52254,50.354054
2022-971473,2022-03-18,Vente,149500,2,RUE D AUDREGNIES,59606000AT0661,Appartement,20,3.52254,50.354054
2022-971474,2022-03-18,Vente,183750,80,RUE SAINT GERY,59606000AR0201,Appartement,16,3.526833,50.36056
2022-971474,2022-03-18,Vente,183750,80,RUE SAINT GERY,59606000AR0201,Appartement,16,3.526833,50.36056
2022-971474,2022-03-18,Vente,183750,80,RUE SAINT GERY,59606000AR0201,Appartement,16,3.526833,50.36056
2022-971474,2022-03-18,Vente,183750,80,RUE SAINT GERY,59606000AR0201,Appartement,16,3.526833,50.36056
2022-971474,2022-03-18,Vente,183750,80,RUE SAINT GERY,59606000AR0201,Appartement,16,3.526833,50.36056
2022-971474,2022-03-18,Vente,183750,80,RUE SAINT GERY,59606000AR0201,Appartement,16,3.526833,50.36056
2022-971477,2022-03-24,Vente,82000,95,RUE DU QUESNOY,59606000AS0442,Appartement,46,,
2022-971479,2022-03-09,Vente,202000,7,ALL DES COTEAUX,59606000AY0501,Maison,84,3.500355,50.349331
2022-971484,2022-03-16,Vente,76000,2,RUE CH BRARD RES LES TANINS,59606000AB0169,Appartement,32,3.495532,50.351113
2022-971499,2022-03-15,Vente,89500,125,AV FAIDHERBE,596060000Y0908,Appartement,39,3.505192,50.355325
2022-971501,2022-03-25,Vente,165000,122,RUE EMMANUEL REY,59606000AL0405,Maison,80,3.511106,50.362296
2022-971507,2022-03-21,Vente,242100,42,LE CLOS SAINT ROCH,596060000B0490,Maison,126,3.538852,50.369719
2022-971510,2022-03-14,Vente,50000,3,RUE THOLOZE,59606000AQ0587,Appartement,33,3.51926,50.361441
2022-971512,2022-03-01,Vente,108500,104,RUE DE TINCHON,59606000AC0062,Maison,130,3.489411,50.359523
2022-971513,2022-03-01,Vente,108000,6,RUE SOLIDARITE RES DAUPHINE,59606000AG0519,Appartement,50,3.497184,50.363719
2022-971516,2022-03-01,Vente,155135,28,RUE DU VERGER,59606000AH1028,Maison,77,3.491513,50.357039
2022-971524,2022-03-11,Vente,400000,6,PL D ARMES,59606000AV0012,Appartement,54,3.522919,50.356867
2022-971524,2022-03-11,Vente,400000,6,PL D ARMES,59606000AV0012,Appartement,54,3.522919,50.356867
2022-971524,2022-03-11,Vente,400000,6,PL D ARMES,59606000AV0012,Appartement,46,3.522919,50.356867
2022-971524,2022-03-11,Vente,400000,6,PL D ARMES,59606000AV0012,Appartement,37,3.522919,50.356867
2022-971524,2022-03-11,Vente,400000,6,PL D ARMES,59606000AV0012,Appartement,35,3.522919,50.356867
2022-971527,2022-03-16,Vente,180000,8,RUE DU POITOU,596060000S0386,Maison,94,3.531383,50.346711
2022-971540,2022-03-11,Vente,74000,204,AV DE REIMS,596060000T0248,Maison,69,3.525468,50.344442
2022-971557,2022-03-25,Vente,65600,14,RUE DE FAMARS,59606000AT0922,Appartement,16,3.521847,50.356587
2022-971558,2022-03-04,Vente,203790,40,RUE DE LA CITADELLE,59606000AJ0618,Maison,84,3.510091,50.360036
2022-971566,2022-03-28,Vente,168000,23,RUE FERNIG,59606000AL0260,Appartement,36,3.511985,50.365319
2022-971566,2022-03-28,Vente,168000,23,RUE FERNIG,59606000AL0260,Appartement,24,3.511985,50.365319
2022-971566,2022-03-28,Vente,168000,23,RUE FERNIG,59606000AL0260,Appartement,32,3.511985,50.365319
2022-971574,2022-03-29,Vente,150000,28,RUE VIEILLE POISSONNERIE,59606000AU0225,Appartement,60,3.521777,50.357816
2022-971577,2022-03-25,Vente en l'état futur d'achèvement,208000,,RUE DU COLLEGE,596060000D0503,Appartement,67,3.530395,50.363856
2022-971586,2022-03-29,Vente,127100,14,RUE DES FLORALIES,596060000I0463,Appartement,103,3.533509,50.360055
2022-971589,2022-03-01,Vente,89710,84,RUE DE FAMARS,59606000AT1064,Appartement,56,3.521783,50.354393
2022-971599,2022-03-25,Vente,208000,14,RUE DES FLORALIES,596060000I0463,Appartement,103,3.533509,50.360055
2022-971616,2022-03-03,Vente,79500,84,RUE DE FAMARS,59606000AT1064,Appartement,36,3.521783,50.354393
2022-971617,2022-03-03,Vente,76400,84,RUE DE FAMARS,59606000AT1064,Appartement,42,3.521783,50.354393
2022-971619,2022-03-02,Vente,85005,84,RUE DE FAMARS,59606000AT1064,Appartement,50,3.521783,50.354393
2022-971625,2022-03-30,Vente,7000,14,RUE DES FLORALIES,596060000I0463,Appartement,103,3.533509,50.360055
2022-971628,2022-03-30,Vente en l'état futur d'achèvement,228000,,RUE ERNEST MACAREZ,596060000D0538,Appartement,80,3.532546,50.3689
2022-971635,2022-03-24,Vente,400000,12,RUE FERRAND,59606000AQ1010,Appartement,88,3.518348,50.360102
2022-971635,2022-03-24,Vente,400000,12,RUE FERRAND,59606000AQ1010,Appartement,53,3.518348,50.360102
2022-971635,2022-03-24,Vente,400000,12,RUE FERRAND,59606000AQ1010,Appartement,29,3.518348,50.360102
2022-971635,2022-03-24,Vente,400000,12,RUE FERRAND,59606000AQ1010,Appartement,43,3.518348,50.360102
2022-971643,2022-03-29,Vente,182000,21,RUE AULNOY RES ESCADRILLE CYGO,596060000T0588,Maison,94,3.528964,50.343665
2022-971647,2022-03-11,Vente,53000,26,AV MARECHAL JUIN,59606000AZ0001,Appartement,20,3.519829,50.364928
2022-971648,2022-03-15,Vente,135000,21,RUE DES FLORALIES,596060000I0468,Appartement,98,3.532695,50.360161
2022-971648,2022-03-15,Vente,135000,21,RUE DES FLORALIES,596060000I0468,Appartement,80,3.532695,50.360161
2022-971650,2022-03-22,Vente,86500,9,RUE DU GRAND BRUILLE,59606000AT0960,Maison,72,3.517593,50.356863
2022-971653,2022-03-25,Vente en l'état futur d'achèvement,149600,,RUE DE LA DELIVRANCE,59606000AJ0884,Appartement,41,3.510019,50.354922
2022-971654,2022-03-09,Vente,169500,2,PL TAFFIN,59606000AG0387,Appartement,60,3.494187,50.362449
2022-971654,2022-03-09,Vente,169500,2,PL TAFFIN,59606000AG0387,Appartement,60,3.494187,50.362449
2022-971661,2022-03-07,Vente,208500,74,RUE LOMPREZ,596060000Z0555,Maison,99,3.498439,50.356081
2022-971663,2022-03-15,Vente,105000,6,RUE E REY CHEM PARTICULIER,59606000AL0327,Maison,63,3.512018,50.364341
2022-971667,2022-03-16,Vente,74000,66,RUE DE MONS,59606000AR0426,Appartement,42,3.530292,50.360455
2022-971676,2022-03-11,Vente,164000,21,RUE DU ROLEUR,596060000I0083,Maison,98,3.537248,50.363419
2022-971678,2022-03-15,Vente,145000,57,AV DE LA PLAINE,59606000AH0684,Maison,80,3.490197,50.358393
2022-971680,2022-03-04,Vente,62540,84,RUE DE FAMARS,59606000AT1064,Appartement,35,3.521783,50.354393
2022-971682,2022-03-12,Vente,119700,42,AV DU SENATEUR GIRARD,59606000AQ0633,Appartement,70,3.517928,50.362035
2022-971683,2022-03-04,Vente,56635,84,RUE DE FAMARS,59606000AT1064,Appartement,43,3.521783,50.354393
2022-971685,2022-03-03,Vente,63940,84,RUE DE FAMARS,59606000AT1064,Appartement,40,3.521783,50.354393
2022-971716,2022-03-24,Vente,264460,319,AV DAMPIERRE,59606000AI0068,Maison,130,3.504319,50.357876
2022-971721,2022-03-23,Vente,377854,18,RUE DE LA POTERNE,59606000AR0282,Maison,157,3.52961,50.361256
2022-971730,2022-03-15,Vente,132000,106,AV VILLARS,59606000AJ0016,Maison,100,3.505447,50.357352
2022-971731,2022-03-18,Vente,180400,3,RUE DU ROLEUR,596060000I0075,Maison,75,3.536661,50.363581
2022-971735,2022-03-24,Vente,138500,94,RUE DU QUESNOY,59606000AS0273,Appartement,67,3.527138,50.355627
2022-971741,2022-03-18,Vente en l'état futur d'achèvement,143900,11,RUE HENRI CAFFIAUX,596060000W0458,Appartement,51,3.514247,50.352684
2022-971747,2022-03-31,Vente,161130,27,RUE DU CHATEAU D EAU,59606000AI0103,Maison,86,3.505053,50.360874
2022-971758,2022-04-07,Vente,200000,3,RUE JACQUES DE GUISE,59606000AQ0146,Appartement,120,3.51964,50.359169
2022-971758,2022-04-07,Vente,200000,3,RUE JACQUES DE GUISE,59606000AQ0146,Appartement,66,3.51964,50.359169
2022-971760,2022-03-31,Vente,246000,22,BD CARPEAUX,59606000AS0008,Appartement,89,3.525385,50.352884
2022-971769,2022-03-31,Vente,157000,,RUE HENRI CAFFIAUX,596060000W0462,Appartement,42,3.513755,50.352113
2022-971771,2022-03-23,Vente,85000,7,RUE E HIOLLE RES FORT MINIQUE,596060000I0610,Appartement,35,3.53609,50.358191
2022-971774,2022-03-24,Vente,135200,33,CHE DES DAMES,596060000U0034,Maison,65,3.510776,50.34161
2022-971784,2022-03-28,Vente,94000,6,RUE DE LA FRATERNITE RES PASSY,59606000AG0519,Appartement,74,3.497184,50.363719
2022-971785,2022-03-25,Vente,115000,88,RUE DU VERT GAZON,596060000V0023,Maison,106,3.506335,50.342168
2022-971788,2022-03-29,Vente,125000,21,RUE DES FLORALIES,596060000I0468,Appartement,98,3.532695,50.360161
2022-971788,2022-03-29,Vente,125000,21,RUE DES FLORALIES,596060000I0468,Appartement,98,3.532695,50.360161
2022-971799,2022-04-01,Vente,130000,144,RUE DES LILAS,596060000T1029,Maison,80,3.521584,50.343222
2022-971806,2022-03-22,Vente,35000,2,AV G CLEMENCEAU COUR J HARDY,59606000AQ0770,Maison,40,3.521292,50.360534
2022-971808,2022-03-23,Vente,219000,88,RUE HENRI DURRE,59606000AJ0469,Maison,98,3.507951,50.359345
2022-971815,2022-03-25,Vente,48032.39,16,RUE JEAN BERNIER,596060000R0209,Appartement,20,,
2022-971821,2022-04-05,Vente,420000,5,RUE DE ROMAINVILLE,596060000J0623,Appartement,31,3.536372,50.352698
2022-971821,2022-04-05,Vente,420000,5,RUE DE ROMAINVILLE,596060000J0623,Appartement,48,3.536372,50.352698
2022-971821,2022-04-05,Vente,420000,5,RUE DE ROMAINVILLE,596060000J0623,Appartement,50,3.536372,50.352698
2022-971821,2022-04-05,Vente,420000,5,RUE DE ROMAINVILLE,596060000J0623,Appartement,35,3.536372,50.352698
2022-971821,2022-04-05,Vente,420000,5,RUE DE ROMAINVILLE,596060000J0623,Appartement,37,3.536372,50.352698
2022-971821,2022-04-05,Vente,420000,5,RUE DE ROMAINVILLE,596060000J0623,Appartement,56,3.536372,50.352698
2022-971821,2022-04-05,Vente,420000,5,RUE DE ROMAINVILLE,596060000J0623,Appartement,30,3.536372,50.352698
2022-971821,2022-04-05,Vente,420000,5,RUE DE ROMAINVILLE,596060000J0623,Appartement,63,3.536372,50.352698
2022-971821,2022-04-05,Vente,420000,5,RUE DE ROMAINVILLE,596060000J0623,Appartement,49,3.536372,50.352698
2022-971821,2022-04-05,Vente,420000,5,RUE DE ROMAINVILLE,596060000J0623,Appartement,46,3.536372,50.352698
2022-971821,2022-04-05,Vente,420000,5,RUE DE ROMAINVILLE,596060000J0623,Appartement,26,3.536372,50.352698
2022-971821,2022-04-05,Vente,420000,5,RUE DE ROMAINVILLE,596060000J0623,Appartement,32,3.536372,50.352698
2022-971829,2022-03-30,Vente,165000,22,BD CARPEAUX,59606000AS0008,Appartement,66,3.525385,50.352884
2022-971842,2022-03-18,Vente,170000,35,AV DES DENTELLIERES,59606000AT0924,Appartement,98,3.519625,50.355409
2022-971847,2022-03-15,Vente,110000,63,RUE DE L ATRE DE GERTRUDE,596060000M0179,Maison,59,3.535166,50.350663
2022-971850,2022-03-22,Vente,93000,19,RUE DU PETIT FOSSART,59606000AS0627,Appartement,46,3.527794,50.354389
2022-971853,2022-03-28,Vente,165000,9001,RES VAUBAN PCE W CHURCHILL,59606000AJ0764,Appartement,96,3.512026,50.359565
2022-971861,2022-04-01,Vente,255500,13,RUE JACQUES PERDRIX,596060000J0768,Maison,131,3.534057,50.354816
2022-971884,2022-04-13,Vente,40000,14,RUE BLAISE PASCAL,596060000Y0369,Maison,50,3.509204,50.353213
2022-971888,2022-04-06,Vente en l'état futur d'achèvement,199100,,RUE DE LA DELIVRANCE,59606000AJ0884,Appartement,60,3.510019,50.354922
2022-971897,2022-03-23,Vente,173465,9004,CHE DES ALLIES,596060000D0486,Appartement,48,3.530967,50.367051
2022-971902,2022-03-29,Vente,115000,7,RUE DES GLATIGNIES,59606000AT1112,Appartement,40,3.518072,50.358059
2022-971902,2022-03-29,Vente,115000,7,RUE DES GLATIGNIES,59606000AT1112,Appartement,40,3.518072,50.358059
2022-971902,2022-03-29,Vente,115000,7,RUE DES GLATIGNIES,59606000AT1112,Appartement,24,3.518072,50.358059
2022-971904,2022-03-29,Vente,78400,80,RUE SAUDEUR,59606000AL0672,Maison,69,3.509898,50.36454
2022-971913,2022-03-22,Vente,195000,2,RUE DELSAUX,59606000AV0297,Appartement,150,3.52589,50.357673
2022-971918,2022-03-23,Vente,110000,26,BD DES BRUYERES,59606000AH1063,Maison,80,3.493087,50.35741
2022-971919,2022-03-24,Vente,205000,34,RUE VIEILLE POISSONNERIE,59606000AU0228,Appartement,124,3.521502,50.357675
2022-971921,2022-03-30,Vente,104815,84,RUE DE FAMARS,59606000AT1064,Appartement,64,3.521783,50.354393
2022-971927,2022-04-08,Vente,199600,2,RUE CH BRARD RES LES TANINS,59606000AB0169,Appartement,91,3.495532,50.351113
2022-971943,2022-03-30,Vente en l'état futur d'achèvement,189900,11,RUE HENRI CAFFIAUX,596060000W0458,Appartement,65,3.514247,50.352684
2022-971947,2022-03-31,Vente,434200,3,BD PATER,596060000I0664,Appartement,234,3.53193,50.360639
2022-971954,2022-04-05,Vente,375000,22,RUE DE LA DOUANE,59606000AM0053,Appartement,25,3.512642,50.367677
2022-971954,2022-04-05,Vente,375000,22,RUE DE LA DOUANE,59606000AM0053,Appartement,30,3.512642,50.367677
2022-971954,2022-04-05,Vente,375000,22,RUE DE LA DOUANE,59606000AM0053,Appartement,28,3.512642,50.367677
2022-971954,2022-04-05,Vente,375000,22,RUE DE LA DOUANE,59606000AM0053,Appartement,28,3.512642,50.367677
2022-971954,2022-04-05,Vente,375000,22,RUE DE LA DOUANE,59606000AM0053,Appartement,34,3.512642,50.367677
2022-971954,2022-04-05,Vente,375000,22,RUE DE LA DOUANE,59606000AM0053,Appartement,20,3.512642,50.367677
2022-971954,2022-04-05,Vente,375000,22,RUE DE LA DOUANE,59606000AM0053,Appartement,35,3.512642,50.367677
2022-971958,2022-04-08,Vente,120000,14,RUE DE LA RESISTANCE,596060000I0216,Maison,85,3.539628,50.360011
2022-971987,2022-04-14,Vente,194500,28,RUE DU CAMP ROMAIN,596060000N0199,Appartement,81,3.52196,50.350199
2022-971988,2022-04-06,Vente en l'état futur d'achèvement,175100,9004,CHE DES ALLIES,596060000D0486,Appartement,47,3.530967,50.367051
2022-971990,2022-04-22,Vente,130000,9002,RES ST MICHEL AVE ST ROCH,596060000D0437,Appartement,75,3.534971,50.365706
2022-971993,2022-04-22,Vente,86900,3,RUE CORNEILLE THEUNISSEN,596060000J0775,Appartement,63,3.53978,50.359202
2022-972000,2022-03-31,Vente,92000,232,BD HARPIGNIES,59606000AZ0144,Appartement,48,3.526504,50.364673
2022-972001,2022-04-20,Vente,140100,36,RUE CLAUDIN LEJEUNE,596060000M0697,Appartement,53,3.527601,50.351755
2022-972011,2022-04-08,Vente,162000,22,RUE BLAISE PASCAL,596060000Y0373,Maison,83,3.508893,50.353177
2022-972017,2022-04-08,Vente,1235000,75,RUE SAINT GERY,59606000AR0651,Appartement,12,3.526086,50.359833
2022-972017,2022-04-08,Vente,1235000,75,RUE SAINT GERY,59606000AR0651,Appartement,247,3.526086,50.359833
2022-972028,2022-03-31,Vente,138000,65,AV DE LA TOURELLE,596060000R0481,Maison,87,3.522917,50.348547
2022-972039,2022-04-22,Vente en l'état futur d'achèvement,158900,,RUE DE LA DELIVRANCE,59606000AJ0884,Appartement,41,3.510019,50.354922
2022-972040,2022-04-21,Vente en l'état futur d'achèvement,166000,,RUE ERNEST MACAREZ,596060000D0538,Appartement,48,3.532546,50.3689
2022-972043,2022-03-31,Vente,133000,232,BD HARPIGNIES,59606000AZ0144,Appartement,64,3.526504,50.364673
2022-972044,2022-04-22,Vente en l'état futur d'achèvement,203500,,RUE DE LA DELIVRANCE,59606000AJ0884,Appartement,60,3.510019,50.354922
2022-972055,2022-04-08,Vente,174000,29,RUE DU CHEMIN DES PLANCHES,596060000Q0019,Maison,92,3.518225,50.352277
2022-972058,2022-04-06,Vente,467000,40,AV DE VERDUN,596060000M0475,Maison,317,3.533095,50.352529
2022-972058,2022-04-06,Vente,467000,40,AV DE VERDUN,596060000M0475,Maison,317,3.533095,50.352529
2022-972069,2022-03-29,Vente,255000,275,AV DAMPIERRE,59606000AI0583,Maison,150,3.505403,50.359182
2022-972069,2022-03-29,Vente,255000,275,AV DAMPIERRE,59606000AI0583,Maison,150,3.505403,50.359182
2022-972071,2022-04-13,Vente,57000,12,AV DU FBG DE CAMBRAI,596060000R0248,Maison,85,3.514774,50.345945
2022-972075,2022-04-25,Vente,102000,23,RUE ROUGEVILLE RES SAINT ROCH,596060000D0463,Appartement,63,3.533286,50.369406
2022-972079,2022-03-31,Vente,70000,18,RUE DES BRECHES,59606000AR0739,Appartement,24,3.530135,50.361352
2022-972084,2022-04-12,Vente,130000,38,RUE DE L ABBE VICTOR SENEZ,59606000AQ0522,Maison,92,3.519313,50.360961
2022-972085,2022-04-15,Vente,143685,9004,CHE DES ALLIES,596060000D0486,Appartement,40,3.530967,50.367051
2022-972089,2022-04-14,Vente,137000,,RUE HENRI CAFFIAUX,596060000W0462,Appartement,34,3.513755,50.352113
2022-972094,2022-04-11,Vente,85000,50,AV D AMSTERDAM,59606000AV0144,Appartement,86,3.526117,50.358035
2022-972096,2022-04-12,Vente,118000,,RUE DE LILLE,59606000AR1090,Appartement,57,3.523716,50.36181
2022-972097,2022-04-08,Vente,102000,10,RUE DUPONCHEL,59606000AO0212,Maison,73,3.519375,50.370447
2022-972104,2022-04-01,Vente,173000,14,PL DE LA LIBERATION,596060000I0327,Maison,67,3.53911,50.36081
2022-972118,2022-04-21,Vente,224000,2,VC RES SALY RUE SIMON LEBOUCQ,59606000AT0910,Appartement,199,3.518612,50.355883
2022-972138,2022-04-29,Vente,106900,62,RUE DU QUESNOY,59606000AW0134,Appartement,84,3.526173,50.356987
2022-972139,2022-03-11,Vente,60000,13,RUE DES ANGES,59606000AT0252,Appartement,19,3.520899,50.357547
2022-972144,2022-04-14,Vente,92800,81,RUE DE LA DIGUE RESID RUBENS,596060000P0304,Appartement,49,3.517633,50.353679
2022-972155,2022-04-25,Vente,242000,14,RUE LOUISE D EPINAY,596060000R0281,Maison,110,3.519383,50.346888
2022-972163,2022-04-08,Vente,67000,29,RUE PECLET,59606000AO0127,Maison,69,3.519485,50.371517
2022-972164,2022-04-07,Vente,109000,118,CHE DE PROUVY,59606000AB0170,Appartement,61,3.496314,50.350859
2022-972180,2022-04-13,Vente,157625,13,RUE SAINT JEAN,59606000AU0312,Appartement,126,3.52135,50.358505
2022-972200,2022-05-03,Vente,100000,184,AV DE LIEGE RES J. BREL,596060000H0117,Appartement,48,3.541944,50.365267
2022-972203,2022-04-29,Vente,345000,7,RUE LOUIS CELLIER,59606000AS0499,Maison,306,3.525676,50.354172
2022-972218,2022-04-19,Vente en l'état futur d'achèvement,145900,11,RUE HENRI CAFFIAUX,596060000W0458,Appartement,49,3.514247,50.352684
2022-972220,2022-04-15,Vente,118400,13,RUE HENRY DERYCKE LES TERTIALE,59606000AZ0148,Appartement,27,3.527832,50.364451
2022-972224,2022-05-03,Vente en l'état futur d'achèvement,185000,133,AV DE LIEGE,596060000F0144,Appartement,60,3.537988,50.3648
2022-972231,2022-04-12,Vente,215000,47,RUE GUYNEMER,596060000S0309,Maison,95,3.528487,50.345911
2022-972233,2022-04-27,Vente,69200,62,RUE DE LA GARE DE MARLY,596060000M0650,Appartement,41,3.534867,50.349425
2022-972236,2022-04-28,Vente en l'état futur d'achèvement,159000,,RUE DU COLLEGE,596060000D0503,Appartement,42,3.530395,50.363856
2022-972237,2022-04-21,Vente,92500,15,RUE DU QUESNOY,59606000AV0141,Appartement,57,3.525759,50.35816
2022-972239,2022-05-04,Vente,202500,50,RUE DE L ABBE VICTOR SENEZ,59606000AQ0508,Maison,94,3.519658,50.361153
2022-972242,2022-05-02,Vente,136000,20,RUE DES PORCHELETS,59606000AQ0178,Maison,71,3.518226,50.359178
2022-972243,2022-05-06,Vente,85000,7,RUE E HIOLLE RES FORT MINIQUE,596060000I0610,Appartement,35,3.53609,50.358191
2022-972247,2022-04-12,Vente,74000,28,IMP MIROUX,59606000AN0059,Maison,49,3.515666,50.369406
2022-972255,2022-05-05,Vente,212000,,RUE DU COLLEGE,596060000D0503,Appartement,67,3.530395,50.363856
2022-972256,2022-04-13,Vente,140000,11,RUE DES CHAUDRONS,59606000AQ0060,Appartement,17,3.518775,50.358464
2022-972256,2022-04-13,Vente,140000,11,RUE DES CHAUDRONS,59606000AQ0060,Appartement,68,3.518775,50.358464
2022-972257,2022-04-04,Vente,209120,9001,RES VAUBAN PCE W CHURCHILL,59606000AJ0764,Appartement,109,3.512026,50.359565
2022-972260,2022-04-27,Vente,73000,16,BD WATTEAU RES BEAUMONT,59606000AS0497,Appartement,57,3.529614,50.356137
2022-972266,2022-04-21,Vente,100000,6,RES VAL CLAIR R S LEBOUCQ,59606000AT0801,Appartement,62,3.518261,50.356154
2022-972268,2022-05-06,Vente,280000,4,RUE BARBE PARENT,59606000AL0622,Maison,33,3.510687,50.366066
2022-972268,2022-05-06,Vente,280000,6,RUE BARBE PARENT,59606000AL0671,Appartement,15,3.510777,50.366039
2022-972268,2022-05-06,Vente,280000,6,RUE BARBE PARENT,59606000AL0671,Appartement,15,3.510777,50.366039
2022-972268,2022-05-06,Vente,280000,6,RUE BARBE PARENT,59606000AL0671,Appartement,15,3.510777,50.366039
2022-972268,2022-05-06,Vente,280000,6,RUE BARBE PARENT,59606000AL0671,Appartement,15,3.510777,50.366039
2022-972268,2022-05-06,Vente,280000,6,RUE BARBE PARENT,59606000AL0671,Appartement,15,3.510777,50.366039
2022-972268,2022-05-06,Vente,280000,14,RUE BARBE PARENT,59606000AL0772,Maison,60,,
2022-972270,2022-04-14,Vente,79000,137,RUE DES ALOUETTES,596060000T1435,Maison,63,3.519941,50.343534
2022-972271,2022-04-19,Vente,195160,26,RUE PIERRE LOTI,596060000Y0216,Maison,93,3.50282,50.352798
2022-972272,2022-04-15,Vente,85000,155,RUE DES ALOUETTES,596060000T1439,Maison,63,3.519928,50.343331
2022-972286,2022-04-28,Vente,260000,14,RUE EMILE DURIEUX,59606000AQ0838,Appartement,126,3.520892,50.360145
2022-972287,2022-04-28,Vente,179500,14,RUE DES FLORALIES,596060000I0463,Appartement,91,3.533509,50.360055
2022-972288,2022-04-22,Vente,84100,13,RUE HENRY DERYCKE LES TERTIALE,59606000AZ0148,Appartement,27,3.527832,50.364451
2022-972289,2022-04-22,Vente en l'état futur d'achèvement,158000,,AV DE LIEGE,596060000G0041,Appartement,44,3.543232,50.367488
2022-972294,2022-04-27,Vente en l'état futur d'achèvement,210000,,AV DE LIEGE,596060000G0041,Appartement,61,3.543232,50.367488
2022-972300,2022-03-10,Vente,86455,84,RUE DE FAMARS,59606000AT1064,Appartement,50,3.521783,50.354393
2022-972308,2022-04-15,Vente,162000,109,RUE PASTEUR,596060000E0065,Appartement,69,3.534326,50.365312
2022-972308,2022-04-15,Vente,162000,109,RUE PASTEUR,596060000E0065,Appartement,53,3.534326,50.365312
2022-972322,2022-04-28,Vente en l'état futur d'achèvement,148600,11,RUE HENRI CAFFIAUX,596060000W0458,Appartement,47,3.514247,50.352684
2022-972331,2022-05-18,Vente,80000,137,RUE HENRY DERYCKE LES TERTIALE,59606000AZ0144,Appartement,49,3.526504,50.364673
2022-972333,2022-05-12,Vente,158860,27,RUE DES RECOLLETS,59606000AU0350,Appartement,46,3.520531,50.358112
2022-972337,2022-04-20,Vente,234500,15,RUE MARCELLIN BERTHELOT,596060000Y0238,Maison,100,3.503347,50.35343
2022-972338,2022-04-28,Vente,178208,25,AV DENTELLIERE RES CATHERINE,59606000AT0928,Appartement,117,3.520249,50.356086
2022-972344,2022-05-09,Vente,240700,140,RUE LOMPREZ,59606000AH0514,Maison,132,3.492038,50.355219
2022-972351,2022-04-26,Vente,55000,18,AV DU SENATEUR GIRARD,59606000AQ0572,Appartement,30,3.518075,50.361002
2022-972363,2022-04-21,Vente,150000,14,ENC LES LYS,59606000AB0252,Maison,97,3.491904,50.352339
2022-972367,2022-05-06,Vente,137000,33,RUE DE ROMAINVILLE,596060000J0784,Appartement,54,3.536493,50.35455
2022-972378,2022-05-05,Vente,120000,81,RUE DE LA DIGUE RESID RUBENS,596060000P0304,Appartement,55,3.517633,50.353679
2022-972380,2022-04-27,Vente,151000,3,RUE DES ANGES,59606000AT0260,Appartement,80,3.521207,50.357247
2022-972396,2022-05-04,Vente en l'état futur d'achèvement,149600,,RUE DE LA DELIVRANCE,59606000AJ0884,Appartement,41,3.510019,50.354922
2022-972398,2022-04-28,Vente,635000,19,AV CARNOT,596060000L0034,Maison,320,3.530799,50.352889
2022-972398,2022-04-28,Vente,635000,19,AV CARNOT,596060000L0034,Maison,320,3.530799,50.352889
2022-972399,2022-04-28,Vente,82500,125,AV FAIDHERBE,596060000Y0908,Appartement,48,3.505192,50.355325
2022-972404,2022-04-25,Vente,400000,42,AV DE VERDUN,596060000M0476,Maison,285,3.533424,50.352557
2022-972404,2022-04-25,Vente,400000,42,AV DE VERDUN,596060000M0476,Maison,285,3.533424,50.352557
2022-972410,2022-05-10,Vente en l'état futur d'achèvement,195000,,RUE ERNEST MACAREZ,596060000D0538,Appartement,66,3.532546,50.3689
2022-972413,2022-04-25,Vente,79000,125,AV FAIDHERBE,596060000Y0908,Appartement,45,3.505192,50.355325
2022-972416,2022-05-03,Vente en l'état futur d'achèvement,158000,,AV DE LIEGE,596060000G0041,Appartement,42,3.543232,50.367488
2022-972420,2022-04-22,Vente,66990,4,RUE HENRY DERYCKE LES TERTIALE,59606000AZ0139,Appartement,37,3.526148,50.365275
2022-972421,2022-04-22,Vente,161990,74,RUE PASTEUR,596060000E0075,Maison,102,3.53434,50.364643
2022-972428,2022-05-06,Vente en l'état futur d'achèvement,180000,,AV DE LIEGE,596060000G0041,Appartement,54,3.543232,50.367488
2022-972437,2022-05-03,Vente en l'état futur d'achèvement,176000,,AV DE LIEGE,596060000G0041,Appartement,47,3.543232,50.367488
2022-972439,2022-04-19,Vente,139999,202,AV DE REIMS,596060000T0247,Maison,61,3.525478,50.344543
2022-972442,2022-04-29,Vente en l'état futur d'achèvement,152000,,AV DE LIEGE,596060000G0041,Appartement,42,3.543232,50.367488
2022-972454,2022-05-12,Vente,120000,81,RUE DE LA DIGUE RESID RUBENS,596060000P0304,Appartement,55,3.517633,50.353679
2022-972456,2022-04-28,Vente,192730,21,ALL DES COTEAUX,59606000AY0508,Maison,94,3.500136,50.349414
2022-972460,2022-04-28,Vente,156000,9001,RES VAUBAN PCE W CHURCHILL,59606000AJ0764,Appartement,119,3.512026,50.359565
2022-972465,2022-04-28,Vente,113000,55,CHE DES BOURGEOIS,596060000S0565,Maison,91,3.522589,50.347
2022-972483,2022-05-16,Vente,170500,81,RUE SAUDEUR,59606000AL0314,Maison,77,3.511176,50.364465
2022-972499,2022-04-28,Vente en l'état futur d'achèvement,153500,11,RUE HENRI CAFFIAUX,596060000W0458,Appartement,43,3.514247,50.352684
2022-972503,2022-04-27,Vente,221965,9004,CHE DES ALLIES,596060000D0486,Appartement,68,3.530967,50.367051
2022-972505,2022-04-28,Vente en l'état futur d'achèvement,183900,11,RUE HENRI CAFFIAUX,596060000W0458,Appartement,68,3.514247,50.352684
2022-972511,2022-05-04,Vente en l'état futur d'achèvement,193900,11,RUE HENRI CAFFIAUX,596060000W0458,Appartement,65,3.514247,50.352684
2022-972584,2022-04-28,Vente,130000,129,RUE EMMANUEL REY,59606000AL0479,Maison,70,3.511563,50.361625
2022-972595,2022-04-26,Vente,90000,2,RUE SAINT MARTIN,596060000E0179,Maison,67,3.533338,50.364053
2022-972598,2022-04-29,Vente,104350,21,RUE ALFRED GIARD,59606000AJ0188,Maison,93,3.508222,50.35572
2022-972602,2022-05-04,Vente,50500,320,BD HARPIGNIES,59606000AZ0056,Appartement,19,3.524966,50.364608
2022-972613,2022-05-05,Vente,110900,13,RUE PILETTE,59606000AW0140,Appartement,90,3.527005,50.357623
2022-972614,2022-04-26,Vente,35000,3,RUE DES VIVIERS,59606000AT1053,Appartement,20,3.521457,50.356101
2022-972641,2022-05-09,Vente en l'état futur d'achèvement,141500,,RUE HENRI CAFFIAUX,596060000W0462,Appartement,35,3.513755,50.352113
2022-972668,2022-05-06,Vente,117000,50,RUE DES ANGES,59606000AQ0089,Appartement,60,3.519725,50.358049
2022-972670,2022-05-04,Vente,91500,19,RUE DE LA FAUVETTE,596060000T0848,Maison,68,3.521973,50.345415
2022-972691,2022-05-06,Vente,138000,5,RUE PASTEUR,596060000E0006,Appartement,65,3.530942,50.363142
2022-972698,2022-05-12,Vente,135000,88,AV DU FBG DE CAMBRAI,596060000V0073,Maison,97,3.509953,50.342719
2022-972720,2022-05-09,Vente en l'état futur d'achèvement,151950,11,RUE HENRI CAFFIAUX,596060000W0458,Appartement,44,3.514247,50.352684
2022-972723,2022-05-13,Vente,164905,86,AV DE VERDUN,596060000M0484,Appartement,60,3.53547,50.352394
2022-972723,2022-05-13,Vente,164905,86,AV DE VERDUN,596060000M0484,Appartement,45,3.53547,50.352394
2022-972768,2022-05-09,Vente en l'état futur d'achèvement,166075,11,RUE HENRI CAFFIAUX,596060000W0458,Appartement,68,3.514247,50.352684
2022-972785,2022-05-03,Vente,98000,4,RUE DE LA FRATERNITE RES SEVRE,59606000AG0519,Appartement,55,3.497184,50.363719
2022-972801,2022-05-19,Vente,78000,81,RUE DE LA DIGUE RESID RUBENS,596060000P0304,Appartement,34,3.517633,50.353679
2022-972807,2022-05-04,Vente,134335,9001,LE VIGNOBLE RES FLORE,59606000AB0479,Appartement,81,3.494095,50.350626
2022-972830,2022-05-19,Vente,406000,69,RUE CHARLES QUINT,596060000K0155,Maison,181,3.534353,50.356448
2022-972846,2022-05-16,Vente,195100,67,RUE DES GLACIS,596060000I0263,Maison,72,3.537454,50.35911
2022-972854,2022-05-11,Vente en l'état futur d'achèvement,162000,,AV DE LIEGE,596060000G0041,Appartement,42,3.543232,50.367488
2022-972861,2022-04-29,Vente,1100000,21,RUE DE LA POTERNE,59606000AR0738,Appartement,16,3.529982,50.361512
2022-972861,2022-04-29,Vente,1100000,21,RUE DE LA POTERNE,59606000AR0738,Appartement,16,3.529982,50.361512
2022-972861,2022-04-29,Vente,1100000,21,RUE DE LA POTERNE,59606000AR0738,Appartement,16,3.529982,50.361512
2022-972861,2022-04-29,Vente,1100000,21,RUE DE LA POTERNE,59606000AR0738,Appartement,16,3.529982,50.361512
2022-972861,2022-04-29,Vente,1100000,21,RUE DE LA POTERNE,59606000AR0738,Appartement,16,3.529982,50.361512
2022-972861,2022-04-29,Vente,1100000,21,RUE DE LA POTERNE,59606000AR0738,Appartement,16,3.529982,50.361512
2022-972861,2022-04-29,Vente,1100000,21,RUE DE LA POTERNE,59606000AR0738,Appartement,19,3.529982,50.361512
2022-972861,2022-04-29,Vente,1100000,21,RUE DE LA POTERNE,59606000AR0738,Appartement,45,3.529982,50.361512
2022-972861,2022-04-29,Vente,1100000,21,RUE DE LA POTERNE,59606000AR0738,Appartement,41,3.529982,50.361512
2022-972861,2022-04-29,Vente,1100000,21,RUE DE LA POTERNE,59606000AR0738,Appartement,52,3.529982,50.361512
2022-972861,2022-04-29,Vente,1100000,21,RUE DE LA POTERNE,59606000AR0738,Appartement,51,3.529982,50.361512
2022-972861,2022-04-29,Vente,1100000,21,RUE DE LA POTERNE,59606000AR0738,Appartement,41,3.529982,50.361512
2022-972861,2022-04-29,Vente,1100000,21,RUE DE LA POTERNE,59606000AR0738,Appartement,35,3.529982,50.361512
2022-972861,2022-04-29,Vente,1100000,21,RUE DE LA POTERNE,59606000AR0738,Appartement,48,3.529982,50.361512
2022-972861,2022-04-29,Vente,1100000,21,RUE DE LA POTERNE,59606000AR0738,Appartement,19,3.529982,50.361512
2022-972861,2022-04-29,Vente,1100000,21,RUE DE LA POTERNE,59606000AR0738,Appartement,13,3.529982,50.361512
2022-972861,2022-04-29,Vente,1100000,21,RUE DE LA POTERNE,59606000AR0738,Appartement,15,3.529982,50.361512
2022-972861,2022-04-29,Vente,1100000,21,RUE DE LA POTERNE,59606000AR0738,Appartement,16,3.529982,50.361512
2022-972861,2022-04-29,Vente,1100000,21,RUE DE LA POTERNE,59606000AR0738,Appartement,16,3.529982,50.361512
2022-972864,2022-05-16,Vente en l'état futur d'achèvement,168000,,AV DE LIEGE,596060000G0041,Appartement,44,3.543232,50.367488
2022-972878,2022-05-19,Vente,97500,13,AV DU SENATEUR GIRARD,59606000AQ0607,Appartement,65,3.517103,50.361994
2022-972903,2022-05-31,Vente,256200,83,AV VILLARS,59606000AJ0098,Maison,120,3.505226,50.356823
2022-972926,2022-05-04,Vente,92600,18,RUE DES BRECHES,59606000AR0739,Appartement,34,3.530135,50.361352
2022-972931,2022-05-31,Vente,88000,24,RUE E REY CHEM PARTICULIER,59606000AL0318,Maison,57,3.511574,50.36444
2022-972931,2022-05-31,Vente,88000,24,RUE E REY CHEM PARTICULIER,59606000AL0318,Maison,57,3.511574,50.36444
2022-972934,2022-05-09,Vente,111050,14,PL DU HAINAUT,59606000AU0258,Appartement,50,3.52341,50.36014
2022-972936,2022-05-13,Vente,20000,62,RLE SAINT ROCH,596060000B0080,Maison,103,3.537002,50.370329
2022-972936,2022-05-13,Vente,20000,62,RLE SAINT ROCH,596060000B0080,Maison,76,3.537002,50.370329
2022-972936,2022-05-13,Vente,20000,62,RLE SAINT ROCH,596060000B0080,Maison,76,3.537002,50.370329
2022-972936,2022-05-13,Vente,20000,62,RLE SAINT ROCH,596060000B0080,Maison,103,3.537002,50.370329
2022-972947,2022-05-13,Vente,94600,10,PL DES TILLEULS,596060000T0024,Maison,78,3.520851,50.345109
2022-972983,2022-05-10,Vente,165000,1,RUE LEON DUBLED,59606000AB0786,Appartement,28,3.490812,50.351488
2022-972983,2022-05-10,Vente,165000,1,RUE LEON DUBLED,59606000AB0786,Appartement,28,3.490812,50.351488
2022-972983,2022-05-10,Vente,165000,1,RUE LEON DUBLED,59606000AB0786,Appartement,28,3.490812,50.351488
2022-972988,2022-05-30,Vente,72000,37,RUE COLART CRESTE,596060000F0057,Appartement,32,3.539936,50.366063
2022-972988,2022-05-30,Vente,72000,37,RUE COLART CRESTE,596060000F0057,Appartement,42,3.539936,50.366063
2022-972990,2022-05-18,Vente,159900,14,RUE DU VERT GAZON,596060000W0020,Appartement,16,3.508836,50.348008
2022-972990,2022-05-18,Vente,159900,14,RUE DU VERT GAZON,596060000W0020,Appartement,11,3.508836,50.348008
2022-972990,2022-05-18,Vente,159900,14,RUE DU VERT GAZON,596060000W0020,Appartement,15,3.508836,50.348008
2022-972990,2022-05-18,Vente,159900,14,RUE DU VERT GAZON,596060000W0020,Appartement,10,3.508836,50.348008
2022-972990,2022-05-18,Vente,159900,14,RUE DU VERT GAZON,596060000W0020,Appartement,18,3.508836,50.348008
2022-972990,2022-05-18,Vente,159900,12,RUE DU VERT GAZON,596060000W0023,Maison,48,3.508563,50.34798
2022-972990,2022-05-18,Vente,159900,12,RUE DU VERT GAZON,596060000W0386,Appartement,50,3.508647,50.348056
2022-972990,2022-05-18,Vente,159900,12,RUE DU VERT GAZON,596060000W0386,Appartement,25,3.508647,50.348056
2022-972992,2022-05-09,Vente,100000,184,AV DE LIEGE RES J. BREL,596060000H0117,Appartement,65,3.541944,50.365267
2022-972993,2022-05-31,Vente,110000,97,RUE DU VERGER,59606000AC0224,Maison,79,3.488576,50.358015
2022-972997,2022-05-18,Vente,233405,9004,CHE DES ALLIES,596060000D0486,Appartement,68,3.530967,50.367051
2022-973004,2022-05-18,Vente,158530,9004,CHE DES ALLIES,596060000D0486,Appartement,40,3.530967,50.367051
2022-973018,2022-04-04,Vente,132000,26,AV D AMSTERDAM,59606000AV0338,Appartement,100,3.525665,50.359013
2022-973018,2022-04-04,Vente,132000,26,AV D AMSTERDAM,59606000AV0338,Appartement,80,3.525665,50.359013
2022-973029,2022-05-12,Vente,146500,12,RUE DU GRAND FOSSART,59606000AS0457,Appartement,46,3.525313,50.354922
2022-973043,2022-05-24,Vente,123000,125,AV FAIDHERBE,596060000Y0908,Appartement,64,3.505192,50.355325
2022-973119,2022-05-11,Vente,257000,15,AV SAINT ROCH,596060000E0196,Maison,133,3.533156,50.363309
2022-973143,2022-05-17,Vente,139000,81,RUE DE LA DIGUE RESID RUBENS,596060000P0304,Appartement,59,3.517633,50.353679
2022-973155,2022-06-07,Vente,82000,137,RUE HENRY DERYCKE LES TERTIALE,59606000AZ0144,Appartement,53,3.526504,50.364673
2022-973160,2022-05-20,Vente,140000,29,RUE PASTEUR,596060000E0019,Maison,68,3.532611,50.363997
2022-973161,2022-05-20,Vente,175000,14,RUE DES FLORALIES,596060000I0463,Appartement,103,3.533509,50.360055
2022-973165,2022-05-31,Vente,45000,59,RUE DE LA DIGUE,596060000P0132,Maison,93,3.518748,50.353806
2022-973171,2022-05-23,Vente,420000,118,RUE HENRI DURRE,59606000AJ0075,Maison,234,3.506986,50.35817
2022-973171,2022-05-23,Vente,420000,118,RUE HENRI DURRE,59606000AJ0075,Maison,234,3.506986,50.35817
2022-973178,2022-06-07,Vente,197867,58,RUE EMMANUEL REY,59606000AL0739,Maison,92,3.511767,50.364064
2022-973180,2022-05-24,Vente,135000,9,RUE D ARTOIS,596060000J0496,Maison,67,3.535661,50.355451
2022-973195,2022-05-16,Vente en l'état futur d'achèvement,152000,,AV DE LIEGE,596060000G0041,Appartement,44,3.543232,50.367488
2022-973199,2022-05-11,Vente en l'état futur d'achèvement,166000,,AV DE LIEGE,596060000G0041,Appartement,42,3.543232,50.367488
2022-973205,2022-05-17,Vente en l'état futur d'achèvement,207000,,AV DE LIEGE,596060000G0041,Appartement,61,3.543232,50.367488
2022-973208,2022-05-24,Vente,131472.12,81,RUE DE LA DIGUE RESID RUBENS,596060000P0304,Appartement,58,3.517633,50.353679
2022-973226,2022-05-20,Vente en l'état futur d'achèvement,158000,,AV DE LIEGE,596060000G0041,Appartement,42,3.543232,50.367488
2022-973234,2022-05-19,Vente en l'état futur d'achèvement,164000,,AV DE LIEGE,596060000G0041,Appartement,45,3.543232,50.367488
2022-973238,2022-06-02,Vente,144000,15,RUE ENCLOS DE LA PRAIRIE,59606000AH0889,Maison,83,3.492887,50.358117
2022-973262,2022-06-03,Vente,105000,125,AV FAIDHERBE,596060000Y0908,Appartement,53,3.505192,50.355325
2022-973276,2022-05-31,Vente,157000,,RUE HENRI CAFFIAUX,596060000W0462,Appartement,39,3.513755,50.352113
2022-973285,2022-05-16,Vente,30000,32,RUE CHARLES TAUCHON,59606000AH0369,Maison,41,3.495532,50.359579
2022-973292,2022-05-13,Vente,35500,58,AV DE SAINT-AMAND,59606000AM0006,Appartement,17,3.511413,50.366912
2022-973309,2022-05-18,Vente en l'état futur d'achèvement,153500,11,RUE HENRI CAFFIAUX,596060000W0458,Appartement,47,3.514247,50.352684
2022-973323,2022-06-01,Vente en l'état futur d'achèvement,175000,,RUE ERNEST MACAREZ,596060000D0538,Appartement,62,3.532546,50.3689
2022-973327,2022-06-07,Vente,42000,11,RUE SALLE LE COMTE,59606000AR0166,Appartement,20,3.528258,50.36249
2022-973341,2022-06-01,Vente en l'état futur d'achèvement,156000,,RUE ERNEST MACAREZ,596060000D0538,Appartement,45,3.532546,50.3689
2022-973374,2022-06-08,Vente,106000,137,RUE HENRY DERYCKE LES TERTIALE,59606000AZ0144,Appartement,53,3.526504,50.364673
2022-973377,2022-05-30,Vente,190000,137,AV DE LIEGE,596060000F0092,Maison,49,3.538232,50.364878
2022-973381,2022-05-16,Vente,115000,26,RUE ABEL DE PUJOL,59606000AS0125,Maison,80,3.526566,50.354817
2022-973382,2022-05-27,Vente,441600,39,RUE DES GLACIS,596060000I0190,Maison,182,3.53765,50.360405
2022-973382,2022-05-27,Vente,441600,39,RUE DES GLACIS,596060000I0190,Maison,182,3.53765,50.360405
2022-973412,2022-05-24,Vente,57800,16,RUE JEAN BERNIER,596060000R0209,Appartement,32,,
2022-973418,2022-05-12,Vente,50000,18,RUE PERCEPAIN,59606000AR0841,Appartement,22,3.523925,50.362234
2022-973474,2022-06-09,Vente,230000,20,AV DAMPIERRE,59606000AL0172,Appartement,53,3.510601,50.366024
2022-973474,2022-06-09,Vente,230000,20,AV DAMPIERRE,59606000AL0172,Appartement,24,3.510601,50.366024
2022-973474,2022-06-09,Vente,230000,20,AV DAMPIERRE,59606000AL0172,Appartement,31,3.510601,50.366024
2022-973474,2022-06-09,Vente,230000,20,AV DAMPIERRE,59606000AL0172,Appartement,44,3.510601,50.366024
2022-973477,2022-06-01,Vente,200000,,RUE HENRI CAFFIAUX,596060000W0462,Appartement,62,3.513755,50.352113
2022-973480,2022-06-08,Vente,147000,116,RUE DU QUESNOY,59606000AS0202,Appartement,60,3.52771,50.355161
2022-973480,2022-06-08,Vente,147000,116,RUE DU QUESNOY,59606000AS0202,Appartement,14,3.52771,50.355161
2022-973480,2022-06-08,Vente,147000,116,RUE DU QUESNOY,59606000AS0202,Appartement,35,3.52771,50.355161
2022-973487,2022-05-18,Vente,197000,,RUE HENRI CAFFIAUX,596060000W0462,Appartement,60,3.513755,50.352113
2022-973492,2022-06-10,Vente,80000,232,BD HARPIGNIES,59606000AZ0144,Appartement,49,3.526504,50.364673
2022-973512,2022-06-08,Vente,170000,20,BD CARPEAUX,59606000AS0008,Appartement,77,3.525385,50.352884
2022-973546,2022-06-02,Vente,70000,10,RUE DES GLATIGNIES,59606000AQ0031,Appartement,50,3.51779,50.358757
2022-973549,2022-05-25,Vente en l'état futur d'achèvement,131435,11,RUE HENRI CAFFIAUX,596060000W0458,Appartement,49,3.514247,50.352684
2022-973562,2022-06-13,Vente,39108,16,RUE JEAN BERNIER,596060000R0209,Appartement,20,,
2022-973565,2022-06-13,Vente,40236,16,RUE JEAN BERNIER,596060000R0209,Appartement,20,,
2022-973568,2022-05-30,Vente,88000,57,RUE DES LILAS,596060000T0991,Maison,64,3.522349,50.344073
2022-973571,2022-06-01,Vente,113000,56,RUE MILHOMME,596060000K0148,Appartement,53,3.533135,50.356684
2022-973573,2022-05-30,Vente,210000,9,PL D ARMES,59606000AU0215,Appartement,114,3.522615,50.358051
2022-973585,2022-05-19,Vente,100000,118,CHE DE PROUVY,59606000AB0170,Appartement,50,3.496314,50.350859
2022-973594,2022-06-15,Vente,45000,21,RUE DE LA DIGUE,596060000P0111,Maison,60,3.519581,50.352916
2022-973596,2022-05-19,Vente,65000,21,RUE DES FLORALIES,596060000I0468,Appartement,60,3.532695,50.360161
2022-973596,2022-05-19,Vente,65000,21,RUE DES FLORALIES,596060000I0468,Appartement,60,3.532695,50.360161
2022-973597,2022-05-23,Vente,142000,26,RUE CASIMIR PERIER,596060000Z0328,Maison,89,3.496799,50.357034
2022-973600,2022-05-20,Vente,290000,3,PL DE L ESPLANADE,59606000AT0027,Appartement,60,3.517338,50.358061
2022-973600,2022-05-20,Vente,290000,3,PL DE L ESPLANADE,59606000AT0027,Appartement,60,3.517338,50.358061
2022-973600,2022-05-20,Vente,290000,3,PL DE L ESPLANADE,59606000AT0027,Appartement,20,3.517338,50.358061
2022-973600,2022-05-20,Vente,290000,3,PL DE L ESPLANADE,59606000AT0027,Appartement,20,3.517338,50.358061
2022-973602,2022-05-19,Vente,214000,116,CHE DE PROUVY,59606000AB0100,Maison,93,3.4963,50.351021
2022-973602,2022-05-19,Vente,214000,116,CHE DE PROUVY,59606000AB0100,Maison,93,3.4963,50.351021
2022-973604,2022-05-31,Vente,217225,9004,CHE DES ALLIES,596060000D0486,Appartement,67,3.530967,50.367051
2022-973646,2022-06-07,Vente en l'état futur d'achèvement,148100,,RUE DE LA DELIVRANCE,59606000AJ0884,Appartement,40,3.510019,50.354922
2022-973657,2022-06-09,Vente,112000,,RUE DE LILLE,59606000AR1090,Appartement,77,3.523716,50.36181
2022-973698,2022-05-30,Vente,79000,77,RUE DE ROMAINVILLE,596060000J0775,Appartement,50,3.53978,50.359202
2022-973709,2022-05-24,Vente,135200,49,RUE DE LA DIGUE,596060000P0303,Appartement,50,3.518831,50.353247
2022-973711,2022-05-24,Vente,50000,93,RUE DE PARIS,59606000AQ0082,Appartement,100,3.51934,50.358424
2022-973718,2022-06-02,Vente,39900,14,RUE JEAN BERNIER,596060000R0209,Appartement,19,,
2022-973723,2022-06-16,Vente en l'état futur d'achèvement,164500,,RUE ERNEST MACAREZ,596060000D0538,Appartement,49,3.532546,50.3689
2022-973729,2022-05-30,Vente,42500,320,BD HARPIGNIES,59606000AZ0056,Appartement,18,3.524966,50.364608
2022-973736,2022-05-28,Vente,80000,19,RUE AUBRY,59606000AD0139,Maison,82,3.483532,50.359251
2022-973738,2022-05-28,Vente,156000,9,RUE LOUISE D EPINAY,596060000R0293,Maison,113,3.519414,50.347526
2022-973778,2022-06-07,Vente,95000,145,AV FAIDHERBE,596060000Y0520,Maison,108,3.504584,50.356327
2022-973786,2022-05-31,Vente,155000,62,RUE DELSAUX,59606000AT0570,Appartement,13,3.524503,50.355151
2022-973786,2022-05-31,Vente,155000,62,RUE DELSAUX,59606000AT0570,Appartement,9,3.524503,50.355151
2022-973786,2022-05-31,Vente,155000,62,RUE DELSAUX,59606000AT0570,Appartement,13,3.524503,50.355151
2022-973786,2022-05-31,Vente,155000,62,RUE DELSAUX,59606000AT0570,Appartement,15,3.524503,50.355151
2022-973789,2022-05-30,Vente,83900,139,AV DESANDROUINS,59606000AH0277,Maison,60,3.494922,50.36178
2022-973795,2022-06-01,Vente en l'état futur d'achèvement,143570,11,RUE HENRI CAFFIAUX,596060000W0458,Appartement,46,3.514247,50.352684
2022-973798,2022-05-30,Vente,124000,36,PL D ARMES,59606000AV0129,Appartement,84,3.524126,50.358244
2022-973816,2022-05-31,Vente,114500,8,RUE CLAUDIN LEJEUNE,596060000N0202,Appartement,38,3.525256,50.350731
2022-973834,2022-06-20,Vente,103000,63,RUE BAUDOUIN L EDIFIEUR,596060000M0446,Appartement,65,3.528555,50.350983
2022-973872,2022-06-17,Vente en l'état futur d'achèvement,352000,,AV DE LIEGE,596060000G0041,Appartement,88,3.543232,50.367488
2022-973875,2022-06-16,Vente en l'état futur d'achèvement,176000,,AV DE LIEGE,596060000G0041,Appartement,45,3.543232,50.367488
2022-973880,2022-06-20,Vente,220000,2,AV DE LA TOURELLE,596060000R0765,Appartement,75,3.520987,50.348298
2022-973895,2022-06-17,Vente,100000,49,RUE LOUISE D EPINAY,596060000R0318,Maison,60,3.520474,50.346593
2022-973896,2022-06-16,Vente,79920,69,RUE DU MARQUIS RES FLANDRES,596060000H0118,Appartement,49,3.54262,50.364852
2022-973935,2022-05-27,Vente,113560,21,RUE DE LA PAIX,59606000AU0249,Appartement,74,3.524197,50.359415
2022-973961,2022-06-23,Vente,45000,84,RUE BAUDOUIN L EDIFIEUR,596060000M0006,Appartement,21,3.526413,50.35105
2022-973963,2022-05-30,Vente,149000,37,RUE DES RECOLLETS,59606000AQ0114,Maison,111,3.520193,50.358251
2022-973966,2022-06-02,Vente,518046.62,77,RUE DE LILLE,59606000AQ0371,Appartement,79,3.522744,50.360888
2022-973966,2022-06-02,Vente,518046.62,77,RUE DE LILLE,59606000AQ0371,Appartement,45,3.522744,50.360888
2022-973966,2022-06-02,Vente,518046.62,77,RUE DE LILLE,59606000AQ0371,Appartement,33,3.522744,50.360888
2022-973966,2022-06-02,Vente,518046.62,77,RUE DE LILLE,59606000AQ0371,Appartement,45,3.522744,50.360888
2022-973966,2022-06-02,Vente,518046.62,77,RUE DE LILLE,59606000AQ0371,Appartement,33,3.522744,50.360888
2022-973966,2022-06-02,Vente,518046.62,5,RUE DU FOUR DE LA PAIX,59606000AQ0377,Maison,24,3.522514,50.361017
2022-973966,2022-06-02,Vente,518046.62,3,IMP BADIN,59606000AQ1051,Maison,60,3.522459,50.360665
2022-973966,2022-06-02,Vente,518046.62,9,RUE DE LILLE IMP SARRAZIN,59606000AU0321,Maison,21,3.52271,50.36075
2022-974006,2022-06-21,Vente,339000,26,AV DAMPIERRE,59606000AL0165,Maison,126,3.510639,50.36589
2022-974006,2022-06-21,Vente,339000,26,AV DAMPIERRE,59606000AL0165,Appartement,29,3.510639,50.36589
2022-974006,2022-06-21,Vente,339000,26,AV DAMPIERRE,59606000AL0165,Appartement,30,3.510639,50.36589
2022-974006,2022-06-21,Vente,339000,26,AV DAMPIERRE,59606000AL0165,Appartement,21,3.510639,50.36589
2022-974006,2022-06-21,Vente,339000,26,AV DAMPIERRE,59606000AL0165,Appartement,14,3.510639,50.36589
2022-974007,2022-06-08,Vente,522900,11,RUE DES ECHELLES,59606000AR0291,Maison,165,3.528741,50.361006
2022-974068,2022-06-08,Vente,275000,17,RUE DE LA CITADELLE,59606000AJ0891,Appartement,35,3.510877,50.359426
2022-974068,2022-06-08,Vente,275000,17,RUE DE LA CITADELLE,59606000AJ0891,Appartement,35,3.510877,50.359426
2022-974068,2022-06-08,Vente,275000,17,RUE DE LA CITADELLE,59606000AJ0891,Appartement,130,3.510877,50.359426
2022-974084,2022-06-09,Vente,45500,2,RUE FRATERNITE RES VINCENNES,59606000AG0519,Appartement,32,3.497184,50.363719
2022-974088,2022-06-10,Vente,155500,9001,LE VIGNOBLE RES DIANE,59606000AB0479,Appartement,72,3.494095,50.350626
2022-974093,2022-06-07,Vente,335000,4,RUE DU FORT MINIQUE,596060000I0553,Appartement,126,3.532779,50.358303
2022-974096,2022-06-13,Vente,276370,28,AV DE LIEGE,596060000E0254,Maison,143,3.533221,50.362346
2022-974117,2022-06-09,Vente,147960,14,RUE MICHEL DUCHAUSSOY,59606000AH1656,Maison,85,3.493573,50.359572
2022-974121,2022-06-27,Vente,157000,138,AV DE REIMS,596060000T0197,Maison,84,3.524842,50.346329
2022-974146,2022-06-29,Vente,115000,118,RUE EMMANUEL REY,59606000AL0401,Maison,104,3.511145,50.362402
2022-974211,2022-06-16,Vente,251650,2,RUE DAVID DESVACHEZ,596060000L0121,Appartement,93,3.53092,50.355031
2022-974227,2022-06-29,Vente en l'état futur d'achèvement,190000,,RUE ERNEST MACAREZ,596060000D0538,Appartement,69,3.532546,50.3689
2022-974230,2022-06-23,Vente,133000,2,RUE DELSAUX,59606000AV0297,Appartement,102,3.52589,50.357673
2022-974236,2022-06-03,Vente,93000,16,RUE DU GENERAL CHERE,59606000AO0172,Maison,55,3.519779,50.371009
2022-974273,2022-06-30,Vente,165000,7,RES CAPRON AVE DENTELLIERE,59606000AT0926,Appartement,106,3.521636,50.356727
2022-974279,2022-06-30,Vente,289000,29,RUE KILMAINE,59606000AJ0601,Maison,118,3.50962,50.36088
2022-974285,2022-06-07,Vente,126000,30,RUE CONSTANT MOYAUX,59606000AI0466,Maison,75,3.506873,50.364259
2022-974297,2022-06-23,Vente,70000,8,CHE PLANCHES ALL BONS VOULOIR,596060000Q0245,Maison,87,3.518425,50.351861
2022-974304,2022-06-21,Vente,65000,28,PL DE LA LIBERATION,596060000I0320,Maison,98,3.538375,50.360851
2022-974306,2022-06-21,Vente,700000,81,AV DU FBG DE CAMBRAI,596060000U0440,Appartement,103,3.511141,50.342985
2022-974306,2022-06-21,Vente,700000,81,AV DU FBG DE CAMBRAI,596060000U0440,Appartement,102,3.511141,50.342985
2022-974306,2022-06-21,Vente,700000,81,AV DU FBG DE CAMBRAI,596060000U0440,Appartement,50,3.511141,50.342985
2022-974306,2022-06-21,Vente,700000,81,AV DU FBG DE CAMBRAI,596060000U0440,Appartement,125,3.511141,50.342985
2022-974306,2022-06-21,Vente,700000,79,AV DU FBG DE CAMBRAI,596060000U0441,Appartement,80,3.511315,50.343113
2022-974306,2022-06-21,Vente,700000,79,AV DU FBG DE CAMBRAI,596060000U0441,Appartement,80,3.511315,50.343113
2022-974317,2022-06-08,Vente,176000,3,RUE DU QUESNOY,59606000AV0358,Appartement,90,3.524455,50.358527
2022-974319,2022-06-22,Vente,563500,6,RUE D OULTREMAN,59606000AT0471,Appartement,218,3.52256,50.355655
2022-974331,2022-06-24,Vente en l'état futur d'achèvement,176000,,AV DE LIEGE,596060000G0041,Appartement,42,3.543232,50.367488
2022-974356,2022-06-08,Vente,88000,46,RUE MALPLAQUET,596060000Y0911,Appartement,46,3.507745,50.351917
2022-974358,2022-07-01,Vente,205000,90,RTE D AULNOY,596060000T0411,Maison,95,3.529781,50.342529
2022-974364,2022-06-28,Vente,170500,,RUE HENRI CAFFIAUX,596060000W0462,Appartement,47,3.513755,50.352113
2022-974372,2022-06-07,Vente,86000,232,BD HARPIGNIES,59606000AZ0144,Appartement,39,3.526504,50.364673
2022-974379,2022-06-27,Vente,75000,2,RUE DAVID DESVACHEZ,596060000L0121,Appartement,33,3.53092,50.355031
2022-974382,2022-06-24,Vente,209000,,RUE DU COLLEGE,596060000D0503,Appartement,72,3.530395,50.363856
2022-974383,2022-06-23,Vente,175065,,RUE DU COLLEGE,596060000D0503,Appartement,63,3.530395,50.363856
2022-974451,2022-06-13,Vente,75000,9001,RUE DU 10 SEPTEMBRE 1942,59606000AZ0146,Appartement,36,3.525584,50.365344
2022-974473,2022-06-20,Vente,59000,166,AV DAMPIERRE,59606000AL0026,Appartement,29,3.508622,50.362344
2022-974477,2022-06-21,Vente en l'état futur d'achèvement,121500,,RUE HENRI CAFFIAUX,596060000W0462,Appartement,30,3.513755,50.352113
2022-974495,2022-06-10,Vente,149000,17,AV DENTELLIERE RES CATHERINE,59606000AT0928,Appartement,88,3.520249,50.356086
2022-974496,2022-06-27,Vente en l'état futur d'achèvement,203000,,RUE HENRI CAFFIAUX,596060000W0462,Appartement,63,3.513755,50.352113
2022-974500,2022-06-29,Vente en l'état futur d'achèvement,238800,20,CHE DU HALAGE,59606000AP0222,Appartement,83,3.51612,50.365704
2022-974506,2022-06-30,Vente en l'état futur d'achèvement,206435,16,CHE DU HALAGE,59606000AP0222,Appartement,66,3.51612,50.365704
2022-974522,2022-06-10,Vente,89600,81,RUE DE LA DIGUE RESID RUBENS,596060000P0304,Appartement,46,3.517633,50.353679
2022-974526,2022-06-10,Vente,91000,81,RUE DE LA DIGUE RESID RUBENS,596060000P0304,Appartement,43,3.517633,50.353679
2022-974531,2022-06-09,Vente,58000,3,RUE DES VIVIERS,59606000AT1053,Appartement,26,3.521457,50.356101
2022-974532,2022-06-17,Vente en l'état futur d'achèvement,151500,11,RUE HENRI CAFFIAUX,596060000W0458,Appartement,43,3.514247,50.352684
2022-974578,2022-06-29,Vente,125000,72,AV CLEMENCEAU RES HARPIGNIES,59606000AQ0876,Appartement,72,3.520984,50.361391
2022-974584,2022-06-30,Vente,167500,,RUE HENRI CAFFIAUX,596060000W0462,Appartement,47,3.513755,50.352113
2022-974587,2022-06-29,Vente,38500,14,RUE JEAN BERNIER,596060000R0209,Appartement,19,,
2022-974592,2022-06-23,Vente,155000,12,COUR CHARLES BETREMIEUX,59606000AR0915,Maison,78,3.523342,50.361638
2022-974612,2022-06-29,Vente,72000,57,BD PATER,596060000I0551,Appartement,27,3.532392,50.358941
2022-974627,2022-06-27,Vente,121500,108,ALL DES CHENES,596060000T1351,Maison,105,3.524263,50.34294
2022-974656,2022-06-20,Vente,96000,137,RUE HENRY DERYCKE LES TERTIALE,59606000AZ0144,Appartement,54,3.526504,50.364673
2022-974677,2022-06-29,Vente,123000,,RUE HENRI CAFFIAUX,596060000W0462,Appartement,29,3.513755,50.352113
2022-974678,2022-06-27,Vente,147000,,RUE HENRI CAFFIAUX,596060000W0462,Appartement,35,3.513755,50.352113
2022-974683,2022-07-07,Vente,205000,1,RUE NOTRE DAME,59606000AT0180,Appartement,54,3.519107,50.356222
2022-974715,2022-06-20,Vente,132500,15,AV DE DENAIN,596060000Y0086,Maison,77,3.503563,50.356162
2022-974741,2022-06-28,Vente en l'état futur d'achèvement,122644,1,RUE FRANCOIS COLLIEZ,596060000W0458,Appartement,41,3.514247,50.352684
2022-974764,2022-06-24,Vente,142500,44,RUE DU 10 SEPTEMBRE 1942,59606000AZ0144,Appartement,74,3.526504,50.364673
2022-974794,2022-06-27,Vente,385000,9011,RUE DU 10 SEPTEMBRE 1942,59606000AZ0122,Appartement,119,3.525465,50.365574
2022-974796,2022-07-06,Vente en l'état futur d'achèvement,166000,16,CHE DU HALAGE,59606000AP0222,Appartement,42,3.51612,50.365704
2022-974805,2022-07-12,Vente,194735,19,LE CLOS SAINT ROCH,596060000B0495,Maison,94,3.538278,50.369591
2022-974823,2022-07-01,Vente,111000,29,RUE CAPRON,59606000AT0214,Appartement,57,3.519183,50.357171
2022-974826,2022-06-22,Vente,85000,19,RUE ASKIEVRE,59606000AT1017,Appartement,49,3.524442,50.355859
2022-974840,2022-06-22,Vente,85000,9,PL DES ILOTS,59606000AU0244,Appartement,51,3.52378,50.358922
2022-974851,2022-06-29,Vente,201000,42,RUE VEDRINES,596060000S0167,Maison,98,3.527151,50.346166
2022-974856,2022-07-18,Vente,210000,2,RES S LEBOUCQ AVE DENTELLI,59606000AT0849,Appartement,107,3.521159,50.357137
2022-974857,2022-07-01,Vente,125000,14,CRS DU LION D'OR,59606000AR0085,Maison,64,3.522551,50.362004
2022-974872,2022-06-28,Vente,85600,32,RUE ROUGEVILLE RES LES FORGES,596060000D0291,Appartement,37,3.534863,50.369261
2022-974873,2022-06-29,Vente,125000,81,RUE DE LA DIGUE RESID RUBENS,596060000P0304,Appartement,51,3.517633,50.353679
2022-974878,2022-06-24,Vente,130000,5,BOULEVARD DES ALLIES,596060000C0270,Maison,78,3.522508,50.366346
2022-974903,2022-06-30,Vente,186000,180,BD HARPIGNIES RES J DUCHESNOI,59606000AZ0145,Appartement,81,3.526685,50.364385
2022-974910,2022-07-13,Vente,500000,21,PL DU HUIT MAI 1945,59606000AT1122,Appartement,189,3.518972,50.357103
2022-974948,2022-06-27,Vente,194500,14,RUE CASIMIR PERIER,596060000Z0334,Maison,76,3.497013,50.357313
2022-974957,2022-07-08,Vente,95000,84,RUE DURIN,596060000M0632,Appartement,48,3.534138,50.349533
2022-974988,2022-06-24,Vente,179000,29,AV DES DENTELLIERES,59606000AT0924,Appartement,98,3.519625,50.355409
2022-974989,2022-06-30,Vente,127000,52,RUE DU VERGER,59606000AH0834,Maison,75,3.490299,50.357187
2022-974994,2022-06-30,Vente,108000,71,CHE DES BOURGEOIS,596060000T0802,Maison,72,3.521653,50.346381
2022-975006,2022-07-07,Vente,175000,1,RUE HONHON,59606000AQ0385,Appartement,12,3.522092,50.362066
2022-975006,2022-07-07,Vente,175000,1,RUE HONHON,59606000AQ0385,Appartement,12,3.522092,50.362066
2022-975006,2022-07-07,Vente,175000,1,RUE HONHON,59606000AQ0385,Appartement,12,3.522092,50.362066
2022-975006,2022-07-07,Vente,175000,1,RUE HONHON,59606000AQ0385,Appartement,12,3.522092,50.362066
2022-975006,2022-07-07,Vente,175000,1,RUE HONHON,59606000AQ0385,Appartement,20,3.522092,50.362066
2022-975016,2022-07-06,Vente,126900,20,RUE DE LA MESANGE,596060000T0849,Maison,68,3.522283,50.345335
2022-975020,2022-06-30,Vente,200000,305,AV DAMPIERRE,59606000AI0075,Maison,100,3.504766,50.358414
2022-975021,2022-07-06,Vente,270900,104,RUE HENRI DURRE,59606000AJ0478,Maison,107,3.507762,50.35881
2022-975033,2022-06-07,Vente,229000,11,ALL DES CEPAGES LE VIGNOBLE,59606000AY0456,Maison,92,3.497267,50.348959
2022-975034,2022-07-05,Vente,118750,16,RUE CHARLES TAUCHON,59606000AH0377,Maison,72,3.495838,50.360116
2022-975038,2022-07-07,Vente,101200,10,RUE DE LA FAUVETTE,596060000T0834,Maison,72,3.521909,50.346205
2022-975040,2022-06-30,Vente,90160,24,ENC J PHILIPPE RAMEAU,59606000AC0354,Maison,94,3.485429,50.355688
2022-975053,2022-06-22,Vente,249200,34,RUE DE LA LONGUE CHASSE,596060000C0175,Appartement,24,3.532645,50.372745
2022-975053,2022-06-22,Vente,249200,34,RUE DE LA LONGUE CHASSE,596060000C0175,Appartement,33,3.532645,50.372745
2022-975053,2022-06-22,Vente,249200,34,RUE DE LA LONGUE CHASSE,596060000C0175,Appartement,21,3.532645,50.372745
2022-975053,2022-06-22,Vente,249200,34,RUE DE LA LONGUE CHASSE,596060000C0175,Appartement,33,3.532645,50.372745
2022-975059,2022-07-12,Vente,134000,10,IMPASSE DU TONKIN,596060000M0312,Maison,57,3.529742,50.350353
2022-975059,2022-07-12,Vente,134000,8,IMPASSE DU TONKIN,596060000M0313,Maison,40,3.529989,50.350369
2022-975092,2022-07-15,Vente,120500,18,RUE DE L INTENDANCE,59606000AR0631,Appartement,51,3.52569,50.360015
2022-975106,2022-07-07,Vente,145500,4,RUE D OULTREMAN,59606000AT0472,Appartement,68,3.522385,50.355682
2022-975108,2022-06-30,Vente en l'état futur d'achèvement,143600,1,RUE FRANCOIS COLLIEZ,596060000W0458,Appartement,49,3.514247,50.352684
2022-975112,2022-06-30,Vente en l'état futur d'achèvement,134900,1,RUE FRANCOIS COLLIEZ,596060000W0458,Appartement,39,3.514247,50.352684
2022-975114,2022-07-07,Vente,168100,3,RUE DELSAUX,59606000AW0132,Appartement,103,3.526469,50.357379
2022-975116,2022-06-30,Vente,225055,14,PL DU NEUF BOURG,59606000AT0019,Appartement,24,3.518351,50.358093
2022-975116,2022-06-30,Vente,225055,14,PL DU NEUF BOURG,59606000AT0019,Appartement,45,3.518351,50.358093
2022-975116,2022-06-30,Vente,225055,14,PL DU NEUF BOURG,59606000AT0019,Appartement,37,3.518351,50.358093
2022-975116,2022-06-30,Vente,225055,14,PL DU NEUF BOURG,59606000AT0019,Appartement,37,3.518351,50.358093
2022-975118,2022-06-29,Vente en l'état futur d'achèvement,200000,,AV DE LIEGE,596060000G0041,Appartement,58,3.543232,50.367488
2022-975162,2022-07-06,Vente,341800,116,AV VILLARS,59606000AJ0006,Maison,153,3.505107,50.357205
2022-975181,2022-07-05,Vente,180700,23,RUE SCHERER,59606000AJ0065,Maison,77,3.507274,50.358351
2022-975183,2022-07-13,Vente,92111,4,PL ABBE THELLIER PONCHEVILLE,59606000AS0692,Maison,69,3.526248,50.355074
2022-975183,2022-07-13,Vente,92111,2,PL ABBE THELLIER PONCHEVILLE,59606000AS0693,Maison,70,3.5262,50.355011
2022-975187,2022-06-30,Vente,55000,1,RUE MAURICE RUFFIN,59606000AT1093,Appartement,57,3.518313,50.357323
2022-975188,2022-06-29,Vente,169000,15,BD EISEN,596060000E0236,Maison,84,3.531335,50.362065
2022-975198,2022-07-11,Vente,400000,27,BD CARPEAUX,596060000N0088,Maison,193,3.524652,50.352177
2022-975198,2022-07-11,Vente,400000,25,BD CARPEAUX,596060000N0089,Appartement,46,3.524707,50.352256
2022-975198,2022-07-11,Vente,400000,25,BD CARPEAUX,596060000N0089,Appartement,44,3.524707,50.352256
2022-975204,2022-07-07,Vente,35000,3,RUE DES VIVIERS,59606000AT1053,Appartement,20,3.521457,50.356101
2022-975209,2022-07-11,Vente,112000,10,RES VAL CLAIR R S LEBOUCQ,59606000AT0801,Appartement,73,3.518261,50.356154
2022-975228,2022-07-19,Vente,115000,9,RUE E HIOLLE RES FORT MINIQUE,596060000I0610,Appartement,49,3.53609,50.358191
2022-975231,2022-07-07,Vente,37000,3,RUE DES VIVIERS,59606000AT1053,Appartement,20,3.521457,50.356101
2022-975240,2022-07-04,Vente,140000,63,RUE DESIRE GERNEZ,596060000Y0247,Maison,110,3.504871,50.353803
2022-975242,2022-06-10,Vente,102000,94,AV DE DENAIN,596060000Z0144,Maison,72,3.500073,50.355075
2022-975249,2022-07-08,Vente,125000,35,AV DES DENTELLIERES,59606000AT0924,Appartement,98,3.519625,50.355409
2022-975251,2022-07-05,Vente,62000,3,RUE NOTRE DAME,59606000AT0181,Appartement,27,3.518981,50.356223
2022-975268,2022-07-21,Vente,119000,1,RUE ERNEST HIOLLE RES POSIERE,596060000I0607,Appartement,39,3.533988,50.358259
2022-975292,2022-07-06,Vente,181000,15,AV DE SAINT-AMAND,59606000AL0588,Maison,84,3.512616,50.365918
2022-975318,2022-06-27,Vente,200000,20,SEN DE LA PLACE D'ANZIN,59606000AF0413,Appartement,87,3.490147,50.368564
2022-975327,2022-07-07,Vente,38000,18,AV DESANDROUINS COUR LOMPREZ,59606000AH0261,Maison,40,3.494432,50.361229
2022-975361,2022-06-25,Vente,195000,2,VC RES SALY RUE SIMON LEBOUCQ,59606000AT0910,Appartement,168,3.518612,50.355883
2022-975364,2022-07-01,Vente,125000,8,RUE D ANJOU,596060000S0424,Maison,71,3.5328,50.346623
2022-975367,2022-07-12,Vente en l'état futur d'achèvement,144500,1,RUE FRANCOIS COLLIEZ,596060000W0458,Appartement,43,3.514247,50.352684
2022-975368,2022-07-18,Vente,211000,2,RUE DES FUSILLES,596060000I0384,Maison,135,3.540801,50.360306
2022-975378,2022-07-18,Vente en l'état futur d'achèvement,182900,1,RUE FRANCOIS COLLIEZ,596060000W0458,Appartement,69,3.514247,50.352684
2022-975382,2022-07-19,Vente en l'état futur d'achèvement,143500,1,RUE FRANCOIS COLLIEZ,596060000W0458,Appartement,42,3.514247,50.352684
2022-975392,2022-07-18,Vente,141000,180,BD HARPIGNIES RES J DUCHESNOI,59606000AZ0145,Appartement,65,3.526685,50.364385
2022-975398,2022-07-18,Vente,90000,110,RUE DE TINCHON,59606000AC0065,Maison,95,3.489384,50.359394
2022-975410,2022-07-13,Vente,149000,11,RUE DE LA DIGUE,596060000P0106,Maison,64,3.5197,50.352709
2022-975432,2022-07-20,Vente,230000,41,RUE DE LA BARRE,59606000AT1045,Appartement,26,3.523217,50.353194
2022-975432,2022-07-20,Vente,230000,41,RUE DE LA BARRE,59606000AT1045,Appartement,36,3.523217,50.353194
2022-975432,2022-07-20,Vente,230000,41,RUE DE LA BARRE,59606000AT1045,Appartement,38,3.523217,50.353194
2022-975432,2022-07-20,Vente,230000,41,RUE DE LA BARRE,59606000AT1045,Appartement,30,3.523217,50.353194
2022-975432,2022-07-20,Vente,230000,41,RUE DE LA BARRE,59606000AT1045,Appartement,24,3.523217,50.353194
2022-975511,2022-07-27,Vente,185000,9004,CHE DES ALLIES,596060000D0486,Appartement,47,3.530967,50.367051
2022-975530,2022-07-04,Vente,215000,78,RUE DE PARIS,59606000AQ0184,Appartement,57,3.518762,50.359093
2022-975535,2022-07-18,Vente,50000,27,RUE COLART CRESTE,596060000F0062,Maison,70,3.540182,50.365938
2022-975551,2022-07-06,Vente,300000,13,RUE JULES DELSART,59606000AM0071,Maison,100,3.512284,50.367125
2022-975555,2022-07-07,Vente,108000,100,RUE DE PARIS,59606000AT0055,Maison,60,3.518845,50.35769
2022-975567,2022-07-22,Vente,175000,21,RUE VIEILLE POISSONNERIE,59606000AU0215,Appartement,76,3.522615,50.358051
2022-975577,2022-07-22,Vente,132000,1,VC CHASSE ST ROCH,596060000A0181,Maison,82,3.537114,50.373282
2022-975585,2022-07-25,Vente,165000,98,RUE PEGOUD,596060000T0639,Maison,85,3.530234,50.344116
2022-975629,2022-07-13,Vente,190300,,RUE DE LILLE,59606000AR1094,Appartement,55,3.523377,50.361431
2022-975640,2022-07-25,Vente,200000,5,RUE ARTHUR DINAUX,59606000AW0120,Appartement,27,3.529235,50.35839
2022-975640,2022-07-25,Vente,200000,5,RUE ARTHUR DINAUX,59606000AW0120,Appartement,47,3.529235,50.35839
2022-975640,2022-07-25,Vente,200000,5,RUE ARTHUR DINAUX,59606000AW0120,Appartement,53,3.529235,50.35839
2022-975690,2022-07-12,Vente,138000,65,AV DE LIEGE,596060000E0369,Maison,64,3.534906,50.363464
2022-975696,2022-07-27,Vente,73500,14,RUE CHARLES TAUCHON,59606000AH0378,Maison,83,3.495885,50.360143
2022-975697,2022-07-22,Vente,419000,10,RESIDENCE PIERRE SZEKELY,596060000G0128,Maison,158,3.540367,50.366665
2022-975722,2022-07-20,Vente,200500,,RUE HENRI CAFFIAUX,596060000W0462,Appartement,62,3.513755,50.352113
2022-975739,2022-07-07,Vente,123500,46,RUE DERRIERE LES MURS DE BAVAY,59606000AQ0260,Appartement,74,3.521368,50.36041
2022-975756,2022-07-19,Vente en l'état futur d'achèvement,161500,,RUE ERNEST MACAREZ,596060000D0538,Appartement,49,3.532546,50.3689
2022-975760,2022-07-06,Vente,105300,13,RUE HENRY DERYCKE LES TERTIALE,59606000AZ0148,Appartement,27,3.527832,50.364451
2022-975771,2022-07-29,Vente,110000,166,AV DAMPIERRE,59606000AL0026,Appartement,72,3.508622,50.362344
2022-975778,2022-07-01,Vente,89872,78,RUE DE PARIS,59606000AQ0184,Appartement,68,3.518762,50.359093
2022-975784,2022-07-20,Vente,182000,15,RUE CATHERINE SAMIE,59606000AH1682,Maison,82,3.494723,50.359641
2022-975796,2022-07-22,Vente,155000,3,RUE DERRIERE LES MURS DE BAVAY,59606000AQ0349,Appartement,31,3.522323,50.361268
2022-975796,2022-07-22,Vente,155000,3,RUE DERRIERE LES MURS DE BAVAY,59606000AQ0349,Appartement,50,3.522323,50.361268
2022-975800,2022-07-20,Vente,170000,5,RUE HENRI CAFFIAUX,596060000W0254,Appartement,15,3.515256,50.352761
2022-975800,2022-07-20,Vente,170000,5,RUE HENRI CAFFIAUX,596060000W0254,Appartement,11,3.515256,50.352761
2022-975800,2022-07-20,Vente,170000,5,RUE HENRI CAFFIAUX,596060000W0254,Appartement,11,3.515256,50.352761
2022-975800,2022-07-20,Vente,170000,5,RUE HENRI CAFFIAUX,596060000W0254,Appartement,24,3.515256,50.352761
2022-975804,2022-07-18,Vente,65500,18,RUE PERCEPAIN,59606000AR0841,Appartement,22,3.523925,50.362234
2022-975805,2022-07-28,Vente,125000,70,RUE DELSAUX,59606000AT0578,Appartement,54,3.524349,50.354867
2022-975805,2022-07-28,Vente,125000,70,RUE DELSAUX,59606000AT0578,Appartement,33,3.524349,50.354867
2022-975809,2022-07-22,Vente,53000,44,RUE DE L EPAIX,596060000D0110,Maison,46,3.533173,50.366551
2022-975815,2022-07-29,Vente,153000,9,RUE ELEUTHERE MASCART,596060000Y0259,Maison,100,3.505741,50.353684
2022-975816,2022-07-21,Vente,133000,49,RUE DE LA DIGUE,596060000P0303,Appartement,49,3.518831,50.353247
2022-975821,2022-07-28,Vente,240000,33,RUE JACQUES PERDRIX,596060000J0098,Maison,92,3.535566,50.354435
2022-975825,2022-07-21,Vente,111500,125,AV FAIDHERBE,596060000Y0908,Appartement,53,3.505192,50.355325
2022-975833,2022-07-20,Vente,141000,82,AV DE VERDUN,596060000M0573,Maison,69,3.535303,50.352365
2022-975860,2022-07-26,Vente en l'état futur d'achèvement,240300,20,CHE DU HALAGE,59606000AP0222,Appartement,83,3.51612,50.365704
2022-975861,2022-07-25,Vente en l'état futur d'achèvement,223900,16,CHE DU HALAGE,59606000AP0222,Appartement,67,3.51612,50.365704
2022-975862,2022-07-22,Vente,112030,3,IMP MIROUX,59606000AN0206,Appartement,10,3.516567,50.36959
2022-975862,2022-07-22,Vente,112030,3,IMP MIROUX,59606000AN0206,Appartement,10,3.516567,50.36959
2022-975862,2022-07-22,Vente,112030,3,IMP MIROUX,59606000AN0206,Appartement,25,3.516567,50.36959
2022-975862,2022-07-22,Vente,112030,3,IMP MIROUX,59606000AN0206,Appartement,18,3.516567,50.36959
2022-975862,2022-07-22,Vente,112030,3,IMP MIROUX,59606000AN0206,Appartement,10,3.516567,50.36959
2022-975863,2022-07-18,Vente,65100,2,RUE DE SOLIDARITE RES NEUILLY,59606000AG0519,Appartement,32,3.497184,50.363719
2022-975868,2022-07-07,Vente,5500,11,RUE SALLE LE COMTE,59606000AR0166,Appartement,93,3.528258,50.36249
2022-975869,2022-07-21,Vente,110000,84,AV DE DENAIN,596060000Z0772,Maison,106,3.5003,50.355263
2022-975870,2022-07-12,Vente,98000,32,RUE LOMPREZ,596060000Z0201,Maison,44,3.500939,50.356087
2022-975873,2022-07-21,Vente,85000,28,RUE GAMBETTA,59606000AO0038,Maison,92,3.517353,50.371466
2022-975899,2022-06-27,Vente,182000,83,AV DE DENAIN,596060000Z0464,Maison,93,3.500117,50.354626
2022-975906,2022-08-01,Vente,110000,10,AV DU FBG DE CAMBRAI,596060000R1014,Appartement,86,3.514528,50.346267
2022-975942,2022-07-21,Vente,51000,4,RUE MATHIEU DE QUINVIGNIES,59606000AW0074,Maison,47,3.52809,50.358147
2022-975952,2022-08-04,Vente,69000,15,RUE DU BOIS,59606000AR0190,Maison,21,3.528021,50.360684
2022-975962,2022-07-26,Vente,149000,13,RUE HENRY DERYCKE LES TERTIALE,59606000AZ0148,Appartement,41,3.527832,50.364451
2022-975980,2022-07-28,Vente,214000,,RUE DE LILLE,59606000AR1094,Appartement,62,3.523377,50.361431
2022-975986,2022-07-28,Vente,137000,,RUE HENRI CAFFIAUX,596060000W0462,Appartement,36,3.513755,50.352113
2022-975994,2022-08-01,Vente en l'état futur d'achèvement,158900,,RUE DE LA DELIVRANCE,59606000AJ0884,Appartement,41,3.510019,50.354922
2022-976002,2022-08-04,Vente,45400,14,RUE JEAN BERNIER,596060000R0209,Appartement,19,,
2022-976019,2022-07-12,Vente,175000,19,RUE DES FOULONS,59606000AT0995,Appartement,37,3.522629,50.354853
2022-976019,2022-07-12,Vente,175000,19,RUE DES FOULONS,59606000AT0995,Appartement,104,3.522629,50.354853
2022-976026,2022-07-25,Vente,104000,125,AV FAIDHERBE,596060000Y0908,Appartement,48,3.505192,50.355325
2022-976037,2022-08-05,Vente,216999.48,6,RUE J F MOMAL RES ST LUC,596060000U0418,Maison,86,3.508026,50.340861
2022-976043,2022-08-02,Vente,216600,4,ALL DES CEPAGES LE VIGNOBLE,59606000AY0446,Maison,87,3.496336,50.348246
2022-976065,2022-07-27,Vente en l'état futur d'achèvement,209000,,RUE ERNEST MACAREZ,596060000D0538,Appartement,62,3.532546,50.3689
2022-976086,2022-07-27,Vente,37600,1,RUE ERNEST HIOLLE RES POSIERE,596060000I0607,Appartement,26,3.533988,50.358259
2022-976143,2022-08-02,Vente,106000,19,AV DENTELLIERE RES CATHERINE,59606000AT0928,Appartement,56,3.520249,50.356086
2022-976230,2022-07-28,Vente,183300,6,RUE JACQUES PERDRIX,596060000J0041,Appartement,79,3.534078,50.35408
2022-976235,2022-07-28,Vente,70000,119,RUE SAINT GERY,59606000AR0788,Appartement,37,3.526685,50.36104
2022-976258,2022-07-22,Vente,110000,1,AV DE LORRAINE,596060000R1016,Maison,81,3.517561,50.349257
2022-976264,2022-07-28,Vente,173500,5,RUE BARBE PARENT,59606000AL0188,Maison,62,3.510967,50.366236
2022-976265,2022-07-29,Vente,158000,26,RUE DU MUGUET,59606000AH0735,Maison,90,3.49085,50.357799
2022-976267,2022-07-25,Vente,108000,23,RUE ROUGEVILLE RES SAINT ROCH,596060000D0463,Appartement,53,3.533286,50.369406
2022-976268,2022-07-29,Vente,166800,11,RUE DU DOMAINE,59606000AH0594,Maison,83,3.491177,50.358747
2022-976270,2022-07-29,Vente,170000,3,RUE SAINT GERY,59606000AV0190,Appartement,102,3.525024,50.359185
2022-976273,2022-07-28,Vente,83800,34,RUE DE LA ROSERAIE,59606000AB0667,Maison,71,3.492142,50.353234
2022-976276,2022-07-26,Vente,96500,3,AV DES AUBEPINES,596060000T0817,Maison,68,3.520532,50.345179
2022-976316,2022-08-02,Vente,107000,125,AV FAIDHERBE,596060000Y0908,Appartement,53,3.505192,50.355325
2022-976319,2022-08-11,Vente en l'état futur d'achèvement,201000,,RUE ERNEST MACAREZ,596060000D0538,Appartement,66,3.532546,50.3689
2022-976363,2022-08-19,Vente,150850,22,RUE DU CLOS EMILE LEBACQZ,59606000AC0140,Maison,81,3.488901,50.358988
2022-976381,2022-08-22,Vente,85000,47,RUE DES RECOLLETS,59606000AQ0096,Appartement,42,3.519858,50.358194
2022-976428,2022-08-22,Vente,178100,9004,CHE DES ALLIES,596060000D0486,Appartement,47,3.530967,50.367051
2022-976441,2022-08-04,Vente,275000,10,RUE GEORGES CHASTELAIN,59606000AQ0157,Appartement,28,3.519714,50.358899
2022-976441,2022-08-04,Vente,275000,10,RUE GEORGES CHASTELAIN,59606000AQ0157,Appartement,70,3.519714,50.358899
2022-976441,2022-08-04,Vente,275000,10,RUE GEORGES CHASTELAIN,59606000AQ0157,Appartement,52,3.519714,50.358899
2022-976441,2022-08-04,Vente,275000,10,RUE GEORGES CHASTELAIN,59606000AQ0157,Appartement,63,3.519714,50.358899
2022-976441,2022-08-04,Vente,275000,10,RUE GEORGES CHASTELAIN,59606000AQ0157,Appartement,47,3.519714,50.358899
2022-976441,2022-08-04,Vente,275000,10,RUE GEORGES CHASTELAIN,59606000AQ0157,Appartement,47,3.519714,50.358899
2022-976475,2022-08-05,Vente,134000,9,RUE PIERRE FONTAINE,59606000AM0151,Maison,77,3.514403,50.367371
2022-976493,2022-08-01,Vente,119230,10,RUE DES CYTISES,596060000T0922,Maison,89,3.522717,50.343943
2022-976497,2022-07-29,Vente,540000,4,RUE SAINTE CATHERINE,59606000AT0312,Appartement,40,3.521024,50.355687
2022-976497,2022-07-29,Vente,540000,4,RUE SAINTE CATHERINE,59606000AT0312,Appartement,18,3.521024,50.355687
2022-976497,2022-07-29,Vente,540000,4,RUE SAINTE CATHERINE,59606000AT0312,Appartement,32,3.521024,50.355687
2022-976497,2022-07-29,Vente,540000,4,RUE SAINTE CATHERINE,59606000AT0312,Appartement,32,3.521024,50.355687
2022-976497,2022-07-29,Vente,540000,4,RUE SAINTE CATHERINE,59606000AT0312,Appartement,40,3.521024,50.355687
2022-976497,2022-07-29,Vente,540000,4,RUE SAINTE CATHERINE,59606000AT0312,Appartement,18,3.521024,50.355687
2022-976504,2022-08-29,Vente,127000,2,IMPASSE DU TONKIN,596060000M0710,Appartement,52,3.530342,50.350938
2022-976515,2022-08-22,Vente,230000,61,RUE THIERS,596060000Z0286,Maison,136,3.498253,50.357306
2022-976517,2022-08-03,Vente,74000,125,AV FAIDHERBE,596060000Y0908,Appartement,30,3.505192,50.355325
2022-976520,2022-08-04,Vente,260000,9001,BD WATTEAU RES LE CEDRE,596060000K0030,Appartement,104,3.53258,50.357728
2022-976532,2022-08-23,Vente,561470,24,AV DE VERDUN,596060000M0086,Maison,165,3.532061,50.353158
2022-976537,2022-08-05,Vente,440000,25,RUE DES RECOLLETS,59606000AU0356,Maison,80,3.521024,50.358193
2022-976543,2022-08-26,Vente,232500,84,AV DUCHESNOIS,596060000G0002,Maison,130,3.539165,50.366801
2022-976560,2022-08-23,Vente,50000,10,RUE DES MONNAYEURS,59606000AQ0873,Appartement,25,3.518829,50.363806
2022-976566,2022-08-10,Vente,98500,125,AV FAIDHERBE,596060000Y0908,Appartement,48,3.505192,50.355325
2022-976581,2022-08-31,Vente,140000,14,RUE BARBE PARENT,59606000AL0799,Maison,60,3.510925,50.365931
2022-976587,2022-08-18,Vente,235000,24,RUE DE BEAUMONT RES BEAUMONT,59606000AS0497,Appartement,126,3.529614,50.356137
2022-976588,2022-08-31,Vente,245500,4,RUE BARBE PARENT,59606000AL0622,Maison,33,3.510687,50.366066
2022-976588,2022-08-31,Vente,245500,6,RUE BARBE PARENT,59606000AL0671,Appartement,15,3.510777,50.366039
2022-976588,2022-08-31,Vente,245500,6,RUE BARBE PARENT,59606000AL0671,Appartement,15,3.510777,50.366039
2022-976588,2022-08-31,Vente,245500,6,RUE BARBE PARENT,59606000AL0671,Appartement,15,3.510777,50.366039
2022-976588,2022-08-31,Vente,245500,6,RUE BARBE PARENT,59606000AL0671,Appartement,15,3.510777,50.366039
2022-976588,2022-08-31,Vente,245500,6,RUE BARBE PARENT,59606000AL0671,Appartement,15,3.510777,50.366039
2022-976590,2022-08-29,Vente,450000,5,PL DE TOURNAI,59606000AQ0708,Appartement,15,3.518337,50.364536
2022-976590,2022-08-29,Vente,450000,5,PL DE TOURNAI,59606000AQ0708,Appartement,21,3.518337,50.364536
2022-976590,2022-08-29,Vente,450000,5,PL DE TOURNAI,59606000AQ0708,Appartement,18,3.518337,50.364536
2022-976590,2022-08-29,Vente,450000,5,PL DE TOURNAI,59606000AQ0708,Appartement,21,3.518337,50.364536
2022-976590,2022-08-29,Vente,450000,5,PL DE TOURNAI,59606000AQ0708,Appartement,15,3.518337,50.364536
2022-976590,2022-08-29,Vente,450000,5,PL DE TOURNAI,59606000AQ0708,Appartement,18,3.518337,50.364536
2022-976590,2022-08-29,Vente,450000,5,PL DE TOURNAI,59606000AQ0708,Appartement,18,3.518337,50.364536
2022-976590,2022-08-29,Vente,450000,5,PL DE TOURNAI,59606000AQ0708,Appartement,18,3.518337,50.364536
2022-976590,2022-08-29,Vente,450000,5,PL DE TOURNAI,59606000AQ0708,Appartement,18,3.518337,50.364536
2022-976590,2022-08-29,Vente,450000,5,PL DE TOURNAI,59606000AQ0708,Appartement,15,3.518337,50.364536
2022-976590,2022-08-29,Vente,450000,5,PL DE TOURNAI,59606000AQ0708,Appartement,21,3.518337,50.364536
2022-976590,2022-08-29,Vente,450000,5,PL DE TOURNAI,59606000AQ0708,Appartement,18,3.518337,50.364536
2022-976602,2022-08-26,Vente,116110,11,RUE DES GLATIGNIES,59606000AT1059,Appartement,73,3.517569,50.357927
2022-976612,2022-08-23,Vente,214000,31,RUE DE L ABREUVOIR,59606000AK0114,Appartement,45,3.512906,50.353616
2022-976612,2022-08-23,Vente,214000,31,RUE DE L ABREUVOIR,59606000AK0114,Appartement,65,3.512906,50.353616
2022-976612,2022-08-23,Vente,214000,31,RUE DE L ABREUVOIR,59606000AK0114,Appartement,50,3.512906,50.353616
2022-976686,2022-08-09,Vente,232000,6,PL DE TOURNAI,59606000AQ0742,Appartement,44,3.519403,50.364604
2022-976686,2022-08-09,Vente,232000,6,PL DE TOURNAI,59606000AQ0742,Appartement,69,3.519403,50.364604
2022-976692,2022-08-11,Vente,76000,16,RUE CAPRON,59606000AT0258,Appartement,50,3.520752,50.357157
2022-976696,2022-08-10,Vente,144310,16,PL DES PLATANES,596060000T0234,Maison,76,3.524249,50.344985
2022-976698,2022-08-12,Vente,175000,8,RUE DES GLATIGNIES,59606000AQ0045,Appartement,10,3.518329,50.358401
2022-976698,2022-08-12,Vente,175000,8,RUE DES GLATIGNIES,59606000AQ0045,Appartement,8,3.518329,50.358401
2022-976698,2022-08-12,Vente,175000,8,RUE DES GLATIGNIES,59606000AQ0045,Appartement,8,3.518329,50.358401
2022-976698,2022-08-12,Vente,175000,8,RUE DES GLATIGNIES,59606000AQ0045,Appartement,18,3.518329,50.358401
2022-976698,2022-08-12,Vente,175000,8,RUE DES GLATIGNIES,59606000AQ0045,Appartement,10,3.518329,50.358401
2022-976698,2022-08-12,Vente,175000,8,RUE DES GLATIGNIES,59606000AQ0045,Appartement,9,3.518329,50.358401
2022-976698,2022-08-12,Vente,175000,8,RUE DES GLATIGNIES,59606000AQ0045,Appartement,22,3.518329,50.358401
2022-976698,2022-08-12,Vente,175000,8,RUE DES GLATIGNIES,59606000AQ0045,Appartement,8,3.518329,50.358401
2022-976698,2022-08-12,Vente,175000,8,RUE DES GLATIGNIES,59606000AQ0045,Appartement,8,3.518329,50.358401
2022-976698,2022-08-12,Vente,175000,8,RUE DES GLATIGNIES,59606000AQ0045,Appartement,9,3.518329,50.358401
2022-976710,2022-08-16,Vente,259300,52,RUE DE LILLE,59606000AR0843,Appartement,85,3.5242,50.360515
2022-976719,2022-08-31,Vente en l'état futur d'achèvement,198000,,RUE ERNEST MACAREZ,596060000D0538,Appartement,66,3.532546,50.3689
2022-976764,2022-09-02,Vente,38500,25,BD PATER,596060000I0495,Appartement,16,3.532056,50.360001
2022-976771,2022-09-01,Vente,240000,6,RUE DU POITOU,596060000S0387,Maison,94,3.531435,50.346842
2022-976790,2022-08-29,Vente,163000,3,RUE DES CASTORS,596060000Y0674,Maison,77,3.501845,50.353179
2022-976794,2022-08-24,Vente,127400,25,AV DENTELLIERE RES CATHERINE,59606000AT0928,Appartement,82,3.520249,50.356086
2022-976796,2022-08-26,Vente,92500,6,RUE DE LA FRATERNITE RES PASSY,59606000AG0519,Appartement,50,3.497184,50.363719
2022-976810,2022-08-25,Vente,138000,81,RUE DE LA DIGUE RESID RUBENS,596060000P0304,Appartement,62,3.517633,50.353679
2022-976811,2022-08-30,Vente,72180,58,RUE DE PARIS,59606000AQ0241,Maison,40,3.520294,50.359442
2022-976822,2022-08-19,Vente,74500,11,RUE DE LA DOUANE,59606000AM0427,Maison,59,3.512118,50.367337
2022-976828,2022-08-31,Vente,137000,33,RUE DE ROMAINVILLE,596060000J0784,Appartement,63,3.536493,50.35455
2022-976830,2022-08-12,Vente,280900,32,AV MARECHAL JUIN,59606000AZ0006,Appartement,12,3.520259,50.365045
2022-976830,2022-08-12,Vente,280900,32,AV MARECHAL JUIN,59606000AZ0006,Appartement,12,3.520259,50.365045
2022-976830,2022-08-12,Vente,280900,32,AV MARECHAL JUIN,59606000AZ0006,Appartement,12,3.520259,50.365045
2022-976830,2022-08-12,Vente,280900,32,AV MARECHAL JUIN,59606000AZ0006,Appartement,12,3.520259,50.365045
2022-976830,2022-08-12,Vente,280900,32,AV MARECHAL JUIN,59606000AZ0006,Appartement,12,3.520259,50.365045
2022-976830,2022-08-12,Vente,280900,32,AV MARECHAL JUIN,59606000AZ0006,Appartement,12,3.520259,50.365045
2022-976830,2022-08-12,Vente,280900,32,AV MARECHAL JUIN,59606000AZ0006,Appartement,12,3.520259,50.365045
2022-976830,2022-08-12,Vente,280900,32,AV MARECHAL JUIN,59606000AZ0006,Appartement,12,3.520259,50.365045
2022-976834,2022-08-26,Vente,72000,23,RUE DE LA POTERNE,59606000AR0739,Appartement,30,3.530135,50.361352
2022-976848,2022-09-02,Vente,195000,27,RUE DES RECOLLETS,59606000AU0350,Appartement,17,3.520531,50.358112
2022-976848,2022-09-02,Vente,195000,27,RUE DES RECOLLETS,59606000AU0350,Appartement,43,3.520531,50.358112
2022-976894,2022-08-31,Vente,123000,77,RUE DE LA VILETTE,59606000AH0650,Maison,83,3.490741,50.359169
2022-976915,2022-08-30,Vente,156500,,RUE HENRI CAFFIAUX,596060000W0462,Appartement,42,3.513755,50.352113
2022-976924,2022-08-30,Vente,175000,4,CITE LENNE,596060000S0140,Maison,89,3.525985,50.346963
2022-976967,2022-09-02,Vente,245000,9004,CHE DES ALLIES,596060000D0486,Appartement,68,3.530967,50.367051
2022-976968,2022-08-30,Vente,91500,11,RUE DES GLATIGNIES,59606000AT1059,Appartement,35,3.517569,50.357927
2022-976975,2022-08-22,Vente,372000,12,RUE FONTAINE ST GILLES,596060000Q0089,Maison,165,3.520146,50.351479
2022-976980,2022-08-23,Vente,136000,7,RUE ELEUTHERE MASCART,596060000Y0258,Maison,65,3.505695,50.353699
2022-976988,2022-08-23,Vente,265000,9001,RUE DE L ATRE DE GERTRUDE,596060000M0404,Maison,120,3.529774,50.351556
2022-976991,2022-09-02,Vente,215000,107,CLOS SANCERRE LE VIGNOBLE,59606000AY0181,Maison,92,3.500014,50.351071
2022-976994,2022-08-24,Vente,163500,4,RUE DE PARIS,59606000AU0243,Appartement,82,3.523445,50.358859
2022-977017,2022-08-25,Vente,106000,13,RUE EMMANUEL REY,59606000AL0535,Maison,127,3.513144,50.365293
2022-977023,2022-08-30,Vente en l'état futur d'achèvement,205500,,RUE DE LA DELIVRANCE,59606000AJ0884,Appartement,62,3.510019,50.354922
2022-977024,2022-09-08,Vente,1024800,119,RUE DE FAMARS,59606000AT0946,Maison,484,3.522506,50.354334
2022-977025,2022-08-29,Vente,50500,320,BD HARPIGNIES,59606000AZ0056,Appartement,18,3.524966,50.364608
2022-977033,2022-08-26,Vente,180000,25,RUE EMMANUEL REY,59606000AL0529,Maison,106,3.513036,50.365036
2022-977044,2022-08-26,Vente,79000,10,RUE DU PONT NEUF,59606000AR0149,Appartement,21,3.525781,50.361067
2022-977060,2022-08-25,Vente,120000,37,AV FAIDHERBE,596060000Y0924,Maison,85,3.508484,50.354181
2022-977062,2022-09-09,Vente en l'état futur d'achèvement,162000,,RUE ERNEST MACAREZ,596060000D0538,Appartement,43,3.532546,50.3689
2022-977064,2022-08-19,Vente,103000,6,RUE SOLIDARITE RES DAUPHINE,59606000AG0519,Appartement,66,3.497184,50.363719
2022-977085,2022-09-08,Vente,140000,9002,RES ST MICHEL AVE ST ROCH,596060000D0437,Appartement,89,3.534971,50.365706
2022-977093,2022-09-07,Vente,117000,56,RUE MILHOMME,596060000K0148,Appartement,57,3.533135,50.356684
2022-977105,2022-09-05,Vente,93000,4,RUE THOLOZE,59606000AQ0940,Appartement,51,3.519781,50.361663
2022-977109,2022-09-05,Vente,275000,10,AV DU MARECHAL FOCH,59606000AQ0666,Maison,154,3.519033,50.363171
2022-977115,2022-08-25,Vente,94200,31,RUE DE METZ,596060000R0868,Maison,60,3.513765,50.348323
2022-977120,2022-09-08,Vente,98100,13,RUE HENRY DERYCKE LES TERTIALE,59606000AZ0148,Appartement,27,3.527832,50.364451
2022-977121,2022-08-05,Vente,75000,96,AV DE DENAIN,596060000Z0143,Maison,36,3.500012,50.355046
2022-977122,2022-09-02,Vente,124500,54,RUE MILHOMME,596060000K0125,Appartement,84,3.532833,50.356188
2022-977125,2022-09-01,Vente,145000,219,ALL DES CHENES,596060000T1042,Maison,93,3.523103,50.34313
2022-977146,2022-08-31,Vente,123600,1,RUE DE LA SOMME RES CLICHY,59606000AG0519,Appartement,66,3.497184,50.363719
2022-977157,2022-09-09,Vente,110000,,RUE DE LILLE,59606000AR1090,Appartement,73,3.523716,50.36181
2022-977163,2022-09-15,Vente,136770,51,RUE DE TINCHON,59606000AH0193,Maison,88,3.490482,50.360224
2022-977170,2022-09-05,Vente,130000,36,PL D ARMES,59606000AV0129,Appartement,84,3.524126,50.358244
2022-977175,2022-09-08,Vente,140000,66,RUE DE LILLE,59606000AR0102,Maison,81,3.522765,50.361485
2022-977176,2022-09-02,Vente,158000,72,RUE BAUDOUIN L EDIFIEUR,596060000M0697,Appartement,65,3.527601,50.351755
2022-977196,2022-09-06,Vente,145000,,RUE DE LILLE,59606000AR1090,Appartement,79,3.523716,50.36181
2022-977236,2022-09-13,Vente en l'état futur d'achèvement,165000,,RUE DU COLLEGE,596060000D0503,Appartement,45,3.530395,50.363856
2022-977238,2022-08-19,Vente,269000,,RUE DU COLLEGE,596060000D0503,Appartement,89,3.530395,50.363856
2022-977243,2022-08-31,Vente,68000,16,RUE DE L ATRE DE GERTRUDE,596060000M0319,Appartement,50,3.529876,50.350923
2022-977248,2022-08-30,Vente,168800,194,AV DESANDROUINS,59606000AG0254,Maison,160,3.494406,50.362353
2022-977254,2022-08-31,Vente,55400,18,RUE PERCEPAIN,59606000AR0841,Appartement,18,3.523925,50.362234
2022-977256,2022-08-29,Vente,102000,34,AV FAIDHERBE,59606000AJ0843,Appartement,42,3.509414,50.354669
2022-977264,2022-08-25,Vente,42800,84,RUE BAUDOUIN L EDIFIEUR,596060000M0006,Appartement,22,3.526413,50.35105
2022-977276,2022-09-15,Vente,84400,16,RUE JEAN BERNIER,596060000R0209,Appartement,33,,
2022-977280,2022-08-24,Vente,380000,43,RUE DE MONS,59606000AR0497,Appartement,62,3.528614,50.360061
2022-977280,2022-08-24,Vente,380000,43,RUE DE MONS,59606000AR0497,Appartement,55,3.528614,50.360061
2022-977280,2022-08-24,Vente,380000,43,RUE DE MONS,59606000AR0497,Appartement,65,3.528614,50.360061
2022-977304,2022-09-12,Vente,161000,,RUE HENRI CAFFIAUX,596060000W0462,Appartement,40,3.513755,50.352113
2022-977306,2022-08-23,Vente,195000,2,RUE MARTIN BERTEAU,596060000Y0524,Maison,65,3.503601,50.355743
2022-977318,2022-08-26,Vente,151200,2,RUE CH BRARD RES LES TANINS,59606000AB0169,Appartement,68,3.495532,50.351113
2022-977340,2022-08-31,Vente en l'état futur d'achèvement,149500,3,RUE FRANCOIS COLLIEZ,596060000W0458,Appartement,43,3.514247,50.352684
2022-977341,2022-08-29,Vente,115000,1,RUE CORNEILLE THEUNISSEN,596060000J0775,Appartement,76,3.53978,50.359202
2022-977388,2022-08-29,Vente,120000,19,FG ST CATH 30 RES TOURELLE,596060000Q0187,Maison,81,3.518573,50.351171
2022-977394,2022-09-15,Vente,143000,19,RUE DE LA RESISTANCE,596060000I0224,Maison,82,3.539333,50.359688
2022-977426,2022-09-06,Vente,78000,48,RUE EMILE ALGLAVE,59606000AD0338,Maison,54,3.481459,50.358019
2022-977434,2022-09-05,Vente,111000,23,RUE ROUGEVILLE RES SAINT ROCH,596060000D0463,Appartement,53,3.533286,50.369406
2022-977439,2022-09-01,Vente,451000,68,AV DU FBG DE CAMBRAI,596060000V0273,Appartement,40,3.510846,50.34371
2022-977439,2022-09-01,Vente,451000,68,AV DU FBG DE CAMBRAI,596060000V0273,Appartement,39,3.510846,50.34371
2022-977439,2022-09-01,Vente,451000,68,AV DU FBG DE CAMBRAI,596060000V0273,Maison,85,3.510846,50.34371
2022-977439,2022-09-01,Vente,451000,68,AV DU FBG DE CAMBRAI,596060000V0273,Maison,50,3.510846,50.34371
2022-977439,2022-09-01,Vente,451000,68,AV DU FBG DE CAMBRAI,596060000V0273,Maison,50,3.510846,50.34371
2022-977439,2022-09-01,Vente,451000,68,AV DU FBG DE CAMBRAI,596060000V0273,Maison,85,3.510846,50.34371
2022-977439,2022-09-01,Vente,451000,68,AV DU FBG DE CAMBRAI,596060000V0273,Appartement,39,3.510846,50.34371
2022-977439,2022-09-01,Vente,451000,68,AV DU FBG DE CAMBRAI,596060000V0273,Appartement,40,3.510846,50.34371
2022-977439,2022-09-01,Vente,451000,68,AV DU FBG DE CAMBRAI,596060000V0273,Appartement,40,3.510846,50.34371
2022-977439,2022-09-01,Vente,451000,68,AV DU FBG DE CAMBRAI,596060000V0273,Appartement,40,3.510846,50.34371
2022-977439,2022-09-01,Vente,451000,68,AV DU FBG DE CAMBRAI,596060000V0273,Appartement,40,3.510846,50.34371
2022-977439,2022-09-01,Vente,451000,68,AV DU FBG DE CAMBRAI,596060000V0273,Appartement,40,3.510846,50.34371
2022-977444,2022-08-25,Vente,113000,6,RUE DES ROYES,596060000N0199,Appartement,50,3.52196,50.350199
2022-977447,2022-09-19,Vente,173500,,RUE HENRI CAFFIAUX,596060000W0462,Appartement,45,3.513755,50.352113
2022-977451,2022-09-13,Vente,130000,32,RUE DELSAUX,59606000AV0399,Appartement,56,3.52434,50.357216
2022-977455,2022-09-06,Vente,99000,115,ALL DES CHENES,596060000T1382,Maison,68,3.52411,50.34263
2022-977460,2022-08-30,Vente,185000,27,PL D ARMES,59606000AU0215,Appartement,116,3.522615,50.358051
2022-977545,2022-09-21,Vente,245000,59,RUE DE PARIS,59606000AQ0137,Appartement,35,3.519865,50.359333
2022-977545,2022-09-21,Vente,245000,59,RUE DE PARIS,59606000AQ0137,Appartement,34,3.519865,50.359333
2022-977545,2022-09-21,Vente,245000,59,RUE DE PARIS,59606000AQ0137,Appartement,10,3.519865,50.359333
2022-977545,2022-09-21,Vente,245000,59,RUE DE PARIS,59606000AQ0137,Appartement,14,3.519865,50.359333
2022-977546,2022-09-05,Vente,110000,11,RUE DU VIEIL ESCAUT,596060000B0492,Maison,126,3.538706,50.370025
2022-977558,2022-09-06,Vente,87000,10,AV DU FBG DE CAMBRAI,596060000R1014,Appartement,46,3.514528,50.346267
2022-977565,2022-09-15,Vente,91570,2,RUE FRATERNITE RES VINCENNES,59606000AG0519,Appartement,50,3.497184,50.363719
2022-977585,2022-09-13,Vente,230000,25,RUE DE LA DIGUE,596060000P0113,Appartement,45,3.519543,50.352979
2022-977585,2022-09-13,Vente,230000,25,RUE DE LA DIGUE,596060000P0113,Appartement,53,3.519543,50.352979
2022-977597,2022-09-02,Vente,107000,26,PL DE LA LIBERATION,596060000I0321,Maison,67,3.5383,50.360909
2022-977612,2022-09-21,Vente,135000,11,RUE SAINT JEAN,59606000AU0312,Appartement,78,3.52135,50.358505
2022-977613,2022-09-07,Vente,139250,23,RUE SAINT ELOI,59606000AC0035,Maison,98,3.488563,50.360533
2022-977624,2022-09-19,Vente,38600,14,RUE JEAN BERNIER,596060000R0209,Appartement,19,,
2022-977643,2022-09-02,Vente,95000,9001,LE VIGNOBLE RES FLORE,59606000AB0479,Appartement,94,3.494095,50.350626
2022-977653,2022-09-23,Vente,86800,16,RUE JEAN BERNIER,596060000R0209,Appartement,19,,
2022-977653,2022-09-23,Vente,86800,16,RUE JEAN BERNIER,596060000R0209,Appartement,20,,
2022-977655,2022-08-31,Vente,115000,14,RUE DU ROLEUR,596060000I0066,Maison,101,3.536882,50.363016
2022-977701,2022-09-29,Vente,91000,18,RUE DE L INTENDANCE,59606000AR0631,Appartement,41,3.52569,50.360015
2022-977759,2022-09-03,Vente,219000,50,RUE DESPINOY,59606000AJ0863,Appartement,9,3.50756,50.357397
2022-977762,2022-09-26,Vente,64000,93,AV DAMPIERRE,59606000AI0503,Appartement,32,3.508371,50.363683
2022-977763,2022-09-26,Vente,102500,93,AV DAMPIERRE,59606000AI0503,Appartement,32,3.508371,50.363683
2022-977781,2022-08-29,Vente,110000,1,RUE DE LA SOMME RES CLICHY,59606000AG0519,Appartement,55,3.497184,50.363719
2022-977848,2022-09-27,Vente,270450,44,RUE DE LA CITADELLE,59606000AJ0613,Maison,86,3.509964,50.360125
2022-977851,2022-09-15,Vente,226000,5,RUE FONTAINE ST GILLES,596060000Q0122,Maison,105,3.520229,50.351905
2022-977854,2022-09-19,Vente,102000,4,RUE DESIRE GERNEZ,596060000Y0908,Appartement,52,3.505192,50.355325
2022-977856,2022-09-19,Vente,66610,44,RUE DU CHEVALET,59606000AE0627,Maison,64,3.483818,50.359888
2022-977862,2022-09-30,Vente,43000,66,RUE DE MONS,59606000AR0426,Appartement,17,3.530292,50.360455
2022-977863,2022-09-14,Vente,46900,2,RUE DU SAINT CORDON,59606000AS0483,Appartement,25,3.525929,50.355952
2022-977864,2022-09-19,Vente,194250,68,AV FAIDHERBE,59606000AJ0201,Maison,126,3.507893,50.355132
2022-977866,2022-09-15,Vente,34000,14,RUE JEAN BERNIER,596060000R0209,Appartement,19,,
2022-977872,2022-09-28,Vente,92000,2,RUE HENRY DERYCKE LES TERTIALE,59606000AZ0139,Appartement,40,3.526148,50.365275
2022-977881,2022-09-15,Vente,34000,14,RUE JEAN BERNIER,596060000R0209,Appartement,19,,
2022-977883,2022-09-22,Vente,125000,26,BD WATTEAU RES LA RHONELLE,59606000AS0493,Appartement,45,3.529369,50.355339
2022-977904,2022-09-09,Vente,92000,81,RUE DE LA DIGUE RESID RUBENS,596060000P0304,Appartement,47,3.517633,50.353679
2022-977911,2022-09-17,Vente,118500,5,RUE PASTEUR,596060000E0006,Appartement,48,3.530942,50.363142
2022-977916,2022-09-08,Vente,541500,34,RUE CLAUDIN LEJEUNE,596060000M0674,Maison,144,3.526651,50.351332
2022-977927,2022-09-23,Vente,197000,,RUE HENRI CAFFIAUX,596060000W0462,Appartement,65,3.513755,50.352113
2022-977950,2022-09-14,Vente en l'état futur d'achèvement,152229,1,RUE FRANCOIS COLLIEZ,596060000W0458,Appartement,68,3.514247,50.352684
2022-977964,2022-09-14,Vente,89000,59,AV ALBERT 1ER,59606000AV0313,Appartement,48,3.526855,50.359184
2022-977966,2022-09-14,Vente,160000,49,RUE ELEUTHERE MASCART,596060000Y0746,Maison,86,3.507241,50.35329
2022-977971,2022-09-15,Vente,85000,5,CHE PLANCHES ALL BONS VOULOIR,596060000Q0039,Maison,68,3.518752,50.351847
2022-977980,2022-09-08,Vente,49000,6,AV G CLEMENCEAU COUR GIROT,59606000AQ0297,Maison,41,3.52058,50.361363
2022-977988,2022-09-29,Vente,159500,,RUE HENRI CAFFIAUX,596060000W0462,Appartement,43,3.513755,50.352113
2022-978013,2022-09-16,Vente,275000,36,RUE CLAUDIN LEJEUNE,596060000M0013,Maison,180,3.526643,50.351565
2022-978034,2022-09-28,Vente,245850,291,AV DAMPIERRE,59606000AI0081,Maison,102,3.504898,50.358792
2022-978036,2022-10-06,Vente,235000,1,RUE DURIN RES JARDINS RHONELLE,596060000M0638,Maison,100,3.532305,50.350606
2022-978041,2022-09-20,Vente,83500,34,RUE DELSAUX,59606000AV0399,Appartement,36,3.52434,50.357216
2022-978045,2022-09-28,Vente,156750,43,RUE JEAN BART,59606000AI0288,Maison,101,3.506074,50.362902
2022-978050,2022-10-06,Vente,186000,112,AV DAMPIERRE,59606000AL0034,Maison,112,3.508626,50.362963
2022-978060,2022-09-27,Vente,520175,20,RUE MILHOMME,596060000L0081,Maison,232,3.531789,50.354696
2022-978073,2022-09-19,Vente,63900,12,RUE NOTRE DAME,59606000AT0191,Appartement,40,3.518854,50.356779
2022-978080,2022-10-05,Vente,210000,56,RUE MILHOMME,596060000K0148,Appartement,118,3.533135,50.356684
2022-978081,2022-10-06,Vente,48500,40,RUE COLART CRESTE,596060000G0012,Maison,85,3.540046,50.366469
2022-978090,2022-09-29,Vente,238784,1,RUE BURIANNE,59606000AV0385,Appartement,85,3.52435,50.358152
2022-978094,2022-10-05,Vente en l'état futur d'achèvement,257000,,RUE DU COLLEGE,596060000D0503,Appartement,81,3.530395,50.363856
2022-978135,2022-09-15,Vente,112000,37,RUE COLART CRESTE,596060000F0057,Appartement,32,3.539936,50.366063
2022-978135,2022-09-15,Vente,112000,37,RUE COLART CRESTE,596060000F0057,Appartement,42,3.539936,50.366063
2022-978139,2022-10-03,Vente,130200,16,RUE JEAN BERNIER,596060000R0209,Appartement,19,,
2022-978139,2022-10-03,Vente,130200,16,RUE JEAN BERNIER,596060000R0209,Appartement,19,,
2022-978139,2022-10-03,Vente,130200,16,RUE JEAN BERNIER,596060000R0209,Appartement,20,,
2022-978146,2022-09-28,Vente,175750,3,RUE ASKIEVRE,59606000AT0539,Maison,90,3.524077,50.356324
2022-978162,2022-09-30,Vente,100000,7,RUE SAINT ELOI,59606000AC0041,Maison,85,3.489104,50.360466
2022-978167,2022-09-30,Vente,131000,16,RUE VEDRINES,596060000S0529,Maison,100,3.527537,50.346742
2022-978174,2022-09-22,Vente en l'état futur d'achèvement,135135,1,RUE FRANCOIS COLLIEZ,596060000W0458,Appartement,43,3.514247,50.352684
2022-978189,2022-10-04,Vente,131700,8,RES VAL CLAIR R S LEBOUCQ,59606000AT0801,Appartement,62,3.518261,50.356154
2022-978190,2022-09-30,Vente,152000,4,RUE D OULTREMAN,59606000AT0473,Appartement,77,3.522208,50.355703
2022-978215,2022-09-23,Vente,157150,21,AV DES ORMES,596060000T0876,Maison,72,3.523204,50.346547
2022-978231,2022-09-23,Vente,152810,1,CHE DU VIGNOBLE RES LEA,596060000Y0909,Maison,77,3.507381,50.351511
2022-978270,2022-09-19,Vente,110000,44,CHE DES BOURGEOIS,596060000R0380,Maison,54,3.52241,50.347461
2022-978284,2022-09-27,Vente,47160,2,RUE ENCLOS DE LA PRAIRIE,59606000AH0897,Maison,83,3.492812,50.35865
2022-978299,2022-10-05,Vente,183300,45,RUE COLART CRESTE,596060000F0053,Maison,98,3.539656,50.366121
2022-978329,2022-09-16,Vente,214350,92,RUE PIERRE LOTI,596060000X0246,Maison,102,3.503506,50.351068
2022-978347,2022-09-21,Vente,210000,18,AV FAIDHERBE,59606000AJ0222,Maison,104,3.509589,50.354128
2022-978348,2022-09-20,Vente,60000,36,AV DE CONDE,59606000AM0046,Maison,108,3.511912,50.367821
2022-978426,2022-09-23,Vente,197000,,RUE HENRI CAFFIAUX,596060000W0462,Appartement,62,3.513755,50.352113
2022-978433,2022-10-14,Vente en l'état futur d'achèvement,260000,133,AV DE LIEGE,596060000F0144,Appartement,70,3.537988,50.3648
2022-978434,2022-09-28,Vente,267900,,RUE DE LILLE,59606000AR1094,Appartement,87,3.523377,50.361431
2022-978442,2022-10-06,Vente,149000,7,PASSAGE DES CORDELIERS,59606000AR0915,Maison,93,3.523342,50.361638
2022-978445,2022-10-12,Vente,50000,20,RUE DE BEAUMONT,59606000AS0384,Appartement,70,3.528795,50.355709
2022-978445,2022-10-12,Vente,50000,20,RUE DE BEAUMONT,59606000AS0384,Appartement,20,3.528795,50.355709
2022-978449,2022-09-26,Vente,120000,127,RUE LOMPREZ,596060000Z0525,Maison,91,3.494518,50.355539
2022-978451,2022-10-15,Vente,140000,28,BD DES BRUYERES,59606000AH1064,Maison,81,3.493058,50.357324
2022-978466,2022-10-12,Vente,84400,16,RUE JEAN BERNIER,596060000R0209,Appartement,33,,
2022-978470,2022-09-30,Vente,60000,30,RUE ASKIEVRE,59606000AT0564,Appartement,24,3.524319,50.355362
2022-978477,2022-09-29,Vente,128000,7,PL DES ILOTS,59606000AU0244,Appartement,89,3.52378,50.358922
2022-978503,2022-10-14,Vente,55000,24,RUE JEAN BONMARCHE,596060000N0198,Appartement,20,3.525905,50.350658
2022-978513,2022-09-30,Vente,241500,33,RUE DE ROMAINVILLE,596060000J0784,Appartement,81,3.536493,50.35455
2022-978513,2022-09-30,Vente,241500,33,RUE DE ROMAINVILLE,596060000J0784,Appartement,2,3.536493,50.35455
2022-978515,2022-10-03,Vente,133000,5,RUE DE LA LONGUE CHASSE,596060000C0026,Maison,92,3.531798,50.373044
2022-978520,2022-10-10,Vente en l'état futur d'achèvement,234000,,AV DE LIEGE,596060000G0041,Appartement,61,3.543232,50.367488
2022-978524,2022-09-27,Vente,285000,108,VC ST GERY IMP D EN BAS L EAU,59606000AR0939,Appartement,90,3.52708,50.361329
2022-978530,2022-09-27,Vente,235000,6,RUE SAINT JEAN,59606000AQ0129,Appartement,48,3.521124,50.358894
2022-978530,2022-09-27,Vente,235000,6,RUE SAINT JEAN,59606000AQ0129,Maison,53,3.521124,50.358894
2022-978530,2022-09-27,Vente,235000,6,RUE SAINT JEAN,59606000AQ0129,Appartement,48,3.521124,50.358894
2022-978530,2022-09-27,Vente,235000,6,RUE SAINT JEAN,59606000AQ0130,Appartement,43,3.521212,50.358958
2022-978530,2022-09-27,Vente,235000,6,RUE SAINT JEAN,59606000AQ0819,Appartement,49,3.521229,50.358997
2022-978549,2022-10-18,Vente,228000,2,RUE CHARLES QUINT,596060000J0004,Maison,85,3.532647,50.353637
2022-978551,2022-09-23,Vente,123000,69,RUE DU MARQUIS RES FLANDRES,596060000H0118,Appartement,64,3.54262,50.364852
2022-978555,2022-10-08,Vente,571000,43,BD WATTEAU,596060000K0165,Maison,204,3.531211,50.355767
2022-978563,2022-10-10,Vente,70000,8,PL VERTE,59606000AW0218,Appartement,52,3.527909,50.357203
2022-978574,2022-10-05,Vente,100000,94,RUE DU REMPART,59606000AQ0391,Appartement,25,3.521707,50.362382
2022-978574,2022-10-05,Vente,100000,94,RUE DU REMPART,59606000AQ0391,Appartement,68,3.521707,50.362382
2022-978603,2022-10-13,Vente,188000,,RUE HENRI CAFFIAUX,596060000W0462,Appartement,52,3.513755,50.352113
2022-978649,2022-10-03,Vente,240000,10,RUE AMEDEE BULTOT,59606000AT1138,Appartement,95,3.520886,50.355008
2022-978652,2022-10-21,Vente,27000,8,RUE DU FOUR DE LA PAIX,59606000AQ0361,Maison,40,3.522381,50.3611
2022-978653,2022-10-05,Vente,112132.58,34,AV DU SENATEUR GIRARD,59606000AQ0636,Appartement,46,3.517879,50.361805
2022-978668,2022-10-14,Vente,109500,205,AV DAMPIERRE,59606000AI0143,Maison,87,3.506491,50.360783
2022-978670,2022-10-05,Vente,275000,227,AV DAMPIERRE,59606000AI0660,Maison,123,3.505981,50.359964
2022-978692,2022-10-04,Vente en l'état futur d'achèvement,206901,,BD PATER,596060000I0693,Appartement,43,3.531998,50.361033
2022-978711,2022-10-07,Vente,103200,13,RUE HENRY DERYCKE LES TERTIALE,59606000AZ0148,Appartement,27,3.527832,50.364451
2022-978719,2022-10-24,Vente,237000,3,RUE DE PARIS,59606000AU0215,Appartement,129,3.522615,50.358051
2022-978728,2022-10-13,Vente,147500,,RUE HENRI CAFFIAUX,596060000W0462,Appartement,36,3.513755,50.352113
2022-978736,2022-10-12,Vente,68600,184,AV DE LIEGE RES J. BREL,596060000H0117,Appartement,55,3.541944,50.365267
2022-978743,2022-10-17,Vente,180000,38,RUE SALLE LE COMTE,59606000AR0508,Maison,98,3.529457,50.362619
2022-978755,2022-10-10,Vente,136000,3,RUE LOUIS CELLIER,59606000AS0132,Maison,54,3.525328,50.354386
2022-978758,2022-10-21,Vente,80000,27,RUE ST GERY    COUR ST GERY,59606000AV0364,Appartement,23,3.525267,50.359152
2022-978767,2022-10-17,Vente en l'état futur d'achèvement,139519,,PL DES CHARBONNIERS,59606000AE0736,Appartement,48,3.481535,50.361186
2022-978772,2022-09-27,Vente,320000,17,RUE FLEURIE,59606000AI0174,Maison,106,3.505293,50.36173
2022-978788,2022-10-04,Vente,95000,49,RUE DE LA VILETTE,59606000AH0433,Maison,91,3.493314,50.358861
2022-978799,2022-10-13,Vente,180000,29,AV DES DENTELLIERES,59606000AT0924,Appartement,98,3.519625,50.355409
2022-978806,2022-10-04,Vente,165000,102,RUE DE PARIS,59606000AT0056,Appartement,44,3.518776,50.357629
2022-978806,2022-10-04,Vente,165000,102,RUE DE PARIS,59606000AT0056,Appartement,44,3.518776,50.357629
2022-978806,2022-10-04,Vente,165000,102,RUE DE PARIS,59606000AT0056,Appartement,40,3.518776,50.357629
2022-978817,2022-10-20,Vente,85000,14,RUE DU GENERAL CHERE,59606000AO0170,Maison,71,3.519737,50.370959
2022-978920,2022-10-21,Vente,89000,10,AV DU FBG DE CAMBRAI,596060000R1014,Appartement,58,3.514528,50.346267
2022-978930,2022-10-14,Vente,125000,8,RUE DES INCAS,59606000AS0628,Appartement,62,3.52967,50.35672
2022-978947,2022-10-25,Vente,180000,16,RUE FLORIAN PARMENTIER,596060000S0366,Maison,87,3.531059,50.345871
2022-978957,2022-10-21,Vente,107000,3,AV DE VERDUN,596060000L0020,Appartement,59,3.530432,50.354039
2022-978974,2022-10-27,Vente,120000,11,RUE DES GLATIGNIES,59606000AT1059,Appartement,89,3.517569,50.357927
2022-978978,2022-10-24,Vente,128000,26,RUE DU CAMP ROMAIN,596060000N0199,Appartement,48,3.52196,50.350199
2022-978992,2022-10-25,Vente en l'état futur d'achèvement,203000,,RUE ERNEST MACAREZ,596060000D0538,Appartement,62,3.532546,50.3689
2022-979026,2022-10-14,Vente,130000,139,RUE JEAN BART,59606000AI0625,Maison,81,3.503026,50.364131
2022-979033,2022-10-11,Vente,248623,54,RUE ELEUTHERE MASCART,596060000Y0383,Maison,134,3.507319,50.3528
2022-979034,2022-10-14,Vente,384000,12,VC RES SYRACUSE RTE D'AULNOY,596060000T1107,Maison,143,3.527681,50.342678
2022-979036,2022-10-07,Vente,38500,25,BD PATER,596060000I0495,Appartement,14,3.532056,50.360001
2022-979057,2022-10-17,Vente,135255,3,RUE DU MUGUET,59606000AH0609,Maison,76,3.491989,50.358767
2022-979067,2022-10-28,Vente,190000,51,RUE DE LA MAISON BLANCHE,59606000AD0461,Maison,83,3.478726,50.360582
2022-979071,2022-10-12,Vente,365000,11,AV DU MARECHAL FOCH,59606000AQ0648,Appartement,26,3.518999,50.362637
2022-979071,2022-10-12,Vente,365000,11,AV DU MARECHAL FOCH,59606000AQ0648,Appartement,19,3.518999,50.362637
2022-979071,2022-10-12,Vente,365000,11,AV DU MARECHAL FOCH,59606000AQ0648,Appartement,20,3.518999,50.362637
2022-979071,2022-10-12,Vente,365000,11,AV DU MARECHAL FOCH,59606000AQ0648,Appartement,20,3.518999,50.362637
2022-979071,2022-10-12,Vente,365000,11,AV DU MARECHAL FOCH,59606000AQ0648,Appartement,23,3.518999,50.362637
2022-979071,2022-10-12,Vente,365000,11,AV DU MARECHAL FOCH,59606000AQ0648,Appartement,11,3.518999,50.362637
2022-979071,2022-10-12,Vente,365000,11,AV DU MARECHAL FOCH,59606000AQ0648,Appartement,21,3.518999,50.362637
2022-979078,2022-10-17,Vente,90000,18,RUE DE L INTENDANCE,59606000AR0631,Appartement,45,3.52569,50.360015
2022-979082,2022-10-18,Vente,250000,116,RUE HENRI DURRE,59606000AJ0074,Appartement,65,3.507529,50.358214
2022-979082,2022-10-18,Vente,250000,116,RUE HENRI DURRE,59606000AJ0074,Appartement,48,3.507529,50.358214
2022-979082,2022-10-18,Vente,250000,116,RUE HENRI DURRE,59606000AJ0074,Appartement,16,3.507529,50.358214
2022-979082,2022-10-18,Vente,250000,116,RUE HENRI DURRE,59606000AJ0074,Appartement,20,3.507529,50.358214
2022-979089,2022-10-12,Vente,70000,23,RUE DE LA POTERNE,59606000AR0739,Appartement,28,3.530135,50.361352
2022-979091,2022-10-11,Vente,125000,8,RES VAL CLAIR R S LEBOUCQ,59606000AT0801,Appartement,62,3.518261,50.356154
2022-979092,2022-10-05,Vente,200000,56,RUE MILHOMME,596060000K0148,Appartement,110,3.533135,50.356684
2022-979149,2022-10-20,Vente,186100,9004,CHE DES ALLIES,596060000D0486,Appartement,47,3.530967,50.367051
2022-979162,2022-11-02,Vente en l'état futur d'achèvement,179000,133,AV DE LIEGE,596060000F0144,Appartement,47,3.537988,50.3648
2022-979166,2022-10-28,Vente,173780,13,RUE SAINT JEAN,59606000AU0312,Appartement,85,3.52135,50.358505
2022-979181,2022-10-24,Vente,205000,,RUE DE LILLE,59606000AR1094,Appartement,55,3.523377,50.361431
2022-979188,2022-10-19,Vente,135000,19,AV SAINT ROCH,596060000E0191,Maison,113,3.533271,50.363388
2022-979229,2022-10-18,Vente,175000,36,RUE CLAUDIN LEJEUNE,596060000M0697,Appartement,59,3.527601,50.351755
2022-979230,2022-10-31,Vente,450000,7,RUE CHE DES PLANCHES CHE PRIVE,596060000Q0248,Maison,73,3.517143,50.351804
2022-979230,2022-10-31,Vente,450000,7,RUE CHE DES PLANCHES CHE PRIVE,596060000Q0248,Maison,73,3.517143,50.351804
2022-979242,2022-10-28,Vente en l'état futur d'achèvement,178000,,RUE ERNEST MACAREZ,596060000D0538,Appartement,44,3.532546,50.3689
2022-979252,2022-10-31,Vente,137000,84,RUE DURIN,596060000M0632,Appartement,76,3.534138,50.349533
2022-979253,2022-10-26,Vente,114670,36,RUE FELIX DESRUELLES,596060000Z0379,Maison,75,3.501646,50.357497
2022-979406,2022-10-27,Vente,48030,4,RUE THOLOZE,59606000AQ0940,Appartement,23,3.519781,50.361663
2022-979420,2022-10-20,Vente,120500,2,RUE HENRY DERYCKE LES TERTIALE,59606000AZ0139,Appartement,68,3.526148,50.365275
2022-979425,2022-10-21,Vente,255000,10,VC RES SYRACUSE RTE D'AULNOY,596060000T1108,Maison,96,3.527904,50.342636
2022-979430,2022-11-07,Vente,620000,124,RUE DU QUESNOY,59606000AS0524,Appartement,32,3.527796,50.354992
2022-979430,2022-11-07,Vente,620000,124,RUE DU QUESNOY,59606000AS0524,Appartement,50,3.527796,50.354992
2022-979430,2022-11-07,Vente,620000,124,RUE DU QUESNOY,59606000AS0524,Appartement,73,3.527796,50.354992
2022-979430,2022-11-07,Vente,620000,124,RUE DU QUESNOY,59606000AS0524,Appartement,72,3.527796,50.354992
2022-979430,2022-11-07,Vente,620000,124,RUE DU QUESNOY,59606000AS0524,Appartement,64,3.527796,50.354992
2022-979430,2022-11-07,Vente,620000,124,RUE DU QUESNOY,59606000AS0524,Appartement,35,3.527796,50.354992
2022-979430,2022-11-07,Vente,620000,124,RUE DU QUESNOY,59606000AS0524,Appartement,78,3.527796,50.354992
2022-979443,2022-10-21,Vente,130000,34,RUE DELSAUX,59606000AV0399,Appartement,57,3.52434,50.357216
2022-979476,2022-11-03,Vente,51000,21,RUE THOLOZE,59606000AQ0623,Appartement,28,3.517946,50.362487
2022-979480,2022-10-25,Vente,101500,125,AV FAIDHERBE,596060000Y0908,Appartement,53,3.505192,50.355325
2022-979486,2022-11-02,Vente,307000,29,RUE D ANZIN,59606000AG0548,Maison,195,3.495937,50.364531
2022-979507,2022-10-28,Vente,200000,91,CLOS DES TONNELIERS LE VIGNOBLE,59606000AY0601,Maison,103,3.501854,50.351027
2022-979510,2022-10-24,Vente,250000,4,RUE J F MOMAL RES ST LUC,596060000U0416,Maison,112,3.507779,50.340615
2022-979518,2022-10-22,Vente,176500,66,RUE SAINT GERY,59606000AR0208,Appartement,34,3.526752,50.360295
2022-979518,2022-10-22,Vente,176500,66,RUE SAINT GERY,59606000AR0208,Appartement,20,3.526752,50.360295
2022-979518,2022-10-22,Vente,176500,66,RUE SAINT GERY,59606000AR0208,Appartement,39,3.526752,50.360295
2022-979531,2022-11-08,Vente,390000,5,AV DE LIEGE,596060000E0237,Appartement,50,3.531597,50.362047
2022-979531,2022-11-08,Vente,390000,5,AV DE LIEGE,596060000E0237,Appartement,38,3.531597,50.362047
2022-979531,2022-11-08,Vente,390000,5,AV DE LIEGE,596060000E0237,Appartement,55,3.531597,50.362047
2022-979531,2022-11-08,Vente,390000,5,AV DE LIEGE,596060000E0237,Appartement,18,3.531597,50.362047
2022-979531,2022-11-08,Vente,390000,5,AV DE LIEGE,596060000E0237,Appartement,25,3.531597,50.362047
2022-979546,2022-11-02,Vente,487000,9,AV DE LIEGE,596060000E0359,Maison,183,3.531576,50.362141
2022-979556,2022-11-03,Vente,290000,10,RUE DES BAJEUX,596060000J0123,Maison,121,3.535987,50.355812
2022-979563,2022-11-16,Vente,210000,11,RUE SALLE LE COMTE,59606000AR0166,Appartement,108,3.528258,50.36249
2022-979566,2022-10-21,Vente,130000,32,RUE DELSAUX,59606000AV0399,Appartement,57,3.52434,50.357216
2022-979610,2022-11-02,Vente,300000,2,RUE JEAN BERNIER,596060000R0218,Maison,65,3.516153,50.346576
2022-979610,2022-11-02,Vente,300000,98,AV DU GENERAL HORNE,596060000R0219,Maison,100,3.516149,50.346504
2022-979610,2022-11-02,Vente,300000,94,AV DU GENERAL HORNE,596060000R1035,Maison,55,3.51631,50.346522
2022-979610,2022-11-02,Vente,300000,96,AV DU GENERAL HORNE,596060000R1037,Maison,55,3.516261,50.346508
2022-979611,2022-11-09,Vente,253500,1,RUE ERNEST HIOLLE RES POSIERE,596060000I0607,Appartement,88,3.533988,50.358259
2022-979626,2022-10-19,Vente,150000,26,RUE COLART CRESTE,596060000G0019,Maison,83,3.540388,50.366296
2022-979626,2022-10-19,Vente,150000,24,RUE COLART CRESTE,596060000G0020,Appartement,28,3.540436,50.366269
2022-979645,2022-11-07,Vente,100500,226,AV DE DENAIN,59606000AB0727,Maison,54,3.491074,50.350937
2022-979712,2022-11-15,Vente en l'état futur d'achèvement,175000,133,AV DE LIEGE,596060000F0144,Appartement,44,3.537988,50.3648
2022-979715,2022-11-15,Vente,228000,10,AV DU FBG DE CAMBRAI,596060000R0860,Appartement,15,3.514867,50.34598
2022-979715,2022-11-15,Vente,228000,10,AV DU FBG DE CAMBRAI,596060000R0860,Appartement,13,3.514867,50.34598
2022-979715,2022-11-15,Vente,228000,10,AV DU FBG DE CAMBRAI,596060000R0860,Appartement,13,3.514867,50.34598
2022-979715,2022-11-15,Vente,228000,10,AV DU FBG DE CAMBRAI,596060000R0860,Appartement,32,3.514867,50.34598
2022-979715,2022-11-15,Vente,228000,10,AV DU FBG DE CAMBRAI,596060000R0860,Appartement,22,3.514867,50.34598
2022-979715,2022-11-15,Vente,228000,10,AV DU FBG DE CAMBRAI,596060000R0860,Appartement,31,3.514867,50.34598
2022-979715,2022-11-15,Vente,228000,10,AV DU FBG DE CAMBRAI,596060000R0860,Appartement,17,3.514867,50.34598
2022-979715,2022-11-15,Vente,228000,10,AV DU FBG DE CAMBRAI,596060000R0860,Appartement,17,3.514867,50.34598
2022-979715,2022-11-15,Vente,228000,10,AV DU FBG DE CAMBRAI,596060000R0860,Appartement,17,3.514867,50.34598
2022-979715,2022-11-15,Vente,228000,10,AV DU FBG DE CAMBRAI,596060000R0860,Appartement,17,3.514867,50.34598
2022-979715,2022-11-15,Vente,228000,10,AV DU FBG DE CAMBRAI,596060000R0860,Appartement,15,3.514867,50.34598
2022-979727,2022-11-07,Vente,99000,32,CLOS DES BLEUETS,59606000AC0195,Maison,97,3.487554,50.359133
2022-979730,2022-11-03,Vente,206000,,RUE HENRI CAFFIAUX,596060000W0462,Appartement,67,3.513755,50.352113
2022-979786,2022-11-16,Vente,495000,81,RUE GAMBETTA,59606000AN0047,Maison,82,3.51596,50.369771
2022-979786,2022-11-16,Vente,495000,85,RUE GAMBETTA,59606000AN0049,Maison,82,3.515839,50.369733
2022-979786,2022-11-16,Vente,495000,89,RUE GAMBETTA,59606000AN0051,Maison,82,3.515751,50.369673
2022-979786,2022-11-16,Vente,495000,91,RUE GAMBETTA,59606000AN0052,Maison,53,3.515742,50.369631
2022-979786,2022-11-16,Vente,495000,93,RUE GAMBETTA,59606000AN0053,Maison,53,3.515715,50.369592
2022-979786,2022-11-16,Vente,495000,95,RUE GAMBETTA,59606000AN0054,Maison,53,3.515639,50.369579
2022-979786,2022-11-16,Vente,495000,97,RUE GAMBETTA,59606000AN0055,Maison,57,3.515616,50.369545
2022-979786,2022-11-16,Vente,495000,99,RUE GAMBETTA,59606000AN0056,Maison,70,3.51557,50.369519
2022-979786,2022-11-16,Vente,495000,14,IMP MIROUX,59606000AN0066,Maison,97,3.516033,50.369607
2022-979786,2022-11-16,Vente,495000,12,IMP MIROUX,59606000AN0067,Maison,85,3.516081,50.369635
2022-979786,2022-11-16,Vente,495000,10,IMP MIROUX,59606000AN0068,Maison,97,3.516132,50.369664
2022-979807,2022-11-15,Vente,315000,17,RUE DES FLORALIES,596060000I0510,Maison,112,3.532799,50.359819
2022-979811,2022-11-09,Vente,55000,3,RUE NOTRE DAME,59606000AT0181,Appartement,26,3.518981,50.356223
2022-979823,2022-11-03,Vente,56000,5,RUE DURIN,596060000M0215,Maison,60,3.532058,50.350984
2022-979848,2022-11-09,Vente,575000,64,RUE DE MONS,59606000AR0427,Maison,340,3.53048,50.360281
2022-979848,2022-11-09,Vente,575000,64,RUE DE MONS,59606000AR0427,Maison,340,3.53048,50.360281
2022-979861,2022-11-09,Vente,230000,55,RUE MILHOMME,596060000K0175,Appartement,75,3.532158,50.356579
2022-979900,2022-11-04,Vente,190000,33,RUE MALPLAQUET,596060000W0286,Maison,92,3.508495,50.351629
2022-979902,2022-11-02,Vente,150000,23,AV DU MARECHAL DE LATTRE,59606000AQ0706,Appartement,88,3.518469,50.364488
2022-979902,2022-11-02,Vente,150000,23,AV DU MARECHAL DE LATTRE,59606000AQ0706,Appartement,81,3.518469,50.364488
2022-979923,2022-10-27,Vente en l'état futur d'achèvement,460000,,BD PATER,596060000I0693,Appartement,117,3.531998,50.361033
2022-979932,2022-11-22,Vente,80000,81,RUE DE LA DIGUE RESID RUBENS,596060000P0304,Appartement,35,3.517633,50.353679
2022-979939,2022-11-09,Vente en l'état futur d'achèvement,240000,18,CHE DU HALAGE,59606000AP0222,Appartement,95,3.51612,50.365704
2022-979952,2022-11-14,Vente,106000,7,PL DE LA REPUBLIQUE,59606000AQ0809,Appartement,71,3.520602,50.362315
2022-979965,2022-11-03,Vente,325000,4,RUE DES HOSPICES,59606000AT0512,Maison,205,3.522633,50.356436
2022-979978,2022-11-25,Vente,307700,9001,PL DU MARCHE AUX HERBES,59606000AU0212,Appartement,107,3.523422,50.359167
2022-979986,2022-11-16,Vente,82000,3,RUE ERNEST HIOLLE RES LAPRADE,596060000I0606,Appartement,36,3.534734,50.358249
2022-980006,2022-11-29,Vente,209000,56,AV DE LIEGE,596060000E0272,Maison,112,3.534677,50.36285
2022-980010,2022-11-09,Vente,92000,125,AV FAIDHERBE,596060000Y0908,Appartement,41,3.505192,50.355325
2022-980030,2022-11-18,Vente,89600,81,RUE DE LA DIGUE RESID RUBENS,596060000P0304,Appartement,35,3.517633,50.353679
2022-980031,2022-11-10,Vente,275000,1,PL DE L ESPLANADE,59606000AT0001,Appartement,76,3.517184,50.358173
2022-980031,2022-11-10,Vente,275000,1,PL DE L ESPLANADE,59606000AT0001,Appartement,54,3.517184,50.358173
2022-980031,2022-11-10,Vente,275000,1,PL DE L ESPLANADE,59606000AT0001,Appartement,71,3.517184,50.358173
2022-980033,2022-11-10,Vente,127600,2,RUE EMMANUEL REY,59606000AL0223,Appartement,79,3.512893,50.36581
2022-980035,2022-11-17,Vente,283850,106,RUE HENRI DURRE,59606000AJ0479,Maison,101,3.507712,50.358757
2022-980038,2022-11-28,Vente,166000,7,LE VIGNOBLE RES LE COTEAU,59606000AY0332,Maison,75,3.501009,50.352635
2022-980040,2022-11-21,Vente,198000,15,RUE VIOLETTE LEDUC,59606000AD0444,Maison,78,3.477922,50.36116
2022-980044,2022-11-21,Vente,96000,14,RUE POTTIER JAN,59606000AO0143,Maison,67,3.51897,50.371145
2022-980050,2022-11-17,Vente,175000,25,RUE DE LA MAISON BLANCHE,59606000AD0171,Maison,40,,
2022-980050,2022-11-17,Vente,175000,27,RUE DE LA MAISON BLANCHE,59606000AD0172,Maison,71,3.477555,50.362015
2022-980060,2022-11-21,Vente,206400,11,RUE DES PEINTRES CHIGOT,59606000AI0516,Maison,98,3.503303,50.358498
2022-980130,2022-11-30,Vente,464439,5,RUE DES FOULONS,59606000AT0518,Maison,192,3.523142,50.355934
2022-980136,2022-11-18,Vente,100000,23,RUE ROUGEVILLE RES SAINT ROCH,596060000D0463,Appartement,53,3.533286,50.369406
2022-980138,2022-11-18,Vente,173500,7,RUE EDMOND GUILLAUME,59606000AT0924,Appartement,98,3.519625,50.355409
2022-980147,2022-11-17,Vente,102000,118,CHE DE PROUVY,59606000AB0170,Appartement,50,3.496314,50.350859
2022-980160,2022-11-07,Vente en l'état futur d'achèvement,114000,,AV DE LIEGE,596060000G0041,Appartement,43,3.543232,50.367488
2022-980167,2022-11-14,Vente,172000,6,RES VAL CLAIR R S LEBOUCQ,59606000AT0801,Appartement,97,3.518261,50.356154
2022-980193,2022-11-10,Vente en l'état futur d'achèvement,218360,9004,CHE DES ALLIES,596060000D0486,Appartement,68,3.530967,50.367051
2022-980208,2022-11-29,Vente,185000,9004,CHE DES ALLIES,596060000D0486,Appartement,47,3.530967,50.367051
2022-980244,2022-11-30,Vente,176000,8,ALL DES CEPAGES LE VIGNOBLE,59606000AY0448,Maison,80,3.496734,50.348322
2022-980271,2022-11-24,Vente,256000,,RUE DU COLLEGE,596060000D0503,Appartement,81,3.530395,50.363856
2022-980283,2022-11-28,Vente,135000,17,RUE SAINT ELOI,59606000AC0038,Maison,42,3.48871,50.360475
2022-980294,2022-11-28,Vente,116000,46,PL D ARMES,59606000AV0325,Appartement,60,3.524399,50.358677
2022-980317,2022-11-22,Vente,259000,121,AV DE DENAIN,596060000Z0501,Maison,93,3.497217,50.353131
2022-980325,2022-11-23,Vente,161800,76,AV GEORGES CLEMENCEAU,59606000AQ0876,Appartement,81,3.520984,50.361391
2022-980334,2022-11-26,Vente,122000,4,RUE DESIRE GERNEZ,596060000Y0908,Appartement,52,3.505192,50.355325
2022-980336,2022-11-24,Vente,206000,,RUE HENRI CAFFIAUX,596060000W0462,Appartement,62,3.513755,50.352113
2022-980354,2022-11-08,Vente,306000,5,RUE MATHIEU DE QUINVIGNIES,59606000AW0097,Maison,190,3.527861,50.358339
2022-980356,2022-12-01,Vente,87500,81,RUE DE LA DIGUE RESID RUBENS,596060000P0304,Appartement,35,3.517633,50.353679
2022-980391,2022-12-05,Vente,161000,,RUE HENRI CAFFIAUX,596060000W0462,Appartement,42,3.513755,50.352113
2022-980419,2022-11-25,Vente,110000,44,AV DES SPORTS,596060000S0094,Maison,67,3.526826,50.347427
2022-980444,2022-11-23,Vente,155600,97,AV DE DENAIN,596060000Z0480,Maison,136,3.498062,50.353538
2022-980446,2022-11-22,Vente,80000,37,RUE DERRIERE LES MURS DE BAVAY,59606000AU0137,Appartement,45,3.521596,50.360273
2022-980446,2022-11-22,Vente,80000,37,RUE DERRIERE LES MURS DE BAVAY,59606000AU0137,Appartement,20,3.521596,50.360273
2022-980459,2022-11-26,Vente,65000,14,RUE DE VAUQUOIS,59606000AD0050,Maison,73,3.48092,50.358919
2022-980468,2022-11-28,Vente,175000,,RUE HENRI CAFFIAUX,596060000W0462,Appartement,45,3.513755,50.352113
2022-980491,2022-12-10,Vente,130000,6,RUE GILIS,596060000W0153,Appartement,44,3.513912,50.351509
2022-980491,2022-12-10,Vente,130000,6,RUE GILIS,596060000W0153,Appartement,26,3.513912,50.351509
2022-980511,2022-12-12,Vente,92000,13,AV DU MARECHAL FOCH,59606000AQ0874,Appartement,52,3.518799,50.362687
2022-980525,2022-11-17,Vente,750000,10,BD FROISSART,59606000AQ0590,Appartement,60,3.518451,50.361405
2022-980525,2022-11-17,Vente,750000,10,BD FROISSART,59606000AQ0590,Appartement,70,3.518451,50.361405
2022-980525,2022-11-17,Vente,750000,10,BD FROISSART,59606000AQ0590,Appartement,65,3.518451,50.361405
2022-980525,2022-11-17,Vente,750000,10,BD FROISSART,59606000AQ0590,Appartement,80,3.518451,50.361405
2022-980525,2022-11-17,Vente,750000,10,BD FROISSART,59606000AQ0590,Appartement,35,3.518451,50.361405
2022-980525,2022-11-17,Vente,750000,10,BD FROISSART,59606000AQ0590,Appartement,70,3.518451,50.361405
2022-980525,2022-11-17,Vente,750000,10,BD FROISSART,59606000AQ0590,Appartement,70,3.518451,50.361405
2022-980525,2022-11-17,Vente,750000,10,BD FROISSART,59606000AQ0590,Appartement,70,3.518451,50.361405
2022-980525,2022-11-17,Vente,750000,10,BD FROISSART,59606000AQ0590,Appartement,60,3.518451,50.361405
2022-980532,2022-12-01,Vente,95000,9,RUE DE LA DELIVRANCE,59606000AJ0229,Maison,84,3.509896,50.354408
2022-980567,2022-12-12,Vente,126800,52,RUE DURIN,596060000M0269,Appartement,65,3.533538,50.350063
2022-980569,2022-12-12,Vente,130000,3,RUE THOLOZE,59606000AQ0587,Appartement,63,3.51926,50.361441
2022-980569,2022-12-12,Vente,130000,3,RUE THOLOZE,59606000AQ0587,Appartement,33,3.51926,50.361441
2022-980569,2022-12-12,Vente,130000,3,RUE THOLOZE,59606000AQ0587,Appartement,22,3.51926,50.361441
2022-980597,2022-12-07,Vente,3024500,22,RUE DES FOULONS,59606000AT0454,Appartement,97,3.521866,50.354862
2022-980597,2022-12-07,Vente,3024500,75,RUE DE FAMARS,59606000AT1029,Appartement,39,3.52193,50.35501
2022-980597,2022-12-07,Vente,3024500,75,RUE DE FAMARS,59606000AT1029,Appartement,47,3.52193,50.35501
2022-980597,2022-12-07,Vente,3024500,75,RUE DE FAMARS,59606000AT1029,Appartement,47,3.52193,50.35501
2022-980597,2022-12-07,Vente,3024500,75,RUE DE FAMARS,59606000AT1029,Appartement,49,3.52193,50.35501
2022-980597,2022-12-07,Vente,3024500,75,RUE DE FAMARS,59606000AT1029,Appartement,34,3.52193,50.35501
2022-980597,2022-12-07,Vente,3024500,75,RUE DE FAMARS,59606000AT1029,Appartement,35,3.52193,50.35501
2022-980597,2022-12-07,Vente,3024500,75,RUE DE FAMARS,59606000AT1029,Appartement,34,3.52193,50.35501
2022-980597,2022-12-07,Vente,3024500,75,RUE DE FAMARS,59606000AT1029,Appartement,31,3.52193,50.35501
2022-980597,2022-12-07,Vente,3024500,75,RUE DE FAMARS,59606000AT1029,Appartement,48,3.52193,50.35501
2022-980597,2022-12-07,Vente,3024500,75,RUE DE FAMARS,59606000AT1029,Appartement,93,3.52193,50.35501
2022-980597,2022-12-07,Vente,3024500,75,RUE DE FAMARS,59606000AT1029,Appartement,25,3.52193,50.35501
2022-980597,2022-12-07,Vente,3024500,75,RUE DE FAMARS,59606000AT1029,Appartement,47,3.52193,50.35501
2022-980597,2022-12-07,Vente,3024500,75,RUE DE FAMARS,59606000AT1029,Appartement,54,3.52193,50.35501
2022-980597,2022-12-07,Vente,3024500,75,RUE DE FAMARS,59606000AT1029,Appartement,37,3.52193,50.35501
2022-980597,2022-12-07,Vente,3024500,75,RUE DE FAMARS,59606000AT1029,Appartement,60,3.52193,50.35501
2022-980597,2022-12-07,Vente,3024500,75,RUE DE FAMARS,59606000AT1029,Appartement,60,3.52193,50.35501
2022-980597,2022-12-07,Vente,3024500,75,RUE DE FAMARS,59606000AT1029,Appartement,50,3.52193,50.35501
2022-980597,2022-12-07,Vente,3024500,75,RUE DE FAMARS,59606000AT1029,Appartement,46,3.52193,50.35501
2022-980597,2022-12-07,Vente,3024500,75,RUE DE FAMARS,59606000AT1029,Appartement,56,3.52193,50.35501
2022-980597,2022-12-07,Vente,3024500,75,RUE DE FAMARS,59606000AT1029,Appartement,42,3.52193,50.35501
2022-980608,2022-11-30,Vente,63000,18,RUE PERCEPAIN,59606000AR0841,Appartement,20,3.523925,50.362234
2022-980609,2022-12-09,Vente,128000,18,RUE PERCEPAIN,59606000AR0033,Appartement,68,3.524497,50.362152
2022-980612,2022-11-16,Vente,163500,48,RUE DE L ABBE VICTOR SENEZ,59606000AQ0509,Appartement,15,3.519557,50.361106
2022-980612,2022-11-16,Vente,163500,48,RUE DE L ABBE VICTOR SENEZ,59606000AQ0509,Appartement,33,3.519557,50.361106
2022-980612,2022-11-16,Vente,163500,48,RUE DE L ABBE VICTOR SENEZ,59606000AQ0509,Appartement,15,3.519557,50.361106
2022-980612,2022-11-16,Vente,163500,48,RUE DE L ABBE VICTOR SENEZ,59606000AQ0509,Appartement,15,3.519557,50.361106
2022-980612,2022-11-16,Vente,163500,48,RUE DE L ABBE VICTOR SENEZ,59606000AQ0509,Appartement,9,3.519557,50.361106
2022-980640,2022-12-08,Vente,139000,116,AV DAMPIERRE,59606000AL0032,Maison,123,3.508599,50.362848
2022-980644,2022-12-06,Vente,310000,21,RUE SAINT GERY,59606000AV0184,Maison,54,3.525084,50.359079
2022-980648,2022-12-07,Vente,190000,4,RUE BAUDOUIN RES MARIN L MESLE,596060000M0490,Appartement,91,3.528375,50.350242
2022-980649,2022-11-30,Vente,240000,141,RUE EMMANUEL REY,59606000AL0458,Appartement,20,3.511281,50.361312
2022-980649,2022-11-30,Vente,240000,141,RUE EMMANUEL REY,59606000AL0458,Appartement,28,3.511281,50.361312
2022-980649,2022-11-30,Vente,240000,141,RUE EMMANUEL REY,59606000AL0458,Appartement,20,3.511281,50.361312
2022-980649,2022-11-30,Vente,240000,141,RUE EMMANUEL REY,59606000AL0458,Appartement,30,3.511281,50.361312
2022-980649,2022-11-30,Vente,240000,141,RUE EMMANUEL REY,59606000AL0458,Appartement,35,3.511281,50.361312
2022-980649,2022-11-30,Vente,240000,141,RUE EMMANUEL REY,59606000AL0458,Appartement,35,3.511281,50.361312
2022-980649,2022-11-30,Vente,240000,141,RUE EMMANUEL REY,59606000AL0458,Appartement,28,3.511281,50.361312
2022-980659,2022-11-30,Vente,55000,32,RUE DU VERT GAZON,596060000W0011,Maison,90,3.508561,50.34763
2022-980690,2022-12-02,Vente,9000,14,RUE DU GRAND FOSSART,59606000AS0457,Maison,106,3.525313,50.354922
2022-980706,2022-12-14,Vente,88000,14,RUE DE FAMARS,59606000AT0922,Appartement,35,3.521847,50.356587
2022-980742,2022-12-08,Vente,209000,33,RUE FONTAINE ST GILLES,596060000Q0108,Maison,122,3.521065,50.351859
2022-980747,2022-12-08,Vente,182000,36,RUE CLAUDIN LEJEUNE,596060000M0697,Appartement,65,3.527601,50.351755
2022-980758,2022-12-09,Vente,246000,21,ALL DES CEPAGES LE VIGNOBLE,59606000AY0525,Maison,94,3.4976,50.349203
2022-980781,2022-12-07,Vente,93900,69,RUE DU MARQUIS RES FLANDRES,596060000H0118,Appartement,57,3.54262,50.364852
2022-980809,2022-12-16,Vente,143500,9001,LE VIGNOBLE RES FLORE,59606000AB0479,Appartement,67,3.494095,50.350626
2022-980818,2022-12-09,Vente,118300,13,RUE HENRY DERYCKE LES TERTIALE,59606000AZ0148,Appartement,27,3.527832,50.364451
2022-980821,2022-12-09,Vente,105300,13,RUE HENRY DERYCKE LES TERTIALE,59606000AZ0148,Appartement,27,3.527832,50.364451
2022-980834,2022-12-09,Vente,52500,20,RUE ENCLOS DU BEGUINAGE,59606000AS0686,Maison,28,3.524764,50.353837
2022-980835,2022-12-16,Vente en l'état futur d'achèvement,138128.69,216,AV DAMPIERRE,59606000AJ0858,Appartement,40,3.507791,50.360694
2022-980838,2022-12-06,Vente en l'état futur d'achèvement,136869.62,216,AV DAMPIERRE,59606000AJ0858,Appartement,40,3.507791,50.360694
2022-980851,2022-12-02,Vente en l'état futur d'achèvement,152400,216,AV DAMPIERRE,59606000AJ0858,Appartement,40,3.507791,50.360694
2022-980852,2022-12-16,Vente en l'état futur d'achèvement,138771.88,216,AV DAMPIERRE,59606000AJ0858,Appartement,41,3.507791,50.360694
2022-980858,2022-12-19,Vente,64000,17,RUE CAPRON,59606000AT0961,Appartement,37,3.520045,50.35703
2022-980860,2022-12-15,Vente,260000,7,AV D AMSTERDAM,59606000AR0740,Appartement,118,3.525667,50.359676
2022-980866,2022-12-19,Vente,103000,7,AV D AMSTERDAM,59606000AR0740,Appartement,61,3.525667,50.359676
2022-980871,2022-12-15,Vente,104000,81,RUE DE LA DIGUE RESID RUBENS,596060000P0304,Appartement,51,3.517633,50.353679
2022-980875,2022-12-19,Vente en l'état futur d'achèvement,194000,,RUE HENRI CAFFIAUX,596060000W0462,Appartement,60,3.513755,50.352113
2022-980943,2022-12-20,Vente,200000,56,RUE DURIN,596060000M0668,Maison,130,3.533842,50.349972
2022-980946,2022-12-15,Vente,38000,320,BD HARPIGNIES,59606000AZ0056,Appartement,18,3.524966,50.364608
2022-980969,2022-12-06,Vente,370000,69,BD WATTEAU,596060000L0151,Maison,132,3.530449,50.354309
2022-980974,2022-12-15,Vente,68000,10,AV DU FBG DE CAMBRAI,596060000R1014,Appartement,33,3.514528,50.346267
2022-981016,2022-12-09,Vente,76000,1,RUE ERNEST HIOLLE RES POSIERE,596060000I0607,Appartement,25,3.533988,50.358259
2022-981021,2022-12-21,Vente,120000,191,AV DESANDROUINS,59606000AE0048,Maison,83,3.489541,50.363134
2022-981043,2022-12-19,Vente,151100,2,RUE DES HOSPICES,59606000AT0511,Appartement,75,3.522548,50.356409
2022-981050,2022-12-21,Vente,75000,92,RUE DU QUESNOY,59606000AS0274,Appartement,33,3.527194,50.355718
2022-981054,2022-11-22,Vente,287500,78,RUE DE FAMARS,59606000AT0439,Maison,99,3.52158,50.354542
2022-981056,2022-12-22,Vente,138000,41,AV DU FBG DE CAMBRAI,596060000U0194,Maison,100,3.513398,50.344602
2022-981065,2022-12-02,Vente,146000,7,RUE DES MAILLETS,59606000AQ1062,Maison,108,3.518511,50.359185
2022-981071,2022-12-13,Vente,170000,24,RUE DU CHATEAU D EAU,59606000AI0172,Maison,94,3.505173,50.361421
2022-981102,2022-12-14,Vente,85500,23,RUE ROUGEVILLE RES SAINT ROCH,596060000D0463,Appartement,47,3.533286,50.369406
2022-981115,2022-12-06,Vente,180000,9,RUE MILHOMME,596060000L0014,Appartement,11,3.530887,50.354185
2022-981115,2022-12-06,Vente,180000,9,RUE MILHOMME,596060000L0014,Appartement,11,3.530887,50.354185
2022-981115,2022-12-06,Vente,180000,9,RUE MILHOMME,596060000L0014,Appartement,11,3.530887,50.354185
2022-981115,2022-12-06,Vente,180000,9,RUE MILHOMME,596060000L0014,Appartement,11,3.530887,50.354185
2022-981115,2022-12-06,Vente,180000,9,RUE MILHOMME,596060000L0014,Appartement,11,3.530887,50.354185
2022-981115,2022-12-06,Vente,180000,9,RUE MILHOMME,596060000L0014,Appartement,11,3.530887,50.354185
2022-981135,2022-12-07,Vente,169000,34,RUE DELSAUX,59606000AV0399,Appartement,80,3.52434,50.357216
2022-981164,2022-12-09,Vente en l'état futur d'achèvement,158000,,AV DE LIEGE,596060000G0041,Appartement,42,3.543232,50.367488
2022-981197,2022-12-16,Vente en l'état futur d'achèvement,178000,31,RUE ERNEST MACAREZ,596060000C0169,Appartement,46,3.533026,50.372165
2022-981207,2022-12-19,Vente en l'état futur d'achèvement,163676,31,RUE ERNEST MACAREZ,596060000C0169,Appartement,34,3.533026,50.372165
2022-981209,2022-12-16,Vente en l'état futur d'achèvement,168000,31,RUE ERNEST MACAREZ,596060000C0169,Appartement,36,3.533026,50.372165
2022-981210,2022-12-19,Vente en l'état futur d'achèvement,221000,31,RUE ERNEST MACAREZ,596060000C0169,Appartement,66,3.533026,50.372165
2022-981220,2022-12-21,Vente,227000,28,RUE DU CHATEAU D EAU,59606000AI0176,Maison,89,3.504988,50.361395
2022-981228,2022-12-19,Vente en l'état futur d'achèvement,170000,31,RUE ERNEST MACAREZ,596060000C0169,Appartement,37,3.533026,50.372165
2022-981229,2022-12-22,Vente,219000,,RUE HENRI CAFFIAUX,596060000W0462,Appartement,67,3.513755,50.352113
2022-981231,2022-12-19,Vente en l'état futur d'achèvement,178000,31,RUE ERNEST MACAREZ,596060000C0169,Appartement,41,3.533026,50.372165
2022-981246,2022-12-21,Vente,259420,9001,PL DU MARCHE AUX HERBES,59606000AU0212,Appartement,106,3.523422,50.359167
2022-981250,2022-12-16,Vente en l'état futur d'achèvement,166000,31,RUE ERNEST MACAREZ,596060000C0169,Appartement,45,3.533026,50.372165
2022-981255,2022-12-12,Vente,136250,1,RUE ESCADRILLE DES CIGOGNES,596060000T0405,Maison,78,3.526958,50.344629
2022-981257,2022-12-15,Vente,120000,8,PL VERTE,59606000AW0218,Appartement,52,3.527909,50.357203
2022-981309,2022-12-15,Vente,190000,2,RUE DU SENTIER,59606000AI0432,Maison,187,3.505422,50.364653
2022-981337,2022-12-19,Vente,104000,20,SEN DE LA PLACE D'ANZIN,59606000AF0413,Appartement,47,3.490147,50.368564
2022-981342,2022-12-14,Vente,170000,12,RUE DE L HOPITAL DE SIEGE,596060000P0062,Maison,78,3.520897,50.352586
2022-981395,2022-12-23,Vente,105000,6,RUE JACQUES PERDRIX,596060000J0041,Appartement,45,3.534078,50.35408
2022-981412,2022-12-13,Vente,412500,55,RUE DES RECOLLETS,59606000AQ0083,Appartement,50,3.519396,50.358448
2022-981412,2022-12-13,Vente,412500,55,RUE DES RECOLLETS,59606000AQ0083,Appartement,50,3.519396,50.358448
2022-981412,2022-12-13,Vente,412500,55,RUE DES RECOLLETS,59606000AQ0083,Appartement,50,3.519396,50.358448
2022-981412,2022-12-13,Vente,412500,53,RUE DES RECOLLETS,59606000AQ0084,Appartement,33,3.519459,50.358375
2022-981412,2022-12-13,Vente,412500,53,RUE DES RECOLLETS,59606000AQ0084,Appartement,45,3.519459,50.358375
2022-981412,2022-12-13,Vente,412500,53,RUE DES RECOLLETS,59606000AQ0084,Appartement,19,3.519459,50.358375
2022-981412,2022-12-13,Vente,412500,53,RUE DES RECOLLETS,59606000AQ0084,Appartement,22,3.519459,50.358375
2022-981418,2022-12-22,Vente en l'état futur d'achèvement,310000,,BD PATER,596060000I0693,Appartement,73,3.531998,50.361033
2022-981424,2022-12-29,Vente,165000,9001,PL DU MARCHE AUX HERBES,59606000AU0212,Appartement,59,3.523422,50.359167
2022-981431,2022-12-15,Vente,110900,81,RUE DES ARBRISSEAUX,596060000T1057,Maison,80,3.522908,50.342691
2022-981438,2022-12-21,Vente,200000,33,RUE DU FBG DE PARIS,59606000AK0262,Maison,183,3.514534,50.353407
2022-981445,2022-12-16,Vente,175400,28,CHE DES BOURGEOIS,596060000R0388,Maison,120,3.52242,50.347775
2022-981446,2022-12-12,Vente,42100,14,RUE JEAN BERNIER,596060000R0209,Appartement,18,,
2022-981448,2022-12-16,Vente,128000,39,RUE DE L ATRE DE GERTRUDE,596060000M0190,Appartement,70,3.534081,50.351323
2022-981451,2022-12-15,Vente,70200,3,BD DE LA LIBERTE RES BERCY,59606000AG0519,Appartement,50,3.497184,50.363719
2022-981455,2022-12-19,Vente,197000,56,RUE MILHOMME,596060000K0148,Appartement,98,3.533135,50.356684
2022-981458,2022-12-20,Vente,50000,76,RUE DE PARIS,59606000AQ0185,Appartement,20,3.519122,50.359132
2022-981459,2022-12-16,Vente,87500,1,BD DE LA LIBERTE RES AUTEUIL,59606000AG0519,Appartement,66,3.497184,50.363719
2022-981461,2022-12-22,Vente,70000,17,RUE CAHAUT,59606000AK0266,Appartement,34,3.515231,50.355499
2022-981466,2022-12-29,Vente,314360,,RUE DE LILLE,59606000AR1094,Appartement,99,3.523377,50.361431
2022-981469,2022-12-19,Vente,198645,11,RUE DE LA VIEWARDE,59606000AW0080,Appartement,71,3.527457,50.357854
2022-981469,2022-12-19,Vente,198645,11,RUE DE LA VIEWARDE,59606000AW0080,Appartement,71,3.527457,50.357854
2022-981469,2022-12-19,Vente,198645,11,RUE DE LA VIEWARDE,59606000AW0080,Appartement,43,3.527457,50.357854
2022-981470,2022-12-19,Vente,86355,11,RUE DE LA VIEWARDE,59606000AW0080,Appartement,49,3.527457,50.357854
2022-981470,2022-12-19,Vente,86355,11,RUE DE LA VIEWARDE,59606000AW0080,Appartement,37,3.527457,50.357854
2022-981472,2022-12-22,Vente,68000,125,AV FAIDHERBE,596060000Y0908,Appartement,29,3.505192,50.355325
2022-981481,2022-12-30,Vente,400000,30,RUE ABEL DE PUJOL,59606000AS0142,Maison,299,3.526295,50.354195
2022-981481,2022-12-30,Vente,400000,30,RUE ABEL DE PUJOL,59606000AS0142,Maison,299,3.526295,50.354195
2022-981490,2022-12-23,Vente en l'état futur d'achèvement,187220,216,AV DAMPIERRE,59606000AJ0858,Appartement,45,3.507791,50.360694
2022-981505,2022-12-30,Vente en l'état futur d'achèvement,350000,133,AV DE LIEGE,596060000F0144,Appartement,98,3.537988,50.3648
2022-981509,2022-12-29,Vente,220000,2,VC RES SALY RUE SIMON LEBOUCQ,59606000AT0910,Appartement,104,3.518612,50.355883
2022-981511,2022-12-23,Vente,40000,65,AV VILLARS,59606000AJ0079,Appartement,30,3.5071,50.35731
2022-981516,2022-12-30,Vente,168100,111,AV DAMPIERRE,59606000AI0802,Appartement,35,3.508087,50.363269
2022-981516,2022-12-30,Vente,168100,111,AV DAMPIERRE,59606000AI0802,Appartement,35,3.508087,50.363269
2022-981516,2022-12-30,Vente,168100,111,AV DAMPIERRE,59606000AI0802,Appartement,56,3.508087,50.363269
2022-981526,2022-12-20,Vente en l'état futur d'achèvement,628000,,BD PATER,596060000I0693,Appartement,178,3.531998,50.361033
2022-981531,2022-12-30,Vente en l'état futur d'achèvement,1218368.8,,BD PATER,596060000I0693,Appartement,43,3.531998,50.361033
2022-981531,2022-12-30,Vente en l'état futur d'achèvement,1218368.8,,BD PATER,596060000I0693,Appartement,43,3.531998,50.361033
2022-981531,2022-12-30,Vente en l'état futur d'achèvement,1218368.8,,BD PATER,596060000I0693,Appartement,40,3.531998,50.361033
2022-981531,2022-12-30,Vente en l'état futur d'achèvement,1218368.8,,BD PATER,596060000I0693,Appartement,333,3.531998,50.361033
2022-981533,2022-12-30,Vente en l'état futur d'achèvement,199000,9,RUE CHE DES PLANCHES CHE PRIVE,596060000Q0013,Appartement,60,3.517195,50.351578
2022-981536,2022-12-29,Vente en l'état futur d'achèvement,228000,9,RUE CHE DES PLANCHES CHE PRIVE,596060000Q0013,Appartement,60,3.517195,50.351578
2022-981537,2022-12-30,Vente en l'état futur d'achèvement,215000,9,RUE CHE DES PLANCHES CHE PRIVE,596060000Q0013,Appartement,65,3.517195,50.351578
2022-981538,2022-12-29,Vente en l'état futur d'achèvement,169000,9,RUE CHE DES PLANCHES CHE PRIVE,596060000Q0013,Appartement,43,3.517195,50.351578
2022-981539,2022-12-30,Vente en l'état futur d'achèvement,207000,9,RUE CHE DES PLANCHES CHE PRIVE,596060000Q0013,Appartement,55,3.517195,50.351578
2022-981540,2022-12-29,Vente en l'état futur d'achèvement,169000,9,RUE CHE DES PLANCHES CHE PRIVE,596060000Q0013,Appartement,44,3.517195,50.351578
2022-981541,2022-12-30,Vente en l'état futur d'achèvement,183000,9,RUE CHE DES PLANCHES CHE PRIVE,596060000Q0013,Appartement,45,3.517195,50.351578
2022-981542,2022-12-30,Vente en l'état futur d'achèvement,196000,9,RUE CHE DES PLANCHES CHE PRIVE,596060000Q0013,Appartement,60,3.517195,50.351578
2022-981548,2022-12-23,Vente,165000,56,RUE LOMPREZ,596060000Z0225,Maison,95,3.499755,50.356246
2022-981565,2022-12-22,Vente en l'état futur d'achèvement,184000,31,RUE ERNEST MACAREZ,596060000C0169,Appartement,40,3.533026,50.372165
2022-981566,2022-12-20,Vente,166100,21,RUE PASTEUR,596060000E0015,Appartement,32,3.532422,50.363858
2022-981566,2022-12-20,Vente,166100,21,RUE PASTEUR,596060000E0015,Appartement,46,3.532422,50.363858
2022-981566,2022-12-20,Vente,166100,21,RUE PASTEUR,596060000E0015,Appartement,21,3.532422,50.363858
2022-981579,2022-12-21,Vente en l'état futur d'achèvement,168000,31,RUE ERNEST MACAREZ,596060000C0169,Appartement,41,3.533026,50.372165
2022-981580,2022-12-22,Vente en l'état futur d'achèvement,186000,31,RUE ERNEST MACAREZ,596060000C0169,Appartement,44,3.533026,50.372165
2022-981582,2022-12-21,Vente en l'état futur d'achèvement,180000,31,RUE ERNEST MACAREZ,596060000C0169,Appartement,47,3.533026,50.372165
2022-981586,2022-12-28,Vente en l'état futur d'achèvement,225000,31,RUE ERNEST MACAREZ,596060000C0169,Appartement,61,3.533026,50.372165
2022-981588,2022-12-26,Vente en l'état futur d'achèvement,224000,31,RUE ERNEST MACAREZ,596060000C0169,Appartement,61,3.533026,50.372165
2022-981590,2022-12-26,Vente en l'état futur d'achèvement,173536,31,RUE ERNEST MACAREZ,596060000C0169,Appartement,42,3.533026,50.372165
2022-981592,2022-12-19,Vente,155000,49,RUE ALFRED GIARD,59606000AJ0174,Maison,125,3.508581,50.356507
2022-981594,2022-12-20,Vente,60000,10,RUE FELIX DESRUELLES,596060000Z0894,Maison,69,3.502823,50.356861
2022-981595,2022-12-30,Vente,180000,76,RUE DE MONS,59606000AR0411,Appartement,81,3.530958,50.360974
2022-981600,2022-12-27,Vente en l'état futur d'achèvement,176000,31,RUE ERNEST MACAREZ,596060000C0169,Appartement,41,3.533026,50.372165
2022-981602,2022-12-29,Vente en l'état futur d'achèvement,182000,31,RUE ERNEST MACAREZ,596060000C0169,Appartement,42,3.533026,50.372165
2022-981603,2022-12-27,Vente en l'état futur d'achèvement,229000,31,RUE ERNEST MACAREZ,596060000C0169,Appartement,61,3.533026,50.372165
2022-981604,2022-12-28,Vente en l'état futur d'achèvement,233000,31,RUE ERNEST MACAREZ,596060000C0169,Appartement,59,3.533026,50.372165
2022-981607,2022-12-26,Vente en l'état futur d'achèvement,178000,31,RUE ERNEST MACAREZ,596060000C0169,Appartement,46,3.533026,50.372165
2022-981610,2022-12-29,Vente en l'état futur d'achèvement,180000,31,RUE ERNEST MACAREZ,596060000C0169,Appartement,42,3.533026,50.372165
2022-981615,2022-12-30,Vente en l'état futur d'achèvement,160000,9,RUE CHE DES PLANCHES CHE PRIVE,596060000Q0013,Appartement,39,3.517195,50.351578
2022-981616,2022-12-30,Vente en l'état futur d'achèvement,171000,9,RUE CHE DES PLANCHES CHE PRIVE,596060000Q0013,Appartement,43,3.517195,50.351578
2022-981617,2022-12-29,Vente en l'état futur d'achèvement,242000,31,RUE ERNEST MACAREZ,596060000C0169,Appartement,67,3.533026,50.372165
2022-981621,2022-12-29,Vente,43500,320,BD HARPIGNIES,59606000AZ0056,Appartement,21,3.524966,50.364608
2022-981622,2022-12-27,Vente en l'état futur d'achèvement,190000,31,RUE ERNEST MACAREZ,596060000C0169,Appartement,62,3.533026,50.372165
2022-981631,2022-12-22,Vente,139500,4,PASSAGE DES CORDELIERS,59606000AR0915,Appartement,70,3.523342,50.361638
2022-981646,2022-12-27,Vente en l'état futur d'achèvement,183487,216,AV DAMPIERRE,59606000AJ0858,Appartement,45,3.507791,50.360694
2022-981672,2022-12-23,Vente,180000,5,RUE MARCELLIN BERTHELOT,596060000Y0244,Maison,108,3.503793,50.35348
2022-981674,2022-12-23,Vente,62120,76,RUE DE PARIS,59606000AQ0185,Appartement,26,3.519122,50.359132
2022-981675,2022-12-21,Vente,170000,193,AV DESANDROUINS,59606000AE0047,Maison,70,3.489584,50.36324
2022-981679,2022-12-21,Vente,373200,7,RLE SAINT ROCH,596060000D0535,Maison,86,3.535767,50.367379
2022-981679,2022-12-21,Vente,373200,7,RLE SAINT ROCH,596060000D0535,Maison,86,3.535767,50.367379
2022-981686,2022-12-09,Vente,188960,2,RUE SAINTE CATHERINE,59606000AT0311,Appartement,21,3.521177,50.355608
2022-981686,2022-12-09,Vente,188960,2,RUE SAINTE CATHERINE,59606000AT0311,Appartement,11,3.521177,50.355608
2022-981686,2022-12-09,Vente,188960,2,RUE SAINTE CATHERINE,59606000AT0311,Appartement,13,3.521177,50.355608
2022-981686,2022-12-09,Vente,188960,2,RUE SAINTE CATHERINE,59606000AT0311,Appartement,27,3.521177,50.355608
2022-981704,2022-12-16,Vente,200000,35,AV ALBERT 1ER,59606000AV0336,Appartement,85,3.525434,50.358831
2022-981716,2022-12-22,Vente,155000,79,RUE DU VERGER,59606000AC0233,Maison,67,3.488827,50.357473
2022-981738,2022-12-30,Vente,123250,,RUE HENRI CAFFIAUX,596060000W0462,Appartement,29,3.513755,50.352113
2022-981739,2022-12-30,Vente,5000,56,RUE MILHOMME,596060000K0148,Appartement,116,3.533135,50.356684
2022-981757,2022-12-30,Vente,137500,6,RUE DES ROYES,596060000N0199,Appartement,60,3.52196,50.350199
2022-981775,2022-12-20,Vente,838750,34,RUE THOLOZE,59606000AQ0644,Appartement,36,3.518603,50.362563
2022-981775,2022-12-20,Vente,838750,6,PL DE LA GARE,59606000AQ0741,Appartement,24,3.518124,50.362791
2022-981775,2022-12-20,Vente,838750,6,PL DE LA GARE,59606000AQ0741,Appartement,102,3.518124,50.362791
2022-981783,2022-12-28,Vente,270000,65,RUE BAUDOUIN L EDIFIEUR,596060000M0447,Maison,97,3.528173,50.351075
2022-981806,2022-12-28,Vente,131800,13,RUE HENRY DERYCKE LES TERTIALE,59606000AZ0148,Appartement,41,3.527832,50.364451
2022-981810,2022-12-28,Vente en l'état futur d'achèvement,172000,,AV DE LIEGE,596060000G0041,Appartement,42,3.543232,50.367488
2022-981811,2022-12-30,Vente en l'état futur d'achèvement,174000,,AV DE LIEGE,596060000G0041,Appartement,47,3.543232,50.367488
2022-981812,2022-12-29,Vente en l'état futur d'achèvement,162000,,AV DE LIEGE,596060000G0041,Appartement,42,3.543232,50.367488
2022-981814,2022-12-28,Vente en l'état futur d'achèvement,158000,,AV DE LIEGE,596060000G0041,Appartement,45,3.543232,50.367488
2022-981816,2022-12-28,Vente en l'état futur d'achèvement,346000,,AV DE LIEGE,596060000G0041,Appartement,85,3.543232,50.367488
2022-981817,2022-12-28,Vente en l'état futur d'achèvement,168000,,AV DE LIEGE,596060000G0041,Appartement,42,3.543232,50.367488
2022-981827,2022-12-30,Vente en l'état futur d'achèvement,210000,,AV DE LIEGE,596060000G0041,Appartement,59,3.543232,50.367488
2022-981844,2022-12-29,Vente,175000,28,AV VAUBAN,59606000AL0459,Maison,85,3.511432,50.361261
2022-981861,2022-12-29,Vente en l'état futur d'achèvement,168000,,AV DE LIEGE,596060000G0041,Appartement,42,3.543232,50.367488
2022-981862,2022-12-28,Vente en l'état futur d'achèvement,163676,,AV DE LIEGE,596060000G0041,Appartement,42,3.543232,50.367488
2022-981863,2022-12-27,Vente en l'état futur d'achèvement,168000,,AV DE LIEGE,596060000G0041,Appartement,42,3.543232,50.367488
2022-981865,2022-12-30,Vente en l'état futur d'achèvement,210000,,AV DE LIEGE,596060000G0041,Appartement,59,3.543232,50.367488
2022-981866,2022-12-29,Vente,134500,96,AV DE DENAIN,596060000Z0143,Maison,36,3.500012,50.355046
2022-981867,2022-12-29,Vente en l'état futur d'achèvement,176000,,AV DE LIEGE,596060000G0041,Appartement,45,3.543232,50.367488
2022-981872,2022-12-30,Vente,233000,9004,CHE DES ALLIES,596060000D0486,Appartement,67,3.530967,50.367051
2022-981877,2022-12-30,Vente,334300,,RUE DE LILLE,59606000AR1094,Appartement,130,3.523377,50.361431
2022-981878,2022-12-30,Vente,296600,,RUE DE LILLE,59606000AR1094,Appartement,108,3.523377,50.361431
2022-981889,2022-12-30,Vente,215500,3,RUE FRANCOIS COLLIEZ,596060000W0458,Appartement,73,3.514247,50.352684
2022-981895,2022-12-27,Vente en l'état futur d'achèvement,178000,,AV DE LIEGE,596060000G0041,Appartement,45,3.543232,50.367488
2022-981902,2022-12-20,Vente,210000,1,FG CAMBRAI 78 CR DANZIN,596060000V0078,Maison,37,3.510581,50.343153
2022-981902,2022-12-20,Vente,210000,1,FG CAMBRAI 78 CR DANZIN,596060000V0078,Maison,37,3.510581,50.343153
2022-981902,2022-12-20,Vente,210000,3,FG CAMBRAI 78 CR DANZIN,596060000V0079,Maison,45,3.510526,50.343196
2022-981902,2022-12-20,Vente,210000,5,FG CAMBRAI 78 CR DANZIN,596060000V0080,Maison,45,3.510483,50.343222
2022-981907,2022-10-06,Adjudication,317000,15,RLE SAINT ROCH,596060000D0238,Maison,33,3.536683,50.367837
2022-981907,2022-10-06,Adjudication,317000,17,RLE SAINT ROCH,596060000D0240,Maison,124,3.536688,50.367924
2022-981911,2022-01-31,Vente,82500,18,RUE THOLOZE,59606000AQ0644,Appartement,38,3.518603,50.362563
2022-981915,2022-12-27,Vente en l'état futur d'achèvement,170000,31,RUE ERNEST MACAREZ,596060000C0169,Appartement,41,3.533026,50.372165
2022-981925,2022-10-20,Adjudication,43000,14,RUE JEAN BERNIER,596060000R0209,Appartement,19,,
2022-981925,2022-10-20,Adjudication,43000,14,RUE JEAN BERNIER,596060000R0209,Appartement,19,,
2022-981931,2022-10-20,Adjudication,70000,232,BD HARPIGNIES,59606000AZ0144,Appartement,49,3.526504,50.364673
2022-981932,2022-06-16,Adjudication,183000,72,BD SALY,59606000AT0153,Appartement,29,3.517507,50.355681
2022-981932,2022-06-16,Adjudication,183000,72,BD SALY,59606000AT0153,Appartement,32,3.517507,50.355681
2022-981947,2022-11-17,Adjudication,97000,17,RUE DES ROYES,596060000N0013,Maison,112,3.522983,50.350166
